network,scenario_id,true_source,horizon_h,method,n_total_nodes,sensor_design,sensor_count,n_ge_true_source,n_gt_true_source,specificity_pct,in_tied_argmax,top1_correct,posterior_true_source,nll_true_source,posterior_entropy,top1_top2_margin,candidate_set_size_q25
Net3,0,10,1,probability_based,97,103;117;119;187;217,5,92,0,5.154639175257736,1,1,0.010869565217391304,4.5217885770490405,4.5217885770490405,0.0,92
Net3,0,10,1,contaminant_status,97,103;117;119;187;217,5,92,0,5.154639175257736,1,1,0.010869565217391304,4.5217885770490405,4.5217885770490405,0.0,92
Net3,0,10,2,probability_based,97,103;117;119;187;217,5,92,0,5.154639175257736,1,1,0.010869565217391304,4.5217885770490405,4.5217885770490405,0.0,92
Net3,0,10,2,contaminant_status,97,103;117;119;187;217,5,92,0,5.154639175257736,1,1,0.010869565217391304,4.5217885770490405,4.5217885770490405,0.0,92
Net3,0,10,4,probability_based,97,103;117;119;187;217,5,1,0,98.96907216494846,1,1,0.9999978226606849,2.1773416854748257e-06,3.8581958128677115e-05,0.9999972139061527,1
Net3,0,10,4,contaminant_status,97,103;117;119;187;217,5,1,0,98.96907216494846,1,1,1.0,-0.0,-0.0,1.0,1
Net3,0,10,8,probability_based,97,103;117;119;187;217,5,1,0,98.96907216494846,1,1,1.0,-0.0,3.391624513295659e-28,1.0,1
Net3,0,10,8,contaminant_status,97,103;117;119;187;217,5,1,0,98.96907216494846,1,1,1.0,-0.0,-0.0,1.0,1
Net3,0,10,16,probability_based,97,103;117;119;187;217,5,1,0,98.96907216494846,1,1,1.0,-0.0,1.0507697333827491e-35,1.0,1
Net3,0,10,16,contaminant_status,97,103;117;119;187;217,5,1,0,98.96907216494846,1,1,1.0,-0.0,-0.0,1.0,1
Net3,0,10,24,probability_based,97,103;117;119;187;217,5,1,0,98.96907216494846,1,1,1.0,-0.0,4.102181416379178e-43,1.0,1
Net3,0,10,24,contaminant_status,97,103;117;119;187;217,5,1,0,98.96907216494846,1,1,1.0,-0.0,-0.0,1.0,1
Net3,1,15,1,probability_based,97,103;117;119;187;217,5,92,0,5.154639175257736,1,0,0.010869565217391304,4.5217885770490405,4.5217885770490405,0.0,92
Net3,1,15,1,contaminant_status,97,103;117;119;187;217,5,92,0,5.154639175257736,1,0,0.010869565217391304,4.5217885770490405,4.5217885770490405,0.0,92
Net3,1,15,2,probability_based,97,103;117;119;187;217,5,92,0,5.154639175257736,1,0,0.010869565217391304,4.5217885770490405,4.5217885770490405,0.0,92
Net3,1,15,2,contaminant_status,97,103;117;119;187;217,5,92,0,5.154639175257736,1,0,0.010869565217391304,4.5217885770490405,4.5217885770490405,0.0,92
Net3,1,15,4,probability_based,97,103;117;119;187;217,5,74,3,23.71134020618557,0,0,0.013279750642524738,4.321514912028456,4.301141909084381,0.0010008548136452057,74
Net3,1,15,4,contaminant_status,97,103;117;119;187;217,5,74,0,23.71134020618557,1,1,0.013513513513513514,4.304065093204169,4.304065093204169,0.0,74
Net3,1,15,8,probability_based,97,103;117;119;187;217,5,71,4,26.80412371134021,0,0,0.01366527690545046,4.29289719596179,4.254249438238744,0.0037967082421697176,71
Net3,1,15,8,contaminant_status,97,103;117;119;187;217,5,71,0,26.80412371134021,1,1,0.014084507042253521,4.2626798770413155,4.262679877041316,0.0,71
Net3,1,15,16,probability_based,97,103;117;119;187;217,5,44,8,54.639175257731964,0,0,0.017823707759285778,4.027225811282485,3.6784822871206604,0.015403491570856187,8
Net3,1,15,16,contaminant_status,97,103;117;119;187;217,5,44,0,54.639175257731964,1,1,0.022727272727272728,3.784189633918261,3.7841896339182615,0.0,44
Net3,1,15,24,probability_based,97,103;117;119;187;217,5,44,8,54.639175257731964,0,0,0.0011854039986171634,6.73767163539439,1.5438496152774073,0.015884129375829503,3
Net3,1,15,24,contaminant_status,97,103;117;119;187;217,5,44,0,54.639175257731964,1,1,0.022727272727272728,3.784189633918261,3.7841896339182615,0.0,44
Net3,2,20,1,probability_based,97,103;117;119;187;217,5,92,0,5.154639175257736,1,0,0.010869565217391304,4.5217885770490405,4.5217885770490405,0.0,92
Net3,2,20,1,contaminant_status,97,103;117;119;187;217,5,92,0,5.154639175257736,1,0,0.010869565217391304,4.5217885770490405,4.5217885770490405,0.0,92
Net3,2,20,2,probability_based,97,103;117;119;187;217,5,92,0,5.154639175257736,1,0,0.010869565217391304,4.5217885770490405,4.5217885770490405,0.0,92
Net3,2,20,2,contaminant_status,97,103;117;119;187;217,5,92,0,5.154639175257736,1,0,0.010869565217391304,4.5217885770490405,4.5217885770490405,0.0,92
Net3,2,20,4,probability_based,97,103;117;119;187;217,5,74,3,23.71134020618557,0,0,0.013279750642524738,4.321514912028456,4.301141909084381,0.0010008548136452057,74
Net3,2,20,4,contaminant_status,97,103;117;119;187;217,5,74,0,23.71134020618557,1,0,0.013513513513513514,4.304065093204169,4.304065093204169,0.0,74
Net3,2,20,8,probability_based,97,103;117;119;187;217,5,71,4,26.80412371134021,0,0,0.01366527690545046,4.29289719596179,4.254249438238744,0.0037967082421697176,71
Net3,2,20,8,contaminant_status,97,103;117;119;187;217,5,71,0,26.80412371134021,1,0,0.014084507042253521,4.2626798770413155,4.262679877041316,0.0,71
Net3,2,20,16,probability_based,97,103;117;119;187;217,5,3,1,96.90721649484536,0,0,0.32758620688580775,1.1160040314127764,1.0983166893943508,0.01724137930977865,3
Net3,2,20,16,contaminant_status,97,103;117;119;187;217,5,44,0,54.639175257731964,1,0,0.022727272727272728,3.784189633918261,3.7841896339182615,0.0,44
Net3,2,20,24,probability_based,97,103;117;119;187;217,5,3,1,96.90721649484536,0,0,0.327586206896552,1.1160040313799782,1.0983166884877202,0.017241379310344085,3
Net3,2,20,24,contaminant_status,97,103;117;119;187;217,5,44,0,54.639175257731964,1,0,0.022727272727272728,3.784189633918261,3.7841896339182615,0.0,44
Net3,3,35,1,probability_based,97,103;117;119;187;217,5,92,0,5.154639175257736,1,0,0.010869565217391304,4.5217885770490405,4.5217885770490405,0.0,92
Net3,3,35,1,contaminant_status,97,103;117;119;187;217,5,92,0,5.154639175257736,1,0,0.010869565217391304,4.5217885770490405,4.5217885770490405,0.0,92
Net3,3,35,2,probability_based,97,103;117;119;187;217,5,92,0,5.154639175257736,1,0,0.010869565217391304,4.5217885770490405,4.5217885770490405,0.0,92
Net3,3,35,2,contaminant_status,97,103;117;119;187;217,5,92,0,5.154639175257736,1,0,0.010869565217391304,4.5217885770490405,4.5217885770490405,0.0,92
Net3,3,35,4,probability_based,97,103;117;119;187;217,5,74,3,23.71134020618557,0,0,0.013279750642524738,4.321514912028456,4.301141909084381,0.0010008548136452057,74
Net3,3,35,4,contaminant_status,97,103;117;119;187;217,5,74,0,23.71134020618557,1,0,0.013513513513513514,4.304065093204169,4.304065093204169,0.0,74
Net3,3,35,8,probability_based,97,103;117;119;187;217,5,71,4,26.80412371134021,0,0,0.01366527690545046,4.29289719596179,4.254249438238744,0.0037967082421697176,71
Net3,3,35,8,contaminant_status,97,103;117;119;187;217,5,71,0,26.80412371134021,1,0,0.014084507042253521,4.2626798770413155,4.262679877041316,0.0,71
Net3,3,35,16,probability_based,97,103;117;119;187;217,5,44,8,54.639175257731964,0,0,0.017823707759285778,4.027225811282485,3.6784822871206604,0.015403491570856187,8
Net3,3,35,16,contaminant_status,97,103;117;119;187;217,5,44,0,54.639175257731964,1,0,0.022727272727272728,3.784189633918261,3.7841896339182615,0.0,44
Net3,3,35,24,probability_based,97,103;117;119;187;217,5,44,8,54.639175257731964,0,0,0.0011854039986171634,6.73767163539439,1.5438496152774073,0.015884129375829503,3
Net3,3,35,24,contaminant_status,97,103;117;119;187;217,5,44,0,54.639175257731964,1,0,0.022727272727272728,3.784189633918261,3.7841896339182615,0.0,44
Net3,4,40,1,probability_based,97,103;117;119;187;217,5,92,0,5.154639175257736,1,0,0.010869565217391304,4.5217885770490405,4.5217885770490405,0.0,92
Net3,4,40,1,contaminant_status,97,103;117;119;187;217,5,92,0,5.154639175257736,1,0,0.010869565217391304,4.5217885770490405,4.5217885770490405,0.0,92
Net3,4,40,2,probability_based,97,103;117;119;187;217,5,92,0,5.154639175257736,1,0,0.010869565217391304,4.5217885770490405,4.5217885770490405,0.0,92
Net3,4,40,2,contaminant_status,97,103;117;119;187;217,5,92,0,5.154639175257736,1,0,0.010869565217391304,4.5217885770490405,4.5217885770490405,0.0,92
Net3,4,40,4,probability_based,97,103;117;119;187;217,5,74,3,23.71134020618557,0,0,0.013279750642524738,4.321514912028456,4.301141909084381,0.0010008548136452057,74
Net3,4,40,4,contaminant_status,97,103;117;119;187;217,5,74,0,23.71134020618557,1,0,0.013513513513513514,4.304065093204169,4.304065093204169,0.0,74
Net3,4,40,8,probability_based,97,103;117;119;187;217,5,71,4,26.80412371134021,0,0,0.01366527690545046,4.29289719596179,4.254249438238744,0.0037967082421697176,71
Net3,4,40,8,contaminant_status,97,103;117;119;187;217,5,71,0,26.80412371134021,1,0,0.014084507042253521,4.2626798770413155,4.262679877041316,0.0,71
Net3,4,40,16,probability_based,97,103;117;119;187;217,5,44,8,54.639175257731964,0,0,0.017823707759285778,4.027225811282485,3.6784822871206604,0.015403491570856187,8
Net3,4,40,16,contaminant_status,97,103;117;119;187;217,5,44,0,54.639175257731964,1,0,0.022727272727272728,3.784189633918261,3.7841896339182615,0.0,44
Net3,4,40,24,probability_based,97,103;117;119;187;217,5,44,8,54.639175257731964,0,0,0.0011854039986171634,6.73767163539439,1.5438496152774073,0.015884129375829503,3
Net3,4,40,24,contaminant_status,97,103;117;119;187;217,5,44,0,54.639175257731964,1,0,0.022727272727272728,3.784189633918261,3.7841896339182615,0.0,44
Net3,5,50,1,probability_based,97,103;117;119;187;217,5,92,0,5.154639175257736,1,0,0.010869565217391304,4.5217885770490405,4.5217885770490405,0.0,92
Net3,5,50,1,contaminant_status,97,103;117;119;187;217,5,92,0,5.154639175257736,1,0,0.010869565217391304,4.5217885770490405,4.5217885770490405,0.0,92
Net3,5,50,2,probability_based,97,103;117;119;187;217,5,92,0,5.154639175257736,1,0,0.010869565217391304,4.5217885770490405,4.5217885770490405,0.0,92
Net3,5,50,2,contaminant_status,97,103;117;119;187;217,5,92,0,5.154639175257736,1,0,0.010869565217391304,4.5217885770490405,4.5217885770490405,0.0,92
Net3,5,50,4,probability_based,97,103;117;119;187;217,5,74,3,23.71134020618557,0,0,0.013279750642524738,4.321514912028456,4.301141909084381,0.0010008548136452057,74
Net3,5,50,4,contaminant_status,97,103;117;119;187;217,5,74,0,23.71134020618557,1,0,0.013513513513513514,4.304065093204169,4.304065093204169,0.0,74
Net3,5,50,8,probability_based,97,103;117;119;187;217,5,71,4,26.80412371134021,0,0,0.01366527690545046,4.29289719596179,4.254249438238744,0.0037967082421697176,71
Net3,5,50,8,contaminant_status,97,103;117;119;187;217,5,71,0,26.80412371134021,1,0,0.014084507042253521,4.2626798770413155,4.262679877041316,0.0,71
Net3,5,50,16,probability_based,97,103;117;119;187;217,5,44,8,54.639175257731964,0,0,0.017823707759285778,4.027225811282485,3.6784822871206604,0.015403491570856187,8
Net3,5,50,16,contaminant_status,97,103;117;119;187;217,5,44,0,54.639175257731964,1,0,0.022727272727272728,3.784189633918261,3.7841896339182615,0.0,44
Net3,5,50,24,probability_based,97,103;117;119;187;217,5,44,8,54.639175257731964,0,0,0.0011854039986171634,6.73767163539439,1.5438496152774073,0.015884129375829503,3
Net3,5,50,24,contaminant_status,97,103;117;119;187;217,5,44,0,54.639175257731964,1,0,0.022727272727272728,3.784189633918261,3.7841896339182615,0.0,44
Net3,6,60,1,probability_based,97,103;117;119;187;217,5,92,0,5.154639175257736,1,0,0.010869565217391304,4.5217885770490405,4.5217885770490405,0.0,92
Net3,6,60,1,contaminant_status,97,103;117;119;187;217,5,92,0,5.154639175257736,1,0,0.010869565217391304,4.5217885770490405,4.5217885770490405,0.0,92
Net3,6,60,2,probability_based,97,103;117;119;187;217,5,92,0,5.154639175257736,1,0,0.010869565217391304,4.5217885770490405,4.5217885770490405,0.0,92
Net3,6,60,2,contaminant_status,97,103;117;119;187;217,5,92,0,5.154639175257736,1,0,0.010869565217391304,4.5217885770490405,4.5217885770490405,0.0,92
Net3,6,60,4,probability_based,97,103;117;119;187;217,5,74,3,23.71134020618557,0,0,0.013279750642524738,4.321514912028456,4.301141909084381,0.0010008548136452057,74
Net3,6,60,4,contaminant_status,97,103;117;119;187;217,5,74,0,23.71134020618557,1,0,0.013513513513513514,4.304065093204169,4.304065093204169,0.0,74
Net3,6,60,8,probability_based,97,103;117;119;187;217,5,2,0,97.9381443298969,1,1,0.5,0.6931471805599453,0.6931471805599468,0.0,2
Net3,6,60,8,contaminant_status,97,103;117;119;187;217,5,2,0,97.9381443298969,1,1,0.5,0.6931471805599453,0.6931471805599453,0.0,2
Net3,6,60,16,probability_based,97,103;117;119;187;217,5,2,0,97.9381443298969,1,1,0.5,0.6931471805599453,0.6931471805599453,0.0,2
Net3,6,60,16,contaminant_status,97,103;117;119;187;217,5,2,0,97.9381443298969,1,1,0.5,0.6931471805599453,0.6931471805599453,0.0,2
Net3,6,60,24,probability_based,97,103;117;119;187;217,5,2,0,97.9381443298969,1,1,0.5,0.6931471805599453,0.6931471805599453,0.0,2
Net3,6,60,24,contaminant_status,97,103;117;119;187;217,5,2,0,97.9381443298969,1,1,0.5,0.6931471805599453,0.6931471805599453,0.0,2
Net3,7,601,1,probability_based,97,103;117;119;187;217,5,92,0,5.154639175257736,1,0,0.010869565217391304,4.5217885770490405,4.5217885770490405,0.0,92
Net3,7,601,1,contaminant_status,97,103;117;119;187;217,5,92,0,5.154639175257736,1,0,0.010869565217391304,4.5217885770490405,4.5217885770490405,0.0,92
Net3,7,601,2,probability_based,97,103;117;119;187;217,5,92,0,5.154639175257736,1,0,0.010869565217391304,4.5217885770490405,4.5217885770490405,0.0,92
Net3,7,601,2,contaminant_status,97,103;117;119;187;217,5,92,0,5.154639175257736,1,0,0.010869565217391304,4.5217885770490405,4.5217885770490405,0.0,92
Net3,7,601,4,probability_based,97,103;117;119;187;217,5,74,3,23.71134020618557,0,0,0.013279750642524738,4.321514912028456,4.301141909084381,0.0010008548136452057,74
Net3,7,601,4,contaminant_status,97,103;117;119;187;217,5,74,0,23.71134020618557,1,0,0.013513513513513514,4.304065093204169,4.304065093204169,0.0,74
Net3,7,601,8,probability_based,97,103;117;119;187;217,5,71,4,26.80412371134021,0,0,0.01366527690545046,4.29289719596179,4.254249438238744,0.0037967082421697176,71
Net3,7,601,8,contaminant_status,97,103;117;119;187;217,5,71,0,26.80412371134021,1,0,0.014084507042253521,4.2626798770413155,4.262679877041316,0.0,71
Net3,7,601,16,probability_based,97,103;117;119;187;217,5,44,8,54.639175257731964,0,0,0.017823707759285778,4.027225811282485,3.6784822871206604,0.015403491570856187,8
Net3,7,601,16,contaminant_status,97,103;117;119;187;217,5,44,0,54.639175257731964,1,0,0.022727272727272728,3.784189633918261,3.7841896339182615,0.0,44
Net3,7,601,24,probability_based,97,103;117;119;187;217,5,44,8,54.639175257731964,0,0,0.0011854039986171634,6.73767163539439,1.5438496152774073,0.015884129375829503,3
Net3,7,601,24,contaminant_status,97,103;117;119;187;217,5,44,0,54.639175257731964,1,0,0.022727272727272728,3.784189633918261,3.7841896339182615,0.0,44
Net3,8,61,1,probability_based,97,103;117;119;187;217,5,92,0,5.154639175257736,1,0,0.010869565217391304,4.5217885770490405,4.5217885770490405,0.0,92
Net3,8,61,1,contaminant_status,97,103;117;119;187;217,5,92,0,5.154639175257736,1,0,0.010869565217391304,4.5217885770490405,4.5217885770490405,0.0,92
Net3,8,61,2,probability_based,97,103;117;119;187;217,5,92,0,5.154639175257736,1,0,0.010869565217391304,4.5217885770490405,4.5217885770490405,0.0,92
Net3,8,61,2,contaminant_status,97,103;117;119;187;217,5,92,0,5.154639175257736,1,0,0.010869565217391304,4.5217885770490405,4.5217885770490405,0.0,92
Net3,8,61,4,probability_based,97,103;117;119;187;217,5,74,3,23.71134020618557,0,0,0.013279750642524738,4.321514912028456,4.301141909084381,0.0010008548136452057,74
Net3,8,61,4,contaminant_status,97,103;117;119;187;217,5,74,0,23.71134020618557,1,0,0.013513513513513514,4.304065093204169,4.304065093204169,0.0,74
Net3,8,61,8,probability_based,97,103;117;119;187;217,5,2,0,97.9381443298969,1,0,0.5,0.6931471805599453,0.6931471805599468,0.0,2
Net3,8,61,8,contaminant_status,97,103;117;119;187;217,5,2,0,97.9381443298969,1,0,0.5,0.6931471805599453,0.6931471805599453,0.0,2
Net3,8,61,16,probability_based,97,103;117;119;187;217,5,2,0,97.9381443298969,1,0,0.5,0.6931471805599453,0.6931471805599453,0.0,2
Net3,8,61,16,contaminant_status,97,103;117;119;187;217,5,2,0,97.9381443298969,1,0,0.5,0.6931471805599453,0.6931471805599453,0.0,2
Net3,8,61,24,probability_based,97,103;117;119;187;217,5,2,0,97.9381443298969,1,0,0.5,0.6931471805599453,0.6931471805599453,0.0,2
Net3,8,61,24,contaminant_status,97,103;117;119;187;217,5,2,0,97.9381443298969,1,0,0.5,0.6931471805599453,0.6931471805599453,0.0,2
Net3,9,101,1,probability_based,97,103;117;119;187;217,5,92,0,5.154639175257736,1,0,0.010869565217391304,4.5217885770490405,4.5217885770490405,0.0,92
Net3,9,101,1,contaminant_status,97,103;117;119;187;217,5,92,0,5.154639175257736,1,0,0.010869565217391304,4.5217885770490405,4.5217885770490405,0.0,92
Net3,9,101,2,probability_based,97,103;117;119;187;217,5,92,0,5.154639175257736,1,0,0.010869565217391304,4.5217885770490405,4.5217885770490405,0.0,92
Net3,9,101,2,contaminant_status,97,103;117;119;187;217,5,92,0,5.154639175257736,1,0,0.010869565217391304,4.5217885770490405,4.5217885770490405,0.0,92
Net3,9,101,4,probability_based,97,103;117;119;187;217,5,1,0,98.96907216494846,1,1,0.9999999999940625,5.937472735712964e-12,1.6363407374704953e-10,0.9999999999908005,1
Net3,9,101,4,contaminant_status,97,103;117;119;187;217,5,1,0,98.96907216494846,1,1,1.0,-0.0,-0.0,1.0,1
Net3,9,101,8,probability_based,97,103;117;119;187;217,5,1,0,98.96907216494846,1,1,0.9999999999999915,8.548717289613742e-15,2.865878626915253e-13,0.9999999999999828,1
Net3,9,101,8,contaminant_status,97,103;117;119;187;217,5,1,0,98.96907216494846,1,1,1.0,-0.0,-0.0,1.0,1
Net3,9,101,16,probability_based,97,103;117;119;187;217,5,1,0,98.96907216494846,1,1,0.9999999999999996,4.440892098500627e-16,1.898259138201971e-14,0.999999999999999,1
Net3,9,101,16,contaminant_status,97,103;117;119;187;217,5,1,0,98.96907216494846,1,1,1.0,-0.0,-0.0,1.0,1
Net3,9,101,24,probability_based,97,103;117;119;187;217,5,1,0,98.96907216494846,1,1,1.0,-0.0,5.4239520466856716e-17,1.0,1
Net3,9,101,24,contaminant_status,97,103;117;119;187;217,5,1,0,98.96907216494846,1,1,1.0,-0.0,-0.0,1.0,1
Net3,10,103,1,probability_based,97,103;117;119;187;217,5,92,0,5.154639175257736,1,0,0.010869565217391304,4.5217885770490405,4.5217885770490405,0.0,92
Net3,10,103,1,contaminant_status,97,103;117;119;187;217,5,92,0,5.154639175257736,1,0,0.010869565217391304,4.5217885770490405,4.5217885770490405,0.0,92
Net3,10,103,2,probability_based,97,103;117;119;187;217,5,92,0,5.154639175257736,1,0,0.010869565217391304,4.5217885770490405,4.5217885770490405,0.0,92
Net3,10,103,2,contaminant_status,97,103;117;119;187;217,5,92,0,5.154639175257736,1,0,0.010869565217391304,4.5217885770490405,4.5217885770490405,0.0,92
Net3,10,103,4,probability_based,97,103;117;119;187;217,5,1,0,98.96907216494846,1,1,0.99999997513597,2.486403025516896e-08,4.607695679770512e-07,0.9999999503441973,1
Net3,10,103,4,contaminant_status,97,103;117;119;187;217,5,1,0,98.96907216494846,1,1,1.0,-0.0,-0.0,1.0,1
Net3,10,103,8,probability_based,97,103;117;119;187;217,5,1,0,98.96907216494846,1,1,0.9999999999237128,7.62871987831881e-11,1.8549586755098195e-09,0.9999999998476183,1
Net3,10,103,8,contaminant_status,97,103;117;119;187;217,5,1,0,98.96907216494846,1,1,1.0,-0.0,-0.0,1.0,1
Net3,10,103,16,probability_based,97,103;117;119;187;217,5,1,0,98.96907216494846,1,1,0.9999999998790721,1.20927934340138e-10,2.883842613408644e-09,0.999999999758335,1
Net3,10,103,16,contaminant_status,97,103;117;119;187;217,5,1,0,98.96907216494846,1,1,1.0,-0.0,-0.0,1.0,1
Net3,10,103,24,probability_based,97,103;117;119;187;217,5,1,0,98.96907216494846,1,1,1.0,-0.0,3.1754243502549837e-15,0.9999999999999999,1
Net3,10,103,24,contaminant_status,97,103;117;119;187;217,5,1,0,98.96907216494846,1,1,1.0,-0.0,-0.0,1.0,1
Net3,11,105,1,probability_based,97,103;117;119;187;217,5,92,0,5.154639175257736,1,0,0.010869565217391304,4.5217885770490405,4.5217885770490405,0.0,92
Net3,11,105,1,contaminant_status,97,103;117;119;187;217,5,92,0,5.154639175257736,1,0,0.010869565217391304,4.5217885770490405,4.5217885770490405,0.0,92
Net3,11,105,2,probability_based,97,103;117;119;187;217,5,92,0,5.154639175257736,1,0,0.010869565217391304,4.5217885770490405,4.5217885770490405,0.0,92
Net3,11,105,2,contaminant_status,97,103;117;119;187;217,5,92,0,5.154639175257736,1,0,0.010869565217391304,4.5217885770490405,4.5217885770490405,0.0,92
Net3,11,105,4,probability_based,97,103;117;119;187;217,5,1,0,98.96907216494846,1,1,0.9944828060629911,0.005532469864222602,0.038011145665779504,0.9915830165716297,1
Net3,11,105,4,contaminant_status,97,103;117;119;187;217,5,1,0,98.96907216494846,1,1,1.0,-0.0,-0.0,1.0,1
Net3,11,105,8,probability_based,97,103;117;119;187;217,5,1,0,98.96907216494846,1,1,0.9999995041059064,4.958942165217238e-07,7.69533188741367e-06,0.9999990082707017,1
Net3,11,105,8,contaminant_status,97,103;117;119;187;217,5,1,0,98.96907216494846,1,1,1.0,-0.0,-0.0,1.0,1
Net3,11,105,16,probability_based,97,103;117;119;187;217,5,1,0,98.96907216494846,1,1,0.999999359124672,6.408755333891593e-07,9.780833423558425e-06,0.9999987183294433,1
Net3,11,105,16,contaminant_status,97,103;117;119;187;217,5,1,0,98.96907216494846,1,1,1.0,-0.0,-0.0,1.0,1
Net3,11,105,24,probability_based,97,103;117;119;187;217,5,1,0,98.96907216494846,1,1,0.9999999983980009,1.6019990902236317e-09,3.404583671655434e-08,0.9999999967960117,1
Net3,11,105,24,contaminant_status,97,103;117;119;187;217,5,1,0,98.96907216494846,1,1,1.0,-0.0,-0.0,1.0,1
Net3,12,107,1,probability_based,97,103;117;119;187;217,5,92,0,5.154639175257736,1,0,0.010869565217391304,4.5217885770490405,4.5217885770490405,0.0,92
Net3,12,107,1,contaminant_status,97,103;117;119;187;217,5,92,0,5.154639175257736,1,0,0.010869565217391304,4.5217885770490405,4.5217885770490405,0.0,92
Net3,12,107,2,probability_based,97,103;117;119;187;217,5,92,0,5.154639175257736,1,0,0.010869565217391304,4.5217885770490405,4.5217885770490405,0.0,92
Net3,12,107,2,contaminant_status,97,103;117;119;187;217,5,92,0,5.154639175257736,1,0,0.010869565217391304,4.5217885770490405,4.5217885770490405,0.0,92
Net3,12,107,4,probability_based,97,103;117;119;187;217,5,1,0,98.96907216494846,1,1,0.984273703621596,0.015851266520571755,0.13959146484959775,0.9815471836669646,1
Net3,12,107,4,contaminant_status,97,103;117;119;187;217,5,1,0,98.96907216494846,1,1,1.0,-0.0,-0.0,1.0,1
Net3,12,107,8,probability_based,97,103;117;119;187;217,5,1,0,98.96907216494846,1,1,0.9999999653496939,3.465030666918375e-08,6.57586268134066e-07,0.9999999480366765,1
Net3,12,107,8,contaminant_status,97,103;117;119;187;217,5,1,0,98.96907216494846,1,1,1.0,-0.0,-0.0,1.0,1
Net3,12,107,16,probability_based,97,103;117;119;187;217,5,1,0,98.96907216494846,1,1,0.9999999999990128,9.872103134971765e-13,2.971136781052837e-11,0.999999999998726,1
Net3,12,107,16,contaminant_status,97,103;117;119;187;217,5,1,0,98.96907216494846,1,1,1.0,-0.0,-0.0,1.0,1
Net3,12,107,24,probability_based,97,103;117;119;187;217,5,1,0,98.96907216494846,1,1,0.9999999999994302,5.697664562377927e-13,1.681140813150114e-11,0.9999999999988995,1
Net3,12,107,24,contaminant_status,97,103;117;119;187;217,5,1,0,98.96907216494846,1,1,1.0,-0.0,-0.0,1.0,1
Net3,13,109,1,probability_based,97,103;117;119;187;217,5,92,0,5.154639175257736,1,0,0.010869565217391304,4.5217885770490405,4.5217885770490405,0.0,92
Net3,13,109,1,contaminant_status,97,103;117;119;187;217,5,92,0,5.154639175257736,1,0,0.010869565217391304,4.5217885770490405,4.5217885770490405,0.0,92
Net3,13,109,2,probability_based,97,103;117;119;187;217,5,92,0,5.154639175257736,1,0,0.010869565217391304,4.5217885770490405,4.5217885770490405,0.0,92
Net3,13,109,2,contaminant_status,97,103;117;119;187;217,5,92,0,5.154639175257736,1,0,0.010869565217391304,4.5217885770490405,4.5217885770490405,0.0,92
Net3,13,109,4,probability_based,97,103;117;119;187;217,5,1,0,98.96907216494846,1,1,0.9043923032010279,0.10049204900703042,0.40250625068700996,0.8591726880409762,1
Net3,13,109,4,contaminant_status,97,103;117;119;187;217,5,3,0,96.90721649484536,1,1,0.3333333333333333,1.0986122886681098,1.0986122886681096,0.0,3
Net3,13,109,8,probability_based,97,103;117;119;187;217,5,1,0,98.96907216494846,1,1,0.9914027662503686,0.008634403153067861,0.05888336768050236,0.9880310695315822,1
Net3,13,109,8,contaminant_status,97,103;117;119;187;217,5,1,0,98.96907216494846,1,1,1.0,-0.0,-0.0,1.0,1
Net3,13,109,16,probability_based,97,103;117;119;187;217,5,1,0,98.96907216494846,1,1,0.9968378356867029,0.0031671745197211455,0.0228248625978173,0.9940765120421416,1
Net3,13,109,16,contaminant_status,97,103;117;119;187;217,5,1,0,98.96907216494846,1,1,1.0,-0.0,-0.0,1.0,1
Net3,13,109,24,probability_based,97,103;117;119;187;217,5,1,0,98.96907216494846,1,1,0.999811615556522,0.0001884021900561114,0.001804176729950596,0.9996232335802515,1
Net3,13,109,24,contaminant_status,97,103;117;119;187;217,5,1,0,98.96907216494846,1,1,1.0,-0.0,-0.0,1.0,1
Net3,14,111,1,probability_based,97,103;117;119;187;217,5,92,0,5.154639175257736,1,0,0.010869565217391304,4.5217885770490405,4.5217885770490405,0.0,92
Net3,14,111,1,contaminant_status,97,103;117;119;187;217,5,92,0,5.154639175257736,1,0,0.010869565217391304,4.5217885770490405,4.5217885770490405,0.0,92
Net3,14,111,2,probability_based,97,103;117;119;187;217,5,92,0,5.154639175257736,1,0,0.010869565217391304,4.5217885770490405,4.5217885770490405,0.0,92
Net3,14,111,2,contaminant_status,97,103;117;119;187;217,5,92,0,5.154639175257736,1,0,0.010869565217391304,4.5217885770490405,4.5217885770490405,0.0,92
Net3,14,111,4,probability_based,97,103;117;119;187;217,5,2,1,97.9381443298969,0,0,0.4615682182462009,0.773125417444999,0.909902803757219,0.02429306411822091,2
Net3,14,111,4,contaminant_status,97,103;117;119;187;217,5,2,0,97.9381443298969,1,0,0.5,0.6931471805599453,0.6931471805599453,0.0,2
Net3,14,111,8,probability_based,97,103;117;119;187;217,5,1,0,98.96907216494846,1,1,0.941574400010111,0.06020191116043127,0.24743315741859553,0.8894096133059494,1
Net3,14,111,8,contaminant_status,97,103;117;119;187;217,5,1,0,98.96907216494846,1,1,1.0,-0.0,-0.0,1.0,1
Net3,14,111,16,probability_based,97,103;117;119;187;217,5,1,0,98.96907216494846,1,1,0.9998403343887446,0.0001596783591660173,0.001604573129952205,0.9996945638195088,1
Net3,14,111,16,contaminant_status,97,103;117;119;187;217,5,1,0,98.96907216494846,1,1,1.0,-0.0,-0.0,1.0,1
Net3,14,111,24,probability_based,97,103;117;119;187;217,5,1,0,98.96907216494846,1,1,0.9999999999544135,4.5586534548265233e-11,1.1313020213224224e-09,0.9999999999088528,1
Net3,14,111,24,contaminant_status,97,103;117;119;187;217,5,1,0,98.96907216494846,1,1,1.0,-0.0,-0.0,1.0,1
Net3,15,113,1,probability_based,97,103;117;119;187;217,5,92,0,5.154639175257736,1,0,0.010869565217391304,4.5217885770490405,4.5217885770490405,0.0,92
Net3,15,113,1,contaminant_status,97,103;117;119;187;217,5,92,0,5.154639175257736,1,0,0.010869565217391304,4.5217885770490405,4.5217885770490405,0.0,92
Net3,15,113,2,probability_based,97,103;117;119;187;217,5,92,0,5.154639175257736,1,0,0.010869565217391304,4.5217885770490405,4.5217885770490405,0.0,92
Net3,15,113,2,contaminant_status,97,103;117;119;187;217,5,92,0,5.154639175257736,1,0,0.010869565217391304,4.5217885770490405,4.5217885770490405,0.0,92
Net3,15,113,4,probability_based,97,103;117;119;187;217,5,74,3,23.71134020618557,0,0,0.013279750642524738,4.321514912028456,4.301141909084381,0.0010008548136452057,74
Net3,15,113,4,contaminant_status,97,103;117;119;187;217,5,74,0,23.71134020618557,1,0,0.013513513513513514,4.304065093204169,4.304065093204169,0.0,74
Net3,15,113,8,probability_based,97,103;117;119;187;217,5,71,4,26.80412371134021,0,0,0.01366527690545046,4.29289719596179,4.254249438238744,0.0037967082421697176,71
Net3,15,113,8,contaminant_status,97,103;117;119;187;217,5,71,0,26.80412371134021,1,0,0.014084507042253521,4.2626798770413155,4.262679877041316,0.0,71
Net3,15,113,16,probability_based,97,103;117;119;187;217,5,2,1,97.9381443298969,0,0,0.30764905730938347,1.1787955699661588,0.8952967861817872,0.3231995006120229,2
Net3,15,113,16,contaminant_status,97,103;117;119;187;217,5,11,0,88.65979381443299,1,1,0.09090909090909091,2.3978952727983707,2.3978952727983707,0.0,11
Net3,15,113,24,probability_based,97,103;117;119;187;217,5,1,0,98.96907216494846,1,1,0.9390401839015026,0.0628970063322288,0.23139611217909478,0.8783614996387809,1
Net3,15,113,24,contaminant_status,97,103;117;119;187;217,5,11,0,88.65979381443299,1,1,0.09090909090909091,2.3978952727983707,2.3978952727983707,0.0,11
Net3,16,115,1,probability_based,97,103;117;119;187;217,5,92,0,5.154639175257736,1,0,0.010869565217391304,4.5217885770490405,4.5217885770490405,0.0,92
Net3,16,115,1,contaminant_status,97,103;117;119;187;217,5,92,0,5.154639175257736,1,0,0.010869565217391304,4.5217885770490405,4.5217885770490405,0.0,92
Net3,16,115,2,probability_based,97,103;117;119;187;217,5,92,0,5.154639175257736,1,0,0.010869565217391304,4.5217885770490405,4.5217885770490405,0.0,92
Net3,16,115,2,contaminant_status,97,103;117;119;187;217,5,92,0,5.154639175257736,1,0,0.010869565217391304,4.5217885770490405,4.5217885770490405,0.0,92
Net3,16,115,4,probability_based,97,103;117;119;187;217,5,2,1,97.9381443298969,0,0,0.46204060033614297,0.7721025122461156,0.9044567274967736,0.024317926333480955,2
Net3,16,115,4,contaminant_status,97,103;117;119;187;217,5,2,0,97.9381443298969,1,0,0.5,0.6931471805599453,0.6931471805599453,0.0,2
Net3,16,115,8,probability_based,97,103;117;119;187;217,5,1,0,98.96907216494846,1,1,0.8900229050248567,0.1165080806041312,0.42304229774377883,0.8294846977356872,1
Net3,16,115,8,contaminant_status,97,103;117;119;187;217,5,1,0,98.96907216494846,1,1,1.0,-0.0,-0.0,1.0,1
Net3,16,115,16,probability_based,97,103;117;119;187;217,5,1,0,98.96907216494846,1,1,0.9924174011713138,0.007611492885212821,0.049541061629181884,0.9875842819244404,1
Net3,16,115,16,contaminant_status,97,103;117;119;187;217,5,1,0,98.96907216494846,1,1,1.0,-0.0,-0.0,1.0,1
Net3,16,115,24,probability_based,97,103;117;119;187;217,5,1,0,98.96907216494846,1,1,0.9913681851089416,0.008669284783148993,0.05546820887814735,0.9862860698294835,1
Net3,16,115,24,contaminant_status,97,103;117;119;187;217,5,1,0,98.96907216494846,1,1,1.0,-0.0,-0.0,1.0,1
Net3,17,117,1,probability_based,97,103;117;119;187;217,5,92,0,5.154639175257736,1,0,0.010869565217391304,4.5217885770490405,4.5217885770490405,0.0,92
Net3,17,117,1,contaminant_status,97,103;117;119;187;217,5,92,0,5.154639175257736,1,0,0.010869565217391304,4.5217885770490405,4.5217885770490405,0.0,92
Net3,17,117,2,probability_based,97,103;117;119;187;217,5,92,0,5.154639175257736,1,0,0.010869565217391304,4.5217885770490405,4.5217885770490405,0.0,92
Net3,17,117,2,contaminant_status,97,103;117;119;187;217,5,92,0,5.154639175257736,1,0,0.010869565217391304,4.5217885770490405,4.5217885770490405,0.0,92
Net3,17,117,4,probability_based,97,103;117;119;187;217,5,1,0,98.96907216494846,1,1,0.8879684015908156,0.11881912041721181,0.4396103423330383,0.8305898621000551,1
Net3,17,117,4,contaminant_status,97,103;117;119;187;217,5,3,0,96.90721649484536,1,1,0.3333333333333333,1.0986122886681098,1.0986122886681096,0.0,3
Net3,17,117,8,probability_based,97,103;117;119;187;217,5,1,0,98.96907216494846,1,1,0.9257227508515321,0.07718049429455666,0.2815653180153952,0.855953814955723,1
Net3,17,117,8,contaminant_status,97,103;117;119;187;217,5,2,0,97.9381443298969,1,1,0.5,0.6931471805599453,0.6931471805599453,0.0,2
Net3,17,117,16,probability_based,97,103;117;119;187;217,5,1,0,98.96907216494846,1,1,0.9105717692580795,0.09368255891424611,0.3209741426177183,0.8263157527564889,1
Net3,17,117,16,contaminant_status,97,103;117;119;187;217,5,2,0,97.9381443298969,1,1,0.5,0.6931471805599453,0.6931471805599453,0.0,2
Net3,17,117,24,probability_based,97,103;117;119;187;217,5,1,0,98.96907216494846,1,1,0.9060476033442438,0.09866343199689226,0.33309168889846974,0.8177977176582774,1
Net3,17,117,24,contaminant_status,97,103;117;119;187;217,5,2,0,97.9381443298969,1,1,0.5,0.6931471805599453,0.6931471805599453,0.0,2
Net3,18,119,1,probability_based,97,103;117;119;187;217,5,92,0,5.154639175257736,1,0,0.010869565217391304,4.5217885770490405,4.5217885770490405,0.0,92
Net3,18,119,1,contaminant_status,97,103;117;119;187;217,5,92,0,5.154639175257736,1,0,0.010869565217391304,4.5217885770490405,4.5217885770490405,0.0,92
Net3,18,119,2,probability_based,97,103;117;119;187;217,5,92,0,5.154639175257736,1,0,0.010869565217391304,4.5217885770490405,4.5217885770490405,0.0,92
Net3,18,119,2,contaminant_status,97,103;117;119;187;217,5,92,0,5.154639175257736,1,0,0.010869565217391304,4.5217885770490405,4.5217885770490405,0.0,92
Net3,18,119,4,probability_based,97,103;117;119;187;217,5,3,0,96.90721649484536,1,0,0.316609089883854,1.1500874210065868,1.2820891357979742,0.0,3
Net3,18,119,4,contaminant_status,97,103;117;119;187;217,5,3,0,96.90721649484536,1,0,0.3333333333333333,1.0986122886681098,1.0986122886681096,0.0,3
Net3,18,119,8,probability_based,97,103;117;119;187;217,5,2,1,97.9381443298969,0,0,0.40261998435206076,0.909762128776736,1.0665983810154633,0.09169173437577083,2
Net3,18,119,8,contaminant_status,97,103;117;119;187;217,5,2,0,97.9381443298969,1,0,0.5,0.6931471805599453,0.6931471805599453,0.0,2
Net3,18,119,16,probability_based,97,103;117;119;187;217,5,1,0,98.96907216494846,1,1,0.8939608530069736,0.11209329335017448,0.39094015814081845,0.8023054584008876,1
Net3,18,119,16,contaminant_status,97,103;117;119;187;217,5,2,0,97.9381443298969,1,0,0.5,0.6931471805599453,0.6931471805599453,0.0,2
Net3,18,119,24,probability_based,97,103;117;119;187;217,5,2,1,97.9381443298969,0,0,0.05472267687687754,2.9054770873307825,0.39316053986067456,0.8455414403795861,1
Net3,18,119,24,contaminant_status,97,103;117;119;187;217,5,2,0,97.9381443298969,1,0,0.5,0.6931471805599453,0.6931471805599453,0.0,2
Net3,19,120,1,probability_based,97,103;117;119;187;217,5,92,0,5.154639175257736,1,0,0.010869565217391304,4.5217885770490405,4.5217885770490405,0.0,92
Net3,19,120,1,contaminant_status,97,103;117;119;187;217,5,92,0,5.154639175257736,1,0,0.010869565217391304,4.5217885770490405,4.5217885770490405,0.0,92
Net3,19,120,2,probability_based,97,103;117;119;187;217,5,92,0,5.154639175257736,1,0,0.010869565217391304,4.5217885770490405,4.5217885770490405,0.0,92
Net3,19,120,2,contaminant_status,97,103;117;119;187;217,5,92,0,5.154639175257736,1,0,0.010869565217391304,4.5217885770490405,4.5217885770490405,0.0,92
Net3,19,120,4,probability_based,97,103;117;119;187;217,5,1,0,98.96907216494846,1,1,0.9501187623362811,0.051168289215463555,0.20771493173094543,0.9026128242194661,1
Net3,19,120,4,contaminant_status,97,103;117;119;187;217,5,74,0,23.71134020618557,1,0,0.013513513513513514,4.304065093204169,4.304065093204169,0.0,74
Net3,19,120,8,probability_based,97,103;117;119;187;217,5,1,0,98.96907216494846,1,1,0.9998747032012487,0.00012530464905092476,0.0012532437386637324,0.9997497188633484,1
Net3,19,120,8,contaminant_status,97,103;117;119;187;217,5,71,0,26.80412371134021,1,0,0.014084507042253521,4.2626798770413155,4.262679877041316,0.0,71
Net3,19,120,16,probability_based,97,103;117;119;187;217,5,1,0,98.96907216494846,1,1,0.999993749257822,6.250761713941467e-06,8.115998322253346e-05,0.9999874992968891,1
Net3,19,120,16,contaminant_status,97,103;117;119;187;217,5,50,0,48.453608247422686,1,0,0.02,3.912023005428146,3.9120230054281455,0.0,50
Net3,19,120,24,probability_based,97,103;117;119;187;217,5,1,0,98.96907216494846,1,1,1.0,-0.0,1.8555746883030326e-18,1.0,1
Net3,19,120,24,contaminant_status,97,103;117;119;187;217,5,50,0,48.453608247422686,1,0,0.02,3.912023005428146,3.9120230054281455,0.0,50
Net3,20,121,1,probability_based,97,103;117;119;187;217,5,92,0,5.154639175257736,1,0,0.010869565217391304,4.5217885770490405,4.5217885770490405,0.0,92
Net3,20,121,1,contaminant_status,97,103;117;119;187;217,5,92,0,5.154639175257736,1,0,0.010869565217391304,4.5217885770490405,4.5217885770490405,0.0,92
Net3,20,121,2,probability_based,97,103;117;119;187;217,5,92,0,5.154639175257736,1,0,0.010869565217391304,4.5217885770490405,4.5217885770490405,0.0,92
Net3,20,121,2,contaminant_status,97,103;117;119;187;217,5,92,0,5.154639175257736,1,0,0.010869565217391304,4.5217885770490405,4.5217885770490405,0.0,92
Net3,20,121,4,probability_based,97,103;117;119;187;217,5,3,0,96.90721649484536,1,1,0.316609089883854,1.1500874210065868,1.2820891357979742,0.0,3
Net3,20,121,4,contaminant_status,97,103;117;119;187;217,5,3,0,96.90721649484536,1,1,0.3333333333333333,1.0986122886681098,1.0986122886681096,0.0,3
Net3,20,121,8,probability_based,97,103;117;119;187;217,5,1,0,98.96907216494846,1,1,0.9450194867555319,0.05654973079567745,0.240692472475605,0.8977685124177548,1
Net3,20,121,8,contaminant_status,97,103;117;119;187;217,5,3,0,96.90721649484536,1,1,0.3333333333333333,1.0986122886681098,1.0986122886681096,0.0,3
Net3,20,121,16,probability_based,97,103;117;119;187;217,5,1,0,98.96907216494846,1,1,0.9523809523809516,0.048790164169432874,0.19144408195774837,0.904761904761904,1
Net3,20,121,16,contaminant_status,97,103;117;119;187;217,5,3,0,96.90721649484536,1,1,0.3333333333333333,1.0986122886681098,1.0986122886681096,0.0,3
Net3,20,121,24,probability_based,97,103;117;119;187;217,5,1,0,98.96907216494846,1,1,0.9523809523809523,0.048790164169432056,0.1914440819577174,0.9047619047619047,1
Net3,20,121,24,contaminant_status,97,103;117;119;187;217,5,3,0,96.90721649484536,1,1,0.3333333333333333,1.0986122886681098,1.0986122886681096,0.0,3
Net3,21,123,1,probability_based,97,103;117;119;187;217,5,92,0,5.154639175257736,1,0,0.010869565217391304,4.5217885770490405,4.5217885770490405,0.0,92
Net3,21,123,1,contaminant_status,97,103;117;119;187;217,5,92,0,5.154639175257736,1,0,0.010869565217391304,4.5217885770490405,4.5217885770490405,0.0,92
Net3,21,123,2,probability_based,97,103;117;119;187;217,5,92,0,5.154639175257736,1,0,0.010869565217391304,4.5217885770490405,4.5217885770490405,0.0,92
Net3,21,123,2,contaminant_status,97,103;117;119;187;217,5,92,0,5.154639175257736,1,0,0.010869565217391304,4.5217885770490405,4.5217885770490405,0.0,92
Net3,21,123,4,probability_based,97,103;117;119;187;217,5,3,0,96.90721649484536,1,0,0.316609089883854,1.1500874210065868,1.2820891357979742,0.0,3
Net3,21,123,4,contaminant_status,97,103;117;119;187;217,5,3,0,96.90721649484536,1,0,0.3333333333333333,1.0986122886681098,1.0986122886681096,0.0,3
Net3,21,123,8,probability_based,97,103;117;119;187;217,5,2,1,97.9381443298969,0,0,0.48514455764047676,0.7233083754641407,0.7199157227482529,0.025533924086340642,2
Net3,21,123,8,contaminant_status,97,103;117;119;187;217,5,2,0,97.9381443298969,1,0,0.5,0.6931471805599453,0.6931471805599453,0.0,2
Net3,21,123,16,probability_based,97,103;117;119;187;217,5,2,1,97.9381443298969,0,0,0.48717948717948706,0.7191226669632063,0.6928184134311457,0.025641025641025383,2
Net3,21,123,16,contaminant_status,97,103;117;119;187;217,5,2,0,97.9381443298969,1,0,0.5,0.6931471805599453,0.6931471805599453,0.0,2
Net3,21,123,24,probability_based,97,103;117;119;187;217,5,2,1,97.9381443298969,0,0,0.48717948717948684,0.7191226669632067,0.6928184134311288,0.025641025641026383,2
Net3,21,123,24,contaminant_status,97,103;117;119;187;217,5,2,0,97.9381443298969,1,0,0.5,0.6931471805599453,0.6931471805599453,0.0,2
Net3,22,125,1,probability_based,97,103;117;119;187;217,5,92,0,5.154639175257736,1,0,0.010869565217391304,4.5217885770490405,4.5217885770490405,0.0,92
Net3,22,125,1,contaminant_status,97,103;117;119;187;217,5,92,0,5.154639175257736,1,0,0.010869565217391304,4.5217885770490405,4.5217885770490405,0.0,92
Net3,22,125,2,probability_based,97,103;117;119;187;217,5,92,0,5.154639175257736,1,0,0.010869565217391304,4.5217885770490405,4.5217885770490405,0.0,92
Net3,22,125,2,contaminant_status,97,103;117;119;187;217,5,92,0,5.154639175257736,1,0,0.010869565217391304,4.5217885770490405,4.5217885770490405,0.0,92
Net3,22,125,4,probability_based,97,103;117;119;187;217,5,74,3,23.71134020618557,0,0,0.013279750642524738,4.321514912028456,4.301141909084381,0.0010008548136452057,74
Net3,22,125,4,contaminant_status,97,103;117;119;187;217,5,74,0,23.71134020618557,1,0,0.013513513513513514,4.304065093204169,4.304065093204169,0.0,74
Net3,22,125,8,probability_based,97,103;117;119;187;217,5,71,4,26.80412371134021,0,0,0.01366527690545046,4.29289719596179,4.254249438238744,0.0037967082421697176,71
Net3,22,125,8,contaminant_status,97,103;117;119;187;217,5,71,0,26.80412371134021,1,0,0.014084507042253521,4.2626798770413155,4.262679877041316,0.0,71
Net3,22,125,16,probability_based,97,103;117;119;187;217,5,1,0,98.96907216494846,1,1,0.9090909090867716,0.09531017980887611,0.36764947753825644,0.863636363632433,1
Net3,22,125,16,contaminant_status,97,103;117;119;187;217,5,44,0,54.639175257731964,1,0,0.022727272727272728,3.784189633918261,3.7841896339182615,0.0,44
Net3,22,125,24,probability_based,97,103;117;119;187;217,5,1,0,98.96907216494846,1,1,0.9090909090909091,0.0953101798043249,0.3676494774001423,0.8636363636363635,1
Net3,22,125,24,contaminant_status,97,103;117;119;187;217,5,44,0,54.639175257731964,1,0,0.022727272727272728,3.784189633918261,3.7841896339182615,0.0,44
Net3,23,127,1,probability_based,97,103;117;119;187;217,5,92,0,5.154639175257736,1,0,0.010869565217391304,4.5217885770490405,4.5217885770490405,0.0,92
Net3,23,127,1,contaminant_status,97,103;117;119;187;217,5,92,0,5.154639175257736,1,0,0.010869565217391304,4.5217885770490405,4.5217885770490405,0.0,92
Net3,23,127,2,probability_based,97,103;117;119;187;217,5,92,0,5.154639175257736,1,0,0.010869565217391304,4.5217885770490405,4.5217885770490405,0.0,92
Net3,23,127,2,contaminant_status,97,103;117;119;187;217,5,92,0,5.154639175257736,1,0,0.010869565217391304,4.5217885770490405,4.5217885770490405,0.0,92
Net3,23,127,4,probability_based,97,103;117;119;187;217,5,74,3,23.71134020618557,0,0,0.013279750642524738,4.321514912028456,4.301141909084381,0.0010008548136452057,74
Net3,23,127,4,contaminant_status,97,103;117;119;187;217,5,74,0,23.71134020618557,1,0,0.013513513513513514,4.304065093204169,4.304065093204169,0.0,74
Net3,23,127,8,probability_based,97,103;117;119;187;217,5,71,4,26.80412371134021,0,0,0.01366527690545046,4.29289719596179,4.254249438238744,0.0037967082421697176,71
Net3,23,127,8,contaminant_status,97,103;117;119;187;217,5,71,0,26.80412371134021,1,0,0.014084507042253521,4.2626798770413155,4.262679877041316,0.0,71
Net3,23,127,16,probability_based,97,103;117;119;187;217,5,3,1,96.90721649484536,0,0,0.32758620688580775,1.1160040314127764,1.0983166893943508,0.01724137930977865,3
Net3,23,127,16,contaminant_status,97,103;117;119;187;217,5,44,0,54.639175257731964,1,0,0.022727272727272728,3.784189633918261,3.7841896339182615,0.0,44
Net3,23,127,24,probability_based,97,103;117;119;187;217,5,3,1,96.90721649484536,0,0,0.327586206896552,1.1160040313799782,1.0983166884877202,0.017241379310344085,3
Net3,23,127,24,contaminant_status,97,103;117;119;187;217,5,44,0,54.639175257731964,1,0,0.022727272727272728,3.784189633918261,3.7841896339182615,0.0,44
Net3,24,129,1,probability_based,97,103;117;119;187;217,5,92,0,5.154639175257736,1,0,0.010869565217391304,4.5217885770490405,4.5217885770490405,0.0,92
Net3,24,129,1,contaminant_status,97,103;117;119;187;217,5,92,0,5.154639175257736,1,0,0.010869565217391304,4.5217885770490405,4.5217885770490405,0.0,92
Net3,24,129,2,probability_based,97,103;117;119;187;217,5,92,0,5.154639175257736,1,0,0.010869565217391304,4.5217885770490405,4.5217885770490405,0.0,92
Net3,24,129,2,contaminant_status,97,103;117;119;187;217,5,92,0,5.154639175257736,1,0,0.010869565217391304,4.5217885770490405,4.5217885770490405,0.0,92
Net3,24,129,4,probability_based,97,103;117;119;187;217,5,74,3,23.71134020618557,0,0,0.013279750642524738,4.321514912028456,4.301141909084381,0.0010008548136452057,74
Net3,24,129,4,contaminant_status,97,103;117;119;187;217,5,74,0,23.71134020618557,1,0,0.013513513513513514,4.304065093204169,4.304065093204169,0.0,74
Net3,24,129,8,probability_based,97,103;117;119;187;217,5,71,4,26.80412371134021,0,0,0.01366527690545046,4.29289719596179,4.254249438238744,0.0037967082421697176,71
Net3,24,129,8,contaminant_status,97,103;117;119;187;217,5,71,0,26.80412371134021,1,0,0.014084507042253521,4.2626798770413155,4.262679877041316,0.0,71
Net3,24,129,16,probability_based,97,103;117;119;187;217,5,44,8,54.639175257731964,0,0,0.017823707759285778,4.027225811282485,3.6784822871206604,0.015403491570856187,8
Net3,24,129,16,contaminant_status,97,103;117;119;187;217,5,44,0,54.639175257731964,1,0,0.022727272727272728,3.784189633918261,3.7841896339182615,0.0,44
Net3,24,129,24,probability_based,97,103;117;119;187;217,5,44,8,54.639175257731964,0,0,0.0011854039986171634,6.73767163539439,1.5438496152774073,0.015884129375829503,3
Net3,24,129,24,contaminant_status,97,103;117;119;187;217,5,44,0,54.639175257731964,1,0,0.022727272727272728,3.784189633918261,3.7841896339182615,0.0,44
Net3,25,131,1,probability_based,97,103;117;119;187;217,5,92,0,5.154639175257736,1,0,0.010869565217391304,4.5217885770490405,4.5217885770490405,0.0,92
Net3,25,131,1,contaminant_status,97,103;117;119;187;217,5,92,0,5.154639175257736,1,0,0.010869565217391304,4.5217885770490405,4.5217885770490405,0.0,92
Net3,25,131,2,probability_based,97,103;117;119;187;217,5,92,0,5.154639175257736,1,0,0.010869565217391304,4.5217885770490405,4.5217885770490405,0.0,92
Net3,25,131,2,contaminant_status,97,103;117;119;187;217,5,92,0,5.154639175257736,1,0,0.010869565217391304,4.5217885770490405,4.5217885770490405,0.0,92
Net3,25,131,4,probability_based,97,103;117;119;187;217,5,74,3,23.71134020618557,0,0,0.013279750642524738,4.321514912028456,4.301141909084381,0.0010008548136452057,74
Net3,25,131,4,contaminant_status,97,103;117;119;187;217,5,74,0,23.71134020618557,1,0,0.013513513513513514,4.304065093204169,4.304065093204169,0.0,74
Net3,25,131,8,probability_based,97,103;117;119;187;217,5,71,4,26.80412371134021,0,0,0.01366527690545046,4.29289719596179,4.254249438238744,0.0037967082421697176,71
Net3,25,131,8,contaminant_status,97,103;117;119;187;217,5,71,0,26.80412371134021,1,0,0.014084507042253521,4.2626798770413155,4.262679877041316,0.0,71
Net3,25,131,16,probability_based,97,103;117;119;187;217,5,44,8,54.639175257731964,0,0,0.017823707759285778,4.027225811282485,3.6784822871206604,0.015403491570856187,8
Net3,25,131,16,contaminant_status,97,103;117;119;187;217,5,44,0,54.639175257731964,1,0,0.022727272727272728,3.784189633918261,3.7841896339182615,0.0,44
Net3,25,131,24,probability_based,97,103;117;119;187;217,5,44,8,54.639175257731964,0,0,0.0011854039986171634,6.73767163539439,1.5438496152774073,0.015884129375829503,3
Net3,25,131,24,contaminant_status,97,103;117;119;187;217,5,44,0,54.639175257731964,1,0,0.022727272727272728,3.784189633918261,3.7841896339182615,0.0,44
Net3,26,139,1,probability_based,97,103;117;119;187;217,5,92,0,5.154639175257736,1,0,0.010869565217391304,4.5217885770490405,4.5217885770490405,0.0,92
Net3,26,139,1,contaminant_status,97,103;117;119;187;217,5,92,0,5.154639175257736,1,0,0.010869565217391304,4.5217885770490405,4.5217885770490405,0.0,92
Net3,26,139,2,probability_based,97,103;117;119;187;217,5,92,0,5.154639175257736,1,0,0.010869565217391304,4.5217885770490405,4.5217885770490405,0.0,92
Net3,26,139,2,contaminant_status,97,103;117;119;187;217,5,92,0,5.154639175257736,1,0,0.010869565217391304,4.5217885770490405,4.5217885770490405,0.0,92
Net3,26,139,4,probability_based,97,103;117;119;187;217,5,74,3,23.71134020618557,0,0,0.013279750642524738,4.321514912028456,4.301141909084381,0.0010008548136452057,74
Net3,26,139,4,contaminant_status,97,103;117;119;187;217,5,74,0,23.71134020618557,1,0,0.013513513513513514,4.304065093204169,4.304065093204169,0.0,74
Net3,26,139,8,probability_based,97,103;117;119;187;217,5,71,4,26.80412371134021,0,0,0.01366527690545046,4.29289719596179,4.254249438238744,0.0037967082421697176,71
Net3,26,139,8,contaminant_status,97,103;117;119;187;217,5,71,0,26.80412371134021,1,0,0.014084507042253521,4.2626798770413155,4.262679877041316,0.0,71
Net3,26,139,16,probability_based,97,103;117;119;187;217,5,44,8,54.639175257731964,0,0,0.017823707759285778,4.027225811282485,3.6784822871206604,0.015403491570856187,8
Net3,26,139,16,contaminant_status,97,103;117;119;187;217,5,44,0,54.639175257731964,1,0,0.022727272727272728,3.784189633918261,3.7841896339182615,0.0,44
Net3,26,139,24,probability_based,97,103;117;119;187;217,5,44,8,54.639175257731964,0,0,0.0011854039986171634,6.73767163539439,1.5438496152774073,0.015884129375829503,3
Net3,26,139,24,contaminant_status,97,103;117;119;187;217,5,44,0,54.639175257731964,1,0,0.022727272727272728,3.784189633918261,3.7841896339182615,0.0,44
Net3,27,141,1,probability_based,97,103;117;119;187;217,5,92,0,5.154639175257736,1,0,0.010869565217391304,4.5217885770490405,4.5217885770490405,0.0,92
Net3,27,141,1,contaminant_status,97,103;117;119;187;217,5,92,0,5.154639175257736,1,0,0.010869565217391304,4.5217885770490405,4.5217885770490405,0.0,92
Net3,27,141,2,probability_based,97,103;117;119;187;217,5,92,0,5.154639175257736,1,0,0.010869565217391304,4.5217885770490405,4.5217885770490405,0.0,92
Net3,27,141,2,contaminant_status,97,103;117;119;187;217,5,92,0,5.154639175257736,1,0,0.010869565217391304,4.5217885770490405,4.5217885770490405,0.0,92
Net3,27,141,4,probability_based,97,103;117;119;187;217,5,74,3,23.71134020618557,0,0,0.013279750642524738,4.321514912028456,4.301141909084381,0.0010008548136452057,74
Net3,27,141,4,contaminant_status,97,103;117;119;187;217,5,74,0,23.71134020618557,1,0,0.013513513513513514,4.304065093204169,4.304065093204169,0.0,74
Net3,27,141,8,probability_based,97,103;117;119;187;217,5,71,4,26.80412371134021,0,0,0.01366527690545046,4.29289719596179,4.254249438238744,0.0037967082421697176,71
Net3,27,141,8,contaminant_status,97,103;117;119;187;217,5,71,0,26.80412371134021,1,0,0.014084507042253521,4.2626798770413155,4.262679877041316,0.0,71
Net3,27,141,16,probability_based,97,103;117;119;187;217,5,44,8,54.639175257731964,0,0,0.017823707759285778,4.027225811282485,3.6784822871206604,0.015403491570856187,8
Net3,27,141,16,contaminant_status,97,103;117;119;187;217,5,44,0,54.639175257731964,1,0,0.022727272727272728,3.784189633918261,3.7841896339182615,0.0,44
Net3,27,141,24,probability_based,97,103;117;119;187;217,5,44,8,54.639175257731964,0,0,0.0011854039986171634,6.73767163539439,1.5438496152774073,0.015884129375829503,3
Net3,27,141,24,contaminant_status,97,103;117;119;187;217,5,44,0,54.639175257731964,1,0,0.022727272727272728,3.784189633918261,3.7841896339182615,0.0,44
Net3,28,143,1,probability_based,97,103;117;119;187;217,5,92,0,5.154639175257736,1,0,0.010869565217391304,4.5217885770490405,4.5217885770490405,0.0,92
Net3,28,143,1,contaminant_status,97,103;117;119;187;217,5,92,0,5.154639175257736,1,0,0.010869565217391304,4.5217885770490405,4.5217885770490405,0.0,92
Net3,28,143,2,probability_based,97,103;117;119;187;217,5,92,0,5.154639175257736,1,0,0.010869565217391304,4.5217885770490405,4.5217885770490405,0.0,92
Net3,28,143,2,contaminant_status,97,103;117;119;187;217,5,92,0,5.154639175257736,1,0,0.010869565217391304,4.5217885770490405,4.5217885770490405,0.0,92
Net3,28,143,4,probability_based,97,103;117;119;187;217,5,74,3,23.71134020618557,0,0,0.013279750642524738,4.321514912028456,4.301141909084381,0.0010008548136452057,74
Net3,28,143,4,contaminant_status,97,103;117;119;187;217,5,74,0,23.71134020618557,1,0,0.013513513513513514,4.304065093204169,4.304065093204169,0.0,74
Net3,28,143,8,probability_based,97,103;117;119;187;217,5,71,4,26.80412371134021,0,0,0.01366527690545046,4.29289719596179,4.254249438238744,0.0037967082421697176,71
Net3,28,143,8,contaminant_status,97,103;117;119;187;217,5,71,0,26.80412371134021,1,0,0.014084507042253521,4.2626798770413155,4.262679877041316,0.0,71
Net3,28,143,16,probability_based,97,103;117;119;187;217,5,44,8,54.639175257731964,0,0,0.017823707759285778,4.027225811282485,3.6784822871206604,0.015403491570856187,8
Net3,28,143,16,contaminant_status,97,103;117;119;187;217,5,44,0,54.639175257731964,1,0,0.022727272727272728,3.784189633918261,3.7841896339182615,0.0,44
Net3,28,143,24,probability_based,97,103;117;119;187;217,5,44,8,54.639175257731964,0,0,0.0011854039986171634,6.73767163539439,1.5438496152774073,0.015884129375829503,3
Net3,28,143,24,contaminant_status,97,103;117;119;187;217,5,44,0,54.639175257731964,1,0,0.022727272727272728,3.784189633918261,3.7841896339182615,0.0,44
Net3,29,145,1,probability_based,97,103;117;119;187;217,5,92,0,5.154639175257736,1,0,0.010869565217391304,4.5217885770490405,4.5217885770490405,0.0,92
Net3,29,145,1,contaminant_status,97,103;117;119;187;217,5,92,0,5.154639175257736,1,0,0.010869565217391304,4.5217885770490405,4.5217885770490405,0.0,92
Net3,29,145,2,probability_based,97,103;117;119;187;217,5,92,0,5.154639175257736,1,0,0.010869565217391304,4.5217885770490405,4.5217885770490405,0.0,92
Net3,29,145,2,contaminant_status,97,103;117;119;187;217,5,92,0,5.154639175257736,1,0,0.010869565217391304,4.5217885770490405,4.5217885770490405,0.0,92
Net3,29,145,4,probability_based,97,103;117;119;187;217,5,74,3,23.71134020618557,0,0,0.013279750642524738,4.321514912028456,4.301141909084381,0.0010008548136452057,74
Net3,29,145,4,contaminant_status,97,103;117;119;187;217,5,74,0,23.71134020618557,1,0,0.013513513513513514,4.304065093204169,4.304065093204169,0.0,74
Net3,29,145,8,probability_based,97,103;117;119;187;217,5,71,4,26.80412371134021,0,0,0.01366527690545046,4.29289719596179,4.254249438238744,0.0037967082421697176,71
Net3,29,145,8,contaminant_status,97,103;117;119;187;217,5,71,0,26.80412371134021,1,0,0.014084507042253521,4.2626798770413155,4.262679877041316,0.0,71
Net3,29,145,16,probability_based,97,103;117;119;187;217,5,44,8,54.639175257731964,0,0,0.017823707759285778,4.027225811282485,3.6784822871206604,0.015403491570856187,8
Net3,29,145,16,contaminant_status,97,103;117;119;187;217,5,44,0,54.639175257731964,1,0,0.022727272727272728,3.784189633918261,3.7841896339182615,0.0,44
Net3,29,145,24,probability_based,97,103;117;119;187;217,5,44,8,54.639175257731964,0,0,0.0011854039986171634,6.73767163539439,1.5438496152774073,0.015884129375829503,3
Net3,29,145,24,contaminant_status,97,103;117;119;187;217,5,44,0,54.639175257731964,1,0,0.022727272727272728,3.784189633918261,3.7841896339182615,0.0,44
Net3,30,147,1,probability_based,97,103;117;119;187;217,5,92,0,5.154639175257736,1,0,0.010869565217391304,4.5217885770490405,4.5217885770490405,0.0,92
Net3,30,147,1,contaminant_status,97,103;117;119;187;217,5,92,0,5.154639175257736,1,0,0.010869565217391304,4.5217885770490405,4.5217885770490405,0.0,92
Net3,30,147,2,probability_based,97,103;117;119;187;217,5,92,0,5.154639175257736,1,0,0.010869565217391304,4.5217885770490405,4.5217885770490405,0.0,92
Net3,30,147,2,contaminant_status,97,103;117;119;187;217,5,92,0,5.154639175257736,1,0,0.010869565217391304,4.5217885770490405,4.5217885770490405,0.0,92
Net3,30,147,4,probability_based,97,103;117;119;187;217,5,74,3,23.71134020618557,0,0,0.013279750642524738,4.321514912028456,4.301141909084381,0.0010008548136452057,74
Net3,30,147,4,contaminant_status,97,103;117;119;187;217,5,74,0,23.71134020618557,1,0,0.013513513513513514,4.304065093204169,4.304065093204169,0.0,74
Net3,30,147,8,probability_based,97,103;117;119;187;217,5,71,4,26.80412371134021,0,0,0.01366527690545046,4.29289719596179,4.254249438238744,0.0037967082421697176,71
Net3,30,147,8,contaminant_status,97,103;117;119;187;217,5,71,0,26.80412371134021,1,0,0.014084507042253521,4.2626798770413155,4.262679877041316,0.0,71
Net3,30,147,16,probability_based,97,103;117;119;187;217,5,44,8,54.639175257731964,0,0,0.017823707759285778,4.027225811282485,3.6784822871206604,0.015403491570856187,8
Net3,30,147,16,contaminant_status,97,103;117;119;187;217,5,44,0,54.639175257731964,1,0,0.022727272727272728,3.784189633918261,3.7841896339182615,0.0,44
Net3,30,147,24,probability_based,97,103;117;119;187;217,5,44,8,54.639175257731964,0,0,0.0011854039986171634,6.73767163539439,1.5438496152774073,0.015884129375829503,3
Net3,30,147,24,contaminant_status,97,103;117;119;187;217,5,44,0,54.639175257731964,1,0,0.022727272727272728,3.784189633918261,3.7841896339182615,0.0,44
Net3,31,149,1,probability_based,97,103;117;119;187;217,5,92,0,5.154639175257736,1,0,0.010869565217391304,4.5217885770490405,4.5217885770490405,0.0,92
Net3,31,149,1,contaminant_status,97,103;117;119;187;217,5,92,0,5.154639175257736,1,0,0.010869565217391304,4.5217885770490405,4.5217885770490405,0.0,92
Net3,31,149,2,probability_based,97,103;117;119;187;217,5,92,0,5.154639175257736,1,0,0.010869565217391304,4.5217885770490405,4.5217885770490405,0.0,92
Net3,31,149,2,contaminant_status,97,103;117;119;187;217,5,92,0,5.154639175257736,1,0,0.010869565217391304,4.5217885770490405,4.5217885770490405,0.0,92
Net3,31,149,4,probability_based,97,103;117;119;187;217,5,74,3,23.71134020618557,0,0,0.013279750642524738,4.321514912028456,4.301141909084381,0.0010008548136452057,74
Net3,31,149,4,contaminant_status,97,103;117;119;187;217,5,74,0,23.71134020618557,1,0,0.013513513513513514,4.304065093204169,4.304065093204169,0.0,74
Net3,31,149,8,probability_based,97,103;117;119;187;217,5,71,4,26.80412371134021,0,0,0.01366527690545046,4.29289719596179,4.254249438238744,0.0037967082421697176,71
Net3,31,149,8,contaminant_status,97,103;117;119;187;217,5,71,0,26.80412371134021,1,0,0.014084507042253521,4.2626798770413155,4.262679877041316,0.0,71
Net3,31,149,16,probability_based,97,103;117;119;187;217,5,44,8,54.639175257731964,0,0,0.017823707759285778,4.027225811282485,3.6784822871206604,0.015403491570856187,8
Net3,31,149,16,contaminant_status,97,103;117;119;187;217,5,44,0,54.639175257731964,1,0,0.022727272727272728,3.784189633918261,3.7841896339182615,0.0,44
Net3,31,149,24,probability_based,97,103;117;119;187;217,5,44,8,54.639175257731964,0,0,0.0011854039986171634,6.73767163539439,1.5438496152774073,0.015884129375829503,3
Net3,31,149,24,contaminant_status,97,103;117;119;187;217,5,44,0,54.639175257731964,1,0,0.022727272727272728,3.784189633918261,3.7841896339182615,0.0,44
Net3,32,151,1,probability_based,97,103;117;119;187;217,5,92,0,5.154639175257736,1,0,0.010869565217391304,4.5217885770490405,4.5217885770490405,0.0,92
Net3,32,151,1,contaminant_status,97,103;117;119;187;217,5,92,0,5.154639175257736,1,0,0.010869565217391304,4.5217885770490405,4.5217885770490405,0.0,92
Net3,32,151,2,probability_based,97,103;117;119;187;217,5,92,0,5.154639175257736,1,0,0.010869565217391304,4.5217885770490405,4.5217885770490405,0.0,92
Net3,32,151,2,contaminant_status,97,103;117;119;187;217,5,92,0,5.154639175257736,1,0,0.010869565217391304,4.5217885770490405,4.5217885770490405,0.0,92
Net3,32,151,4,probability_based,97,103;117;119;187;217,5,74,3,23.71134020618557,0,0,0.013279750642524738,4.321514912028456,4.301141909084381,0.0010008548136452057,74
Net3,32,151,4,contaminant_status,97,103;117;119;187;217,5,74,0,23.71134020618557,1,0,0.013513513513513514,4.304065093204169,4.304065093204169,0.0,74
Net3,32,151,8,probability_based,97,103;117;119;187;217,5,71,4,26.80412371134021,0,0,0.01366527690545046,4.29289719596179,4.254249438238744,0.0037967082421697176,71
Net3,32,151,8,contaminant_status,97,103;117;119;187;217,5,71,0,26.80412371134021,1,0,0.014084507042253521,4.2626798770413155,4.262679877041316,0.0,71
Net3,32,151,16,probability_based,97,103;117;119;187;217,5,44,8,54.639175257731964,0,0,0.017823707759285778,4.027225811282485,3.6784822871206604,0.015403491570856187,8
Net3,32,151,16,contaminant_status,97,103;117;119;187;217,5,44,0,54.639175257731964,1,0,0.022727272727272728,3.784189633918261,3.7841896339182615,0.0,44
Net3,32,151,24,probability_based,97,103;117;119;187;217,5,44,8,54.639175257731964,0,0,0.0011854039986171634,6.73767163539439,1.5438496152774073,0.015884129375829503,3
Net3,32,151,24,contaminant_status,97,103;117;119;187;217,5,44,0,54.639175257731964,1,0,0.022727272727272728,3.784189633918261,3.7841896339182615,0.0,44
Net3,33,153,1,probability_based,97,103;117;119;187;217,5,92,0,5.154639175257736,1,0,0.010869565217391304,4.5217885770490405,4.5217885770490405,0.0,92
Net3,33,153,1,contaminant_status,97,103;117;119;187;217,5,92,0,5.154639175257736,1,0,0.010869565217391304,4.5217885770490405,4.5217885770490405,0.0,92
Net3,33,153,2,probability_based,97,103;117;119;187;217,5,92,0,5.154639175257736,1,0,0.010869565217391304,4.5217885770490405,4.5217885770490405,0.0,92
Net3,33,153,2,contaminant_status,97,103;117;119;187;217,5,92,0,5.154639175257736,1,0,0.010869565217391304,4.5217885770490405,4.5217885770490405,0.0,92
Net3,33,153,4,probability_based,97,103;117;119;187;217,5,74,3,23.71134020618557,0,0,0.013279750642524738,4.321514912028456,4.301141909084381,0.0010008548136452057,74
Net3,33,153,4,contaminant_status,97,103;117;119;187;217,5,74,0,23.71134020618557,1,0,0.013513513513513514,4.304065093204169,4.304065093204169,0.0,74
Net3,33,153,8,probability_based,97,103;117;119;187;217,5,71,4,26.80412371134021,0,0,0.01366527690545046,4.29289719596179,4.254249438238744,0.0037967082421697176,71
Net3,33,153,8,contaminant_status,97,103;117;119;187;217,5,71,0,26.80412371134021,1,0,0.014084507042253521,4.2626798770413155,4.262679877041316,0.0,71
Net3,33,153,16,probability_based,97,103;117;119;187;217,5,44,8,54.639175257731964,0,0,0.017823707759285778,4.027225811282485,3.6784822871206604,0.015403491570856187,8
Net3,33,153,16,contaminant_status,97,103;117;119;187;217,5,44,0,54.639175257731964,1,0,0.022727272727272728,3.784189633918261,3.7841896339182615,0.0,44
Net3,33,153,24,probability_based,97,103;117;119;187;217,5,44,8,54.639175257731964,0,0,0.0011854039986171634,6.73767163539439,1.5438496152774073,0.015884129375829503,3
Net3,33,153,24,contaminant_status,97,103;117;119;187;217,5,44,0,54.639175257731964,1,0,0.022727272727272728,3.784189633918261,3.7841896339182615,0.0,44
Net3,34,157,1,probability_based,97,103;117;119;187;217,5,92,0,5.154639175257736,1,0,0.010869565217391304,4.5217885770490405,4.5217885770490405,0.0,92
Net3,34,157,1,contaminant_status,97,103;117;119;187;217,5,92,0,5.154639175257736,1,0,0.010869565217391304,4.5217885770490405,4.5217885770490405,0.0,92
Net3,34,157,2,probability_based,97,103;117;119;187;217,5,92,0,5.154639175257736,1,0,0.010869565217391304,4.5217885770490405,4.5217885770490405,0.0,92
Net3,34,157,2,contaminant_status,97,103;117;119;187;217,5,92,0,5.154639175257736,1,0,0.010869565217391304,4.5217885770490405,4.5217885770490405,0.0,92
Net3,34,157,4,probability_based,97,103;117;119;187;217,5,74,3,23.71134020618557,0,0,0.013279750642524738,4.321514912028456,4.301141909084381,0.0010008548136452057,74
Net3,34,157,4,contaminant_status,97,103;117;119;187;217,5,74,0,23.71134020618557,1,0,0.013513513513513514,4.304065093204169,4.304065093204169,0.0,74
Net3,34,157,8,probability_based,97,103;117;119;187;217,5,71,4,26.80412371134021,0,0,0.01366527690545046,4.29289719596179,4.254249438238744,0.0037967082421697176,71
Net3,34,157,8,contaminant_status,97,103;117;119;187;217,5,71,0,26.80412371134021,1,0,0.014084507042253521,4.2626798770413155,4.262679877041316,0.0,71
Net3,34,157,16,probability_based,97,103;117;119;187;217,5,1,0,98.96907216494846,1,1,0.8476619094665326,0.1652734143557123,0.6320140232391691,0.7692269983007995,1
Net3,34,157,16,contaminant_status,97,103;117;119;187;217,5,10,0,89.69072164948454,1,0,0.1,2.3025850929940455,2.302585092994046,0.0,10
Net3,34,157,24,probability_based,97,103;117;119;187;217,5,1,0,98.96907216494846,1,1,0.9363123548046234,0.06580614577604069,0.2840323081064655,0.8844390941506273,1
Net3,34,157,24,contaminant_status,97,103;117;119;187;217,5,10,0,89.69072164948454,1,0,0.1,2.3025850929940455,2.302585092994046,0.0,10
Net3,35,159,1,probability_based,97,103;117;119;187;217,5,92,0,5.154639175257736,1,0,0.010869565217391304,4.5217885770490405,4.5217885770490405,0.0,92
Net3,35,159,1,contaminant_status,97,103;117;119;187;217,5,92,0,5.154639175257736,1,0,0.010869565217391304,4.5217885770490405,4.5217885770490405,0.0,92
Net3,35,159,2,probability_based,97,103;117;119;187;217,5,92,0,5.154639175257736,1,0,0.010869565217391304,4.5217885770490405,4.5217885770490405,0.0,92
Net3,35,159,2,contaminant_status,97,103;117;119;187;217,5,92,0,5.154639175257736,1,0,0.010869565217391304,4.5217885770490405,4.5217885770490405,0.0,92
Net3,35,159,4,probability_based,97,103;117;119;187;217,5,74,3,23.71134020618557,0,0,0.013279750642524738,4.321514912028456,4.301141909084381,0.0010008548136452057,74
Net3,35,159,4,contaminant_status,97,103;117;119;187;217,5,74,0,23.71134020618557,1,0,0.013513513513513514,4.304065093204169,4.304065093204169,0.0,74
Net3,35,159,8,probability_based,97,103;117;119;187;217,5,71,4,26.80412371134021,0,0,0.01366527690545046,4.29289719596179,4.254249438238744,0.0037967082421697176,71
Net3,35,159,8,contaminant_status,97,103;117;119;187;217,5,71,0,26.80412371134021,1,0,0.014084507042253521,4.2626798770413155,4.262679877041316,0.0,71
Net3,35,159,16,probability_based,97,103;117;119;187;217,5,1,0,98.96907216494846,1,1,0.8090806911295372,0.2118566250810436,0.7806966298831572,0.7618970963705612,1
Net3,35,159,16,contaminant_status,97,103;117;119;187;217,5,8,0,91.75257731958763,1,0,0.125,2.0794415416798357,2.0794415416798357,0.0,8
Net3,35,159,24,probability_based,97,103;117;119;187;217,5,1,0,98.96907216494846,1,1,0.8127531590157241,0.20732783298226895,0.7522474784178277,0.7653553949675699,1
Net3,35,159,24,contaminant_status,97,103;117;119;187;217,5,8,0,91.75257731958763,1,0,0.125,2.0794415416798357,2.0794415416798357,0.0,8
Net3,36,161,1,probability_based,97,103;117;119;187;217,5,92,0,5.154639175257736,1,0,0.010869565217391304,4.5217885770490405,4.5217885770490405,0.0,92
Net3,36,161,1,contaminant_status,97,103;117;119;187;217,5,92,0,5.154639175257736,1,0,0.010869565217391304,4.5217885770490405,4.5217885770490405,0.0,92
Net3,36,161,2,probability_based,97,103;117;119;187;217,5,92,0,5.154639175257736,1,0,0.010869565217391304,4.5217885770490405,4.5217885770490405,0.0,92
Net3,36,161,2,contaminant_status,97,103;117;119;187;217,5,92,0,5.154639175257736,1,0,0.010869565217391304,4.5217885770490405,4.5217885770490405,0.0,92
Net3,36,161,4,probability_based,97,103;117;119;187;217,5,74,3,23.71134020618557,0,0,0.013279750642524738,4.321514912028456,4.301141909084381,0.0010008548136452057,74
Net3,36,161,4,contaminant_status,97,103;117;119;187;217,5,74,0,23.71134020618557,1,0,0.013513513513513514,4.304065093204169,4.304065093204169,0.0,74
Net3,36,161,8,probability_based,97,103;117;119;187;217,5,71,4,26.80412371134021,0,0,0.01366527690545046,4.29289719596179,4.254249438238744,0.0037967082421697176,71
Net3,36,161,8,contaminant_status,97,103;117;119;187;217,5,71,0,26.80412371134021,1,0,0.014084507042253521,4.2626798770413155,4.262679877041316,0.0,71
Net3,36,161,16,probability_based,97,103;117;119;187;217,5,4,2,95.87628865979381,0,0,0.24307937152072817,1.414367257201589,1.400810992953201,0.0,4
Net3,36,161,16,contaminant_status,97,103;117;119;187;217,5,9,0,90.72164948453609,1,0,0.1111111111111111,2.1972245773362196,2.197224577336219,0.0,9
Net3,36,161,24,probability_based,97,103;117;119;187;217,5,4,2,95.87628865979381,0,0,0.2430958722522402,1.4142993774330088,1.400142491364733,0.0,4
Net3,36,161,24,contaminant_status,97,103;117;119;187;217,5,9,0,90.72164948453609,1,0,0.1111111111111111,2.1972245773362196,2.197224577336219,0.0,9
Net3,37,163,1,probability_based,97,103;117;119;187;217,5,92,0,5.154639175257736,1,0,0.010869565217391304,4.5217885770490405,4.5217885770490405,0.0,92
Net3,37,163,1,contaminant_status,97,103;117;119;187;217,5,92,0,5.154639175257736,1,0,0.010869565217391304,4.5217885770490405,4.5217885770490405,0.0,92
Net3,37,163,2,probability_based,97,103;117;119;187;217,5,92,0,5.154639175257736,1,0,0.010869565217391304,4.5217885770490405,4.5217885770490405,0.0,92
Net3,37,163,2,contaminant_status,97,103;117;119;187;217,5,92,0,5.154639175257736,1,0,0.010869565217391304,4.5217885770490405,4.5217885770490405,0.0,92
Net3,37,163,4,probability_based,97,103;117;119;187;217,5,74,3,23.71134020618557,0,0,0.013279750642524738,4.321514912028456,4.301141909084381,0.0010008548136452057,74
Net3,37,163,4,contaminant_status,97,103;117;119;187;217,5,74,0,23.71134020618557,1,0,0.013513513513513514,4.304065093204169,4.304065093204169,0.0,74
Net3,37,163,8,probability_based,97,103;117;119;187;217,5,71,4,26.80412371134021,0,0,0.01366527690545046,4.29289719596179,4.254249438238744,0.0037967082421697176,71
Net3,37,163,8,contaminant_status,97,103;117;119;187;217,5,71,0,26.80412371134021,1,0,0.014084507042253521,4.2626798770413155,4.262679877041316,0.0,71
Net3,37,163,16,probability_based,97,103;117;119;187;217,5,4,2,95.87628865979381,0,0,0.24307937152072817,1.414367257201589,1.400810992953201,0.0,4
Net3,37,163,16,contaminant_status,97,103;117;119;187;217,5,9,0,90.72164948453609,1,0,0.1111111111111111,2.1972245773362196,2.197224577336219,0.0,9
Net3,37,163,24,probability_based,97,103;117;119;187;217,5,4,2,95.87628865979381,0,0,0.2430958722522402,1.4142993774330088,1.400142491364733,0.0,4
Net3,37,163,24,contaminant_status,97,103;117;119;187;217,5,9,0,90.72164948453609,1,0,0.1111111111111111,2.1972245773362196,2.197224577336219,0.0,9
Net3,38,164,1,probability_based,97,103;117;119;187;217,5,92,0,5.154639175257736,1,0,0.010869565217391304,4.5217885770490405,4.5217885770490405,0.0,92
Net3,38,164,1,contaminant_status,97,103;117;119;187;217,5,92,0,5.154639175257736,1,0,0.010869565217391304,4.5217885770490405,4.5217885770490405,0.0,92
Net3,38,164,2,probability_based,97,103;117;119;187;217,5,92,0,5.154639175257736,1,0,0.010869565217391304,4.5217885770490405,4.5217885770490405,0.0,92
Net3,38,164,2,contaminant_status,97,103;117;119;187;217,5,92,0,5.154639175257736,1,0,0.010869565217391304,4.5217885770490405,4.5217885770490405,0.0,92
Net3,38,164,4,probability_based,97,103;117;119;187;217,5,74,3,23.71134020618557,0,0,0.013279750642524738,4.321514912028456,4.301141909084381,0.0010008548136452057,74
Net3,38,164,4,contaminant_status,97,103;117;119;187;217,5,74,0,23.71134020618557,1,0,0.013513513513513514,4.304065093204169,4.304065093204169,0.0,74
Net3,38,164,8,probability_based,97,103;117;119;187;217,5,71,4,26.80412371134021,0,0,0.01366527690545046,4.29289719596179,4.254249438238744,0.0037967082421697176,71
Net3,38,164,8,contaminant_status,97,103;117;119;187;217,5,71,0,26.80412371134021,1,0,0.014084507042253521,4.2626798770413155,4.262679877041316,0.0,71
Net3,38,164,16,probability_based,97,103;117;119;187;217,5,44,8,54.639175257731964,0,0,0.017823707759285778,4.027225811282485,3.6784822871206604,0.015403491570856187,8
Net3,38,164,16,contaminant_status,97,103;117;119;187;217,5,44,0,54.639175257731964,1,0,0.022727272727272728,3.784189633918261,3.7841896339182615,0.0,44
Net3,38,164,24,probability_based,97,103;117;119;187;217,5,44,8,54.639175257731964,0,0,0.0011854039986171634,6.73767163539439,1.5438496152774073,0.015884129375829503,3
Net3,38,164,24,contaminant_status,97,103;117;119;187;217,5,44,0,54.639175257731964,1,0,0.022727272727272728,3.784189633918261,3.7841896339182615,0.0,44
Net3,39,166,1,probability_based,97,103;117;119;187;217,5,92,0,5.154639175257736,1,0,0.010869565217391304,4.5217885770490405,4.5217885770490405,0.0,92
Net3,39,166,1,contaminant_status,97,103;117;119;187;217,5,92,0,5.154639175257736,1,0,0.010869565217391304,4.5217885770490405,4.5217885770490405,0.0,92
Net3,39,166,2,probability_based,97,103;117;119;187;217,5,92,0,5.154639175257736,1,0,0.010869565217391304,4.5217885770490405,4.5217885770490405,0.0,92
Net3,39,166,2,contaminant_status,97,103;117;119;187;217,5,92,0,5.154639175257736,1,0,0.010869565217391304,4.5217885770490405,4.5217885770490405,0.0,92
Net3,39,166,4,probability_based,97,103;117;119;187;217,5,74,3,23.71134020618557,0,0,0.013279750642524738,4.321514912028456,4.301141909084381,0.0010008548136452057,74
Net3,39,166,4,contaminant_status,97,103;117;119;187;217,5,74,0,23.71134020618557,1,0,0.013513513513513514,4.304065093204169,4.304065093204169,0.0,74
Net3,39,166,8,probability_based,97,103;117;119;187;217,5,71,4,26.80412371134021,0,0,0.01366527690545046,4.29289719596179,4.254249438238744,0.0037967082421697176,71
Net3,39,166,8,contaminant_status,97,103;117;119;187;217,5,71,0,26.80412371134021,1,0,0.014084507042253521,4.2626798770413155,4.262679877041316,0.0,71
Net3,39,166,16,probability_based,97,103;117;119;187;217,5,44,8,54.639175257731964,0,0,0.017823707759285778,4.027225811282485,3.6784822871206604,0.015403491570856187,8
Net3,39,166,16,contaminant_status,97,103;117;119;187;217,5,44,0,54.639175257731964,1,0,0.022727272727272728,3.784189633918261,3.7841896339182615,0.0,44
Net3,39,166,24,probability_based,97,103;117;119;187;217,5,44,8,54.639175257731964,0,0,0.0011854039986171634,6.73767163539439,1.5438496152774073,0.015884129375829503,3
Net3,39,166,24,contaminant_status,97,103;117;119;187;217,5,44,0,54.639175257731964,1,0,0.022727272727272728,3.784189633918261,3.7841896339182615,0.0,44
Net3,40,167,1,probability_based,97,103;117;119;187;217,5,92,0,5.154639175257736,1,0,0.010869565217391304,4.5217885770490405,4.5217885770490405,0.0,92
Net3,40,167,1,contaminant_status,97,103;117;119;187;217,5,92,0,5.154639175257736,1,0,0.010869565217391304,4.5217885770490405,4.5217885770490405,0.0,92
Net3,40,167,2,probability_based,97,103;117;119;187;217,5,92,0,5.154639175257736,1,0,0.010869565217391304,4.5217885770490405,4.5217885770490405,0.0,92
Net3,40,167,2,contaminant_status,97,103;117;119;187;217,5,92,0,5.154639175257736,1,0,0.010869565217391304,4.5217885770490405,4.5217885770490405,0.0,92
Net3,40,167,4,probability_based,97,103;117;119;187;217,5,74,3,23.71134020618557,0,0,0.013279750642524738,4.321514912028456,4.301141909084381,0.0010008548136452057,74
Net3,40,167,4,contaminant_status,97,103;117;119;187;217,5,74,0,23.71134020618557,1,0,0.013513513513513514,4.304065093204169,4.304065093204169,0.0,74
Net3,40,167,8,probability_based,97,103;117;119;187;217,5,71,4,26.80412371134021,0,0,0.01366527690545046,4.29289719596179,4.254249438238744,0.0037967082421697176,71
Net3,40,167,8,contaminant_status,97,103;117;119;187;217,5,71,0,26.80412371134021,1,0,0.014084507042253521,4.2626798770413155,4.262679877041316,0.0,71
Net3,40,167,16,probability_based,97,103;117;119;187;217,5,44,8,54.639175257731964,0,0,0.017823707759285778,4.027225811282485,3.6784822871206604,0.015403491570856187,8
Net3,40,167,16,contaminant_status,97,103;117;119;187;217,5,44,0,54.639175257731964,1,0,0.022727272727272728,3.784189633918261,3.7841896339182615,0.0,44
Net3,40,167,24,probability_based,97,103;117;119;187;217,5,44,8,54.639175257731964,0,0,0.0011854039986171634,6.73767163539439,1.5438496152774073,0.015884129375829503,3
Net3,40,167,24,contaminant_status,97,103;117;119;187;217,5,44,0,54.639175257731964,1,0,0.022727272727272728,3.784189633918261,3.7841896339182615,0.0,44
Net3,41,169,1,probability_based,97,103;117;119;187;217,5,92,0,5.154639175257736,1,0,0.010869565217391304,4.5217885770490405,4.5217885770490405,0.0,92
Net3,41,169,1,contaminant_status,97,103;117;119;187;217,5,92,0,5.154639175257736,1,0,0.010869565217391304,4.5217885770490405,4.5217885770490405,0.0,92
Net3,41,169,2,probability_based,97,103;117;119;187;217,5,92,0,5.154639175257736,1,0,0.010869565217391304,4.5217885770490405,4.5217885770490405,0.0,92
Net3,41,169,2,contaminant_status,97,103;117;119;187;217,5,92,0,5.154639175257736,1,0,0.010869565217391304,4.5217885770490405,4.5217885770490405,0.0,92
Net3,41,169,4,probability_based,97,103;117;119;187;217,5,74,3,23.71134020618557,0,0,0.013279750642524738,4.321514912028456,4.301141909084381,0.0010008548136452057,74
Net3,41,169,4,contaminant_status,97,103;117;119;187;217,5,74,0,23.71134020618557,1,0,0.013513513513513514,4.304065093204169,4.304065093204169,0.0,74
Net3,41,169,8,probability_based,97,103;117;119;187;217,5,71,4,26.80412371134021,0,0,0.01366527690545046,4.29289719596179,4.254249438238744,0.0037967082421697176,71
Net3,41,169,8,contaminant_status,97,103;117;119;187;217,5,71,0,26.80412371134021,1,0,0.014084507042253521,4.2626798770413155,4.262679877041316,0.0,71
Net3,41,169,16,probability_based,97,103;117;119;187;217,5,2,0,97.9381443298969,1,1,0.4748757874787174,0.7447020091893999,0.9041288107643455,0.0,2
Net3,41,169,16,contaminant_status,97,103;117;119;187;217,5,9,0,90.72164948453609,1,0,0.1111111111111111,2.1972245773362196,2.197224577336219,0.0,9
Net3,41,169,24,probability_based,97,103;117;119;187;217,5,2,0,97.9381443298969,1,1,0.4749356170485667,0.7445760271899351,0.9029033991952156,0.0,2
Net3,41,169,24,contaminant_status,97,103;117;119;187;217,5,9,0,90.72164948453609,1,0,0.1111111111111111,2.1972245773362196,2.197224577336219,0.0,9
Net3,42,171,1,probability_based,97,103;117;119;187;217,5,92,0,5.154639175257736,1,0,0.010869565217391304,4.5217885770490405,4.5217885770490405,0.0,92
Net3,42,171,1,contaminant_status,97,103;117;119;187;217,5,92,0,5.154639175257736,1,0,0.010869565217391304,4.5217885770490405,4.5217885770490405,0.0,92
Net3,42,171,2,probability_based,97,103;117;119;187;217,5,92,0,5.154639175257736,1,0,0.010869565217391304,4.5217885770490405,4.5217885770490405,0.0,92
Net3,42,171,2,contaminant_status,97,103;117;119;187;217,5,92,0,5.154639175257736,1,0,0.010869565217391304,4.5217885770490405,4.5217885770490405,0.0,92
Net3,42,171,4,probability_based,97,103;117;119;187;217,5,74,3,23.71134020618557,0,0,0.013279750642524738,4.321514912028456,4.301141909084381,0.0010008548136452057,74
Net3,42,171,4,contaminant_status,97,103;117;119;187;217,5,74,0,23.71134020618557,1,0,0.013513513513513514,4.304065093204169,4.304065093204169,0.0,74
Net3,42,171,8,probability_based,97,103;117;119;187;217,5,71,4,26.80412371134021,0,0,0.01366527690545046,4.29289719596179,4.254249438238744,0.0037967082421697176,71
Net3,42,171,8,contaminant_status,97,103;117;119;187;217,5,71,0,26.80412371134021,1,0,0.014084507042253521,4.2626798770413155,4.262679877041316,0.0,71
Net3,42,171,16,probability_based,97,103;117;119;187;217,5,2,0,97.9381443298969,1,0,0.4598371274780945,0.7768829228966212,1.0156234816742464,0.0,2
Net3,42,171,16,contaminant_status,97,103;117;119;187;217,5,7,0,92.78350515463917,1,0,0.14285714285714285,1.9459101490553135,1.9459101490553132,0.0,7
Net3,42,171,24,probability_based,97,103;117;119;187;217,5,2,0,97.9381443298969,1,0,0.45984023514822653,0.7768761647219432,1.0155387328145788,0.0,2
Net3,42,171,24,contaminant_status,97,103;117;119;187;217,5,7,0,92.78350515463917,1,0,0.14285714285714285,1.9459101490553135,1.9459101490553132,0.0,7
Net3,43,173,1,probability_based,97,103;117;119;187;217,5,92,0,5.154639175257736,1,0,0.010869565217391304,4.5217885770490405,4.5217885770490405,0.0,92
Net3,43,173,1,contaminant_status,97,103;117;119;187;217,5,92,0,5.154639175257736,1,0,0.010869565217391304,4.5217885770490405,4.5217885770490405,0.0,92
Net3,43,173,2,probability_based,97,103;117;119;187;217,5,92,0,5.154639175257736,1,0,0.010869565217391304,4.5217885770490405,4.5217885770490405,0.0,92
Net3,43,173,2,contaminant_status,97,103;117;119;187;217,5,92,0,5.154639175257736,1,0,0.010869565217391304,4.5217885770490405,4.5217885770490405,0.0,92
Net3,43,173,4,probability_based,97,103;117;119;187;217,5,74,3,23.71134020618557,0,0,0.013279750642524738,4.321514912028456,4.301141909084381,0.0010008548136452057,74
Net3,43,173,4,contaminant_status,97,103;117;119;187;217,5,74,0,23.71134020618557,1,0,0.013513513513513514,4.304065093204169,4.304065093204169,0.0,74
Net3,43,173,8,probability_based,97,103;117;119;187;217,5,71,4,26.80412371134021,0,0,0.01366527690545046,4.29289719596179,4.254249438238744,0.0037967082421697176,71
Net3,43,173,8,contaminant_status,97,103;117;119;187;217,5,71,0,26.80412371134021,1,0,0.014084507042253521,4.2626798770413155,4.262679877041316,0.0,71
Net3,43,173,16,probability_based,97,103;117;119;187;217,5,2,0,97.9381443298969,1,1,0.4598371274780945,0.7768829228966212,1.0156234816742464,0.0,2
Net3,43,173,16,contaminant_status,97,103;117;119;187;217,5,7,0,92.78350515463917,1,0,0.14285714285714285,1.9459101490553135,1.9459101490553132,0.0,7
Net3,43,173,24,probability_based,97,103;117;119;187;217,5,2,0,97.9381443298969,1,1,0.45984023514822653,0.7768761647219432,1.0155387328145788,0.0,2
Net3,43,173,24,contaminant_status,97,103;117;119;187;217,5,7,0,92.78350515463917,1,0,0.14285714285714285,1.9459101490553135,1.9459101490553132,0.0,7
Net3,44,177,1,probability_based,97,103;117;119;187;217,5,92,0,5.154639175257736,1,0,0.010869565217391304,4.5217885770490405,4.5217885770490405,0.0,92
Net3,44,177,1,contaminant_status,97,103;117;119;187;217,5,92,0,5.154639175257736,1,0,0.010869565217391304,4.5217885770490405,4.5217885770490405,0.0,92
Net3,44,177,2,probability_based,97,103;117;119;187;217,5,92,0,5.154639175257736,1,0,0.010869565217391304,4.5217885770490405,4.5217885770490405,0.0,92
Net3,44,177,2,contaminant_status,97,103;117;119;187;217,5,92,0,5.154639175257736,1,0,0.010869565217391304,4.5217885770490405,4.5217885770490405,0.0,92
Net3,44,177,4,probability_based,97,103;117;119;187;217,5,74,3,23.71134020618557,0,0,0.013279750642524738,4.321514912028456,4.301141909084381,0.0010008548136452057,74
Net3,44,177,4,contaminant_status,97,103;117;119;187;217,5,74,0,23.71134020618557,1,0,0.013513513513513514,4.304065093204169,4.304065093204169,0.0,74
Net3,44,177,8,probability_based,97,103;117;119;187;217,5,71,4,26.80412371134021,0,0,0.01366527690545046,4.29289719596179,4.254249438238744,0.0037967082421697176,71
Net3,44,177,8,contaminant_status,97,103;117;119;187;217,5,71,0,26.80412371134021,1,0,0.014084507042253521,4.2626798770413155,4.262679877041316,0.0,71
Net3,44,177,16,probability_based,97,103;117;119;187;217,5,44,8,54.639175257731964,0,0,0.017823707759285778,4.027225811282485,3.6784822871206604,0.015403491570856187,8
Net3,44,177,16,contaminant_status,97,103;117;119;187;217,5,44,0,54.639175257731964,1,0,0.022727272727272728,3.784189633918261,3.7841896339182615,0.0,44
Net3,44,177,24,probability_based,97,103;117;119;187;217,5,44,8,54.639175257731964,0,0,0.0011854039986171634,6.73767163539439,1.5438496152774073,0.015884129375829503,3
Net3,44,177,24,contaminant_status,97,103;117;119;187;217,5,44,0,54.639175257731964,1,0,0.022727272727272728,3.784189633918261,3.7841896339182615,0.0,44
Net3,45,179,1,probability_based,97,103;117;119;187;217,5,92,0,5.154639175257736,1,0,0.010869565217391304,4.5217885770490405,4.5217885770490405,0.0,92
Net3,45,179,1,contaminant_status,97,103;117;119;187;217,5,92,0,5.154639175257736,1,0,0.010869565217391304,4.5217885770490405,4.5217885770490405,0.0,92
Net3,45,179,2,probability_based,97,103;117;119;187;217,5,92,0,5.154639175257736,1,0,0.010869565217391304,4.5217885770490405,4.5217885770490405,0.0,92
Net3,45,179,2,contaminant_status,97,103;117;119;187;217,5,92,0,5.154639175257736,1,0,0.010869565217391304,4.5217885770490405,4.5217885770490405,0.0,92
Net3,45,179,4,probability_based,97,103;117;119;187;217,5,74,3,23.71134020618557,0,0,0.013279750642524738,4.321514912028456,4.301141909084381,0.0010008548136452057,74
Net3,45,179,4,contaminant_status,97,103;117;119;187;217,5,74,0,23.71134020618557,1,0,0.013513513513513514,4.304065093204169,4.304065093204169,0.0,74
Net3,45,179,8,probability_based,97,103;117;119;187;217,5,71,4,26.80412371134021,0,0,0.01366527690545046,4.29289719596179,4.254249438238744,0.0037967082421697176,71
Net3,45,179,8,contaminant_status,97,103;117;119;187;217,5,71,0,26.80412371134021,1,0,0.014084507042253521,4.2626798770413155,4.262679877041316,0.0,71
Net3,45,179,16,probability_based,97,103;117;119;187;217,5,44,8,54.639175257731964,0,0,0.017823707759285778,4.027225811282485,3.6784822871206604,0.015403491570856187,8
Net3,45,179,16,contaminant_status,97,103;117;119;187;217,5,44,0,54.639175257731964,1,0,0.022727272727272728,3.784189633918261,3.7841896339182615,0.0,44
Net3,45,179,24,probability_based,97,103;117;119;187;217,5,44,8,54.639175257731964,0,0,0.0011854039986171634,6.73767163539439,1.5438496152774073,0.015884129375829503,3
Net3,45,179,24,contaminant_status,97,103;117;119;187;217,5,44,0,54.639175257731964,1,0,0.022727272727272728,3.784189633918261,3.7841896339182615,0.0,44
Net3,46,181,1,probability_based,97,103;117;119;187;217,5,92,0,5.154639175257736,1,0,0.010869565217391304,4.5217885770490405,4.5217885770490405,0.0,92
Net3,46,181,1,contaminant_status,97,103;117;119;187;217,5,92,0,5.154639175257736,1,0,0.010869565217391304,4.5217885770490405,4.5217885770490405,0.0,92
Net3,46,181,2,probability_based,97,103;117;119;187;217,5,92,0,5.154639175257736,1,0,0.010869565217391304,4.5217885770490405,4.5217885770490405,0.0,92
Net3,46,181,2,contaminant_status,97,103;117;119;187;217,5,92,0,5.154639175257736,1,0,0.010869565217391304,4.5217885770490405,4.5217885770490405,0.0,92
Net3,46,181,4,probability_based,97,103;117;119;187;217,5,74,3,23.71134020618557,0,0,0.013279750642524738,4.321514912028456,4.301141909084381,0.0010008548136452057,74
Net3,46,181,4,contaminant_status,97,103;117;119;187;217,5,74,0,23.71134020618557,1,0,0.013513513513513514,4.304065093204169,4.304065093204169,0.0,74
Net3,46,181,8,probability_based,97,103;117;119;187;217,5,71,4,26.80412371134021,0,0,0.01366527690545046,4.29289719596179,4.254249438238744,0.0037967082421697176,71
Net3,46,181,8,contaminant_status,97,103;117;119;187;217,5,71,0,26.80412371134021,1,0,0.014084507042253521,4.2626798770413155,4.262679877041316,0.0,71
Net3,46,181,16,probability_based,97,103;117;119;187;217,5,44,8,54.639175257731964,0,0,0.017823707759285778,4.027225811282485,3.6784822871206604,0.015403491570856187,8
Net3,46,181,16,contaminant_status,97,103;117;119;187;217,5,44,0,54.639175257731964,1,0,0.022727272727272728,3.784189633918261,3.7841896339182615,0.0,44
Net3,46,181,24,probability_based,97,103;117;119;187;217,5,44,8,54.639175257731964,0,0,0.0011854039986171634,6.73767163539439,1.5438496152774073,0.015884129375829503,3
Net3,46,181,24,contaminant_status,97,103;117;119;187;217,5,44,0,54.639175257731964,1,0,0.022727272727272728,3.784189633918261,3.7841896339182615,0.0,44
Net3,47,183,1,probability_based,97,103;117;119;187;217,5,92,0,5.154639175257736,1,0,0.010869565217391304,4.5217885770490405,4.5217885770490405,0.0,92
Net3,47,183,1,contaminant_status,97,103;117;119;187;217,5,92,0,5.154639175257736,1,0,0.010869565217391304,4.5217885770490405,4.5217885770490405,0.0,92
Net3,47,183,2,probability_based,97,103;117;119;187;217,5,92,0,5.154639175257736,1,0,0.010869565217391304,4.5217885770490405,4.5217885770490405,0.0,92
Net3,47,183,2,contaminant_status,97,103;117;119;187;217,5,92,0,5.154639175257736,1,0,0.010869565217391304,4.5217885770490405,4.5217885770490405,0.0,92
Net3,47,183,4,probability_based,97,103;117;119;187;217,5,74,3,23.71134020618557,0,0,0.013279750642524738,4.321514912028456,4.301141909084381,0.0010008548136452057,74
Net3,47,183,4,contaminant_status,97,103;117;119;187;217,5,74,0,23.71134020618557,1,0,0.013513513513513514,4.304065093204169,4.304065093204169,0.0,74
Net3,47,183,8,probability_based,97,103;117;119;187;217,5,71,4,26.80412371134021,0,0,0.01366527690545046,4.29289719596179,4.254249438238744,0.0037967082421697176,71
Net3,47,183,8,contaminant_status,97,103;117;119;187;217,5,71,0,26.80412371134021,1,0,0.014084507042253521,4.2626798770413155,4.262679877041316,0.0,71
Net3,47,183,16,probability_based,97,103;117;119;187;217,5,1,0,98.96907216494846,1,1,0.9472663998102642,0.05417491615832765,0.227617281645222,0.8999030798197509,1
Net3,47,183,16,contaminant_status,97,103;117;119;187;217,5,12,0,87.62886597938144,1,0,0.08333333333333333,2.4849066497880004,2.484906649788001,0.0,12
Net3,47,183,24,probability_based,97,103;117;119;187;217,5,1,0,98.96907216494846,1,1,0.9343011464487254,0.0679564661169507,0.294708147453744,0.8875860891262893,1
Net3,47,183,24,contaminant_status,97,103;117;119;187;217,5,12,0,87.62886597938144,1,0,0.08333333333333333,2.4849066497880004,2.484906649788001,0.0,12
Net3,48,184,1,probability_based,97,103;117;119;187;217,5,92,0,5.154639175257736,1,0,0.010869565217391304,4.5217885770490405,4.5217885770490405,0.0,92
Net3,48,184,1,contaminant_status,97,103;117;119;187;217,5,92,0,5.154639175257736,1,0,0.010869565217391304,4.5217885770490405,4.5217885770490405,0.0,92
Net3,48,184,2,probability_based,97,103;117;119;187;217,5,92,0,5.154639175257736,1,0,0.010869565217391304,4.5217885770490405,4.5217885770490405,0.0,92
Net3,48,184,2,contaminant_status,97,103;117;119;187;217,5,92,0,5.154639175257736,1,0,0.010869565217391304,4.5217885770490405,4.5217885770490405,0.0,92
Net3,48,184,4,probability_based,97,103;117;119;187;217,5,74,3,23.71134020618557,0,0,0.013279750642524738,4.321514912028456,4.301141909084381,0.0010008548136452057,74
Net3,48,184,4,contaminant_status,97,103;117;119;187;217,5,74,0,23.71134020618557,1,0,0.013513513513513514,4.304065093204169,4.304065093204169,0.0,74
Net3,48,184,8,probability_based,97,103;117;119;187;217,5,71,4,26.80412371134021,0,0,0.01366527690545046,4.29289719596179,4.254249438238744,0.0037967082421697176,71
Net3,48,184,8,contaminant_status,97,103;117;119;187;217,5,71,0,26.80412371134021,1,0,0.014084507042253521,4.2626798770413155,4.262679877041316,0.0,71
Net3,48,184,16,probability_based,97,103;117;119;187;217,5,2,0,97.9381443298969,1,1,0.470244432503627,0.7545026503104737,0.9317014353755457,0.0,2
Net3,48,184,16,contaminant_status,97,103;117;119;187;217,5,5,0,94.84536082474226,1,1,0.2,1.6094379124341003,1.6094379124341005,0.0,5
Net3,48,184,24,probability_based,97,103;117;119;187;217,5,2,0,97.9381443298969,1,1,0.44906586355844486,0.800585712557983,1.0308780964042505,0.0,2
Net3,48,184,24,contaminant_status,97,103;117;119;187;217,5,5,0,94.84536082474226,1,1,0.2,1.6094379124341003,1.6094379124341005,0.0,5
Net3,49,185,1,probability_based,97,103;117;119;187;217,5,92,0,5.154639175257736,1,0,0.010869565217391304,4.5217885770490405,4.5217885770490405,0.0,92
Net3,49,185,1,contaminant_status,97,103;117;119;187;217,5,92,0,5.154639175257736,1,0,0.010869565217391304,4.5217885770490405,4.5217885770490405,0.0,92
Net3,49,185,2,probability_based,97,103;117;119;187;217,5,92,0,5.154639175257736,1,0,0.010869565217391304,4.5217885770490405,4.5217885770490405,0.0,92
Net3,49,185,2,contaminant_status,97,103;117;119;187;217,5,92,0,5.154639175257736,1,0,0.010869565217391304,4.5217885770490405,4.5217885770490405,0.0,92
Net3,49,185,4,probability_based,97,103;117;119;187;217,5,74,3,23.71134020618557,0,0,0.013279750642524738,4.321514912028456,4.301141909084381,0.0010008548136452057,74
Net3,49,185,4,contaminant_status,97,103;117;119;187;217,5,74,0,23.71134020618557,1,0,0.013513513513513514,4.304065093204169,4.304065093204169,0.0,74
Net3,49,185,8,probability_based,97,103;117;119;187;217,5,71,4,26.80412371134021,0,0,0.01366527690545046,4.29289719596179,4.254249438238744,0.0037967082421697176,71
Net3,49,185,8,contaminant_status,97,103;117;119;187;217,5,71,0,26.80412371134021,1,0,0.014084507042253521,4.2626798770413155,4.262679877041316,0.0,71
Net3,49,185,16,probability_based,97,103;117;119;187;217,5,2,0,97.9381443298969,1,0,0.470244432503627,0.7545026503104737,0.9317014353755457,0.0,2
Net3,49,185,16,contaminant_status,97,103;117;119;187;217,5,5,0,94.84536082474226,1,0,0.2,1.6094379124341003,1.6094379124341005,0.0,5
Net3,49,185,24,probability_based,97,103;117;119;187;217,5,2,0,97.9381443298969,1,0,0.44906586355844486,0.800585712557983,1.0308780964042505,0.0,2
Net3,49,185,24,contaminant_status,97,103;117;119;187;217,5,5,0,94.84536082474226,1,0,0.2,1.6094379124341003,1.6094379124341005,0.0,5
Net3,50,187,1,probability_based,97,103;117;119;187;217,5,92,0,5.154639175257736,1,0,0.010869565217391304,4.5217885770490405,4.5217885770490405,0.0,92
Net3,50,187,1,contaminant_status,97,103;117;119;187;217,5,92,0,5.154639175257736,1,0,0.010869565217391304,4.5217885770490405,4.5217885770490405,0.0,92
Net3,50,187,2,probability_based,97,103;117;119;187;217,5,92,0,5.154639175257736,1,0,0.010869565217391304,4.5217885770490405,4.5217885770490405,0.0,92
Net3,50,187,2,contaminant_status,97,103;117;119;187;217,5,92,0,5.154639175257736,1,0,0.010869565217391304,4.5217885770490405,4.5217885770490405,0.0,92
Net3,50,187,4,probability_based,97,103;117;119;187;217,5,1,0,98.96907216494846,1,1,0.9022497195551409,0.10286394628761561,0.38976840753715963,0.8522635855077644,1
Net3,50,187,4,contaminant_status,97,103;117;119;187;217,5,1,0,98.96907216494846,1,1,1.0,-0.0,-0.0,1.0,1
Net3,50,187,8,probability_based,97,103;117;119;187;217,5,1,0,98.96907216494846,1,1,0.9970849452555883,0.0029193117915228706,0.020528766081163344,0.9943229370969856,1
Net3,50,187,8,contaminant_status,97,103;117;119;187;217,5,1,0,98.96907216494846,1,1,1.0,-0.0,-0.0,1.0,1
Net3,50,187,16,probability_based,97,103;117;119;187;217,5,1,0,98.96907216494846,1,1,0.9999919214600448,8.078572586793773e-06,0.00010282334322451406,0.9999838443038288,1
Net3,50,187,16,contaminant_status,97,103;117;119;187;217,5,1,0,98.96907216494846,1,1,1.0,-0.0,-0.0,1.0,1
Net3,50,187,24,probability_based,97,103;117;119;187;217,5,1,0,98.96907216494846,1,1,0.9999919214587472,8.078573884432928e-06,0.00010282337115515824,0.999983844302531,1
Net3,50,187,24,contaminant_status,97,103;117;119;187;217,5,1,0,98.96907216494846,1,1,1.0,-0.0,-0.0,1.0,1
Net3,51,189,1,probability_based,97,103;117;119;187;217,5,92,0,5.154639175257736,1,0,0.010869565217391304,4.5217885770490405,4.5217885770490405,0.0,92
Net3,51,189,1,contaminant_status,97,103;117;119;187;217,5,92,0,5.154639175257736,1,0,0.010869565217391304,4.5217885770490405,4.5217885770490405,0.0,92
Net3,51,189,2,probability_based,97,103;117;119;187;217,5,92,0,5.154639175257736,1,0,0.010869565217391304,4.5217885770490405,4.5217885770490405,0.0,92
Net3,51,189,2,contaminant_status,97,103;117;119;187;217,5,92,0,5.154639175257736,1,0,0.010869565217391304,4.5217885770490405,4.5217885770490405,0.0,92
Net3,51,189,4,probability_based,97,103;117;119;187;217,5,74,3,23.71134020618557,0,0,0.013279750642524738,4.321514912028456,4.301141909084381,0.0010008548136452057,74
Net3,51,189,4,contaminant_status,97,103;117;119;187;217,5,74,0,23.71134020618557,1,0,0.013513513513513514,4.304065093204169,4.304065093204169,0.0,74
Net3,51,189,8,probability_based,97,103;117;119;187;217,5,71,4,26.80412371134021,0,0,0.01366527690545046,4.29289719596179,4.254249438238744,0.0037967082421697176,71
Net3,51,189,8,contaminant_status,97,103;117;119;187;217,5,71,0,26.80412371134021,1,0,0.014084507042253521,4.2626798770413155,4.262679877041316,0.0,71
Net3,51,189,16,probability_based,97,103;117;119;187;217,5,2,1,97.9381443298969,0,0,0.4617315024261648,0.7727717204211394,0.8975659710619758,0.02430165802243045,2
Net3,51,189,16,contaminant_status,97,103;117;119;187;217,5,10,0,89.69072164948454,1,0,0.1,2.3025850929940455,2.3025850929940455,0.0,10
Net3,51,189,24,probability_based,97,103;117;119;187;217,5,2,1,97.9381443298969,0,0,0.4067486167645091,0.8995599335906553,1.1366469655455584,0.021407821934973204,3
Net3,51,189,24,contaminant_status,97,103;117;119;187;217,5,10,0,89.69072164948454,1,0,0.1,2.3025850929940455,2.3025850929940455,0.0,10
Net3,52,191,1,probability_based,97,103;117;119;187;217,5,92,0,5.154639175257736,1,0,0.010869565217391304,4.5217885770490405,4.5217885770490405,0.0,92
Net3,52,191,1,contaminant_status,97,103;117;119;187;217,5,92,0,5.154639175257736,1,0,0.010869565217391304,4.5217885770490405,4.5217885770490405,0.0,92
Net3,52,191,2,probability_based,97,103;117;119;187;217,5,92,0,5.154639175257736,1,0,0.010869565217391304,4.5217885770490405,4.5217885770490405,0.0,92
Net3,52,191,2,contaminant_status,97,103;117;119;187;217,5,92,0,5.154639175257736,1,0,0.010869565217391304,4.5217885770490405,4.5217885770490405,0.0,92
Net3,52,191,4,probability_based,97,103;117;119;187;217,5,2,1,97.9381443298969,0,0,0.473686014040811,0.7472105944179793,0.8114879799111707,0.024930842844253065,2
Net3,52,191,4,contaminant_status,97,103;117;119;187;217,5,2,0,97.9381443298969,1,0,0.5,0.6931471805599453,0.6931471805599453,0.0,2
Net3,52,191,8,probability_based,97,103;117;119;187;217,5,1,0,98.96907216494846,1,1,0.945018915146548,0.056550335660619185,0.2235304510098575,0.8926632965788723,1
Net3,52,191,8,contaminant_status,97,103;117;119;187;217,5,1,0,98.96907216494846,1,1,1.0,-0.0,-0.0,1.0,1
Net3,52,191,16,probability_based,97,103;117;119;187;217,5,1,0,98.96907216494846,1,1,0.9998295984076684,0.0001704161123324604,0.001651746575217709,0.9996595806161583,1
Net3,52,191,16,contaminant_status,97,103;117;119;187;217,5,1,0,98.96907216494846,1,1,1.0,-0.0,-0.0,1.0,1
Net3,52,191,24,probability_based,97,103;117;119;187;217,5,1,0,98.96907216494846,1,1,0.9998295980038434,0.0001704165162262581,0.001651755538992942,0.999659580212402,1
Net3,52,191,24,contaminant_status,97,103;117;119;187;217,5,1,0,98.96907216494846,1,1,1.0,-0.0,-0.0,1.0,1
Net3,53,193,1,probability_based,97,103;117;119;187;217,5,92,0,5.154639175257736,1,0,0.010869565217391304,4.5217885770490405,4.5217885770490405,0.0,92
Net3,53,193,1,contaminant_status,97,103;117;119;187;217,5,92,0,5.154639175257736,1,0,0.010869565217391304,4.5217885770490405,4.5217885770490405,0.0,92
Net3,53,193,2,probability_based,97,103;117;119;187;217,5,92,0,5.154639175257736,1,0,0.010869565217391304,4.5217885770490405,4.5217885770490405,0.0,92
Net3,53,193,2,contaminant_status,97,103;117;119;187;217,5,92,0,5.154639175257736,1,0,0.010869565217391304,4.5217885770490405,4.5217885770490405,0.0,92
Net3,53,193,4,probability_based,97,103;117;119;187;217,5,74,3,23.71134020618557,0,0,0.013279750642524738,4.321514912028456,4.301141909084381,0.0010008548136452057,74
Net3,53,193,4,contaminant_status,97,103;117;119;187;217,5,74,0,23.71134020618557,1,0,0.013513513513513514,4.304065093204169,4.304065093204169,0.0,74
Net3,53,193,8,probability_based,97,103;117;119;187;217,5,1,0,98.96907216494846,1,1,0.21709503804206126,1.5274200579921513,3.842681850115885,0.1959497778819024,1
Net3,53,193,8,contaminant_status,97,103;117;119;187;217,5,71,0,26.80412371134021,1,0,0.014084507042253521,4.2626798770413155,4.262679877041316,0.0,71
Net3,53,193,16,probability_based,97,103;117;119;187;217,5,1,0,98.96907216494846,1,1,0.9892164379022796,0.010842126103068587,0.0716788078114122,0.9838784540731816,1
Net3,53,193,16,contaminant_status,97,103;117;119;187;217,5,12,0,87.62886597938144,1,0,0.08333333333333333,2.4849066497880004,2.484906649788001,0.0,12
Net3,53,193,24,probability_based,97,103;117;119;187;217,5,1,0,98.96907216494846,1,1,0.9999989783077025,1.0216928194704955e-06,1.5841217717853294e-05,0.9999983037866658,1
Net3,53,193,24,contaminant_status,97,103;117;119;187;217,5,12,0,87.62886597938144,1,0,0.08333333333333333,2.4849066497880004,2.484906649788001,0.0,12
Net3,54,195,1,probability_based,97,103;117;119;187;217,5,92,0,5.154639175257736,1,0,0.010869565217391304,4.5217885770490405,4.5217885770490405,0.0,92
Net3,54,195,1,contaminant_status,97,103;117;119;187;217,5,92,0,5.154639175257736,1,0,0.010869565217391304,4.5217885770490405,4.5217885770490405,0.0,92
Net3,54,195,2,probability_based,97,103;117;119;187;217,5,92,0,5.154639175257736,1,0,0.010869565217391304,4.5217885770490405,4.5217885770490405,0.0,92
Net3,54,195,2,contaminant_status,97,103;117;119;187;217,5,92,0,5.154639175257736,1,0,0.010869565217391304,4.5217885770490405,4.5217885770490405,0.0,92
Net3,54,195,4,probability_based,97,103;117;119;187;217,5,74,3,23.71134020618557,0,0,0.013279750642524738,4.321514912028456,4.301141909084381,0.0010008548136452057,74
Net3,54,195,4,contaminant_status,97,103;117;119;187;217,5,74,0,23.71134020618557,1,0,0.013513513513513514,4.304065093204169,4.304065093204169,0.0,74
Net3,54,195,8,probability_based,97,103;117;119;187;217,5,71,4,26.80412371134021,0,0,0.01366527690545046,4.29289719596179,4.254249438238744,0.0037967082421697176,71
Net3,54,195,8,contaminant_status,97,103;117;119;187;217,5,71,0,26.80412371134021,1,0,0.014084507042253521,4.2626798770413155,4.262679877041316,0.0,71
Net3,54,195,16,probability_based,97,103;117;119;187;217,5,4,3,95.87628865979381,0,0,0.14128531189800733,1.956973944461209,1.3873150981716562,0.06267942531458837,4
Net3,54,195,16,contaminant_status,97,103;117;119;187;217,5,47,0,51.546391752577314,1,0,0.02127659574468085,3.8501476017100584,3.850147601710058,0.0,47
Net3,54,195,24,probability_based,97,103;117;119;187;217,5,4,3,95.87628865979381,0,0,0.06801895179628908,2.687968909749861,1.1818466542153758,0.324186777982216,2
Net3,54,195,24,contaminant_status,97,103;117;119;187;217,5,47,0,51.546391752577314,1,0,0.02127659574468085,3.8501476017100584,3.850147601710058,0.0,47
Net3,55,197,1,probability_based,97,103;117;119;187;217,5,92,0,5.154639175257736,1,0,0.010869565217391304,4.5217885770490405,4.5217885770490405,0.0,92
Net3,55,197,1,contaminant_status,97,103;117;119;187;217,5,92,0,5.154639175257736,1,0,0.010869565217391304,4.5217885770490405,4.5217885770490405,0.0,92
Net3,55,197,2,probability_based,97,103;117;119;187;217,5,92,0,5.154639175257736,1,0,0.010869565217391304,4.5217885770490405,4.5217885770490405,0.0,92
Net3,55,197,2,contaminant_status,97,103;117;119;187;217,5,92,0,5.154639175257736,1,0,0.010869565217391304,4.5217885770490405,4.5217885770490405,0.0,92
Net3,55,197,4,probability_based,97,103;117;119;187;217,5,1,0,98.96907216494846,1,1,0.9450192537079757,0.05654997740179325,0.24431201287787235,0.8977682910225768,1
Net3,55,197,4,contaminant_status,97,103;117;119;187;217,5,2,0,97.9381443298969,1,1,0.5,0.6931471805599453,0.6931471805599453,0.0,2
Net3,55,197,8,probability_based,97,103;117;119;187;217,5,1,0,98.96907216494846,1,1,0.9972221753490673,0.0027816899655987116,0.019781090066470174,0.9945979064665695,1
Net3,55,197,8,contaminant_status,97,103;117;119;187;217,5,1,0,98.96907216494846,1,1,1.0,-0.0,-0.0,1.0,1
Net3,55,197,16,probability_based,97,103;117;119;187;217,5,1,0,98.96907216494846,1,1,0.9999995340049495,4.6599515912273516e-07,7.3393652403609645e-06,0.9999990865136641,1
Net3,55,197,16,contaminant_status,97,103;117;119;187;217,5,1,0,98.96907216494846,1,1,1.0,-0.0,-0.0,1.0,1
Net3,55,197,24,probability_based,97,103;117;119;187;217,5,1,0,98.96907216494846,1,1,0.9999990152405821,9.847599027749798e-07,1.4701542490079287e-05,0.9999980493447821,1
Net3,55,197,24,contaminant_status,97,103;117;119;187;217,5,1,0,98.96907216494846,1,1,1.0,-0.0,-0.0,1.0,1
Net3,56,199,1,probability_based,97,103;117;119;187;217,5,92,0,5.154639175257736,1,0,0.010869565217391304,4.5217885770490405,4.5217885770490405,0.0,92
Net3,56,199,1,contaminant_status,97,103;117;119;187;217,5,92,0,5.154639175257736,1,0,0.010869565217391304,4.5217885770490405,4.5217885770490405,0.0,92
Net3,56,199,2,probability_based,97,103;117;119;187;217,5,92,0,5.154639175257736,1,0,0.010869565217391304,4.5217885770490405,4.5217885770490405,0.0,92
Net3,56,199,2,contaminant_status,97,103;117;119;187;217,5,92,0,5.154639175257736,1,0,0.010869565217391304,4.5217885770490405,4.5217885770490405,0.0,92
Net3,56,199,4,probability_based,97,103;117;119;187;217,5,74,3,23.71134020618557,0,0,0.013279750642524738,4.321514912028456,4.301141909084381,0.0010008548136452057,74
Net3,56,199,4,contaminant_status,97,103;117;119;187;217,5,74,0,23.71134020618557,1,0,0.013513513513513514,4.304065093204169,4.304065093204169,0.0,74
Net3,56,199,8,probability_based,97,103;117;119;187;217,5,71,4,26.80412371134021,0,0,0.01366527690545046,4.29289719596179,4.254249438238744,0.0037967082421697176,71
Net3,56,199,8,contaminant_status,97,103;117;119;187;217,5,71,0,26.80412371134021,1,0,0.014084507042253521,4.2626798770413155,4.262679877041316,0.0,71
Net3,56,199,16,probability_based,97,103;117;119;187;217,5,1,0,98.96907216494846,1,1,0.9997209126011084,0.00027912635102724306,0.0028236066158220264,0.9995893703757661,1
Net3,56,199,16,contaminant_status,97,103;117;119;187;217,5,7,0,92.78350515463917,1,0,0.14285714285714285,1.9459101490553135,1.9459101490553132,0.0,7
Net3,56,199,24,probability_based,97,103;117;119;187;217,5,1,0,98.96907216494846,1,1,0.9997216103118006,0.00027842844580193573,0.0028125633910192393,0.9995900679946543,1
Net3,56,199,24,contaminant_status,97,103;117;119;187;217,5,7,0,92.78350515463917,1,0,0.14285714285714285,1.9459101490553135,1.9459101490553132,0.0,7
Net3,57,201,1,probability_based,97,103;117;119;187;217,5,92,0,5.154639175257736,1,0,0.010869565217391304,4.5217885770490405,4.5217885770490405,0.0,92
Net3,57,201,1,contaminant_status,97,103;117;119;187;217,5,92,0,5.154639175257736,1,0,0.010869565217391304,4.5217885770490405,4.5217885770490405,0.0,92
Net3,57,201,2,probability_based,97,103;117;119;187;217,5,92,0,5.154639175257736,1,0,0.010869565217391304,4.5217885770490405,4.5217885770490405,0.0,92
Net3,57,201,2,contaminant_status,97,103;117;119;187;217,5,92,0,5.154639175257736,1,0,0.010869565217391304,4.5217885770490405,4.5217885770490405,0.0,92
Net3,57,201,4,probability_based,97,103;117;119;187;217,5,74,3,23.71134020618557,0,0,0.013279750642524738,4.321514912028456,4.301141909084381,0.0010008548136452057,74
Net3,57,201,4,contaminant_status,97,103;117;119;187;217,5,74,0,23.71134020618557,1,0,0.013513513513513514,4.304065093204169,4.304065093204169,0.0,74
Net3,57,201,8,probability_based,97,103;117;119;187;217,5,71,4,26.80412371134021,0,0,0.01366527690545046,4.29289719596179,4.254249438238744,0.0037967082421697176,71
Net3,57,201,8,contaminant_status,97,103;117;119;187;217,5,71,0,26.80412371134021,1,0,0.014084507042253521,4.2626798770413155,4.262679877041316,0.0,71
Net3,57,201,16,probability_based,97,103;117;119;187;217,5,1,0,98.96907216494846,1,1,0.9472101424224183,0.05423430711578559,0.20892927801772287,0.8947331262217302,1
Net3,57,201,16,contaminant_status,97,103;117;119;187;217,5,2,0,97.9381443298969,1,1,0.5,0.6931471805599453,0.6931471805599453,0.0,2
Net3,57,201,24,probability_based,97,103;117;119;187;217,5,1,0,98.96907216494846,1,1,0.9471516016372434,0.054296112402317666,0.20957768535655197,0.8946778286933519,1
Net3,57,201,24,contaminant_status,97,103;117;119;187;217,5,2,0,97.9381443298969,1,1,0.5,0.6931471805599453,0.6931471805599453,0.0,2
Net3,58,203,1,probability_based,97,103;117;119;187;217,5,92,0,5.154639175257736,1,0,0.010869565217391304,4.5217885770490405,4.5217885770490405,0.0,92
Net3,58,203,1,contaminant_status,97,103;117;119;187;217,5,92,0,5.154639175257736,1,0,0.010869565217391304,4.5217885770490405,4.5217885770490405,0.0,92
Net3,58,203,2,probability_based,97,103;117;119;187;217,5,92,0,5.154639175257736,1,0,0.010869565217391304,4.5217885770490405,4.5217885770490405,0.0,92
Net3,58,203,2,contaminant_status,97,103;117;119;187;217,5,92,0,5.154639175257736,1,0,0.010869565217391304,4.5217885770490405,4.5217885770490405,0.0,92
Net3,58,203,4,probability_based,97,103;117;119;187;217,5,74,3,23.71134020618557,0,0,0.013279750642524738,4.321514912028456,4.301141909084381,0.0010008548136452057,74
Net3,58,203,4,contaminant_status,97,103;117;119;187;217,5,74,0,23.71134020618557,1,0,0.013513513513513514,4.304065093204169,4.304065093204169,0.0,74
Net3,58,203,8,probability_based,97,103;117;119;187;217,5,71,4,26.80412371134021,0,0,0.01366527690545046,4.29289719596179,4.254249438238744,0.0037967082421697176,71
Net3,58,203,8,contaminant_status,97,103;117;119;187;217,5,71,0,26.80412371134021,1,0,0.014084507042253521,4.2626798770413155,4.262679877041316,0.0,71
Net3,58,203,16,probability_based,97,103;117;119;187;217,5,44,8,54.639175257731964,0,0,0.017823707759285778,4.027225811282485,3.6784822871206604,0.015403491570856187,8
Net3,58,203,16,contaminant_status,97,103;117;119;187;217,5,44,0,54.639175257731964,1,0,0.022727272727272728,3.784189633918261,3.7841896339182615,0.0,44
Net3,58,203,24,probability_based,97,103;117;119;187;217,5,44,8,54.639175257731964,0,0,0.0011854039986171634,6.73767163539439,1.5438496152774073,0.015884129375829503,3
Net3,58,203,24,contaminant_status,97,103;117;119;187;217,5,44,0,54.639175257731964,1,0,0.022727272727272728,3.784189633918261,3.7841896339182615,0.0,44
Net3,59,204,1,probability_based,97,103;117;119;187;217,5,92,0,5.154639175257736,1,0,0.010869565217391304,4.5217885770490405,4.5217885770490405,0.0,92
Net3,59,204,1,contaminant_status,97,103;117;119;187;217,5,92,0,5.154639175257736,1,0,0.010869565217391304,4.5217885770490405,4.5217885770490405,0.0,92
Net3,59,204,2,probability_based,97,103;117;119;187;217,5,92,0,5.154639175257736,1,0,0.010869565217391304,4.5217885770490405,4.5217885770490405,0.0,92
Net3,59,204,2,contaminant_status,97,103;117;119;187;217,5,92,0,5.154639175257736,1,0,0.010869565217391304,4.5217885770490405,4.5217885770490405,0.0,92
Net3,59,204,4,probability_based,97,103;117;119;187;217,5,74,3,23.71134020618557,0,0,0.013279750642524738,4.321514912028456,4.301141909084381,0.0010008548136452057,74
Net3,59,204,4,contaminant_status,97,103;117;119;187;217,5,74,0,23.71134020618557,1,0,0.013513513513513514,4.304065093204169,4.304065093204169,0.0,74
Net3,59,204,8,probability_based,97,103;117;119;187;217,5,71,4,26.80412371134021,0,0,0.01366527690545046,4.29289719596179,4.254249438238744,0.0037967082421697176,71
Net3,59,204,8,contaminant_status,97,103;117;119;187;217,5,71,0,26.80412371134021,1,0,0.014084507042253521,4.2626798770413155,4.262679877041316,0.0,71
Net3,59,204,16,probability_based,97,103;117;119;187;217,5,3,2,96.90721649484536,0,0,0.29812690451914997,1.210236029035744,1.1916718217900106,0.05220383484723906,3
Net3,59,204,16,contaminant_status,97,103;117;119;187;217,5,6,0,93.81443298969072,1,0,0.16666666666666666,1.791759469228055,1.7917594692280547,0.0,6
Net3,59,204,24,probability_based,97,103;117;119;187;217,5,2,1,97.9381443298969,0,0,0.25922067193302534,1.3500755648560754,0.6642937762769948,0.4638779373273095,2
Net3,59,204,24,contaminant_status,97,103;117;119;187;217,5,6,0,93.81443298969072,1,0,0.16666666666666666,1.791759469228055,1.7917594692280547,0.0,6
Net3,60,205,1,probability_based,97,103;117;119;187;217,5,92,0,5.154639175257736,1,0,0.010869565217391304,4.5217885770490405,4.5217885770490405,0.0,92
Net3,60,205,1,contaminant_status,97,103;117;119;187;217,5,92,0,5.154639175257736,1,0,0.010869565217391304,4.5217885770490405,4.5217885770490405,0.0,92
Net3,60,205,2,probability_based,97,103;117;119;187;217,5,92,0,5.154639175257736,1,0,0.010869565217391304,4.5217885770490405,4.5217885770490405,0.0,92
Net3,60,205,2,contaminant_status,97,103;117;119;187;217,5,92,0,5.154639175257736,1,0,0.010869565217391304,4.5217885770490405,4.5217885770490405,0.0,92
Net3,60,205,4,probability_based,97,103;117;119;187;217,5,74,3,23.71134020618557,0,0,0.013279750642524738,4.321514912028456,4.301141909084381,0.0010008548136452057,74
Net3,60,205,4,contaminant_status,97,103;117;119;187;217,5,74,0,23.71134020618557,1,0,0.013513513513513514,4.304065093204169,4.304065093204169,0.0,74
Net3,60,205,8,probability_based,97,103;117;119;187;217,5,71,4,26.80412371134021,0,0,0.01366527690545046,4.29289719596179,4.254249438238744,0.0037967082421697176,71
Net3,60,205,8,contaminant_status,97,103;117;119;187;217,5,71,0,26.80412371134021,1,0,0.014084507042253521,4.2626798770413155,4.262679877041316,0.0,71
Net3,60,205,16,probability_based,97,103;117;119;187;217,5,1,0,98.96907216494846,1,1,0.8933192937925553,0.11281121017269655,0.43447860394104026,0.8412231110374855,1
Net3,60,205,16,contaminant_status,97,103;117;119;187;217,5,3,0,96.90721649484536,1,1,0.3333333333333333,1.0986122886681098,1.0986122886681096,0.0,3
Net3,60,205,24,probability_based,97,103;117;119;187;217,5,1,0,98.96907216494846,1,1,0.8933192853119655,0.11281121966604331,0.4344787863405525,0.8412231030514629,1
Net3,60,205,24,contaminant_status,97,103;117;119;187;217,5,3,0,96.90721649484536,1,1,0.3333333333333333,1.0986122886681098,1.0986122886681096,0.0,3
Net3,61,206,1,probability_based,97,103;117;119;187;217,5,92,0,5.154639175257736,1,0,0.010869565217391304,4.5217885770490405,4.5217885770490405,0.0,92
Net3,61,206,1,contaminant_status,97,103;117;119;187;217,5,92,0,5.154639175257736,1,0,0.010869565217391304,4.5217885770490405,4.5217885770490405,0.0,92
Net3,61,206,2,probability_based,97,103;117;119;187;217,5,92,0,5.154639175257736,1,0,0.010869565217391304,4.5217885770490405,4.5217885770490405,0.0,92
Net3,61,206,2,contaminant_status,97,103;117;119;187;217,5,92,0,5.154639175257736,1,0,0.010869565217391304,4.5217885770490405,4.5217885770490405,0.0,92
Net3,61,206,4,probability_based,97,103;117;119;187;217,5,74,3,23.71134020618557,0,0,0.013279750642524738,4.321514912028456,4.301141909084381,0.0010008548136452057,74
Net3,61,206,4,contaminant_status,97,103;117;119;187;217,5,74,0,23.71134020618557,1,0,0.013513513513513514,4.304065093204169,4.304065093204169,0.0,74
Net3,61,206,8,probability_based,97,103;117;119;187;217,5,71,4,26.80412371134021,0,0,0.01366527690545046,4.29289719596179,4.254249438238744,0.0037967082421697176,71
Net3,61,206,8,contaminant_status,97,103;117;119;187;217,5,71,0,26.80412371134021,1,0,0.014084507042253521,4.2626798770413155,4.262679877041316,0.0,71
Net3,61,206,16,probability_based,97,103;117;119;187;217,5,3,1,96.90721649484536,0,0,0.32697465657516916,1.117872613916612,1.1115477064763608,0.017209192451323962,3
Net3,61,206,16,contaminant_status,97,103;117;119;187;217,5,3,0,96.90721649484536,1,0,0.3333333333333333,1.0986122886681098,1.0986122886681096,0.0,3
Net3,61,206,24,probability_based,97,103;117;119;187;217,5,3,1,96.90721649484536,0,0,0.32697465656597213,1.1178726139447395,1.1115477071813233,0.017209192450841126,3
Net3,61,206,24,contaminant_status,97,103;117;119;187;217,5,3,0,96.90721649484536,1,0,0.3333333333333333,1.0986122886681098,1.0986122886681096,0.0,3
Net3,62,207,1,probability_based,97,103;117;119;187;217,5,92,0,5.154639175257736,1,0,0.010869565217391304,4.5217885770490405,4.5217885770490405,0.0,92
Net3,62,207,1,contaminant_status,97,103;117;119;187;217,5,92,0,5.154639175257736,1,0,0.010869565217391304,4.5217885770490405,4.5217885770490405,0.0,92
Net3,62,207,2,probability_based,97,103;117;119;187;217,5,92,0,5.154639175257736,1,0,0.010869565217391304,4.5217885770490405,4.5217885770490405,0.0,92
Net3,62,207,2,contaminant_status,97,103;117;119;187;217,5,92,0,5.154639175257736,1,0,0.010869565217391304,4.5217885770490405,4.5217885770490405,0.0,92
Net3,62,207,4,probability_based,97,103;117;119;187;217,5,74,3,23.71134020618557,0,0,0.013279750642524738,4.321514912028456,4.301141909084381,0.0010008548136452057,74
Net3,62,207,4,contaminant_status,97,103;117;119;187;217,5,74,0,23.71134020618557,1,0,0.013513513513513514,4.304065093204169,4.304065093204169,0.0,74
Net3,62,207,8,probability_based,97,103;117;119;187;217,5,71,4,26.80412371134021,0,0,0.01366527690545046,4.29289719596179,4.254249438238744,0.0037967082421697176,71
Net3,62,207,8,contaminant_status,97,103;117;119;187;217,5,71,0,26.80412371134021,1,0,0.014084507042253521,4.2626798770413155,4.262679877041316,0.0,71
Net3,62,207,16,probability_based,97,103;117;119;187;217,5,1,0,98.96907216494846,1,1,0.9066805245836499,0.0979651240097491,0.3861272052107654,0.8613464983544671,1
Net3,62,207,16,contaminant_status,97,103;117;119;187;217,5,4,0,95.87628865979381,1,0,0.25,1.3862943611198906,1.3862943611198906,0.0,4
Net3,62,207,24,probability_based,97,103;117;119;187;217,5,1,0,98.96907216494846,1,1,0.9066805245211308,0.09796512407870295,0.3861272069087341,0.861346498295074,1
Net3,62,207,24,contaminant_status,97,103;117;119;187;217,5,4,0,95.87628865979381,1,0,0.25,1.3862943611198906,1.3862943611198906,0.0,4
Net3,63,208,1,probability_based,97,103;117;119;187;217,5,92,0,5.154639175257736,1,0,0.010869565217391304,4.5217885770490405,4.5217885770490405,0.0,92
Net3,63,208,1,contaminant_status,97,103;117;119;187;217,5,92,0,5.154639175257736,1,0,0.010869565217391304,4.5217885770490405,4.5217885770490405,0.0,92
Net3,63,208,2,probability_based,97,103;117;119;187;217,5,92,0,5.154639175257736,1,0,0.010869565217391304,4.5217885770490405,4.5217885770490405,0.0,92
Net3,63,208,2,contaminant_status,97,103;117;119;187;217,5,92,0,5.154639175257736,1,0,0.010869565217391304,4.5217885770490405,4.5217885770490405,0.0,92
Net3,63,208,4,probability_based,97,103;117;119;187;217,5,74,3,23.71134020618557,0,0,0.013279750642524738,4.321514912028456,4.301141909084381,0.0010008548136452057,74
Net3,63,208,4,contaminant_status,97,103;117;119;187;217,5,74,0,23.71134020618557,1,0,0.013513513513513514,4.304065093204169,4.304065093204169,0.0,74
Net3,63,208,8,probability_based,97,103;117;119;187;217,5,71,4,26.80412371134021,0,0,0.01366527690545046,4.29289719596179,4.254249438238744,0.0037967082421697176,71
Net3,63,208,8,contaminant_status,97,103;117;119;187;217,5,71,0,26.80412371134021,1,0,0.014084507042253521,4.2626798770413155,4.262679877041316,0.0,71
Net3,63,208,16,probability_based,97,103;117;119;187;217,5,3,1,96.90721649484536,0,0,0.32697465657516916,1.117872613916612,1.1115477064763608,0.017209192451323962,3
Net3,63,208,16,contaminant_status,97,103;117;119;187;217,5,3,0,96.90721649484536,1,0,0.3333333333333333,1.0986122886681098,1.0986122886681096,0.0,3
Net3,63,208,24,probability_based,97,103;117;119;187;217,5,3,1,96.90721649484536,0,0,0.32697465656597213,1.1178726139447395,1.1115477071813233,0.017209192450841126,3
Net3,63,208,24,contaminant_status,97,103;117;119;187;217,5,3,0,96.90721649484536,1,0,0.3333333333333333,1.0986122886681098,1.0986122886681096,0.0,3
Net3,64,209,1,probability_based,97,103;117;119;187;217,5,92,0,5.154639175257736,1,0,0.010869565217391304,4.5217885770490405,4.5217885770490405,0.0,92
Net3,64,209,1,contaminant_status,97,103;117;119;187;217,5,92,0,5.154639175257736,1,0,0.010869565217391304,4.5217885770490405,4.5217885770490405,0.0,92
Net3,64,209,2,probability_based,97,103;117;119;187;217,5,92,0,5.154639175257736,1,0,0.010869565217391304,4.5217885770490405,4.5217885770490405,0.0,92
Net3,64,209,2,contaminant_status,97,103;117;119;187;217,5,92,0,5.154639175257736,1,0,0.010869565217391304,4.5217885770490405,4.5217885770490405,0.0,92
Net3,64,209,4,probability_based,97,103;117;119;187;217,5,74,3,23.71134020618557,0,0,0.013279750642524738,4.321514912028456,4.301141909084381,0.0010008548136452057,74
Net3,64,209,4,contaminant_status,97,103;117;119;187;217,5,74,0,23.71134020618557,1,0,0.013513513513513514,4.304065093204169,4.304065093204169,0.0,74
Net3,64,209,8,probability_based,97,103;117;119;187;217,5,71,4,26.80412371134021,0,0,0.01366527690545046,4.29289719596179,4.254249438238744,0.0037967082421697176,71
Net3,64,209,8,contaminant_status,97,103;117;119;187;217,5,71,0,26.80412371134021,1,0,0.014084507042253521,4.2626798770413155,4.262679877041316,0.0,71
Net3,64,209,16,probability_based,97,103;117;119;187;217,5,1,0,98.96907216494846,1,1,0.8165362506903034,0.2026839698960455,0.7318347517250469,0.7689178660458768,1
Net3,64,209,16,contaminant_status,97,103;117;119;187;217,5,1,0,98.96907216494846,1,1,1.0,-0.0,-0.0,1.0,1
Net3,64,209,24,probability_based,97,103;117;119;187;217,5,1,0,98.96907216494846,1,1,0.8165362505680304,0.20268397004579156,0.7318347553605633,0.7689178659307344,1
Net3,64,209,24,contaminant_status,97,103;117;119;187;217,5,1,0,98.96907216494846,1,1,1.0,-0.0,-0.0,1.0,1
Net3,65,211,1,probability_based,97,103;117;119;187;217,5,92,0,5.154639175257736,1,0,0.010869565217391304,4.5217885770490405,4.5217885770490405,0.0,92
Net3,65,211,1,contaminant_status,97,103;117;119;187;217,5,92,0,5.154639175257736,1,0,0.010869565217391304,4.5217885770490405,4.5217885770490405,0.0,92
Net3,65,211,2,probability_based,97,103;117;119;187;217,5,92,0,5.154639175257736,1,0,0.010869565217391304,4.5217885770490405,4.5217885770490405,0.0,92
Net3,65,211,2,contaminant_status,97,103;117;119;187;217,5,92,0,5.154639175257736,1,0,0.010869565217391304,4.5217885770490405,4.5217885770490405,0.0,92
Net3,65,211,4,probability_based,97,103;117;119;187;217,5,74,3,23.71134020618557,0,0,0.013279750642524738,4.321514912028456,4.301141909084381,0.0010008548136452057,74
Net3,65,211,4,contaminant_status,97,103;117;119;187;217,5,74,0,23.71134020618557,1,0,0.013513513513513514,4.304065093204169,4.304065093204169,0.0,74
Net3,65,211,8,probability_based,97,103;117;119;187;217,5,71,4,26.80412371134021,0,0,0.01366527690545046,4.29289719596179,4.254249438238744,0.0037967082421697176,71
Net3,65,211,8,contaminant_status,97,103;117;119;187;217,5,71,0,26.80412371134021,1,0,0.014084507042253521,4.2626798770413155,4.262679877041316,0.0,71
Net3,65,211,16,probability_based,97,103;117;119;187;217,5,1,0,98.96907216494846,1,1,0.9969251329498866,0.0030796041669633478,0.022667248806490417,0.9943016457579128,1
Net3,65,211,16,contaminant_status,97,103;117;119;187;217,5,1,0,98.96907216494846,1,1,1.0,-0.0,-0.0,1.0,1
Net3,65,211,24,probability_based,97,103;117;119;187;217,5,1,0,98.96907216494846,1,1,0.9969251329408426,0.0030796041760352303,0.02266724905831545,0.994301645748893,1
Net3,65,211,24,contaminant_status,97,103;117;119;187;217,5,1,0,98.96907216494846,1,1,1.0,-0.0,-0.0,1.0,1
Net3,66,213,1,probability_based,97,103;117;119;187;217,5,92,0,5.154639175257736,1,0,0.010869565217391304,4.5217885770490405,4.5217885770490405,0.0,92
Net3,66,213,1,contaminant_status,97,103;117;119;187;217,5,92,0,5.154639175257736,1,0,0.010869565217391304,4.5217885770490405,4.5217885770490405,0.0,92
Net3,66,213,2,probability_based,97,103;117;119;187;217,5,92,0,5.154639175257736,1,0,0.010869565217391304,4.5217885770490405,4.5217885770490405,0.0,92
Net3,66,213,2,contaminant_status,97,103;117;119;187;217,5,92,0,5.154639175257736,1,0,0.010869565217391304,4.5217885770490405,4.5217885770490405,0.0,92
Net3,66,213,4,probability_based,97,103;117;119;187;217,5,74,3,23.71134020618557,0,0,0.013279750642524738,4.321514912028456,4.301141909084381,0.0010008548136452057,74
Net3,66,213,4,contaminant_status,97,103;117;119;187;217,5,74,0,23.71134020618557,1,0,0.013513513513513514,4.304065093204169,4.304065093204169,0.0,74
Net3,66,213,8,probability_based,97,103;117;119;187;217,5,71,4,26.80412371134021,0,0,0.01366527690545046,4.29289719596179,4.254249438238744,0.0037967082421697176,71
Net3,66,213,8,contaminant_status,97,103;117;119;187;217,5,71,0,26.80412371134021,1,0,0.014084507042253521,4.2626798770413155,4.262679877041316,0.0,71
Net3,66,213,16,probability_based,97,103;117;119;187;217,5,1,0,98.96907216494846,1,1,0.9998460842573167,0.0001539275889267956,0.0015086209287264692,0.9996926406704411,1
Net3,66,213,16,contaminant_status,97,103;117;119;187;217,5,1,0,98.96907216494846,1,1,1.0,-0.0,-0.0,1.0,1
Net3,66,213,24,probability_based,97,103;117;119;187;217,5,1,0,98.96907216494846,1,1,0.9998460842505587,0.00015392759568587448,0.0015086211169567066,0.9996926406636842,1
Net3,66,213,24,contaminant_status,97,103;117;119;187;217,5,1,0,98.96907216494846,1,1,1.0,-0.0,-0.0,1.0,1
Net3,67,215,1,probability_based,97,103;117;119;187;217,5,92,0,5.154639175257736,1,0,0.010869565217391304,4.5217885770490405,4.5217885770490405,0.0,92
Net3,67,215,1,contaminant_status,97,103;117;119;187;217,5,92,0,5.154639175257736,1,0,0.010869565217391304,4.5217885770490405,4.5217885770490405,0.0,92
Net3,67,215,2,probability_based,97,103;117;119;187;217,5,92,0,5.154639175257736,1,0,0.010869565217391304,4.5217885770490405,4.5217885770490405,0.0,92
Net3,67,215,2,contaminant_status,97,103;117;119;187;217,5,92,0,5.154639175257736,1,0,0.010869565217391304,4.5217885770490405,4.5217885770490405,0.0,92
Net3,67,215,4,probability_based,97,103;117;119;187;217,5,74,3,23.71134020618557,0,0,0.013279750642524738,4.321514912028456,4.301141909084381,0.0010008548136452057,74
Net3,67,215,4,contaminant_status,97,103;117;119;187;217,5,74,0,23.71134020618557,1,0,0.013513513513513514,4.304065093204169,4.304065093204169,0.0,74
Net3,67,215,8,probability_based,97,103;117;119;187;217,5,1,0,98.96907216494846,1,1,1.0,-0.0,3.771849721653433e-15,1.0,1
Net3,67,215,8,contaminant_status,97,103;117;119;187;217,5,1,0,98.96907216494846,1,1,1.0,-0.0,-0.0,1.0,1
Net3,67,215,16,probability_based,97,103;117;119;187;217,5,1,0,98.96907216494846,1,1,1.0,-0.0,2.870068898762403e-15,1.0,1
Net3,67,215,16,contaminant_status,97,103;117;119;187;217,5,1,0,98.96907216494846,1,1,1.0,-0.0,-0.0,1.0,1
Net3,67,215,24,probability_based,97,103;117;119;187;217,5,1,0,98.96907216494846,1,1,0.9999999999999989,1.1102230246251571e-15,3.914906215779037e-14,0.9999999999999988,1
Net3,67,215,24,contaminant_status,97,103;117;119;187;217,5,1,0,98.96907216494846,1,1,1.0,-0.0,-0.0,1.0,1
Net3,68,217,1,probability_based,97,103;117;119;187;217,5,92,0,5.154639175257736,1,0,0.010869565217391304,4.5217885770490405,4.5217885770490405,0.0,92
Net3,68,217,1,contaminant_status,97,103;117;119;187;217,5,92,0,5.154639175257736,1,0,0.010869565217391304,4.5217885770490405,4.5217885770490405,0.0,92
Net3,68,217,2,probability_based,97,103;117;119;187;217,5,92,0,5.154639175257736,1,0,0.010869565217391304,4.5217885770490405,4.5217885770490405,0.0,92
Net3,68,217,2,contaminant_status,97,103;117;119;187;217,5,92,0,5.154639175257736,1,0,0.010869565217391304,4.5217885770490405,4.5217885770490405,0.0,92
Net3,68,217,4,probability_based,97,103;117;119;187;217,5,1,0,98.96907216494846,1,1,0.9999999955661472,4.433852850264818e-09,1.087851939036099e-07,0.9999999954773945,1
Net3,68,217,4,contaminant_status,97,103;117;119;187;217,5,1,0,98.96907216494846,1,1,1.0,-0.0,-0.0,1.0,1
Net3,68,217,8,probability_based,97,103;117;119;187;217,5,1,0,98.96907216494846,1,1,0.9999999956912355,4.308764465622712e-09,1.0563739265199713e-07,0.9999999955765353,1
Net3,68,217,8,contaminant_status,97,103;117;119;187;217,5,1,0,98.96907216494846,1,1,1.0,-0.0,-0.0,1.0,1
Net3,68,217,16,probability_based,97,103;117;119;187;217,5,1,0,98.96907216494846,1,1,0.9999999966965087,3.3034912637783827e-09,7.996684331309602e-08,0.9999999964221854,1
Net3,68,217,16,contaminant_status,97,103;117;119;187;217,5,1,0,98.96907216494846,1,1,1.0,-0.0,-0.0,1.0,1
Net3,68,217,24,probability_based,97,103;117;119;187;217,5,1,0,98.96907216494846,1,1,0.9999999503287849,4.9671216374604336e-08,9.617186580039516e-07,0.999999934549105,1
Net3,68,217,24,contaminant_status,97,103;117;119;187;217,5,1,0,98.96907216494846,1,1,1.0,-0.0,-0.0,1.0,1
Net3,69,219,1,probability_based,97,103;117;119;187;217,5,92,0,5.154639175257736,1,0,0.010869565217391304,4.5217885770490405,4.5217885770490405,0.0,92
Net3,69,219,1,contaminant_status,97,103;117;119;187;217,5,92,0,5.154639175257736,1,0,0.010869565217391304,4.5217885770490405,4.5217885770490405,0.0,92
Net3,69,219,2,probability_based,97,103;117;119;187;217,5,92,0,5.154639175257736,1,0,0.010869565217391304,4.5217885770490405,4.5217885770490405,0.0,92
Net3,69,219,2,contaminant_status,97,103;117;119;187;217,5,92,0,5.154639175257736,1,0,0.010869565217391304,4.5217885770490405,4.5217885770490405,0.0,92
Net3,69,219,4,probability_based,97,103;117;119;187;217,5,74,3,23.71134020618557,0,0,0.013279750642524738,4.321514912028456,4.301141909084381,0.0010008548136452057,74
Net3,69,219,4,contaminant_status,97,103;117;119;187;217,5,74,0,23.71134020618557,1,0,0.013513513513513514,4.304065093204169,4.304065093204169,0.0,74
Net3,69,219,8,probability_based,97,103;117;119;187;217,5,71,4,26.80412371134021,0,0,0.01366527690545046,4.29289719596179,4.254249438238744,0.0037967082421697176,71
Net3,69,219,8,contaminant_status,97,103;117;119;187;217,5,71,0,26.80412371134021,1,0,0.014084507042253521,4.2626798770413155,4.262679877041316,0.0,71
Net3,69,219,16,probability_based,97,103;117;119;187;217,5,44,8,54.639175257731964,0,0,0.017823707759285778,4.027225811282485,3.6784822871206604,0.015403491570856187,8
Net3,69,219,16,contaminant_status,97,103;117;119;187;217,5,44,0,54.639175257731964,1,0,0.022727272727272728,3.784189633918261,3.7841896339182615,0.0,44
Net3,69,219,24,probability_based,97,103;117;119;187;217,5,44,8,54.639175257731964,0,0,0.0011854039986171634,6.73767163539439,1.5438496152774073,0.015884129375829503,3
Net3,69,219,24,contaminant_status,97,103;117;119;187;217,5,44,0,54.639175257731964,1,0,0.022727272727272728,3.784189633918261,3.7841896339182615,0.0,44
Net3,70,225,1,probability_based,97,103;117;119;187;217,5,92,0,5.154639175257736,1,0,0.010869565217391304,4.5217885770490405,4.5217885770490405,0.0,92
Net3,70,225,1,contaminant_status,97,103;117;119;187;217,5,92,0,5.154639175257736,1,0,0.010869565217391304,4.5217885770490405,4.5217885770490405,0.0,92
Net3,70,225,2,probability_based,97,103;117;119;187;217,5,92,0,5.154639175257736,1,0,0.010869565217391304,4.5217885770490405,4.5217885770490405,0.0,92
Net3,70,225,2,contaminant_status,97,103;117;119;187;217,5,92,0,5.154639175257736,1,0,0.010869565217391304,4.5217885770490405,4.5217885770490405,0.0,92
Net3,70,225,4,probability_based,97,103;117;119;187;217,5,74,3,23.71134020618557,0,0,0.013279750642524738,4.321514912028456,4.301141909084381,0.0010008548136452057,74
Net3,70,225,4,contaminant_status,97,103;117;119;187;217,5,74,0,23.71134020618557,1,0,0.013513513513513514,4.304065093204169,4.304065093204169,0.0,74
Net3,70,225,8,probability_based,97,103;117;119;187;217,5,71,4,26.80412371134021,0,0,0.01366527690545046,4.29289719596179,4.254249438238744,0.0037967082421697176,71
Net3,70,225,8,contaminant_status,97,103;117;119;187;217,5,71,0,26.80412371134021,1,0,0.014084507042253521,4.2626798770413155,4.262679877041316,0.0,71
Net3,70,225,16,probability_based,97,103;117;119;187;217,5,44,8,54.639175257731964,0,0,0.017823707759285778,4.027225811282485,3.6784822871206604,0.015403491570856187,8
Net3,70,225,16,contaminant_status,97,103;117;119;187;217,5,44,0,54.639175257731964,1,0,0.022727272727272728,3.784189633918261,3.7841896339182615,0.0,44
Net3,70,225,24,probability_based,97,103;117;119;187;217,5,44,8,54.639175257731964,0,0,0.0011854039986171634,6.73767163539439,1.5438496152774073,0.015884129375829503,3
Net3,70,225,24,contaminant_status,97,103;117;119;187;217,5,44,0,54.639175257731964,1,0,0.022727272727272728,3.784189633918261,3.7841896339182615,0.0,44
Net3,71,229,1,probability_based,97,103;117;119;187;217,5,92,0,5.154639175257736,1,0,0.010869565217391304,4.5217885770490405,4.5217885770490405,0.0,92
Net3,71,229,1,contaminant_status,97,103;117;119;187;217,5,92,0,5.154639175257736,1,0,0.010869565217391304,4.5217885770490405,4.5217885770490405,0.0,92
Net3,71,229,2,probability_based,97,103;117;119;187;217,5,92,0,5.154639175257736,1,0,0.010869565217391304,4.5217885770490405,4.5217885770490405,0.0,92
Net3,71,229,2,contaminant_status,97,103;117;119;187;217,5,92,0,5.154639175257736,1,0,0.010869565217391304,4.5217885770490405,4.5217885770490405,0.0,92
Net3,71,229,4,probability_based,97,103;117;119;187;217,5,74,3,23.71134020618557,0,0,0.013279750642524738,4.321514912028456,4.301141909084381,0.0010008548136452057,74
Net3,71,229,4,contaminant_status,97,103;117;119;187;217,5,74,0,23.71134020618557,1,0,0.013513513513513514,4.304065093204169,4.304065093204169,0.0,74
Net3,71,229,8,probability_based,97,103;117;119;187;217,5,71,4,26.80412371134021,0,0,0.01366527690545046,4.29289719596179,4.254249438238744,0.0037967082421697176,71
Net3,71,229,8,contaminant_status,97,103;117;119;187;217,5,71,0,26.80412371134021,1,0,0.014084507042253521,4.2626798770413155,4.262679877041316,0.0,71
Net3,71,229,16,probability_based,97,103;117;119;187;217,5,44,8,54.639175257731964,0,0,0.017823707759285778,4.027225811282485,3.6784822871206604,0.015403491570856187,8
Net3,71,229,16,contaminant_status,97,103;117;119;187;217,5,44,0,54.639175257731964,1,0,0.022727272727272728,3.784189633918261,3.7841896339182615,0.0,44
Net3,71,229,24,probability_based,97,103;117;119;187;217,5,44,8,54.639175257731964,0,0,0.0011854039986171634,6.73767163539439,1.5438496152774073,0.015884129375829503,3
Net3,71,229,24,contaminant_status,97,103;117;119;187;217,5,44,0,54.639175257731964,1,0,0.022727272727272728,3.784189633918261,3.7841896339182615,0.0,44
Net3,72,231,1,probability_based,97,103;117;119;187;217,5,92,0,5.154639175257736,1,0,0.010869565217391304,4.5217885770490405,4.5217885770490405,0.0,92
Net3,72,231,1,contaminant_status,97,103;117;119;187;217,5,92,0,5.154639175257736,1,0,0.010869565217391304,4.5217885770490405,4.5217885770490405,0.0,92
Net3,72,231,2,probability_based,97,103;117;119;187;217,5,92,0,5.154639175257736,1,0,0.010869565217391304,4.5217885770490405,4.5217885770490405,0.0,92
Net3,72,231,2,contaminant_status,97,103;117;119;187;217,5,92,0,5.154639175257736,1,0,0.010869565217391304,4.5217885770490405,4.5217885770490405,0.0,92
Net3,72,231,4,probability_based,97,103;117;119;187;217,5,74,3,23.71134020618557,0,0,0.013279750642524738,4.321514912028456,4.301141909084381,0.0010008548136452057,74
Net3,72,231,4,contaminant_status,97,103;117;119;187;217,5,74,0,23.71134020618557,1,0,0.013513513513513514,4.304065093204169,4.304065093204169,0.0,74
Net3,72,231,8,probability_based,97,103;117;119;187;217,5,71,4,26.80412371134021,0,0,0.01366527690545046,4.29289719596179,4.254249438238744,0.0037967082421697176,71
Net3,72,231,8,contaminant_status,97,103;117;119;187;217,5,71,0,26.80412371134021,1,0,0.014084507042253521,4.2626798770413155,4.262679877041316,0.0,71
Net3,72,231,16,probability_based,97,103;117;119;187;217,5,44,8,54.639175257731964,0,0,0.017823707759285778,4.027225811282485,3.6784822871206604,0.015403491570856187,8
Net3,72,231,16,contaminant_status,97,103;117;119;187;217,5,44,0,54.639175257731964,1,0,0.022727272727272728,3.784189633918261,3.7841896339182615,0.0,44
Net3,72,231,24,probability_based,97,103;117;119;187;217,5,44,8,54.639175257731964,0,0,0.0011854039986171634,6.73767163539439,1.5438496152774073,0.015884129375829503,3
Net3,72,231,24,contaminant_status,97,103;117;119;187;217,5,44,0,54.639175257731964,1,0,0.022727272727272728,3.784189633918261,3.7841896339182615,0.0,44
Net3,73,237,1,probability_based,97,103;117;119;187;217,5,92,0,5.154639175257736,1,0,0.010869565217391304,4.5217885770490405,4.5217885770490405,0.0,92
Net3,73,237,1,contaminant_status,97,103;117;119;187;217,5,92,0,5.154639175257736,1,0,0.010869565217391304,4.5217885770490405,4.5217885770490405,0.0,92
Net3,73,237,2,probability_based,97,103;117;119;187;217,5,92,0,5.154639175257736,1,0,0.010869565217391304,4.5217885770490405,4.5217885770490405,0.0,92
Net3,73,237,2,contaminant_status,97,103;117;119;187;217,5,92,0,5.154639175257736,1,0,0.010869565217391304,4.5217885770490405,4.5217885770490405,0.0,92
Net3,73,237,4,probability_based,97,103;117;119;187;217,5,74,3,23.71134020618557,0,0,0.013279750642524738,4.321514912028456,4.301141909084381,0.0010008548136452057,74
Net3,73,237,4,contaminant_status,97,103;117;119;187;217,5,74,0,23.71134020618557,1,0,0.013513513513513514,4.304065093204169,4.304065093204169,0.0,74
Net3,73,237,8,probability_based,97,103;117;119;187;217,5,71,4,26.80412371134021,0,0,0.01366527690545046,4.29289719596179,4.254249438238744,0.0037967082421697176,71
Net3,73,237,8,contaminant_status,97,103;117;119;187;217,5,71,0,26.80412371134021,1,0,0.014084507042253521,4.2626798770413155,4.262679877041316,0.0,71
Net3,73,237,16,probability_based,97,103;117;119;187;217,5,44,8,54.639175257731964,0,0,0.017823707759285778,4.027225811282485,3.6784822871206604,0.015403491570856187,8
Net3,73,237,16,contaminant_status,97,103;117;119;187;217,5,44,0,54.639175257731964,1,0,0.022727272727272728,3.784189633918261,3.7841896339182615,0.0,44
Net3,73,237,24,probability_based,97,103;117;119;187;217,5,44,8,54.639175257731964,0,0,0.0011854039986171634,6.73767163539439,1.5438496152774073,0.015884129375829503,3
Net3,73,237,24,contaminant_status,97,103;117;119;187;217,5,44,0,54.639175257731964,1,0,0.022727272727272728,3.784189633918261,3.7841896339182615,0.0,44
Net3,74,239,1,probability_based,97,103;117;119;187;217,5,92,0,5.154639175257736,1,0,0.010869565217391304,4.5217885770490405,4.5217885770490405,0.0,92
Net3,74,239,1,contaminant_status,97,103;117;119;187;217,5,92,0,5.154639175257736,1,0,0.010869565217391304,4.5217885770490405,4.5217885770490405,0.0,92
Net3,74,239,2,probability_based,97,103;117;119;187;217,5,92,0,5.154639175257736,1,0,0.010869565217391304,4.5217885770490405,4.5217885770490405,0.0,92
Net3,74,239,2,contaminant_status,97,103;117;119;187;217,5,92,0,5.154639175257736,1,0,0.010869565217391304,4.5217885770490405,4.5217885770490405,0.0,92
Net3,74,239,4,probability_based,97,103;117;119;187;217,5,74,3,23.71134020618557,0,0,0.013279750642524738,4.321514912028456,4.301141909084381,0.0010008548136452057,74
Net3,74,239,4,contaminant_status,97,103;117;119;187;217,5,74,0,23.71134020618557,1,0,0.013513513513513514,4.304065093204169,4.304065093204169,0.0,74
Net3,74,239,8,probability_based,97,103;117;119;187;217,5,71,4,26.80412371134021,0,0,0.01366527690545046,4.29289719596179,4.254249438238744,0.0037967082421697176,71
Net3,74,239,8,contaminant_status,97,103;117;119;187;217,5,71,0,26.80412371134021,1,0,0.014084507042253521,4.2626798770413155,4.262679877041316,0.0,71
Net3,74,239,16,probability_based,97,103;117;119;187;217,5,44,8,54.639175257731964,0,0,0.017823707759285778,4.027225811282485,3.6784822871206604,0.015403491570856187,8
Net3,74,239,16,contaminant_status,97,103;117;119;187;217,5,44,0,54.639175257731964,1,0,0.022727272727272728,3.784189633918261,3.7841896339182615,0.0,44
Net3,74,239,24,probability_based,97,103;117;119;187;217,5,44,8,54.639175257731964,0,0,0.0011854039986171634,6.73767163539439,1.5438496152774073,0.015884129375829503,3
Net3,74,239,24,contaminant_status,97,103;117;119;187;217,5,44,0,54.639175257731964,1,0,0.022727272727272728,3.784189633918261,3.7841896339182615,0.0,44
Net3,75,241,1,probability_based,97,103;117;119;187;217,5,92,0,5.154639175257736,1,0,0.010869565217391304,4.5217885770490405,4.5217885770490405,0.0,92
Net3,75,241,1,contaminant_status,97,103;117;119;187;217,5,92,0,5.154639175257736,1,0,0.010869565217391304,4.5217885770490405,4.5217885770490405,0.0,92
Net3,75,241,2,probability_based,97,103;117;119;187;217,5,92,0,5.154639175257736,1,0,0.010869565217391304,4.5217885770490405,4.5217885770490405,0.0,92
Net3,75,241,2,contaminant_status,97,103;117;119;187;217,5,92,0,5.154639175257736,1,0,0.010869565217391304,4.5217885770490405,4.5217885770490405,0.0,92
Net3,75,241,4,probability_based,97,103;117;119;187;217,5,74,3,23.71134020618557,0,0,0.013279750642524738,4.321514912028456,4.301141909084381,0.0010008548136452057,74
Net3,75,241,4,contaminant_status,97,103;117;119;187;217,5,74,0,23.71134020618557,1,0,0.013513513513513514,4.304065093204169,4.304065093204169,0.0,74
Net3,75,241,8,probability_based,97,103;117;119;187;217,5,71,4,26.80412371134021,0,0,0.01366527690545046,4.29289719596179,4.254249438238744,0.0037967082421697176,71
Net3,75,241,8,contaminant_status,97,103;117;119;187;217,5,71,0,26.80412371134021,1,0,0.014084507042253521,4.2626798770413155,4.262679877041316,0.0,71
Net3,75,241,16,probability_based,97,103;117;119;187;217,5,44,8,54.639175257731964,0,0,0.017823707759285778,4.027225811282485,3.6784822871206604,0.015403491570856187,8
Net3,75,241,16,contaminant_status,97,103;117;119;187;217,5,44,0,54.639175257731964,1,0,0.022727272727272728,3.784189633918261,3.7841896339182615,0.0,44
Net3,75,241,24,probability_based,97,103;117;119;187;217,5,44,8,54.639175257731964,0,0,0.0011854039986171634,6.73767163539439,1.5438496152774073,0.015884129375829503,3
Net3,75,241,24,contaminant_status,97,103;117;119;187;217,5,44,0,54.639175257731964,1,0,0.022727272727272728,3.784189633918261,3.7841896339182615,0.0,44
Net3,76,243,1,probability_based,97,103;117;119;187;217,5,92,0,5.154639175257736,1,0,0.010869565217391304,4.5217885770490405,4.5217885770490405,0.0,92
Net3,76,243,1,contaminant_status,97,103;117;119;187;217,5,92,0,5.154639175257736,1,0,0.010869565217391304,4.5217885770490405,4.5217885770490405,0.0,92
Net3,76,243,2,probability_based,97,103;117;119;187;217,5,92,0,5.154639175257736,1,0,0.010869565217391304,4.5217885770490405,4.5217885770490405,0.0,92
Net3,76,243,2,contaminant_status,97,103;117;119;187;217,5,92,0,5.154639175257736,1,0,0.010869565217391304,4.5217885770490405,4.5217885770490405,0.0,92
Net3,76,243,4,probability_based,97,103;117;119;187;217,5,74,3,23.71134020618557,0,0,0.013279750642524738,4.321514912028456,4.301141909084381,0.0010008548136452057,74
Net3,76,243,4,contaminant_status,97,103;117;119;187;217,5,74,0,23.71134020618557,1,0,0.013513513513513514,4.304065093204169,4.304065093204169,0.0,74
Net3,76,243,8,probability_based,97,103;117;119;187;217,5,71,4,26.80412371134021,0,0,0.01366527690545046,4.29289719596179,4.254249438238744,0.0037967082421697176,71
Net3,76,243,8,contaminant_status,97,103;117;119;187;217,5,71,0,26.80412371134021,1,0,0.014084507042253521,4.2626798770413155,4.262679877041316,0.0,71
Net3,76,243,16,probability_based,97,103;117;119;187;217,5,44,8,54.639175257731964,0,0,0.017823707759285778,4.027225811282485,3.6784822871206604,0.015403491570856187,8
Net3,76,243,16,contaminant_status,97,103;117;119;187;217,5,44,0,54.639175257731964,1,0,0.022727272727272728,3.784189633918261,3.7841896339182615,0.0,44
Net3,76,243,24,probability_based,97,103;117;119;187;217,5,44,8,54.639175257731964,0,0,0.0011854039986171634,6.73767163539439,1.5438496152774073,0.015884129375829503,3
Net3,76,243,24,contaminant_status,97,103;117;119;187;217,5,44,0,54.639175257731964,1,0,0.022727272727272728,3.784189633918261,3.7841896339182615,0.0,44
Net3,77,247,1,probability_based,97,103;117;119;187;217,5,92,0,5.154639175257736,1,0,0.010869565217391304,4.5217885770490405,4.5217885770490405,0.0,92
Net3,77,247,1,contaminant_status,97,103;117;119;187;217,5,92,0,5.154639175257736,1,0,0.010869565217391304,4.5217885770490405,4.5217885770490405,0.0,92
Net3,77,247,2,probability_based,97,103;117;119;187;217,5,92,0,5.154639175257736,1,0,0.010869565217391304,4.5217885770490405,4.5217885770490405,0.0,92
Net3,77,247,2,contaminant_status,97,103;117;119;187;217,5,92,0,5.154639175257736,1,0,0.010869565217391304,4.5217885770490405,4.5217885770490405,0.0,92
Net3,77,247,4,probability_based,97,103;117;119;187;217,5,74,3,23.71134020618557,0,0,0.013279750642524738,4.321514912028456,4.301141909084381,0.0010008548136452057,74
Net3,77,247,4,contaminant_status,97,103;117;119;187;217,5,74,0,23.71134020618557,1,0,0.013513513513513514,4.304065093204169,4.304065093204169,0.0,74
Net3,77,247,8,probability_based,97,103;117;119;187;217,5,71,4,26.80412371134021,0,0,0.01366527690545046,4.29289719596179,4.254249438238744,0.0037967082421697176,71
Net3,77,247,8,contaminant_status,97,103;117;119;187;217,5,71,0,26.80412371134021,1,0,0.014084507042253521,4.2626798770413155,4.262679877041316,0.0,71
Net3,77,247,16,probability_based,97,103;117;119;187;217,5,44,8,54.639175257731964,0,0,0.017823707759285778,4.027225811282485,3.6784822871206604,0.015403491570856187,8
Net3,77,247,16,contaminant_status,97,103;117;119;187;217,5,44,0,54.639175257731964,1,0,0.022727272727272728,3.784189633918261,3.7841896339182615,0.0,44
Net3,77,247,24,probability_based,97,103;117;119;187;217,5,44,8,54.639175257731964,0,0,0.0011854039986171634,6.73767163539439,1.5438496152774073,0.015884129375829503,3
Net3,77,247,24,contaminant_status,97,103;117;119;187;217,5,44,0,54.639175257731964,1,0,0.022727272727272728,3.784189633918261,3.7841896339182615,0.0,44
Net3,78,249,1,probability_based,97,103;117;119;187;217,5,92,0,5.154639175257736,1,0,0.010869565217391304,4.5217885770490405,4.5217885770490405,0.0,92
Net3,78,249,1,contaminant_status,97,103;117;119;187;217,5,92,0,5.154639175257736,1,0,0.010869565217391304,4.5217885770490405,4.5217885770490405,0.0,92
Net3,78,249,2,probability_based,97,103;117;119;187;217,5,92,0,5.154639175257736,1,0,0.010869565217391304,4.5217885770490405,4.5217885770490405,0.0,92
Net3,78,249,2,contaminant_status,97,103;117;119;187;217,5,92,0,5.154639175257736,1,0,0.010869565217391304,4.5217885770490405,4.5217885770490405,0.0,92
Net3,78,249,4,probability_based,97,103;117;119;187;217,5,74,3,23.71134020618557,0,0,0.013279750642524738,4.321514912028456,4.301141909084381,0.0010008548136452057,74
Net3,78,249,4,contaminant_status,97,103;117;119;187;217,5,74,0,23.71134020618557,1,0,0.013513513513513514,4.304065093204169,4.304065093204169,0.0,74
Net3,78,249,8,probability_based,97,103;117;119;187;217,5,71,4,26.80412371134021,0,0,0.01366527690545046,4.29289719596179,4.254249438238744,0.0037967082421697176,71
Net3,78,249,8,contaminant_status,97,103;117;119;187;217,5,71,0,26.80412371134021,1,0,0.014084507042253521,4.2626798770413155,4.262679877041316,0.0,71
Net3,78,249,16,probability_based,97,103;117;119;187;217,5,44,8,54.639175257731964,0,0,0.017823707759285778,4.027225811282485,3.6784822871206604,0.015403491570856187,8
Net3,78,249,16,contaminant_status,97,103;117;119;187;217,5,44,0,54.639175257731964,1,0,0.022727272727272728,3.784189633918261,3.7841896339182615,0.0,44
Net3,78,249,24,probability_based,97,103;117;119;187;217,5,44,8,54.639175257731964,0,0,0.0011854039986171634,6.73767163539439,1.5438496152774073,0.015884129375829503,3
Net3,78,249,24,contaminant_status,97,103;117;119;187;217,5,44,0,54.639175257731964,1,0,0.022727272727272728,3.784189633918261,3.7841896339182615,0.0,44
Net3,79,251,1,probability_based,97,103;117;119;187;217,5,92,0,5.154639175257736,1,0,0.010869565217391304,4.5217885770490405,4.5217885770490405,0.0,92
Net3,79,251,1,contaminant_status,97,103;117;119;187;217,5,92,0,5.154639175257736,1,0,0.010869565217391304,4.5217885770490405,4.5217885770490405,0.0,92
Net3,79,251,2,probability_based,97,103;117;119;187;217,5,92,0,5.154639175257736,1,0,0.010869565217391304,4.5217885770490405,4.5217885770490405,0.0,92
Net3,79,251,2,contaminant_status,97,103;117;119;187;217,5,92,0,5.154639175257736,1,0,0.010869565217391304,4.5217885770490405,4.5217885770490405,0.0,92
Net3,79,251,4,probability_based,97,103;117;119;187;217,5,74,3,23.71134020618557,0,0,0.013279750642524738,4.321514912028456,4.301141909084381,0.0010008548136452057,74
Net3,79,251,4,contaminant_status,97,103;117;119;187;217,5,74,0,23.71134020618557,1,0,0.013513513513513514,4.304065093204169,4.304065093204169,0.0,74
Net3,79,251,8,probability_based,97,103;117;119;187;217,5,71,4,26.80412371134021,0,0,0.01366527690545046,4.29289719596179,4.254249438238744,0.0037967082421697176,71
Net3,79,251,8,contaminant_status,97,103;117;119;187;217,5,71,0,26.80412371134021,1,0,0.014084507042253521,4.2626798770413155,4.262679877041316,0.0,71
Net3,79,251,16,probability_based,97,103;117;119;187;217,5,44,8,54.639175257731964,0,0,0.017823707759285778,4.027225811282485,3.6784822871206604,0.015403491570856187,8
Net3,79,251,16,contaminant_status,97,103;117;119;187;217,5,44,0,54.639175257731964,1,0,0.022727272727272728,3.784189633918261,3.7841896339182615,0.0,44
Net3,79,251,24,probability_based,97,103;117;119;187;217,5,44,8,54.639175257731964,0,0,0.0011854039986171634,6.73767163539439,1.5438496152774073,0.015884129375829503,3
Net3,79,251,24,contaminant_status,97,103;117;119;187;217,5,44,0,54.639175257731964,1,0,0.022727272727272728,3.784189633918261,3.7841896339182615,0.0,44
Net3,80,253,1,probability_based,97,103;117;119;187;217,5,92,0,5.154639175257736,1,0,0.010869565217391304,4.5217885770490405,4.5217885770490405,0.0,92
Net3,80,253,1,contaminant_status,97,103;117;119;187;217,5,92,0,5.154639175257736,1,0,0.010869565217391304,4.5217885770490405,4.5217885770490405,0.0,92
Net3,80,253,2,probability_based,97,103;117;119;187;217,5,92,0,5.154639175257736,1,0,0.010869565217391304,4.5217885770490405,4.5217885770490405,0.0,92
Net3,80,253,2,contaminant_status,97,103;117;119;187;217,5,92,0,5.154639175257736,1,0,0.010869565217391304,4.5217885770490405,4.5217885770490405,0.0,92
Net3,80,253,4,probability_based,97,103;117;119;187;217,5,74,3,23.71134020618557,0,0,0.013279750642524738,4.321514912028456,4.301141909084381,0.0010008548136452057,74
Net3,80,253,4,contaminant_status,97,103;117;119;187;217,5,74,0,23.71134020618557,1,0,0.013513513513513514,4.304065093204169,4.304065093204169,0.0,74
Net3,80,253,8,probability_based,97,103;117;119;187;217,5,71,4,26.80412371134021,0,0,0.01366527690545046,4.29289719596179,4.254249438238744,0.0037967082421697176,71
Net3,80,253,8,contaminant_status,97,103;117;119;187;217,5,71,0,26.80412371134021,1,0,0.014084507042253521,4.2626798770413155,4.262679877041316,0.0,71
Net3,80,253,16,probability_based,97,103;117;119;187;217,5,44,8,54.639175257731964,0,0,0.017823707759285778,4.027225811282485,3.6784822871206604,0.015403491570856187,8
Net3,80,253,16,contaminant_status,97,103;117;119;187;217,5,44,0,54.639175257731964,1,0,0.022727272727272728,3.784189633918261,3.7841896339182615,0.0,44
Net3,80,253,24,probability_based,97,103;117;119;187;217,5,44,8,54.639175257731964,0,0,0.0011854039986171634,6.73767163539439,1.5438496152774073,0.015884129375829503,3
Net3,80,253,24,contaminant_status,97,103;117;119;187;217,5,44,0,54.639175257731964,1,0,0.022727272727272728,3.784189633918261,3.7841896339182615,0.0,44
Net3,81,255,1,probability_based,97,103;117;119;187;217,5,92,0,5.154639175257736,1,0,0.010869565217391304,4.5217885770490405,4.5217885770490405,0.0,92
Net3,81,255,1,contaminant_status,97,103;117;119;187;217,5,92,0,5.154639175257736,1,0,0.010869565217391304,4.5217885770490405,4.5217885770490405,0.0,92
Net3,81,255,2,probability_based,97,103;117;119;187;217,5,92,0,5.154639175257736,1,0,0.010869565217391304,4.5217885770490405,4.5217885770490405,0.0,92
Net3,81,255,2,contaminant_status,97,103;117;119;187;217,5,92,0,5.154639175257736,1,0,0.010869565217391304,4.5217885770490405,4.5217885770490405,0.0,92
Net3,81,255,4,probability_based,97,103;117;119;187;217,5,74,3,23.71134020618557,0,0,0.013279750642524738,4.321514912028456,4.301141909084381,0.0010008548136452057,74
Net3,81,255,4,contaminant_status,97,103;117;119;187;217,5,74,0,23.71134020618557,1,0,0.013513513513513514,4.304065093204169,4.304065093204169,0.0,74
Net3,81,255,8,probability_based,97,103;117;119;187;217,5,71,4,26.80412371134021,0,0,0.01366527690545046,4.29289719596179,4.254249438238744,0.0037967082421697176,71
Net3,81,255,8,contaminant_status,97,103;117;119;187;217,5,71,0,26.80412371134021,1,0,0.014084507042253521,4.2626798770413155,4.262679877041316,0.0,71
Net3,81,255,16,probability_based,97,103;117;119;187;217,5,44,8,54.639175257731964,0,0,0.017823707759285778,4.027225811282485,3.6784822871206604,0.015403491570856187,8
Net3,81,255,16,contaminant_status,97,103;117;119;187;217,5,44,0,54.639175257731964,1,0,0.022727272727272728,3.784189633918261,3.7841896339182615,0.0,44
Net3,81,255,24,probability_based,97,103;117;119;187;217,5,44,8,54.639175257731964,0,0,0.0011854039986171634,6.73767163539439,1.5438496152774073,0.015884129375829503,3
Net3,81,255,24,contaminant_status,97,103;117;119;187;217,5,44,0,54.639175257731964,1,0,0.022727272727272728,3.784189633918261,3.7841896339182615,0.0,44
Net3,82,257,1,probability_based,97,103;117;119;187;217,5,92,0,5.154639175257736,1,0,0.010869565217391304,4.5217885770490405,4.5217885770490405,0.0,92
Net3,82,257,1,contaminant_status,97,103;117;119;187;217,5,92,0,5.154639175257736,1,0,0.010869565217391304,4.5217885770490405,4.5217885770490405,0.0,92
Net3,82,257,2,probability_based,97,103;117;119;187;217,5,92,0,5.154639175257736,1,0,0.010869565217391304,4.5217885770490405,4.5217885770490405,0.0,92
Net3,82,257,2,contaminant_status,97,103;117;119;187;217,5,92,0,5.154639175257736,1,0,0.010869565217391304,4.5217885770490405,4.5217885770490405,0.0,92
Net3,82,257,4,probability_based,97,103;117;119;187;217,5,2,1,97.9381443298969,0,0,0.4755944805414923,0.7431897194862321,0.7887492159009091,0.025031288449552214,2
Net3,82,257,4,contaminant_status,97,103;117;119;187;217,5,74,0,23.71134020618557,1,0,0.013513513513513514,4.304065093204169,4.304065093204169,0.0,74
Net3,82,257,8,probability_based,97,103;117;119;187;217,5,2,1,97.9381443298969,0,0,0.4610736751457485,0.7741974328203161,0.698351154870813,0.0766999654966174,2
Net3,82,257,8,contaminant_status,97,103;117;119;187;217,5,71,0,26.80412371134021,1,0,0.014084507042253521,4.2626798770413155,4.262679877041316,0.0,71
Net3,82,257,16,probability_based,97,103;117;119;187;217,5,2,1,97.9381443298969,0,0,0.44886070247432586,0.8010426788522215,0.6884794396130283,0.10222248746353652,2
Net3,82,257,16,contaminant_status,97,103;117;119;187;217,5,49,0,49.48453608247423,1,0,0.02040816326530612,3.891820298110627,3.891820298110627,0.0,49
Net3,82,257,24,probability_based,97,103;117;119;187;217,5,2,1,97.9381443298969,0,0,0.2948412238616928,1.221318291734605,0.6064297079294594,0.41031755227661104,2
Net3,82,257,24,contaminant_status,97,103;117;119;187;217,5,49,0,49.48453608247423,1,0,0.02040816326530612,3.891820298110627,3.891820298110627,0.0,49
Net3,83,259,1,probability_based,97,103;117;119;187;217,5,92,0,5.154639175257736,1,0,0.010869565217391304,4.5217885770490405,4.5217885770490405,0.0,92
Net3,83,259,1,contaminant_status,97,103;117;119;187;217,5,92,0,5.154639175257736,1,0,0.010869565217391304,4.5217885770490405,4.5217885770490405,0.0,92
Net3,83,259,2,probability_based,97,103;117;119;187;217,5,92,0,5.154639175257736,1,0,0.010869565217391304,4.5217885770490405,4.5217885770490405,0.0,92
Net3,83,259,2,contaminant_status,97,103;117;119;187;217,5,92,0,5.154639175257736,1,0,0.010869565217391304,4.5217885770490405,4.5217885770490405,0.0,92
Net3,83,259,4,probability_based,97,103;117;119;187;217,5,3,2,96.90721649484536,0,0,0.31638902127175766,1.1507827425789088,1.0977425443709992,0.01752847763278431,3
Net3,83,259,4,contaminant_status,97,103;117;119;187;217,5,74,0,23.71134020618557,1,0,0.013513513513513514,4.304065093204169,4.304065093204169,0.0,74
Net3,83,259,8,probability_based,97,103;117;119;187;217,5,3,2,96.90721649484536,0,0,0.2940840281852741,1.2238897423254032,1.0929884935332301,0.05420621326681968,3
Net3,83,259,8,contaminant_status,97,103;117;119;187;217,5,71,0,26.80412371134021,1,0,0.014084507042253521,4.2626798770413155,4.262679877041316,0.0,71
Net3,83,259,16,probability_based,97,103;117;119;187;217,5,3,2,96.90721649484536,0,0,0.2779071929005848,1.2804680595150777,1.0877027009223148,0.07381826468592695,3
Net3,83,259,16,contaminant_status,97,103;117;119;187;217,5,47,0,51.546391752577314,1,0,0.02127659574468085,3.8501476017100584,3.850147601710058,0.0,47
Net3,83,259,24,probability_based,97,103;117;119;187;217,5,3,2,96.90721649484536,0,0,0.13742570691267306,1.9846718212597543,0.9233534100269953,0.35392937259589874,2
Net3,83,259,24,contaminant_status,97,103;117;119;187;217,5,47,0,51.546391752577314,1,0,0.02127659574468085,3.8501476017100584,3.850147601710058,0.0,47
Net3,84,261,1,probability_based,97,103;117;119;187;217,5,92,0,5.154639175257736,1,0,0.010869565217391304,4.5217885770490405,4.5217885770490405,0.0,92
Net3,84,261,1,contaminant_status,97,103;117;119;187;217,5,92,0,5.154639175257736,1,0,0.010869565217391304,4.5217885770490405,4.5217885770490405,0.0,92
Net3,84,261,2,probability_based,97,103;117;119;187;217,5,92,0,5.154639175257736,1,0,0.010869565217391304,4.5217885770490405,4.5217885770490405,0.0,92
Net3,84,261,2,contaminant_status,97,103;117;119;187;217,5,92,0,5.154639175257736,1,0,0.010869565217391304,4.5217885770490405,4.5217885770490405,0.0,92
Net3,84,261,4,probability_based,97,103;117;119;187;217,5,2,1,97.9381443298969,0,0,0.46219980218777884,0.7717580091216566,0.7938472337150544,0.04993294261862441,2
Net3,84,261,4,contaminant_status,97,103;117;119;187;217,5,3,0,96.90721649484536,1,0,0.3333333333333333,1.0986122886681098,1.0986122886681096,0.0,3
Net3,84,261,8,probability_based,97,103;117;119;187;217,5,1,0,98.96907216494846,1,1,0.939304252142056,0.06261583506541961,0.22887762344533236,0.8786085043780414,1
Net3,84,261,8,contaminant_status,97,103;117;119;187;217,5,2,0,97.9381443298969,1,0,0.5,0.6931471805599453,0.6931471805599453,0.0,2
Net3,84,261,16,probability_based,97,103;117;119;187;217,5,1,0,98.96907216494846,1,1,0.9967795164363414,0.003225680481575874,0.021695147520282756,0.9935590328726831,1
Net3,84,261,16,contaminant_status,97,103;117;119;187;217,5,2,0,97.9381443298969,1,0,0.5,0.6931471805599453,0.6931471805599453,0.0,2
Net3,84,261,24,probability_based,97,103;117;119;187;217,5,1,0,98.96907216494846,1,1,0.9966105918031696,0.0033951652531496786,0.02265956082549915,0.9932211836063392,1
Net3,84,261,24,contaminant_status,97,103;117;119;187;217,5,2,0,97.9381443298969,1,0,0.5,0.6931471805599453,0.6931471805599453,0.0,2
Net3,85,263,1,probability_based,97,103;117;119;187;217,5,92,0,5.154639175257736,1,0,0.010869565217391304,4.5217885770490405,4.5217885770490405,0.0,92
Net3,85,263,1,contaminant_status,97,103;117;119;187;217,5,92,0,5.154639175257736,1,0,0.010869565217391304,4.5217885770490405,4.5217885770490405,0.0,92
Net3,85,263,2,probability_based,97,103;117;119;187;217,5,92,0,5.154639175257736,1,0,0.010869565217391304,4.5217885770490405,4.5217885770490405,0.0,92
Net3,85,263,2,contaminant_status,97,103;117;119;187;217,5,92,0,5.154639175257736,1,0,0.010869565217391304,4.5217885770490405,4.5217885770490405,0.0,92
Net3,85,263,4,probability_based,97,103;117;119;187;217,5,1,0,98.96907216494846,1,1,0.9973681120067093,0.0026353574994000158,0.018806810958209047,0.9948746917266925,1
Net3,85,263,4,contaminant_status,97,103;117;119;187;217,5,3,0,96.90721649484536,1,0,0.3333333333333333,1.0986122886681098,1.0986122886681096,0.0,3
Net3,85,263,8,probability_based,97,103;117;119;187;217,5,1,0,98.96907216494846,1,1,0.9999996710502157,3.2894983840463943e-07,5.239334076101482e-06,0.9999993421029554,1
Net3,85,263,8,contaminant_status,97,103;117;119;187;217,5,1,0,98.96907216494846,1,1,1.0,-0.0,-0.0,1.0,1
Net3,85,263,16,probability_based,97,103;117;119;187;217,5,1,0,98.96907216494846,1,1,0.9999996537397321,3.4626032785084306e-07,5.4972539663883815e-06,0.9999993074794641,1
Net3,85,263,16,contaminant_status,97,103;117;119;187;217,5,1,0,98.96907216494846,1,1,1.0,-0.0,-0.0,1.0,1
Net3,85,263,24,probability_based,97,103;117;119;187;217,5,1,0,98.96907216494846,1,1,0.9999999826869809,1.7313019279309373e-08,3.2672795600425805e-07,0.9999999653739617,1
Net3,85,263,24,contaminant_status,97,103;117;119;187;217,5,1,0,98.96907216494846,1,1,1.0,-0.0,-0.0,1.0,1
Net3,86,265,1,probability_based,97,103;117;119;187;217,5,92,0,5.154639175257736,1,0,0.010869565217391304,4.5217885770490405,4.5217885770490405,0.0,92
Net3,86,265,1,contaminant_status,97,103;117;119;187;217,5,92,0,5.154639175257736,1,0,0.010869565217391304,4.5217885770490405,4.5217885770490405,0.0,92
Net3,86,265,2,probability_based,97,103;117;119;187;217,5,92,0,5.154639175257736,1,0,0.010869565217391304,4.5217885770490405,4.5217885770490405,0.0,92
Net3,86,265,2,contaminant_status,97,103;117;119;187;217,5,92,0,5.154639175257736,1,0,0.010869565217391304,4.5217885770490405,4.5217885770490405,0.0,92
Net3,86,265,4,probability_based,97,103;117;119;187;217,5,74,3,23.71134020618557,0,0,0.013279750642524738,4.321514912028456,4.301141909084381,0.0010008548136452057,74
Net3,86,265,4,contaminant_status,97,103;117;119;187;217,5,74,0,23.71134020618557,1,0,0.013513513513513514,4.304065093204169,4.304065093204169,0.0,74
Net3,86,265,8,probability_based,97,103;117;119;187;217,5,71,4,26.80412371134021,0,0,0.01366527690545046,4.29289719596179,4.254249438238744,0.0037967082421697176,71
Net3,86,265,8,contaminant_status,97,103;117;119;187;217,5,71,0,26.80412371134021,1,0,0.014084507042253521,4.2626798770413155,4.262679877041316,0.0,71
Net3,86,265,16,probability_based,97,103;117;119;187;217,5,2,0,97.9381443298969,1,0,0.4748757874787174,0.7447020091893999,0.9041288107643455,0.0,2
Net3,86,265,16,contaminant_status,97,103;117;119;187;217,5,9,0,90.72164948453609,1,0,0.1111111111111111,2.1972245773362196,2.197224577336219,0.0,9
Net3,86,265,24,probability_based,97,103;117;119;187;217,5,2,0,97.9381443298969,1,0,0.4749356170485667,0.7445760271899351,0.9029033991952156,0.0,2
Net3,86,265,24,contaminant_status,97,103;117;119;187;217,5,9,0,90.72164948453609,1,0,0.1111111111111111,2.1972245773362196,2.197224577336219,0.0,9
Net3,87,267,1,probability_based,97,103;117;119;187;217,5,92,0,5.154639175257736,1,0,0.010869565217391304,4.5217885770490405,4.5217885770490405,0.0,92
Net3,87,267,1,contaminant_status,97,103;117;119;187;217,5,92,0,5.154639175257736,1,0,0.010869565217391304,4.5217885770490405,4.5217885770490405,0.0,92
Net3,87,267,2,probability_based,97,103;117;119;187;217,5,92,0,5.154639175257736,1,0,0.010869565217391304,4.5217885770490405,4.5217885770490405,0.0,92
Net3,87,267,2,contaminant_status,97,103;117;119;187;217,5,92,0,5.154639175257736,1,0,0.010869565217391304,4.5217885770490405,4.5217885770490405,0.0,92
Net3,87,267,4,probability_based,97,103;117;119;187;217,5,74,3,23.71134020618557,0,0,0.013279750642524738,4.321514912028456,4.301141909084381,0.0010008548136452057,74
Net3,87,267,4,contaminant_status,97,103;117;119;187;217,5,74,0,23.71134020618557,1,0,0.013513513513513514,4.304065093204169,4.304065093204169,0.0,74
Net3,87,267,8,probability_based,97,103;117;119;187;217,5,71,4,26.80412371134021,0,0,0.01366527690545046,4.29289719596179,4.254249438238744,0.0037967082421697176,71
Net3,87,267,8,contaminant_status,97,103;117;119;187;217,5,71,0,26.80412371134021,1,0,0.014084507042253521,4.2626798770413155,4.262679877041316,0.0,71
Net3,87,267,16,probability_based,97,103;117;119;187;217,5,1,0,98.96907216494846,1,1,0.8191401058561879,0.1995001403382977,0.6763834660990699,0.7307356582289655,1
Net3,87,267,16,contaminant_status,97,103;117;119;187;217,5,12,0,87.62886597938144,1,0,0.08333333333333333,2.4849066497880004,2.484906649788001,0.0,12
Net3,87,267,24,probability_based,97,103;117;119;187;217,5,1,0,98.96907216494846,1,1,0.9995461299831077,0.0004539730470645107,0.004247880192426369,0.9992622497387437,1
Net3,87,267,24,contaminant_status,97,103;117;119;187;217,5,12,0,87.62886597938144,1,0,0.08333333333333333,2.4849066497880004,2.484906649788001,0.0,12
Net3,88,269,1,probability_based,97,103;117;119;187;217,5,92,0,5.154639175257736,1,0,0.010869565217391304,4.5217885770490405,4.5217885770490405,0.0,92
Net3,88,269,1,contaminant_status,97,103;117;119;187;217,5,92,0,5.154639175257736,1,0,0.010869565217391304,4.5217885770490405,4.5217885770490405,0.0,92
Net3,88,269,2,probability_based,97,103;117;119;187;217,5,92,0,5.154639175257736,1,0,0.010869565217391304,4.5217885770490405,4.5217885770490405,0.0,92
Net3,88,269,2,contaminant_status,97,103;117;119;187;217,5,92,0,5.154639175257736,1,0,0.010869565217391304,4.5217885770490405,4.5217885770490405,0.0,92
Net3,88,269,4,probability_based,97,103;117;119;187;217,5,74,3,23.71134020618557,0,0,0.013279750642524738,4.321514912028456,4.301141909084381,0.0010008548136452057,74
Net3,88,269,4,contaminant_status,97,103;117;119;187;217,5,74,0,23.71134020618557,1,0,0.013513513513513514,4.304065093204169,4.304065093204169,0.0,74
Net3,88,269,8,probability_based,97,103;117;119;187;217,5,71,4,26.80412371134021,0,0,0.01366527690545046,4.29289719596179,4.254249438238744,0.0037967082421697176,71
Net3,88,269,8,contaminant_status,97,103;117;119;187;217,5,71,0,26.80412371134021,1,0,0.014084507042253521,4.2626798770413155,4.262679877041316,0.0,71
Net3,88,269,16,probability_based,97,103;117;119;187;217,5,3,2,96.90721649484536,0,0,0.13289330093856122,2.018208721316237,1.17549240477242,0.0844239840754143,3
Net3,88,269,16,contaminant_status,97,103;117;119;187;217,5,49,0,49.48453608247423,1,0,0.02040816326530612,3.891820298110627,3.891820298110627,0.0,49
Net3,88,269,24,probability_based,97,103;117;119;187;217,5,3,2,96.90721649484536,0,0,0.05430580665058005,2.9131241212847736,0.9810863104679595,0.37063497156775554,2
Net3,88,269,24,contaminant_status,97,103;117;119;187;217,5,49,0,49.48453608247423,1,0,0.02040816326530612,3.891820298110627,3.891820298110627,0.0,49
Net3,89,271,1,probability_based,97,103;117;119;187;217,5,92,0,5.154639175257736,1,0,0.010869565217391304,4.5217885770490405,4.5217885770490405,0.0,92
Net3,89,271,1,contaminant_status,97,103;117;119;187;217,5,92,0,5.154639175257736,1,0,0.010869565217391304,4.5217885770490405,4.5217885770490405,0.0,92
Net3,89,271,2,probability_based,97,103;117;119;187;217,5,92,0,5.154639175257736,1,0,0.010869565217391304,4.5217885770490405,4.5217885770490405,0.0,92
Net3,89,271,2,contaminant_status,97,103;117;119;187;217,5,92,0,5.154639175257736,1,0,0.010869565217391304,4.5217885770490405,4.5217885770490405,0.0,92
Net3,89,271,4,probability_based,97,103;117;119;187;217,5,74,3,23.71134020618557,0,0,0.013279750642524738,4.321514912028456,4.301141909084381,0.0010008548136452057,74
Net3,89,271,4,contaminant_status,97,103;117;119;187;217,5,74,0,23.71134020618557,1,0,0.013513513513513514,4.304065093204169,4.304065093204169,0.0,74
Net3,89,271,8,probability_based,97,103;117;119;187;217,5,71,4,26.80412371134021,0,0,0.01366527690545046,4.29289719596179,4.254249438238744,0.0037967082421697176,71
Net3,89,271,8,contaminant_status,97,103;117;119;187;217,5,71,0,26.80412371134021,1,0,0.014084507042253521,4.2626798770413155,4.262679877041316,0.0,71
Net3,89,271,16,probability_based,97,103;117;119;187;217,5,44,8,54.639175257731964,0,0,0.017823707759285778,4.027225811282485,3.6784822871206604,0.015403491570856187,8
Net3,89,271,16,contaminant_status,97,103;117;119;187;217,5,44,0,54.639175257731964,1,0,0.022727272727272728,3.784189633918261,3.7841896339182615,0.0,44
Net3,89,271,24,probability_based,97,103;117;119;187;217,5,44,8,54.639175257731964,0,0,0.0011854039986171634,6.73767163539439,1.5438496152774073,0.015884129375829503,3
Net3,89,271,24,contaminant_status,97,103;117;119;187;217,5,44,0,54.639175257731964,1,0,0.022727272727272728,3.784189633918261,3.7841896339182615,0.0,44
Net3,90,273,1,probability_based,97,103;117;119;187;217,5,92,0,5.154639175257736,1,0,0.010869565217391304,4.5217885770490405,4.5217885770490405,0.0,92
Net3,90,273,1,contaminant_status,97,103;117;119;187;217,5,92,0,5.154639175257736,1,0,0.010869565217391304,4.5217885770490405,4.5217885770490405,0.0,92
Net3,90,273,2,probability_based,97,103;117;119;187;217,5,92,0,5.154639175257736,1,0,0.010869565217391304,4.5217885770490405,4.5217885770490405,0.0,92
Net3,90,273,2,contaminant_status,97,103;117;119;187;217,5,92,0,5.154639175257736,1,0,0.010869565217391304,4.5217885770490405,4.5217885770490405,0.0,92
Net3,90,273,4,probability_based,97,103;117;119;187;217,5,74,3,23.71134020618557,0,0,0.013279750642524738,4.321514912028456,4.301141909084381,0.0010008548136452057,74
Net3,90,273,4,contaminant_status,97,103;117;119;187;217,5,74,0,23.71134020618557,1,0,0.013513513513513514,4.304065093204169,4.304065093204169,0.0,74
Net3,90,273,8,probability_based,97,103;117;119;187;217,5,71,4,26.80412371134021,0,0,0.01366527690545046,4.29289719596179,4.254249438238744,0.0037967082421697176,71
Net3,90,273,8,contaminant_status,97,103;117;119;187;217,5,71,0,26.80412371134021,1,0,0.014084507042253521,4.2626798770413155,4.262679877041316,0.0,71
Net3,90,273,16,probability_based,97,103;117;119;187;217,5,1,0,98.96907216494846,1,1,0.8927766864689721,0.11341880052200842,0.4468882321997058,0.8379719083307459,1
Net3,90,273,16,contaminant_status,97,103;117;119;187;217,5,6,0,93.81443298969072,1,0,0.16666666666666666,1.791759469228055,1.7917594692280547,0.0,6
Net3,90,273,24,probability_based,97,103;117;119;187;217,5,1,0,98.96907216494846,1,1,0.9999177842429615,8.221913693909208e-05,0.0009855841612185065,0.999897451246345,1
Net3,90,273,24,contaminant_status,97,103;117;119;187;217,5,6,0,93.81443298969072,1,0,0.16666666666666666,1.791759469228055,1.7917594692280547,0.0,6
Net3,91,275,1,probability_based,97,103;117;119;187;217,5,92,0,5.154639175257736,1,0,0.010869565217391304,4.5217885770490405,4.5217885770490405,0.0,92
Net3,91,275,1,contaminant_status,97,103;117;119;187;217,5,92,0,5.154639175257736,1,0,0.010869565217391304,4.5217885770490405,4.5217885770490405,0.0,92
Net3,91,275,2,probability_based,97,103;117;119;187;217,5,92,0,5.154639175257736,1,0,0.010869565217391304,4.5217885770490405,4.5217885770490405,0.0,92
Net3,91,275,2,contaminant_status,97,103;117;119;187;217,5,92,0,5.154639175257736,1,0,0.010869565217391304,4.5217885770490405,4.5217885770490405,0.0,92
Net3,91,275,4,probability_based,97,103;117;119;187;217,5,74,3,23.71134020618557,0,0,0.013279750642524738,4.321514912028456,4.301141909084381,0.0010008548136452057,74
Net3,91,275,4,contaminant_status,97,103;117;119;187;217,5,74,0,23.71134020618557,1,0,0.013513513513513514,4.304065093204169,4.304065093204169,0.0,74
Net3,91,275,8,probability_based,97,103;117;119;187;217,5,71,4,26.80412371134021,0,0,0.01366527690545046,4.29289719596179,4.254249438238744,0.0037967082421697176,71
Net3,91,275,8,contaminant_status,97,103;117;119;187;217,5,71,0,26.80412371134021,1,0,0.014084507042253521,4.2626798770413155,4.262679877041316,0.0,71
Net3,91,275,16,probability_based,97,103;117;119;187;217,5,1,0,98.96907216494846,1,1,0.9972356320592868,0.0027681958619183216,0.019639154776891106,0.9946113277643939,1
Net3,91,275,16,contaminant_status,97,103;117;119;187;217,5,3,0,96.90721649484536,1,0,0.3333333333333333,1.0986122886681098,1.0986122886681096,0.0,3
Net3,91,275,24,probability_based,97,103;117;119;187;217,5,1,0,98.96907216494846,1,1,0.997235450939873,0.0027683774834172184,0.019642182728327236,0.99461114712161,1
Net3,91,275,24,contaminant_status,97,103;117;119;187;217,5,3,0,96.90721649484536,1,0,0.3333333333333333,1.0986122886681098,1.0986122886681096,0.0,3
