row,y,split
0,1,calib
1,0,calib
2,0,train
3,1,train
4,0,calib
5,0,test
6,0,calib
7,0,train
8,1,calib
9,0,train
10,0,train
11,0,train
12,0,train
13,1,train
14,0,test
15,0,train
16,0,test
17,1,train
18,1,train
19,1,train
20,0,test
21,1,train
22,0,train
23,0,calib
24,0,train
25,1,train
26,0,calib
27,0,train
28,0,test
29,0,train
30,0,train
31,1,train
32,0,test
33,0,train
34,0,test
35,0,train
36,0,calib
37,1,train
38,0,train
39,0,test
40,0,train
41,0,train
42,0,train
43,1,test
44,0,train
45,0,train
46,0,train
47,0,calib
48,0,calib
49,0,test
50,0,train
51,0,train
52,0,train
53,1,train
54,1,train
55,0,train
56,0,test
57,0,test
58,0,train
59,0,calib
60,0,train
61,0,test
62,0,train
63,0,train
64,0,train
65,0,train
66,0,train
67,0,train
68,0,train
69,0,train
70,0,train
71,0,train
72,0,train
73,0,test
74,0,calib
75,0,train
76,0,calib
77,0,train
78,1,train
79,0,train
80,0,train
81,1,calib
82,0,test
83,0,train
84,0,test
85,0,train
86,0,train
87,0,train
88,0,train
89,0,train
90,0,train
91,0,train
92,0,train
93,0,train
94,0,calib
95,0,test
96,0,train
97,0,train
98,0,train
99,0,train
100,0,train
101,0,train
102,0,test
103,0,calib
104,0,calib
105,0,calib
106,0,train
107,0,train
108,0,train
109,0,calib
110,0,calib
111,0,train
112,0,train
113,0,train
114,1,calib
115,0,calib
116,0,train
117,0,train
118,0,train
119,0,train
120,1,train
121,0,train
122,1,calib
123,0,train
124,0,train
125,0,calib
126,0,train
127,0,calib
128,0,test
129,0,train
130,0,calib
131,0,test
132,0,train
133,0,train
134,0,train
135,1,train
136,0,calib
137,0,train
138,1,calib
139,0,calib
140,0,train
141,0,test
142,0,train
143,0,train
144,0,calib
145,0,train
146,0,train
147,0,train
148,0,calib
149,0,calib
150,0,train
151,0,calib
152,0,calib
153,0,train
154,0,test
155,0,test
156,0,test
157,0,train
158,0,train
159,0,calib
160,0,train
161,0,train
162,0,train
163,0,train
164,0,test
165,0,train
166,0,calib
167,0,train
168,0,calib
169,0,train
170,0,test
171,0,calib
172,0,test
173,0,train
174,0,calib
175,0,train
176,0,test
177,0,train
178,0,calib
179,0,test
180,1,calib
181,0,test
182,0,calib
183,0,test
184,0,train
185,1,calib
186,0,train
187,0,test
188,0,train
189,0,train
190,0,train
191,0,train
192,0,train
193,0,test
194,0,train
195,0,train
196,0,test
197,0,test
198,0,train
199,0,calib
200,0,test
201,0,calib
202,0,train
203,0,calib
204,0,train
205,1,train
206,0,train
207,0,train
208,0,train
209,0,train
210,0,train
211,0,calib
212,0,train
213,0,train
214,0,calib
215,0,train
216,0,train
217,0,train
218,0,calib
219,0,train
220,0,train
221,1,train
222,0,calib
223,0,test
224,0,calib
225,0,train
226,0,train
227,0,train
228,1,train
229,0,test
230,0,train
231,1,train
232,0,train
233,0,train
234,0,calib
235,0,train
236,0,calib
237,0,calib
238,0,train
239,0,test
240,0,train
241,0,train
242,0,calib
243,1,train
244,0,train
245,0,test
246,0,train
247,0,train
248,0,train
249,0,train
250,0,train
251,1,train
252,0,train
253,0,train
254,0,train
255,0,test
256,0,train
257,0,train
258,0,train
259,0,train
260,0,test
261,1,test
262,0,test
263,0,train
264,0,train
265,0,test
266,0,train
267,0,train
268,0,train
269,1,test
270,0,test
271,1,calib
272,0,test
273,0,train
274,0,train
275,0,train
276,0,train
277,0,train
278,0,test
279,0,train
280,1,train
281,0,calib
282,0,test
283,0,train
284,0,train
285,0,train
286,0,train
287,0,train
288,0,train
289,0,calib
290,0,calib
291,0,calib
292,0,test
293,0,test
294,0,train
295,0,train
296,0,train
297,0,train
298,0,train
299,1,test
300,0,train
301,0,test
302,0,calib
303,0,calib
304,0,train
305,0,calib
306,0,calib
307,0,train
308,0,calib
309,0,train
310,0,test
311,1,test
312,0,calib
313,0,test
314,0,test
315,1,calib
316,0,test
317,0,test
318,0,train
319,0,train
320,0,calib
321,0,calib
322,0,train
323,0,calib
324,0,test
325,0,train
326,0,train
327,1,test
328,0,train
329,0,train
330,1,test
331,0,calib
332,0,train
333,0,train
334,0,calib
335,0,train
336,0,train
337,0,calib
338,0,calib
339,0,train
340,0,calib
341,0,train
342,0,train
343,0,train
344,0,train
345,0,test
346,0,train
347,0,train
348,0,train
349,0,train
350,0,train
351,0,test
352,0,train
353,0,test
354,0,train
355,0,calib
356,0,calib
357,1,test
358,0,train
359,0,train
360,0,test
361,0,calib
362,0,calib
363,0,test
364,0,train
365,0,train
366,0,train
367,0,calib
368,0,train
369,0,train
370,0,train
371,0,test
372,0,train
373,0,test
374,0,calib
375,0,test
376,0,calib
377,0,train
378,0,calib
379,0,train
380,1,calib
381,0,train
382,0,train
383,0,train
384,0,train
385,1,train
386,0,test
387,0,test
388,0,test
389,0,train
390,0,train
391,0,train
392,0,calib
393,0,calib
394,0,train
395,0,calib
396,0,train
397,0,test
398,0,train
399,1,test
400,0,train
401,0,train
402,1,train
403,0,train
404,0,train
405,0,calib
406,0,test
407,0,train
408,0,train
409,0,calib
410,0,train
411,0,train
412,0,train
413,0,train
414,1,train
415,0,train
416,0,calib
417,1,train
418,0,train
419,0,train
420,0,train
421,0,train
422,1,train
423,0,train
424,0,test
425,0,train
426,0,test
427,0,train
428,0,train
429,0,calib
430,0,train
431,0,calib
432,0,test
433,0,calib
434,0,test
435,0,train
436,0,train
437,0,train
438,0,train
439,0,train
440,0,train
441,0,calib
442,0,test
443,0,test
444,0,train
445,0,train
446,0,train
447,0,train
448,0,test
449,0,calib
450,0,train
451,0,train
452,0,train
453,0,test
454,0,train
455,0,train
456,0,train
457,0,test
458,0,train
459,0,train
460,0,train
461,0,test
462,0,calib
463,0,train
464,0,train
465,0,test
466,0,calib
467,0,calib
468,0,train
469,0,train
470,0,train
471,0,train
472,0,train
473,0,train
474,0,test
475,0,train
476,0,train
477,0,train
478,0,train
479,0,train
480,0,calib
481,0,train
482,0,train
483,0,calib
484,0,train
485,0,test
486,0,train
487,0,test
488,0,train
489,0,test
490,0,train
491,1,train
492,1,calib
493,0,test
494,0,test
495,0,test
496,0,train
497,0,train
498,0,train
499,0,train
500,0,calib
501,0,train
502,0,train
503,0,train
504,0,train
505,1,train
506,0,train
507,0,test
508,0,calib
509,0,train
510,0,train
511,0,calib
512,0,train
513,0,calib
514,0,train
515,0,train
516,0,train
517,0,calib
518,0,test
519,0,train
520,0,train
521,0,test
522,0,calib
523,1,calib
524,0,train
525,0,train
526,0,train
527,0,train
528,0,train
529,0,train
530,0,train
531,0,train
532,1,calib
533,0,train
534,1,train
535,0,train
536,0,train
537,0,calib
538,0,train
539,0,test
540,0,train
541,0,train
542,1,calib
543,0,calib
544,0,calib
545,0,calib
546,0,train
547,0,train
548,0,calib
549,0,test
550,0,calib
551,0,train
552,0,calib
553,0,test
554,0,train
555,0,train
556,1,train
557,0,test
558,0,train
559,0,train
560,0,train
561,0,train
562,0,test
563,0,test
564,0,train
565,1,train
566,0,test
567,0,train
568,1,test
569,0,test
570,0,train
571,0,train
572,0,test
573,0,train
574,0,train
575,0,train
576,0,test
577,0,train
578,0,train
579,1,test
580,0,train
581,0,train
582,0,test
583,0,train
584,0,train
585,0,train
586,0,calib
587,0,train
588,0,calib
589,0,train
590,1,train
591,0,calib
592,0,test
593,1,train
594,0,train
595,1,train
596,0,train
597,0,calib
598,1,train
599,1,calib
600,0,train
601,0,train
602,0,train
603,0,train
604,0,test
605,0,test
606,0,test
607,0,calib
608,0,test
609,0,train
610,0,train
611,0,calib
612,0,train
613,1,calib
614,0,test
615,0,train
616,0,test
617,0,calib
618,0,train
619,0,test
620,0,calib
621,0,test
622,0,train
623,0,calib
624,0,train
625,0,test
626,0,train
627,0,train
628,0,calib
629,0,test
630,0,train
631,0,train
632,0,train
633,0,train
634,0,test
635,0,train
636,0,calib
637,0,train
638,0,train
639,0,train
640,0,train
641,0,train
642,0,train
643,0,train
644,0,train
645,0,test
646,0,test
647,0,test
648,0,train
649,0,test
650,0,train
651,0,calib
652,0,calib
653,1,test
654,1,calib
655,0,calib
656,0,train
657,0,train
658,0,train
659,0,train
660,0,calib
661,0,train
662,1,calib
663,1,calib
664,0,train
665,0,test
666,0,train
667,0,train
668,0,test
669,0,calib
670,0,calib
671,0,train
672,0,calib
673,0,train
674,0,train
675,0,calib
676,0,train
677,0,test
678,0,train
679,0,calib
680,0,test
681,0,test
682,0,train
683,0,train
684,0,calib
685,0,train
686,0,train
687,0,train
688,0,train
689,0,train
690,0,train
691,0,test
692,0,train
693,0,train
694,1,train
695,0,test
696,0,train
697,1,train
698,1,test
699,0,train
700,1,calib
701,0,train
702,0,train
703,0,train
704,0,calib
705,0,test
706,0,train
707,0,calib
708,0,test
709,0,calib
710,0,train
711,0,train
712,0,train
713,0,calib
714,0,train
715,0,train
716,0,train
717,0,train
718,0,train
719,0,test
720,0,calib
721,0,train
722,0,train
723,0,train
724,0,test
725,1,calib
726,0,test
727,0,train
728,0,test
729,0,train
730,0,test
731,0,train
732,1,test
733,1,calib
734,0,train
735,0,train
736,0,calib
737,1,calib
738,0,train
739,0,train
740,0,test
741,0,train
742,0,test
743,0,calib
744,0,train
745,0,train
746,0,train
747,0,calib
748,1,train
749,0,train
750,0,train
751,0,train
752,0,test
753,0,train
754,0,train
755,0,test
756,0,train
757,0,train
758,0,calib
759,0,calib
760,0,train
761,0,train
762,0,calib
763,0,train
764,0,test
765,0,train
766,0,train
767,0,calib
768,0,test
769,0,train
770,0,train
771,0,train
772,0,train
773,0,train
774,0,train
775,0,test
776,1,test
777,0,calib
778,0,train
779,0,calib
780,0,test
781,0,train
782,0,train
783,0,test
784,0,train
785,1,calib
786,0,test
787,0,train
788,1,calib
789,0,calib
790,0,train
791,0,train
792,0,train
793,0,train
794,1,train
795,1,test
796,0,test
797,0,calib
798,1,train
799,0,calib
800,0,test
801,0,calib
802,1,test
803,0,train
804,0,calib
805,0,train
806,0,train
807,0,test
808,0,train
809,0,test
810,0,test
811,0,train
812,1,train
813,1,calib
814,1,test
815,0,train
816,0,calib
817,0,train
818,0,test
819,0,train
820,0,train
821,0,calib
822,0,train
823,0,train
824,0,train
825,0,train
826,0,test
827,0,train
828,0,train
829,0,train
830,0,train
831,0,test
832,0,calib
833,0,calib
834,0,train
835,1,calib
836,0,test
837,1,train
838,0,train
839,0,calib
840,0,train
841,1,test
842,0,test
843,0,train
844,0,test
845,0,train
846,0,calib
847,0,calib
848,0,test
849,0,train
850,0,calib
851,0,train
852,0,train
853,0,train
854,0,train
855,0,test
856,0,calib
857,0,train
858,0,calib
859,1,train
860,0,train
861,0,train
862,0,train
863,0,calib
864,0,train
865,0,train
866,0,train
867,0,calib
868,0,train
869,0,calib
870,0,train
871,0,train
872,0,test
873,0,train
874,0,train
875,0,train
876,0,train
877,0,train
878,0,test
879,0,train
880,0,train
881,0,train
882,0,train
883,0,train
884,0,test
885,0,train
886,0,test
887,0,train
888,0,train
889,0,train
890,0,train
891,0,train
892,0,train
893,0,test
894,0,test
895,0,train
896,0,train
897,0,test
898,0,train
899,0,train
900,0,train
901,0,calib
902,0,train
903,0,train
904,0,train
905,0,train
906,1,train
907,0,calib
908,1,train
909,1,train
910,0,train
911,0,train
912,0,calib
913,0,calib
914,0,train
915,0,train
916,0,test
917,0,train
918,0,train
919,0,test
920,0,test
921,0,train
922,0,test
923,0,test
924,0,train
925,0,calib
926,0,train
927,1,calib
928,0,train
929,0,calib
930,0,train
931,0,train
932,1,train
933,0,test
934,0,train
935,0,train
936,0,test
937,0,calib
938,0,train
939,0,calib
940,0,test
941,0,calib
942,1,train
943,0,test
944,0,train
945,0,train
946,0,train
947,0,test
948,0,train
949,1,calib
950,1,calib
951,0,train
952,0,test
953,0,calib
954,0,test
955,0,test
956,1,calib
957,0,calib
958,0,test
959,0,train
960,0,train
961,0,train
962,0,test
963,0,train
964,0,calib
965,0,calib
966,1,train
967,0,calib
968,0,test
969,0,train
970,0,test
971,0,train
972,0,train
973,0,train
974,0,train
975,0,train
976,0,train
977,0,train
978,0,test
979,0,train
980,0,calib
981,0,test
982,0,test
983,0,calib
984,1,test
985,0,train
986,0,train
987,0,train
988,0,calib
989,0,train
990,0,train
991,0,train
992,0,train
993,0,calib
994,0,train
995,0,train
996,0,test
997,0,train
998,0,test
999,1,train
1000,0,train
1001,0,test
1002,0,train
1003,1,test
1004,0,train
1005,0,train
1006,0,test
1007,0,test
1008,0,train
1009,0,test
1010,0,train
1011,0,test
1012,0,calib
1013,0,train
1014,0,test
1015,0,train
1016,0,calib
1017,0,train
1018,1,train
1019,0,train
1020,0,train
1021,0,test
1022,0,train
1023,0,train
1024,1,test
1025,1,train
1026,0,train
1027,0,calib
1028,0,train
1029,0,test
1030,0,calib
1031,1,train
1032,0,train
1033,0,test
1034,0,train
1035,0,train
1036,0,test
1037,0,train
1038,0,test
1039,1,train
1040,0,calib
1041,0,train
1042,0,train
1043,0,train
1044,0,train
1045,0,test
1046,0,train
1047,1,train
1048,0,train
1049,0,train
1050,0,train
1051,0,train
1052,0,train
1053,0,test
1054,0,test
1055,0,calib
1056,0,train
1057,0,train
1058,0,train
1059,0,train
1060,0,train
1061,0,train
1062,0,test
1063,0,train
1064,1,test
1065,0,train
1066,0,train
1067,0,train
1068,0,train
1069,0,test
1070,0,train
1071,1,train
1072,0,train
1073,0,train
1074,0,train
1075,0,train
1076,0,train
1077,1,train
1078,0,train
1079,0,train
1080,0,train
1081,1,calib
1082,0,calib
1083,0,train
1084,0,train
1085,0,train
1086,0,train
1087,0,test
1088,1,calib
1089,0,train
1090,0,test
1091,0,test
1092,0,test
1093,0,train
1094,0,calib
1095,1,train
1096,0,test
1097,0,train
1098,0,train
1099,1,train
1100,0,train
1101,0,train
1102,0,train
1103,1,train
1104,0,calib
1105,0,train
1106,1,train
1107,0,train
1108,0,test
1109,0,train
1110,0,calib
1111,1,test
1112,0,train
1113,0,test
1114,0,train
1115,0,train
1116,0,test
1117,0,train
1118,0,test
1119,0,calib
1120,0,train
1121,0,train
1122,0,train
1123,0,calib
1124,0,train
1125,0,train
1126,0,train
1127,0,train
1128,0,calib
1129,0,test
1130,1,train
1131,0,train
1132,1,train
1133,0,train
1134,0,test
1135,0,test
1136,0,train
1137,0,train
1138,0,train
1139,0,test
1140,0,train
1141,0,calib
1142,0,train
1143,0,test
1144,0,train
1145,0,test
1146,0,train
1147,0,calib
1148,0,train
1149,0,train
1150,0,calib
1151,0,train
1152,1,test
1153,0,calib
1154,1,calib
1155,0,test
1156,0,calib
1157,0,train
1158,0,test
1159,0,calib
1160,0,test
1161,0,train
1162,0,train
1163,0,test
1164,0,train
1165,0,test
1166,1,train
1167,0,train
1168,0,train
1169,0,train
1170,0,train
1171,0,calib
1172,0,train
1173,0,test
1174,0,calib
1175,0,test
1176,0,test
1177,0,test
1178,0,train
1179,0,train
1180,0,train
1181,0,train
1182,0,train
1183,0,train
1184,0,train
1185,0,train
1186,0,test
1187,1,test
1188,0,train
1189,0,calib
1190,0,test
1191,0,train
1192,0,train
1193,0,train
1194,0,train
1195,1,train
1196,0,train
1197,0,train
1198,0,test
1199,0,calib
1200,0,calib
1201,0,train
1202,0,calib
1203,0,train
1204,1,train
1205,0,test
1206,0,test
1207,1,train
1208,0,calib
1209,0,train
1210,0,calib
1211,0,test
1212,0,train
1213,0,train
1214,0,train
1215,1,train
1216,0,calib
1217,0,train
1218,0,test
1219,0,train
1220,0,train
1221,0,train
1222,0,train
1223,0,test
1224,0,test
1225,0,test
1226,0,train
1227,0,test
1228,1,train
1229,0,train
1230,0,train
1231,1,calib
1232,0,train
1233,0,test
1234,0,test
1235,0,train
1236,0,train
1237,0,train
1238,0,train
1239,0,train
1240,1,train
1241,0,train
1242,1,train
1243,1,calib
1244,0,train
1245,0,train
1246,0,train
1247,0,train
1248,0,train
1249,0,train
1250,0,calib
1251,0,train
1252,0,calib
1253,1,train
1254,1,test
1255,0,test
1256,1,train
1257,0,test
1258,0,test
1259,1,train
1260,1,train
1261,1,test
1262,1,train
1263,0,test
1264,0,calib
1265,0,calib
1266,0,test
1267,1,calib
1268,0,train
1269,0,train
1270,0,calib
1271,0,train
1272,1,test
1273,0,train
1274,0,train
1275,1,train
1276,0,train
1277,0,train
1278,0,train
1279,0,train
1280,0,train
1281,0,test
1282,0,test
1283,0,test
1284,0,train
1285,0,train
1286,1,train
1287,0,test
1288,0,calib
1289,0,calib
1290,0,calib
1291,0,train
1292,0,test
1293,1,test
1294,1,train
1295,0,train
1296,0,test
1297,0,test
1298,0,train
1299,0,train
1300,0,calib
1301,0,train
1302,0,train
1303,0,calib
1304,0,calib
1305,0,calib
1306,0,train
1307,0,test
1308,0,train
1309,0,train
1310,0,train
1311,0,train
1312,1,train
1313,0,train
1314,0,train
1315,0,test
1316,0,calib
1317,0,train
1318,0,train
1319,0,test
1320,0,train
1321,1,train
1322,0,test
1323,1,train
1324,0,test
1325,0,calib
1326,0,train
1327,0,train
1328,0,calib
1329,0,train
1330,0,train
1331,0,train
1332,1,train
1333,0,train
1334,0,train
1335,0,train
1336,0,test
1337,0,train
1338,0,train
1339,0,train
1340,0,train
1341,0,train
1342,1,train
1343,0,calib
1344,0,train
1345,0,calib
1346,1,calib
1347,0,calib
1348,0,train
1349,0,calib
1350,0,test
1351,0,train
1352,0,train
1353,0,train
1354,0,calib
1355,0,train
1356,0,train
1357,0,test
1358,0,test
1359,0,train
1360,0,calib
1361,1,calib
1362,0,train
1363,0,train
1364,0,train
1365,0,train
1366,0,train
1367,0,train
1368,0,train
1369,0,train
1370,0,train
1371,0,train
1372,0,test
1373,0,train
1374,1,train
1375,1,train
1376,0,train
1377,0,train
1378,1,test
1379,0,test
1380,1,train
1381,0,train
1382,1,test
1383,0,calib
1384,0,train
1385,0,train
1386,0,train
1387,0,test
1388,0,train
1389,0,test
1390,0,train
1391,0,train
1392,0,train
1393,0,test
1394,0,train
1395,0,calib
1396,0,train
1397,0,train
1398,0,calib
1399,1,calib
1400,0,train
1401,0,train
1402,0,calib
1403,0,train
1404,0,calib
1405,1,train
1406,0,train
1407,0,calib
1408,0,train
1409,0,calib
1410,0,train
1411,0,train
1412,0,train
1413,0,train
1414,0,train
1415,0,calib
1416,0,test
1417,0,train
1418,0,train
1419,0,test
1420,1,test
1421,0,test
1422,0,calib
1423,0,test
1424,0,train
1425,0,calib
1426,0,train
1427,0,train
1428,0,test
1429,1,calib
1430,0,train
1431,0,train
1432,1,train
1433,1,train
1434,1,test
1435,0,train
1436,0,test
1437,1,test
1438,0,train
1439,0,train
1440,0,test
1441,0,calib
1442,0,train
1443,0,train
1444,1,train
1445,1,train
1446,0,train
1447,0,test
1448,0,test
1449,0,train
1450,0,train
1451,1,calib
1452,0,train
1453,1,train
1454,0,test
1455,0,train
1456,0,train
1457,0,train
1458,0,train
1459,1,train
1460,0,test
1461,0,train
1462,0,calib
1463,0,train
1464,0,train
1465,0,test
1466,0,calib
1467,0,train
1468,0,train
1469,0,test
1470,0,test
1471,0,train
1472,1,calib
1473,0,train
1474,0,calib
1475,0,train
1476,0,calib
1477,0,test
1478,1,train
1479,0,test
1480,0,calib
1481,0,test
1482,0,test
1483,0,train
1484,0,train
1485,1,calib
1486,0,train
1487,0,test
1488,0,train
1489,1,train
1490,0,train
1491,1,train
1492,0,test
1493,0,train
1494,0,train
1495,0,train
1496,0,train
1497,0,train
1498,0,calib
1499,0,train
1500,0,calib
1501,0,train
1502,0,train
1503,0,train
1504,0,train
1505,0,train
1506,1,test
1507,0,train
1508,0,test
1509,0,test
1510,0,train
1511,0,train
1512,0,calib
1513,0,test
1514,0,train
1515,0,train
1516,0,train
1517,0,test
1518,0,train
1519,0,train
1520,0,train
1521,0,calib
1522,0,train
1523,0,train
1524,0,calib
1525,0,train
1526,0,train
1527,0,test
1528,0,train
1529,0,train
1530,1,train
1531,0,test
1532,1,train
1533,0,calib
1534,0,test
1535,1,train
1536,0,train
1537,1,train
1538,0,calib
1539,0,calib
1540,1,train
1541,0,train
1542,0,test
1543,0,train
1544,0,train
1545,0,train
1546,1,calib
1547,0,calib
1548,0,train
1549,0,train
1550,0,train
1551,0,train
1552,0,calib
1553,0,train
1554,0,test
1555,1,train
1556,0,train
1557,0,test
1558,0,test
1559,0,train
1560,0,train
1561,0,train
1562,0,train
1563,0,calib
1564,0,calib
1565,0,train
1566,1,calib
1567,0,calib
1568,1,train
1569,0,train
1570,0,train
1571,0,test
1572,0,train
1573,0,test
1574,0,calib
1575,0,test
1576,0,train
1577,1,test
1578,0,train
1579,1,calib
1580,0,train
1581,0,train
1582,0,train
1583,1,train
1584,0,calib
1585,1,test
1586,0,train
1587,0,train
1588,0,test
1589,0,test
1590,0,test
1591,0,test
1592,0,calib
1593,0,train
1594,0,calib
1595,0,train
1596,0,train
1597,0,test
1598,0,train
1599,0,train
1600,0,test
1601,0,train
1602,0,train
1603,0,train
1604,0,test
1605,0,train
1606,0,train
1607,0,train
1608,0,train
1609,0,calib
1610,0,test
1611,0,train
1612,0,train
1613,1,train
1614,1,train
1615,0,test
1616,0,calib
1617,0,train
1618,0,train
1619,0,calib
1620,0,train
1621,0,calib
1622,0,train
1623,0,train
1624,0,calib
1625,1,test
1626,0,train
1627,0,train
1628,1,train
1629,1,train
1630,1,train
1631,0,test
1632,0,test
1633,0,test
1634,0,calib
1635,0,calib
1636,1,train
1637,1,train
1638,0,train
1639,0,calib
1640,0,train
1641,0,test
1642,0,calib
1643,0,test
1644,0,train
1645,0,test
1646,0,train
1647,0,test
1648,0,calib
1649,0,train
1650,0,train
1651,0,train
1652,0,train
1653,0,test
1654,0,test
1655,0,test
1656,0,calib
1657,0,train
1658,0,train
1659,0,train
1660,0,train
1661,0,train
1662,0,train
1663,0,calib
1664,0,train
1665,1,train
1666,0,train
1667,1,calib
1668,0,train
1669,1,test
1670,0,calib
1671,0,train
1672,0,train
1673,0,test
1674,0,calib
1675,0,calib
1676,0,test
1677,0,train
1678,0,train
1679,0,train
1680,0,calib
1681,0,test
1682,0,train
1683,1,train
1684,0,test
1685,0,calib
1686,0,calib
1687,0,test
1688,0,train
1689,0,calib
1690,0,train
1691,0,train
1692,0,train
1693,0,calib
1694,0,train
1695,0,train
1696,0,train
1697,0,train
1698,0,test
1699,0,calib
1700,0,calib
1701,0,train
1702,0,calib
1703,1,train
1704,0,calib
1705,0,test
1706,0,train
1707,1,test
1708,0,train
1709,0,test
1710,0,calib
1711,0,test
1712,0,train
1713,0,train
1714,0,train
1715,0,train
1716,0,train
1717,0,calib
1718,0,train
1719,0,train
1720,0,train
1721,0,train
1722,0,test
1723,0,train
1724,0,train
1725,1,train
1726,0,test
1727,0,train
1728,0,calib
1729,0,train
1730,0,train
1731,1,train
1732,0,train
1733,0,train
1734,1,calib
1735,0,calib
1736,0,test
1737,0,train
1738,0,train
1739,1,test
1740,0,test
1741,0,train
1742,0,train
1743,0,train
1744,0,test
1745,1,test
1746,0,test
1747,0,train
1748,1,train
1749,0,train
1750,0,train
1751,0,train
1752,0,calib
1753,0,train
1754,1,train
1755,0,train
1756,0,train
1757,0,train
1758,0,train
1759,0,train
1760,0,calib
1761,0,train
1762,0,train
1763,0,calib
1764,0,calib
1765,1,calib
1766,0,train
1767,0,train
1768,0,train
1769,0,test
1770,0,train
1771,0,train
1772,0,train
1773,0,train
1774,0,train
1775,0,train
1776,0,test
1777,1,train
1778,1,train
1779,0,train
1780,0,train
1781,0,calib
1782,0,test
1783,1,train
1784,0,calib
1785,0,train
1786,1,train
1787,0,train
1788,0,train
1789,0,calib
1790,1,train
1791,0,calib
1792,0,train
1793,0,train
1794,0,calib
1795,1,train
1796,0,test
1797,0,train
1798,1,train
1799,0,calib
1800,0,calib
1801,0,train
1802,0,calib
1803,0,train
1804,0,train
1805,0,train
1806,0,calib
1807,0,test
1808,0,train
1809,0,train
1810,1,calib
1811,0,calib
1812,1,train
1813,0,calib
1814,0,calib
1815,0,calib
1816,1,train
1817,0,train
1818,0,calib
1819,0,test
1820,0,calib
1821,0,train
1822,1,test
1823,0,test
1824,0,train
1825,0,train
1826,0,train
1827,0,train
1828,0,train
1829,0,train
1830,0,train
1831,0,train
1832,0,calib
1833,0,train
1834,0,train
1835,0,test
1836,0,train
1837,0,train
1838,0,train
1839,0,calib
1840,0,train
1841,0,calib
1842,0,calib
1843,1,train
1844,0,train
1845,0,train
1846,0,train
1847,0,test
1848,0,train
1849,0,calib
1850,0,train
1851,0,calib
1852,0,calib
1853,0,test
1854,0,test
1855,0,test
1856,0,calib
1857,0,test
1858,1,calib
1859,0,test
1860,0,calib
1861,0,train
1862,0,train
1863,0,calib
1864,0,train
1865,0,train
1866,0,calib
1867,0,calib
1868,0,train
1869,0,calib
1870,0,train
1871,0,train
1872,0,calib
1873,0,train
1874,0,train
1875,0,train
1876,0,train
1877,0,train
1878,0,train
1879,0,train
1880,0,train
1881,0,test
1882,0,calib
1883,0,train
1884,0,calib
1885,0,train
1886,0,test
1887,1,calib
1888,0,test
1889,0,test
1890,0,train
1891,0,train
1892,0,calib
1893,0,train
1894,0,train
1895,0,test
1896,0,train
1897,0,test
1898,0,train
1899,0,calib
1900,0,train
1901,0,test
1902,0,test
1903,0,test
1904,0,train
1905,0,calib
1906,0,train
1907,0,test
1908,0,test
1909,0,test
1910,0,train
1911,0,train
1912,0,train
1913,0,train
1914,0,train
1915,0,train
1916,1,test
1917,0,train
1918,0,test
1919,0,train
1920,0,test
1921,0,train
1922,0,train
1923,0,test
1924,0,train
1925,0,test
1926,0,train
1927,0,test
1928,0,test
1929,0,train
1930,1,train
1931,0,test
1932,0,train
1933,0,calib
1934,0,train
1935,0,test
1936,0,train
1937,0,train
1938,0,train
1939,0,calib
1940,0,calib
1941,0,train
1942,0,calib
1943,0,train
1944,0,calib
1945,1,train
1946,0,train
1947,0,train
1948,0,test
1949,0,train
1950,0,calib
1951,0,test
1952,0,train
1953,0,train
1954,0,train
1955,1,train
1956,0,train
1957,0,train
1958,0,test
1959,1,train
1960,0,train
1961,0,train
1962,0,test
1963,0,train
1964,0,test
1965,0,train
1966,0,calib
1967,0,train
1968,0,train
1969,0,calib
1970,0,calib
1971,0,test
1972,1,train
1973,0,test
1974,0,calib
1975,1,calib
1976,0,calib
1977,0,train
1978,0,test
1979,0,calib
1980,0,calib
1981,0,train
1982,0,train
1983,0,train
1984,0,calib
1985,0,train
1986,0,train
1987,1,calib
1988,0,train
1989,1,test
1990,1,train
1991,0,test
1992,0,train
1993,0,calib
1994,0,train
1995,0,calib
1996,0,train
1997,0,calib
1998,0,train
1999,0,test
2000,0,train
2001,0,test
2002,0,train
2003,0,calib
2004,1,train
2005,0,train
2006,1,train
2007,0,train
2008,0,train
2009,1,calib
2010,0,calib
2011,0,test
2012,0,train
2013,0,calib
2014,0,train
2015,0,test
2016,0,train
2017,0,train
2018,0,train
2019,0,test
2020,0,test
2021,0,calib
2022,0,train
2023,0,calib
2024,0,train
2025,0,train
2026,0,test
2027,0,calib
2028,0,train
2029,0,train
2030,0,train
2031,0,calib
2032,0,calib
2033,0,train
2034,0,train
2035,0,train
2036,0,test
2037,0,train
2038,0,train
2039,0,train
2040,0,train
2041,0,train
2042,0,train
2043,0,train
2044,0,test
2045,0,calib
2046,0,train
2047,0,train
2048,0,train
2049,0,train
2050,0,test
2051,0,train
2052,0,train
2053,0,calib
2054,0,test
2055,0,test
2056,0,train
2057,0,train
2058,0,train
2059,0,train
2060,0,train
2061,1,train
2062,0,train
2063,0,train
2064,0,calib
2065,0,train
2066,0,calib
2067,1,train
2068,0,calib
2069,0,test
2070,0,train
2071,0,train
2072,0,train
2073,0,train
2074,1,calib
2075,0,train
2076,0,test
2077,0,train
2078,0,test
2079,0,train
2080,0,train
2081,0,train
2082,0,train
2083,0,train
2084,0,train
2085,0,test
2086,0,calib
2087,0,train
2088,0,train
2089,1,train
2090,0,train
2091,0,train
2092,0,calib
2093,0,test
2094,0,calib
2095,0,train
2096,0,calib
2097,0,train
2098,1,train
2099,0,calib
2100,0,train
2101,0,train
2102,0,train
2103,0,calib
2104,0,calib
2105,0,calib
2106,0,train
2107,0,train
2108,0,calib
2109,0,test
2110,0,train
2111,0,train
2112,1,calib
2113,0,calib
2114,0,train
2115,0,calib
2116,0,train
2117,0,test
2118,0,calib
2119,0,test
2120,0,train
2121,0,calib
2122,0,train
2123,0,calib
2124,0,train
2125,0,calib
2126,0,train
2127,0,calib
2128,1,calib
2129,1,calib
2130,0,train
2131,0,train
2132,0,train
2133,0,train
2134,0,calib
2135,0,calib
2136,0,calib
2137,0,test
2138,0,calib
2139,0,train
2140,0,train
2141,0,train
2142,0,train
2143,0,test
2144,0,train
2145,0,train
2146,0,train
2147,1,train
2148,0,train
2149,1,test
2150,0,train
2151,0,calib
2152,0,train
2153,0,train
2154,0,train
2155,0,train
2156,0,train
2157,0,calib
2158,0,train
2159,0,train
2160,0,train
2161,0,calib
2162,0,calib
2163,0,train
2164,0,test
2165,0,train
2166,0,calib
2167,0,train
2168,0,train
2169,0,calib
2170,0,train
2171,0,train
2172,0,calib
2173,0,test
2174,0,train
2175,0,calib
2176,0,calib
2177,0,test
2178,1,train
2179,0,train
2180,0,test
2181,0,train
2182,0,train
2183,0,calib
2184,0,train
2185,0,calib
2186,0,train
2187,0,train
2188,0,train
2189,0,calib
2190,0,train
2191,0,test
2192,0,train
2193,0,train
2194,0,train
2195,0,calib
2196,0,train
2197,0,train
2198,0,test
2199,0,test
2200,0,train
2201,0,train
2202,0,train
2203,0,train
2204,0,calib
2205,0,calib
2206,0,train
2207,0,train
2208,0,test
2209,0,train
2210,1,train
2211,0,train
2212,0,train
2213,0,test
2214,0,train
2215,0,train
2216,0,train
2217,0,test
2218,0,train
2219,0,test
2220,0,test
2221,0,train
2222,0,calib
2223,0,calib
2224,0,test
2225,0,train
2226,0,train
2227,0,train
2228,0,train
2229,0,train
2230,0,test
2231,0,train
2232,0,train
2233,0,test
2234,0,train
2235,0,train
2236,0,calib
2237,0,train
2238,1,train
2239,0,calib
2240,0,train
2241,1,calib
2242,0,calib
2243,0,train
2244,0,test
2245,0,test
2246,0,train
2247,0,calib
2248,0,calib
2249,0,test
2250,0,calib
2251,0,calib
2252,0,calib
2253,0,train
2254,0,train
2255,0,calib
2256,0,test
2257,0,train
2258,0,train
2259,0,calib
2260,0,train
2261,0,train
2262,0,test
2263,0,train
2264,0,test
2265,0,train
2266,0,train
2267,0,train
2268,0,test
2269,0,train
2270,0,train
2271,0,train
2272,0,test
2273,0,train
2274,0,train
2275,0,test
2276,0,train
2277,0,calib
2278,0,calib
2279,0,calib
2280,0,train
2281,0,calib
2282,0,test
2283,0,train
2284,0,train
2285,1,train
2286,0,train
2287,0,calib
2288,1,train
2289,0,test
2290,0,train
2291,0,test
2292,0,test
2293,0,test
2294,0,train
2295,0,train
2296,0,test
2297,0,test
2298,0,train
2299,0,test
2300,0,train
2301,0,train
2302,0,calib
2303,0,train
2304,0,train
2305,0,train
2306,0,calib
2307,0,train
2308,0,train
2309,0,calib
2310,0,test
2311,0,calib
2312,0,train
2313,0,calib
2314,0,test
2315,0,train
2316,0,train
2317,0,train
2318,0,train
2319,0,calib
2320,0,train
2321,0,test
2322,0,calib
2323,0,train
2324,0,train
2325,0,train
2326,0,train
2327,0,train
2328,0,train
2329,0,train
2330,0,calib
2331,0,train
2332,0,train
2333,0,train
2334,0,train
2335,0,train
2336,0,calib
2337,0,test
2338,0,train
2339,0,calib
2340,0,train
2341,0,train
2342,0,test
2343,0,test
2344,0,train
2345,0,train
2346,0,test
2347,0,train
2348,0,calib
2349,0,train
2350,0,train
2351,1,test
2352,0,test
2353,0,train
2354,0,train
2355,0,train
2356,0,train
2357,0,train
2358,0,train
2359,0,train
2360,0,train
2361,0,train
2362,0,calib
2363,0,test
2364,0,test
2365,0,train
2366,0,train
2367,0,test
2368,0,test
2369,0,calib
2370,0,calib
2371,0,train
2372,0,train
2373,0,train
2374,0,test
2375,1,test
2376,0,train
2377,0,calib
2378,0,train
2379,0,test
2380,0,train
2381,0,train
2382,0,test
2383,0,calib
2384,0,train
2385,1,train
2386,0,test
2387,0,test
2388,1,train
2389,0,train
2390,0,test
2391,0,calib
2392,0,train
2393,0,train
2394,0,calib
2395,0,calib
2396,0,train
2397,0,train
2398,0,train
2399,0,train
2400,1,test
2401,0,train
2402,0,train
2403,0,calib
2404,0,train
2405,0,test
2406,0,train
2407,0,train
2408,0,train
2409,0,train
2410,0,train
2411,0,test
2412,0,test
2413,0,calib
2414,0,train
2415,0,train
2416,0,train
2417,0,calib
2418,0,train
2419,0,train
2420,0,train
2421,0,train
2422,0,train
2423,0,calib
2424,0,train
2425,0,calib
2426,1,calib
2427,0,train
2428,0,train
2429,0,train
2430,0,train
2431,0,calib
2432,0,train
2433,0,test
2434,0,train
2435,0,test
2436,0,train
2437,0,train
2438,0,train
2439,0,train
2440,0,calib
2441,0,train
2442,0,train
2443,1,train
2444,0,calib
2445,0,test
2446,0,train
2447,0,train
2448,0,train
2449,0,test
2450,0,calib
2451,0,train
2452,0,train
2453,0,train
2454,0,train
2455,0,calib
2456,0,train
2457,0,test
2458,0,train
2459,0,train
2460,0,train
2461,0,test
2462,0,train
2463,0,train
2464,0,train
2465,0,test
2466,0,calib
2467,0,calib
2468,0,train
2469,0,test
2470,0,test
2471,0,test
2472,0,calib
2473,0,train
2474,0,train
2475,0,train
2476,0,calib
2477,0,train
2478,1,train
2479,0,calib
2480,0,train
2481,0,test
2482,1,test
2483,0,train
2484,0,train
2485,0,train
2486,0,test
2487,0,calib
2488,0,train
2489,0,test
2490,0,train
2491,0,train
2492,0,test
2493,0,train
2494,0,train
2495,1,test
2496,0,test
2497,0,train
2498,0,train
2499,0,test
2500,0,calib
2501,0,test
2502,0,calib
2503,0,train
2504,0,calib
2505,0,train
2506,0,calib
2507,0,train
2508,0,train
2509,0,train
2510,0,train
2511,0,train
2512,1,train
2513,0,train
2514,0,train
2515,0,train
2516,0,train
2517,0,test
2518,0,test
2519,0,test
2520,0,train
2521,0,train
2522,0,train
2523,0,train
2524,0,calib
2525,0,calib
2526,0,calib
2527,0,test
2528,0,train
2529,0,calib
2530,0,train
2531,0,train
2532,0,train
2533,1,train
2534,0,train
2535,0,train
2536,1,calib
2537,0,train
2538,0,train
2539,1,train
2540,1,calib
2541,0,train
2542,0,train
2543,0,train
2544,0,train
2545,0,train
2546,0,test
2547,0,calib
2548,0,calib
2549,0,train
2550,0,train
2551,0,train
2552,0,train
2553,0,train
2554,0,train
2555,0,train
2556,0,train
2557,0,calib
2558,0,calib
2559,0,train
2560,1,train
2561,0,train
2562,0,train
2563,0,test
2564,0,train
2565,0,train
2566,1,train
2567,0,train
2568,0,train
2569,0,calib
2570,0,train
2571,1,test
2572,0,test
2573,0,train
2574,0,calib
2575,0,train
2576,0,train
2577,0,calib
2578,0,train
2579,0,train
2580,0,train
2581,0,test
2582,0,train
2583,0,train
2584,0,train
2585,0,calib
2586,0,test
2587,0,test
2588,0,test
2589,0,calib
2590,0,calib
2591,0,train
2592,0,train
2593,0,train
2594,1,test
2595,0,calib
2596,0,train
2597,0,train
2598,0,test
2599,0,train
2600,0,test
2601,0,calib
2602,0,train
2603,0,calib
2604,0,calib
2605,1,train
2606,0,calib
2607,0,train
2608,0,train
2609,0,train
2610,0,test
2611,0,train
2612,0,calib
2613,0,train
2614,0,calib
2615,0,test
2616,0,train
2617,0,train
2618,0,train
2619,0,train
2620,0,calib
2621,0,calib
2622,0,train
2623,0,train
2624,0,train
2625,0,test
2626,0,test
2627,1,train
2628,0,train
2629,0,calib
2630,0,test
2631,0,calib
2632,0,calib
2633,0,train
2634,0,calib
2635,0,train
2636,0,train
2637,0,calib
2638,0,test
2639,0,train
2640,0,train
2641,0,train
2642,0,train
2643,0,train
2644,0,test
2645,0,train
2646,0,calib
2647,0,test
2648,0,train
2649,0,train
2650,0,train
2651,0,train
2652,0,train
2653,0,calib
2654,0,test
2655,0,train
2656,0,calib
2657,0,test
2658,0,train
2659,0,calib
2660,0,train
2661,0,calib
2662,0,train
2663,0,test
2664,0,train
2665,0,train
2666,0,train
2667,0,calib
2668,0,train
2669,0,train
2670,0,test
2671,0,train
2672,0,train
2673,0,train
2674,0,train
2675,0,test
2676,0,train
2677,0,train
2678,0,calib
2679,0,calib
2680,0,test
2681,0,train
2682,0,calib
2683,1,train
2684,0,calib
2685,0,train
2686,0,test
2687,0,train
2688,0,train
2689,0,train
2690,0,test
2691,0,train
2692,0,test
2693,0,train
2694,0,train
2695,0,train
2696,0,train
2697,1,train
2698,0,train
2699,0,test
2700,0,train
2701,0,train
2702,0,calib
2703,0,train
2704,0,train
2705,0,train
2706,0,train
2707,0,train
2708,0,calib
2709,0,test
2710,0,train
2711,0,calib
2712,0,test
2713,0,train
2714,0,train
2715,0,test
2716,0,train
2717,0,calib
2718,0,train
2719,0,test
2720,0,test
2721,0,train
2722,0,test
2723,0,train
2724,0,train
2725,0,calib
2726,0,calib
2727,0,train
2728,0,calib
2729,0,train
2730,0,test
2731,0,test
2732,0,calib
2733,0,train
2734,0,calib
2735,0,train
2736,0,train
2737,0,train
2738,0,test
2739,0,calib
2740,0,calib
2741,0,train
2742,0,test
2743,0,train
2744,0,train
2745,0,test
2746,0,train
2747,0,train
2748,0,test
2749,1,train
2750,0,train
2751,0,calib
2752,0,train
2753,0,train
2754,0,train
2755,0,test
2756,0,train
2757,0,train
2758,0,train
2759,0,train
2760,0,calib
2761,0,train
2762,0,test
2763,0,test
2764,0,calib
2765,0,train
2766,1,train
2767,0,train
2768,0,test
2769,0,train
2770,1,test
2771,0,test
2772,0,calib
2773,0,test
2774,0,train
2775,0,train
2776,0,calib
2777,0,train
2778,0,test
2779,0,train
2780,0,train
2781,0,calib
2782,0,test
2783,0,test
2784,0,calib
2785,0,test
2786,0,train
2787,0,test
2788,0,test
2789,0,train
2790,0,train
2791,0,train
2792,0,train
2793,0,calib
2794,0,train
2795,0,train
2796,0,calib
2797,1,train
2798,0,train
2799,0,train
2800,0,train
2801,0,calib
2802,0,calib
2803,0,train
2804,0,train
2805,0,calib
2806,0,test
2807,0,train
2808,0,train
2809,0,train
2810,0,train
2811,0,train
2812,0,train
2813,0,train
2814,0,calib
2815,0,calib
2816,0,calib
2817,0,train
2818,0,train
2819,0,test
2820,0,calib
2821,0,test
2822,0,calib
2823,0,calib
2824,0,calib
2825,0,train
2826,0,calib
2827,0,train
2828,0,train
2829,0,train
2830,0,train
2831,0,train
2832,0,train
2833,0,train
2834,0,train
2835,0,train
2836,0,train
2837,0,train
2838,0,test
2839,0,train
2840,0,train
2841,1,train
2842,0,train
2843,0,train
2844,0,test
2845,0,train
2846,0,train
2847,0,train
2848,0,calib
2849,0,train
2850,0,train
2851,0,test
2852,0,train
2853,0,train
2854,0,train
2855,0,train
2856,0,calib
2857,0,test
2858,0,train
2859,0,train
2860,1,test
2861,0,calib
2862,0,train
2863,0,train
2864,0,train
2865,0,test
2866,0,test
2867,0,train
2868,0,train
2869,0,train
2870,0,train
2871,0,test
2872,0,train
2873,0,calib
2874,0,test
2875,0,train
2876,0,test
2877,0,train
2878,0,train
2879,0,test
2880,0,calib
2881,0,train
2882,0,test
2883,0,test
2884,0,test
2885,0,calib
2886,0,train
2887,1,train
2888,0,train
2889,0,train
2890,0,test
2891,0,calib
2892,1,train
2893,0,calib
2894,0,train
2895,0,test
2896,0,calib
2897,0,train
2898,0,calib
2899,0,calib
2900,0,calib
2901,0,train
2902,0,train
2903,1,train
2904,0,test
2905,0,test
2906,0,train
2907,0,train
2908,0,train
2909,0,train
2910,0,train
2911,0,test
2912,0,test
2913,0,test
2914,0,calib
2915,0,train
2916,0,calib
2917,0,calib
2918,0,calib
2919,0,test
2920,0,calib
2921,0,train
2922,0,test
2923,0,train
2924,0,train
2925,0,calib
2926,1,train
2927,0,train
2928,0,train
2929,0,calib
2930,0,train
2931,0,train
2932,0,train
2933,0,calib
2934,0,train
2935,0,calib
2936,0,train
2937,1,train
2938,0,test
2939,0,calib
2940,0,test
2941,0,calib
2942,0,test
2943,0,test
2944,0,calib
2945,0,train
2946,0,train
2947,0,train
2948,0,train
2949,0,calib
2950,0,test
2951,0,train
2952,0,test
2953,0,train
2954,0,test
2955,0,train
2956,0,calib
2957,0,calib
2958,0,train
2959,0,test
2960,0,train
2961,0,train
2962,0,calib
2963,0,train
2964,0,train
2965,0,train
2966,0,train
2967,0,train
2968,0,calib
2969,0,test
2970,0,train
2971,0,calib
2972,0,train
2973,0,test
2974,0,test
2975,0,train
2976,0,train
2977,0,train
2978,0,test
2979,0,test
2980,0,test
2981,0,train
2982,0,calib
2983,0,train
2984,0,train
2985,0,train
2986,0,train
2987,0,train
2988,0,test
2989,0,train
2990,1,calib
2991,0,train
2992,0,test
2993,0,train
2994,0,train
2995,0,train
2996,0,train
2997,0,train
2998,0,train
2999,0,calib
3000,0,calib
3001,1,train
3002,0,train
3003,1,calib
3004,1,test
3005,0,train
3006,0,train
3007,0,train
3008,0,train
3009,1,calib
3010,0,train
3011,0,train
3012,0,calib
3013,1,train
3014,0,calib
3015,0,calib
3016,1,train
3017,1,calib
3018,0,test
3019,0,train
3020,0,train
3021,0,train
3022,0,test
3023,0,calib
3024,0,train
3025,0,train
3026,1,train
3027,1,train
3028,0,calib
3029,0,train
3030,0,train
3031,0,test
3032,0,train
3033,0,test
3034,1,train
3035,0,calib
3036,0,test
3037,1,train
3038,0,train
3039,0,train
3040,1,train
3041,1,train
3042,0,train
3043,0,test
3044,0,train
3045,0,train
3046,0,test
3047,1,train
3048,0,train
3049,0,train
3050,0,train
3051,0,test
3052,1,test
3053,0,test
3054,0,test
3055,0,calib
3056,0,train
3057,1,calib
3058,1,test
3059,0,train
3060,1,train
3061,1,train
3062,1,train
3063,0,calib
3064,1,test
3065,0,train
3066,0,calib
3067,0,train
3068,1,calib
3069,1,train
3070,0,train
3071,0,train
3072,0,calib
3073,1,train
3074,0,test
3075,1,train
3076,0,train
3077,0,train
3078,1,test
3079,0,train
3080,0,train
3081,0,train
3082,1,train
3083,0,train
3084,0,train
3085,1,train
3086,0,train
3087,1,train
3088,0,test
3089,1,calib
3090,1,train
3091,1,train
3092,0,train
3093,1,train
3094,0,train
3095,1,train
3096,0,test
3097,1,train
3098,0,calib
3099,0,train
3100,0,train
3101,0,calib
3102,1,train
3103,1,train
3104,1,train
3105,0,train
3106,0,train
3107,0,calib
3108,0,train
3109,1,test
3110,1,train
3111,0,train
3112,0,calib
3113,0,train
3114,0,test
3115,0,train
3116,0,calib
3117,0,train
3118,1,train
3119,1,train
3120,0,train
3121,0,calib
3122,1,train
3123,0,train
3124,1,test
3125,0,calib
3126,0,test
3127,0,test
3128,0,train
3129,0,train
3130,0,train
3131,0,test
3132,0,train
3133,0,train
3134,0,train
3135,0,train
3136,0,train
3137,0,train
3138,1,test
3139,0,train
3140,0,train
3141,1,test
3142,0,train
3143,0,train
3144,0,train
3145,0,calib
3146,0,train
3147,1,train
3148,1,calib
3149,0,train
3150,0,train
3151,0,calib
3152,1,train
3153,0,train
3154,0,train
3155,0,train
3156,1,train
3157,0,train
3158,0,train
3159,1,test
3160,0,test
3161,1,train
3162,1,test
3163,0,test
3164,1,calib
3165,1,train
3166,1,train
3167,0,train
3168,1,train
3169,1,train
3170,0,calib
3171,0,train
3172,0,train
3173,1,train
3174,1,train
3175,0,calib
3176,0,train
3177,0,test
3178,0,train
3179,1,train
3180,0,train
3181,1,train
3182,1,train
3183,0,test
3184,0,train
3185,0,test
3186,0,test
3187,1,train
3188,1,train
3189,0,train
3190,1,train
3191,1,train
3192,0,train
3193,1,train
3194,0,train
3195,0,test
3196,0,train
3197,0,train
3198,0,calib
3199,1,train
3200,0,calib
3201,1,calib
3202,0,test
3203,0,train
3204,0,calib
3205,1,train
3206,0,train
3207,0,test
3208,1,calib
3209,1,test
3210,0,calib
3211,1,test
3212,0,train
3213,0,train
3214,0,train
3215,0,test
3216,0,calib
3217,0,calib
3218,1,train
3219,0,train
3220,0,train
3221,0,test
3222,0,train
3223,0,train
3224,0,train
3225,0,train
3226,1,train
3227,1,test
3228,0,calib
3229,0,train
3230,0,test
3231,1,train
3232,1,train
3233,1,calib
3234,0,test
3235,1,test
3236,0,calib
3237,0,test
3238,0,test
3239,1,calib
3240,0,train
3241,0,test
3242,1,train
3243,1,test
3244,0,train
3245,1,test
3246,1,train
3247,0,train
3248,1,train
3249,0,calib
3250,0,test
3251,0,train
3252,0,train
3253,1,train
3254,0,train
3255,0,calib
3256,0,train
3257,0,train
3258,1,test
3259,1,train
3260,0,train
3261,0,train
3262,1,calib
3263,0,train
3264,1,train
3265,1,calib
3266,0,train
3267,0,train
3268,1,test
3269,1,calib
3270,1,train
3271,0,test
3272,0,train
3273,0,train
3274,1,calib
3275,0,train
3276,1,train
3277,1,calib
3278,0,train
3279,0,train
3280,1,train
3281,1,train
3282,1,calib
3283,0,train
3284,1,train
3285,0,train
3286,0,train
3287,0,train
3288,0,test
3289,0,train
3290,0,train
3291,0,train
3292,1,test
3293,0,calib
3294,0,calib
3295,1,train
3296,0,test
3297,0,calib
3298,1,train
3299,0,calib
3300,1,calib
3301,0,calib
3302,0,train
3303,0,train
3304,1,train
3305,0,train
3306,1,train
3307,0,train
3308,0,train
3309,0,test
3310,0,train
3311,0,calib
3312,0,calib
3313,1,calib
3314,0,calib
3315,0,test
3316,0,train
3317,0,test
3318,0,train
3319,0,calib
3320,0,train
3321,0,train
3322,1,test
3323,1,train
3324,0,train
3325,0,calib
3326,1,test
3327,1,test
3328,1,train
3329,0,calib
3330,0,train
3331,1,test
3332,0,calib
3333,0,train
3334,1,train
3335,0,train
3336,0,test
3337,1,train
3338,0,test
3339,1,train
3340,0,train
3341,1,train
3342,0,train
3343,0,train
3344,0,test
3345,0,train
3346,1,test
3347,0,train
3348,0,train
3349,1,train
3350,0,train
3351,1,train
3352,1,train
3353,0,test
3354,0,train
3355,0,train
3356,0,calib
3357,1,test
3358,1,calib
3359,1,train
3360,0,train
3361,0,train
3362,1,train
3363,1,train
3364,0,train
3365,1,train
3366,1,train
3367,0,train
3368,0,train
3369,0,train
3370,0,train
3371,1,train
3372,1,calib
3373,0,train
3374,0,test
3375,0,calib
3376,0,train
3377,0,test
3378,0,train
3379,1,calib
3380,0,test
3381,1,train
3382,0,train
3383,0,test
3384,0,test
3385,0,train
3386,0,test
3387,0,test
3388,1,train
3389,1,test
3390,1,calib
3391,0,train
3392,0,train
3393,1,train
3394,0,train
3395,1,calib
3396,0,test
3397,1,train
3398,0,test
3399,1,calib
3400,1,train
3401,0,test
3402,1,train
3403,1,calib
3404,0,train
3405,1,train
3406,0,calib
3407,0,test
3408,0,train
3409,0,train
3410,0,calib
3411,1,calib
3412,0,calib
3413,0,train
3414,0,train
3415,0,train
3416,0,calib
3417,1,test
3418,1,train
3419,0,train
3420,0,train
3421,1,calib
3422,0,calib
3423,0,train
3424,0,train
3425,1,train
3426,1,train
3427,0,test
3428,0,calib
3429,0,train
3430,0,calib
3431,0,train
3432,1,train
3433,0,train
3434,0,train
3435,1,train
3436,0,test
3437,1,calib
3438,0,test
3439,1,train
3440,0,train
3441,1,calib
3442,0,train
3443,1,train
3444,1,test
3445,0,train
3446,1,train
3447,1,train
3448,0,train
3449,0,test
3450,0,test
3451,1,calib
3452,1,calib
3453,1,train
3454,1,train
3455,0,train
3456,0,calib
3457,1,test
3458,0,train
3459,0,train
3460,0,train
3461,0,train
3462,0,test
3463,1,train
3464,0,train
3465,1,calib
3466,0,train
3467,0,test
3468,1,train
3469,1,test
3470,0,test
3471,0,train
3472,0,train
3473,1,test
3474,0,train
3475,0,train
3476,0,train
3477,1,train
3478,0,test
3479,1,train
3480,0,calib
3481,0,test
3482,0,train
3483,1,calib
3484,1,calib
3485,0,train
3486,0,train
3487,0,test
3488,1,train
3489,0,train
3490,1,train
3491,0,train
3492,1,train
3493,0,train
3494,0,train
3495,0,calib
3496,1,train
3497,0,train
3498,0,train
3499,0,train
3500,1,train
3501,0,train
3502,0,test
3503,0,train
3504,0,test
3505,0,test
3506,1,test
3507,0,calib
3508,1,test
3509,0,calib
3510,0,calib
3511,1,train
3512,0,calib
3513,1,train
3514,0,train
3515,1,train
3516,0,train
3517,0,test
3518,0,train
3519,0,calib
3520,0,train
3521,1,test
3522,1,train
3523,0,train
3524,0,train
3525,1,train
3526,0,train
3527,0,test
3528,0,train
3529,0,train
3530,0,train
3531,1,train
3532,0,train
3533,1,train
3534,0,train
3535,0,train
3536,1,test
3537,0,train
3538,0,test
3539,1,calib
3540,0,test
3541,0,test
3542,0,test
3543,1,calib
3544,1,train
3545,0,test
3546,0,train
3547,1,test
3548,0,train
3549,0,train
3550,0,calib
3551,0,train
3552,0,calib
3553,0,train
3554,1,train
3555,0,test
3556,1,train
3557,1,calib
3558,0,train
3559,1,train
3560,1,train
3561,0,train
3562,0,calib
3563,0,test
3564,0,test
3565,1,train
3566,0,calib
3567,1,train
3568,0,train
3569,0,calib
3570,1,train
3571,0,calib
3572,1,test
3573,0,train
3574,0,test
3575,0,train
3576,0,calib
3577,0,train
3578,0,calib
3579,0,train
3580,0,train
3581,1,train
3582,0,train
3583,1,test
3584,0,train
3585,0,calib
3586,0,train
3587,0,train
3588,0,train
3589,0,train
3590,1,calib
3591,0,train
3592,0,train
3593,0,train
3594,1,train
3595,0,calib
3596,0,test
3597,1,train
3598,0,calib
3599,1,train
3600,0,calib
3601,0,train
3602,0,test
3603,0,train
3604,1,train
3605,1,calib
3606,1,train
3607,1,train
3608,1,train
3609,0,train
3610,1,test
3611,0,calib
3612,0,calib
3613,0,test
3614,1,train
3615,0,train
3616,1,calib
3617,0,train
3618,0,calib
3619,0,test
3620,0,train
3621,1,calib
3622,1,train
3623,0,test
3624,0,train
3625,1,calib
3626,0,train
3627,1,train
3628,0,train
3629,0,train
3630,1,train
3631,0,train
3632,1,train
3633,1,calib
3634,0,train
3635,1,test
3636,0,test
3637,0,train
3638,0,calib
3639,0,calib
3640,0,train
3641,0,train
3642,0,train
3643,0,train
3644,1,train
3645,0,train
3646,0,train
3647,1,calib
3648,1,train
3649,1,train
3650,0,train
3651,0,train
3652,1,train
3653,1,train
3654,1,train
3655,0,train
3656,1,calib
3657,0,train
3658,1,train
3659,0,train
3660,0,train
3661,1,train
3662,0,train
3663,1,train
3664,0,train
3665,0,calib
3666,0,train
3667,1,train
3668,0,train
3669,0,train
3670,1,train
3671,0,train
3672,0,train
3673,0,test
3674,0,train
3675,1,calib
3676,0,test
3677,0,test
3678,0,train
3679,1,train
3680,0,calib
3681,0,train
3682,0,calib
3683,1,calib
3684,1,train
3685,0,train
3686,1,test
3687,1,train
3688,0,test
3689,0,train
3690,0,calib
3691,0,test
3692,1,train
3693,0,test
3694,1,test
3695,0,train
3696,0,train
3697,1,test
3698,0,test
3699,1,train
3700,0,calib
3701,1,train
3702,0,train
3703,1,train
3704,1,train
3705,0,calib
3706,0,calib
3707,1,train
3708,1,test
3709,0,train
3710,1,train
3711,0,calib
3712,0,train
3713,1,calib
3714,0,train
3715,0,train
3716,0,calib
3717,0,test
3718,1,train
3719,0,train
3720,0,train
3721,0,test
3722,0,train
3723,0,test
3724,1,calib
3725,1,train
3726,1,calib
3727,0,test
3728,0,train
3729,0,calib
3730,0,calib
3731,0,train
3732,0,calib
3733,0,train
3734,1,train
3735,0,train
3736,0,test
3737,1,train
3738,1,calib
3739,1,train
3740,0,calib
3741,1,calib
3742,1,train
3743,0,train
3744,0,train
3745,0,test
3746,1,train
3747,0,train
3748,0,train
3749,0,train
3750,1,train
3751,1,calib
3752,0,train
3753,1,train
3754,1,train
3755,1,test
3756,0,train
3757,0,train
3758,1,train
3759,0,train
3760,0,train
3761,0,train
3762,0,train
3763,0,calib
3764,0,train
3765,0,calib
3766,0,train
3767,0,train
3768,0,test
3769,0,train
3770,0,train
3771,0,train
3772,0,train
3773,0,calib
3774,0,train
3775,1,train
3776,0,calib
3777,0,train
3778,0,train
3779,0,train
3780,0,train
3781,1,train
3782,0,train
3783,1,test
3784,0,train
3785,0,test
3786,0,train
3787,1,test
3788,0,calib
3789,0,train
3790,1,train
3791,0,train
3792,1,train
3793,0,train
3794,1,train
3795,0,train
3796,1,train
3797,0,calib
3798,0,train
3799,0,train
3800,0,train
3801,1,test
3802,0,train
3803,0,train
3804,1,test
3805,0,test
3806,1,train
3807,0,train
3808,1,test
3809,0,train
3810,1,calib
3811,0,test
3812,0,train
3813,0,train
3814,1,test
3815,1,test
3816,0,test
3817,0,train
3818,0,train
3819,0,test
3820,0,test
3821,0,calib
3822,1,train
3823,0,train
3824,0,train
3825,0,train
3826,1,train
3827,0,train
3828,0,test
3829,1,train
3830,0,train
3831,1,calib
3832,0,calib
3833,1,train
3834,1,train
3835,1,train
3836,0,calib
3837,0,test
3838,0,train
3839,0,train
3840,1,train
3841,0,train
3842,0,train
3843,1,test
3844,0,train
3845,1,test
3846,0,test
3847,0,train
3848,0,train
3849,0,train
3850,0,train
3851,0,train
3852,1,train
3853,0,train
3854,1,calib
3855,0,train
3856,0,train
3857,0,test
3858,1,train
3859,1,test
3860,0,test
3861,0,train
3862,0,calib
3863,0,train
3864,1,train
3865,1,calib
3866,0,calib
3867,0,test
3868,1,train
3869,1,train
3870,0,calib
3871,1,test
3872,1,train
3873,1,test
3874,1,train
3875,0,train
3876,1,calib
3877,0,train
3878,1,test
3879,1,train
3880,0,calib
3881,1,train
3882,1,calib
3883,0,train
3884,0,train
3885,1,train
3886,0,test
3887,1,train
3888,0,train
3889,1,test
3890,1,train
3891,0,train
3892,1,train
3893,0,train
3894,1,train
3895,1,train
3896,0,train
3897,0,calib
3898,1,train
3899,0,calib
3900,1,calib
3901,1,train
3902,1,train
3903,1,test
3904,1,train
3905,1,train
3906,1,train
3907,1,train
3908,1,train
3909,1,train
3910,0,calib
3911,1,train
3912,1,train
3913,1,train
3914,0,test
3915,0,train
3916,0,train
3917,1,train
3918,1,train
3919,1,train
3920,0,calib
3921,1,train
3922,0,calib
3923,0,train
3924,0,train
3925,1,train
3926,1,calib
3927,1,test
3928,0,test
3929,1,train
3930,1,calib
3931,1,test
3932,1,train
3933,1,train
3934,1,train
3935,1,train
3936,1,test
3937,0,calib
3938,0,train
3939,1,test
3940,1,train
3941,1,train
3942,0,train
3943,0,train
3944,1,train
3945,0,calib
3946,1,train
3947,1,train
3948,0,train
3949,1,test
3950,1,train
3951,1,train
3952,1,calib
3953,1,calib
3954,1,train
3955,1,train
3956,1,calib
3957,1,test
3958,0,test
3959,1,train
3960,1,train
3961,0,train
3962,1,train
3963,1,train
3964,1,test
3965,1,train
3966,1,test
3967,1,test
3968,1,train
3969,1,calib
3970,1,train
3971,1,train
3972,0,train
3973,0,train
3974,1,train
3975,1,train
3976,1,calib
3977,1,train
3978,1,train
3979,0,calib
3980,1,train
3981,1,train
3982,1,test
3983,1,train
3984,0,train
3985,1,test
3986,1,train
3987,1,train
3988,1,test
3989,0,train
3990,1,train
3991,1,train
3992,1,train
3993,1,train
3994,1,calib
3995,1,test
3996,1,train
3997,1,calib
3998,0,test
3999,1,train
4000,0,train
4001,1,train
4002,0,train
4003,0,calib
4004,1,train
4005,1,train
4006,0,train
4007,1,train
4008,0,test
4009,0,train
4010,0,calib
4011,1,train
4012,0,calib
4013,1,test
4014,1,train
4015,1,train
4016,1,train
4017,1,test
4018,0,train
4019,0,train
4020,1,calib
4021,1,train
4022,1,calib
4023,1,calib
4024,1,test
4025,1,calib
4026,1,train
4027,1,train
4028,1,test
4029,1,calib
4030,1,test
4031,1,test
4032,1,train
4033,0,train
4034,1,calib
4035,1,train
4036,1,train
4037,1,train
4038,1,calib
4039,0,train
4040,1,train
4041,0,train
4042,1,train
4043,1,train
4044,1,train
4045,1,train
4046,1,train
4047,0,train
4048,1,test
4049,1,train
4050,1,calib
4051,1,calib
4052,1,train
4053,1,train
4054,0,calib
4055,1,test
4056,1,train
4057,1,train
4058,1,test
4059,0,train
4060,1,calib
4061,0,test
4062,0,calib
4063,1,train
4064,1,calib
4065,1,train
4066,1,train
4067,1,train
4068,0,train
4069,1,test
4070,1,calib
4071,1,train
4072,1,test
4073,0,train
4074,0,train
4075,1,train
4076,0,calib
4077,0,train
4078,1,train
4079,1,train
4080,1,train
4081,1,train
4082,1,train
4083,1,train
4084,1,train
4085,1,test
4086,1,train
4087,0,train
4088,1,train
4089,0,calib
4090,1,train
4091,1,calib
4092,0,test
4093,0,train
4094,1,train
4095,0,calib
4096,0,calib
4097,1,train
4098,1,calib
4099,1,train
4100,1,train
4101,1,train
4102,1,test
4103,0,test
4104,1,test
4105,0,train
4106,1,train
4107,0,train
4108,1,train
4109,0,calib
4110,1,test
4111,1,calib
4112,1,train
4113,0,train
4114,1,train
4115,1,train
4116,1,train
4117,1,train
4118,1,train
4119,1,train
4120,1,train
4121,0,train
4122,1,train
4123,1,test
4124,0,train
4125,1,train
4126,1,train
4127,0,test
4128,1,test
4129,0,train
4130,1,test
4131,1,train
4132,1,test
4133,1,test
4134,0,train
4135,1,train
4136,1,train
4137,1,train
4138,0,train
4139,1,train
4140,1,train
4141,0,train
4142,0,train
4143,1,train
4144,1,calib
4145,1,train
4146,1,train
4147,1,train
4148,1,test
4149,1,test
4150,0,train
4151,1,train
4152,1,train
4153,1,train
4154,0,train
4155,0,test
4156,0,train
4157,1,test
4158,1,train
4159,0,train
4160,1,test
4161,0,calib
4162,1,calib
4163,1,train
4164,1,test
4165,0,train
4166,1,train
4167,1,train
4168,1,train
4169,1,train
4170,1,calib
4171,1,train
4172,1,train
4173,1,train
4174,1,train
4175,1,train
4176,0,calib
4177,1,calib
4178,1,test
4179,0,test
4180,1,train
4181,1,train
4182,1,train
4183,0,train
4184,1,train
4185,1,train
4186,0,test
4187,0,train
4188,1,calib
4189,1,train
4190,1,calib
4191,1,train
4192,1,train
4193,1,calib
4194,1,test
4195,0,train
4196,1,train
4197,0,train
4198,1,train
4199,1,calib
4200,1,test
4201,1,calib
4202,1,train
4203,1,calib
4204,1,train
4205,1,train
4206,1,test
4207,1,calib
4208,1,train
4209,1,test
4210,1,train
4211,1,train
4212,1,train
4213,1,test
4214,1,train
4215,1,test
4216,1,test
4217,1,train
4218,1,train
4219,1,calib
4220,1,train
4221,1,test
4222,1,train
4223,1,train
4224,0,test
4225,1,test
4226,1,calib
4227,1,train
4228,1,calib
4229,1,test
4230,1,train
4231,1,calib
4232,1,calib
4233,1,train
4234,1,train
4235,1,train
4236,1,train
4237,1,train
4238,1,train
4239,1,train
4240,1,test
4241,1,train
4242,1,train
4243,1,calib
4244,1,test
4245,1,train
4246,1,train
4247,1,calib
4248,1,calib
4249,1,train
4250,1,test
4251,1,train
4252,1,train
4253,0,train
4254,1,train
4255,1,train
4256,1,train
4257,1,train
4258,1,train
4259,1,calib
4260,1,train
4261,1,train
4262,1,train
4263,1,train
4264,1,test
4265,1,train
4266,1,train
4267,1,train
4268,1,train
4269,1,test
4270,1,train
4271,1,test
4272,1,train
4273,1,train
4274,1,train
4275,1,test
4276,0,train
4277,1,train
4278,1,test
4279,1,calib
4280,1,test
4281,1,train
4282,1,train
4283,0,train
4284,1,train
4285,1,train
4286,1,train
4287,1,train
4288,1,train
4289,1,test
4290,1,test
4291,0,train
4292,1,test
4293,1,train
4294,1,train
4295,1,train
4296,1,test
4297,1,test
4298,1,test
4299,1,train
4300,1,train
4301,1,test
4302,1,train
4303,1,calib
4304,1,test
4305,0,train
4306,1,train
4307,1,calib
4308,1,test
4309,1,train
4310,1,train
4311,1,train
4312,1,calib
4313,1,train
4314,1,train
4315,1,calib
4316,1,train
4317,1,train
4318,1,train
4319,1,test
4320,1,train
4321,1,train
4322,1,train
4323,1,train
4324,1,test
4325,1,train
4326,0,train
4327,1,test
4328,1,train
4329,1,train
4330,1,train
4331,1,calib
4332,1,calib
4333,1,train
4334,1,test
4335,1,train
4336,1,train
4337,1,train
4338,1,train
4339,1,test
4340,1,train
4341,0,train
4342,1,train
4343,1,train
4344,1,train
4345,1,calib
4346,1,test
4347,1,train
4348,1,train
4349,1,test
4350,1,train
4351,1,calib
4352,1,train
4353,1,train
4354,1,train
4355,1,train
4356,1,train
4357,0,train
4358,1,train
4359,1,train
4360,1,calib
4361,1,train
4362,1,train
4363,1,train
4364,1,test
4365,1,train
4366,1,train
4367,1,train
4368,1,train
4369,1,calib
4370,1,train
4371,1,train
4372,1,train
4373,1,train
4374,1,calib
4375,0,train
4376,1,train
4377,1,train
4378,1,train
4379,0,train
4380,0,test
4381,1,test
4382,1,train
4383,1,test
4384,1,train
4385,1,train
4386,1,calib
4387,1,train
4388,1,train
4389,1,calib
4390,1,train
4391,1,calib
4392,1,test
4393,1,calib
4394,1,train
4395,1,train
4396,0,calib
4397,1,train
4398,1,train
4399,1,test
4400,1,train
4401,1,train
4402,1,train
4403,1,test
4404,1,calib
4405,1,calib
4406,1,train
4407,1,train
4408,1,train
4409,1,calib
4410,0,train
4411,1,calib
4412,1,calib
4413,1,train
4414,1,train
4415,1,train
4416,1,calib
4417,0,train
4418,1,train
4419,0,calib
4420,1,train
4421,1,train
4422,1,train
4423,1,train
4424,0,train
4425,1,train
4426,1,train
4427,1,calib
4428,1,train
4429,1,calib
4430,1,test
4431,1,train
4432,1,calib
4433,1,train
4434,1,train
4435,1,train
4436,1,test
4437,1,train
4438,1,train
4439,1,calib
4440,1,train
4441,1,train
4442,1,train
4443,1,test
4444,0,train
4445,1,train
4446,1,test
4447,1,train
4448,1,train
4449,1,train
4450,1,calib
4451,0,test
4452,1,train
4453,1,train
4454,1,train
4455,1,train
4456,1,train
4457,1,train
4458,1,calib
4459,0,test
4460,1,train
4461,1,train
4462,1,test
4463,1,train
4464,1,train
4465,1,calib
4466,1,calib
4467,1,train
4468,1,train
4469,1,train
4470,1,train
4471,1,test
4472,1,calib
4473,1,train
4474,1,calib
4475,1,train
4476,1,train
4477,1,train
4478,1,calib
4479,1,test
4480,0,train
4481,1,train
4482,1,train
4483,1,train
4484,1,calib
4485,1,train
4486,1,train
4487,1,train
4488,1,train
4489,1,train
4490,1,calib
4491,0,train
4492,1,calib
4493,1,test
4494,1,calib
4495,1,train
4496,1,train
4497,0,train
4498,1,train
4499,1,test
4500,1,train
4501,1,test
4502,1,test
4503,1,train
4504,1,train
4505,1,train
4506,1,test
4507,1,test
4508,1,calib
4509,1,train
4510,1,train
4511,1,train
4512,1,train
4513,1,train
4514,1,train
4515,1,test
4516,1,calib
4517,1,test
4518,1,test
4519,0,test
4520,1,test
4521,1,train
4522,1,train
4523,1,test
4524,1,train
4525,1,train
4526,1,train
4527,1,calib
4528,1,train
4529,1,train
4530,1,calib
4531,1,train
4532,1,train
4533,0,train
4534,0,calib
4535,1,calib
4536,1,train
4537,1,train
4538,1,train
4539,1,test
4540,1,calib
4541,1,train
4542,1,train
4543,1,calib
4544,1,train
4545,1,train
4546,1,test
4547,1,test
4548,1,train
4549,1,train
4550,1,test
4551,1,test
4552,1,test
4553,1,train
4554,1,train
4555,1,train
4556,0,test
4557,0,train
4558,1,train
4559,1,train
4560,1,calib
4561,1,train
4562,1,train
4563,1,calib
4564,1,train
4565,1,train
4566,1,train
4567,1,calib
4568,1,train
4569,1,train
4570,0,calib
4571,1,train
4572,1,train
4573,1,train
4574,1,test
4575,1,calib
4576,1,train
4577,1,test
4578,1,test
4579,1,test
4580,1,calib
4581,1,calib
4582,1,train
4583,1,train
4584,1,train
4585,1,test
4586,1,train
4587,1,calib
4588,1,train
4589,1,calib
4590,1,calib
4591,1,train
4592,1,train
4593,1,test
4594,1,calib
4595,1,train
4596,1,train
4597,1,calib
4598,1,train
4599,1,train
4600,1,train
4601,1,train
4602,1,train
4603,1,train
4604,1,train
4605,1,calib
4606,1,train
4607,1,train
4608,1,calib
4609,1,train
4610,1,calib
4611,0,train
4612,1,train
4613,1,calib
4614,1,train
4615,1,train
4616,1,calib
4617,1,train
4618,1,train
4619,1,train
4620,1,calib
4621,1,calib
4622,1,train
4623,1,train
4624,1,train
4625,1,calib
4626,1,calib
4627,1,train
4628,1,train
4629,1,train
4630,0,calib
4631,1,test
4632,1,calib
4633,1,train
4634,0,train
4635,1,test
4636,1,test
4637,1,calib
4638,1,train
4639,1,calib
4640,1,test
4641,1,calib
4642,1,test
4643,1,train
4644,1,train
4645,1,train
4646,1,calib
4647,0,train
4648,1,test
4649,1,train
4650,1,test
4651,1,train
4652,0,test
4653,1,test
4654,1,calib
4655,1,train
4656,1,train
4657,1,train
4658,1,calib
4659,1,calib
4660,1,calib
4661,1,calib
4662,0,train
4663,0,train
4664,1,train
4665,1,train
4666,1,train
4667,1,train
4668,1,calib
4669,1,train
4670,1,train
4671,1,train
4672,1,test
4673,0,train
4674,1,calib
4675,1,train
4676,1,train
4677,1,train
4678,1,test
4679,1,train
4680,1,train
4681,1,train
4682,1,test
4683,1,test
4684,1,train
4685,1,test
4686,1,train
4687,1,test
4688,1,test
4689,1,test
4690,1,test
4691,1,train
4692,1,train
4693,1,test
4694,1,train
4695,1,test
4696,0,train
4697,1,train
4698,1,train
4699,1,calib
4700,1,train
4701,1,train
4702,1,test
4703,1,calib
4704,1,calib
4705,1,calib
4706,1,test
4707,1,train
4708,1,calib
4709,1,train
4710,1,train
4711,1,train
4712,1,test
4713,1,train
4714,1,train
4715,1,train
4716,1,train
4717,0,train
4718,1,test
4719,0,train
4720,1,train
4721,1,train
4722,1,train
4723,1,test
4724,1,calib
4725,1,calib
4726,1,train
4727,1,train
4728,1,train
4729,1,train
4730,1,calib
4731,1,test
4732,0,train
4733,1,train
4734,0,calib
4735,1,train
4736,1,calib
4737,1,test
4738,1,calib
4739,1,train
4740,1,train
4741,1,test
4742,1,train
4743,1,test
4744,1,train
4745,1,train
4746,1,test
4747,1,train
4748,1,train
4749,1,train
4750,1,test
4751,1,train
4752,1,test
4753,1,train
4754,1,train
4755,1,test
4756,1,train
4757,1,train
4758,1,train
4759,1,train
4760,1,calib
4761,1,train
4762,1,calib
4763,1,train
4764,1,train
4765,1,calib
4766,1,train
4767,1,train
4768,1,calib
4769,1,train
4770,1,test
4771,1,test
4772,1,test
4773,1,calib
4774,1,train
4775,1,calib
4776,1,test
4777,0,train
4778,1,test
4779,1,test
4780,1,calib
4781,1,train
4782,1,train
4783,0,calib
4784,1,test
4785,1,calib
4786,1,test
4787,1,train
4788,0,calib
4789,1,train
4790,1,test
4791,1,test
4792,1,calib
4793,1,calib
4794,1,train
4795,1,train
4796,1,calib
4797,1,train
4798,1,calib
4799,0,train
4800,1,test
4801,1,train
4802,1,test
4803,1,train
4804,1,train
4805,1,train
4806,0,train
4807,1,train
4808,1,train
4809,1,train
4810,1,calib
4811,1,test
4812,0,train
4813,1,train
4814,1,train
4815,1,train
4816,1,calib
4817,1,test
4818,1,test
4819,1,calib
4820,1,train
4821,1,test
4822,1,calib
4823,1,train
4824,0,test
4825,1,test
4826,1,test
4827,1,calib
4828,1,train
4829,1,test
4830,1,train
4831,0,train
4832,1,train
4833,1,calib
4834,0,test
4835,1,train
4836,1,test
4837,1,train
4838,1,train
4839,1,calib
4840,1,train
4841,1,train
4842,0,test
4843,1,train
4844,0,train
4845,1,train
4846,0,train
4847,1,calib
4848,1,train
4849,1,train
4850,1,train
4851,1,test
4852,1,train
4853,1,calib
4854,1,calib
4855,1,calib
4856,1,test
4857,1,train
4858,0,calib
4859,0,train
4860,0,test
4861,1,train
4862,0,train
4863,1,test
4864,1,train
4865,1,calib
4866,1,calib
4867,1,test
4868,1,test
4869,1,train
4870,1,train
4871,0,train
4872,0,calib
4873,1,calib
4874,1,train
4875,1,train
4876,0,train
4877,1,train
4878,1,train
4879,1,train
4880,1,test
4881,1,calib
4882,1,train
4883,1,train
4884,1,train
4885,1,train
4886,1,train
4887,1,test
4888,0,calib
4889,1,calib
4890,1,calib
4891,1,train
4892,1,train
4893,1,train
4894,1,train
4895,1,train
4896,1,calib
4897,1,train
4898,0,test
4899,0,test
4900,1,test
4901,1,calib
4902,1,train
4903,1,train
4904,1,test
4905,1,train
4906,1,calib
4907,1,train
4908,1,train
4909,1,test
4910,1,test
4911,0,train
4912,1,train
4913,1,train
4914,1,train
4915,1,train
4916,1,train
4917,1,train
4918,1,train
4919,1,test
4920,1,train
4921,1,calib
4922,1,calib
4923,0,test
4924,1,train
4925,1,calib
4926,0,calib
4927,1,test
4928,1,train
4929,1,calib
4930,0,train
4931,0,test
4932,1,train
4933,1,test
4934,1,calib
4935,1,calib
4936,1,train
4937,1,test
4938,1,train
4939,0,test
4940,1,train
4941,1,train
4942,1,calib
4943,1,train
4944,1,train
4945,0,test
4946,1,train
4947,1,test
4948,1,train
4949,1,test
4950,1,train
4951,0,test
4952,1,test
4953,1,calib
4954,1,test
4955,1,train
4956,1,test
4957,1,train
4958,1,train
4959,1,test
4960,1,test
4961,1,train
4962,1,test
4963,1,train
4964,0,train
4965,0,train
4966,0,train
4967,1,train
4968,1,calib
4969,1,train
4970,1,test
4971,1,train
4972,1,train
4973,1,train
4974,1,train
4975,1,train
4976,1,calib
4977,1,calib
4978,1,test
4979,1,test
4980,1,train
4981,1,test
4982,1,calib
4983,1,test
4984,0,test
4985,1,calib
4986,1,calib
4987,1,test
4988,1,train
4989,1,train
4990,1,train
4991,1,calib
4992,1,train
4993,0,train
4994,1,train
4995,1,train
4996,0,train
4997,1,train
4998,1,train
4999,1,train
5000,1,train
5001,1,train
5002,1,train
5003,1,calib
5004,1,train
5005,0,test
5006,1,test
5007,1,calib
5008,1,test
5009,1,train
5010,0,train
5011,1,train
5012,1,calib
5013,1,train
5014,1,calib
5015,0,train
5016,1,train
5017,1,train
5018,1,test
5019,1,test
5020,1,train
5021,1,train
5022,1,train
5023,0,train
5024,1,calib
5025,1,train
5026,1,test
5027,1,test
5028,1,train
5029,1,test
5030,1,train
5031,1,train
5032,1,calib
5033,1,train
5034,1,train
5035,1,train
5036,1,train
5037,1,train
5038,1,train
5039,1,test
5040,1,calib
5041,1,train
5042,1,train
5043,1,calib
5044,1,test
5045,1,train
5046,1,train
5047,1,train
5048,1,test
5049,1,train
5050,1,calib
5051,1,train
5052,0,train
5053,0,train
5054,1,train
5055,1,train
5056,1,calib
5057,1,train
5058,1,train
5059,1,calib
5060,1,train
5061,1,test
5062,1,train
5063,1,train
5064,1,train
5065,1,test
5066,1,train
5067,1,calib
5068,1,test
5069,1,train
5070,0,test
5071,0,calib
5072,1,train
5073,1,train
5074,1,test
5075,1,calib
5076,1,calib
5077,1,test
5078,1,train
5079,0,test
5080,1,train
5081,1,calib
5082,1,train
5083,1,train
5084,1,train
5085,1,test
5086,1,train
5087,0,train
5088,1,calib
5089,1,train
5090,1,train
5091,1,test
5092,1,calib
5093,1,calib
5094,1,train
5095,1,train
5096,1,train
5097,1,train
5098,0,calib
5099,1,test
5100,1,train
5101,0,test
5102,1,train
5103,1,test
5104,1,train
5105,1,test
5106,1,train
5107,1,train
5108,1,train
5109,0,train
5110,1,train
5111,1,train
5112,1,test
5113,0,calib
5114,1,calib
5115,1,test
5116,1,calib
5117,0,train
5118,1,train
5119,1,train
5120,1,train
5121,1,calib
5122,0,train
5123,1,train
5124,1,train
5125,1,calib
5126,1,train
5127,1,train
5128,1,calib
5129,1,train
5130,1,test
5131,1,train
5132,1,train
5133,1,train
5134,0,calib
5135,0,calib
5136,1,train
5137,1,train
5138,1,train
5139,1,calib
5140,1,calib
5141,1,train
5142,1,test
5143,1,train
5144,0,train
5145,1,calib
5146,1,calib
5147,1,train
5148,0,train
5149,1,test
5150,0,train
5151,0,train
5152,1,test
5153,1,train
5154,1,train
5155,1,test
5156,1,train
5157,1,train
5158,1,train
5159,1,calib
5160,1,train
5161,1,train
5162,1,train
5163,0,calib
5164,1,test
5165,1,test
5166,0,test
5167,1,calib
5168,1,calib
5169,0,test
5170,1,calib
5171,1,calib
5172,1,train
5173,1,calib
5174,1,train
5175,0,train
5176,0,calib
5177,1,train
5178,0,train
5179,0,test
5180,1,train
5181,1,train
5182,1,train
5183,1,train
5184,1,calib
5185,0,calib
5186,1,calib
5187,1,train
5188,0,train
5189,1,train
5190,1,train
5191,1,train
5192,1,train
5193,0,train
5194,1,calib
5195,1,train
5196,1,calib
5197,0,train
5198,1,train
5199,1,train
5200,1,test
5201,1,train
5202,1,test
5203,1,test
5204,1,calib
5205,1,calib
5206,0,test
5207,1,train
5208,1,test
5209,1,test
5210,0,calib
5211,1,calib
5212,1,train
5213,1,train
5214,1,calib
5215,1,train
5216,0,train
5217,1,test
5218,1,train
5219,0,calib
5220,1,train
5221,0,test
5222,1,train
5223,0,train
5224,1,train
5225,1,calib
5226,1,test
5227,1,train
5228,1,calib
5229,1,train
5230,0,train
5231,0,calib
5232,1,train
5233,0,train
5234,1,calib
5235,1,train
5236,1,test
5237,1,train
5238,0,test
5239,1,calib
5240,1,train
5241,1,train
5242,1,test
5243,0,train
5244,1,train
5245,1,calib
5246,1,calib
5247,1,train
5248,1,test
5249,1,test
5250,1,train
5251,1,train
5252,0,train
5253,1,train
5254,1,test
5255,1,test
5256,1,train
5257,0,test
5258,1,calib
5259,1,train
5260,1,calib
5261,1,train
5262,1,train
5263,1,train
5264,0,train
5265,1,test
5266,1,calib
5267,1,train
5268,1,train
5269,0,train
5270,1,train
5271,0,train
5272,1,calib
5273,0,train
5274,1,train
5275,1,train
5276,1,test
5277,1,calib
5278,1,train
5279,1,train
5280,0,train
5281,1,train
5282,1,calib
5283,0,train
5284,0,train
5285,0,train
5286,1,train
5287,1,calib
5288,1,calib
5289,1,train
5290,1,test
5291,0,test
5292,1,test
5293,1,test
5294,1,calib
5295,0,test
5296,1,test
5297,1,calib
5298,1,calib
5299,0,test
5300,1,train
5301,1,test
5302,0,test
5303,1,train
5304,1,test
5305,1,train
5306,0,train
5307,1,train
5308,0,test
5309,0,train
5310,1,train
5311,1,calib
5312,1,calib
5313,0,calib
5314,1,train
5315,1,test
5316,0,test
5317,1,test
5318,0,test
5319,1,train
5320,1,calib
5321,1,test
5322,1,train
5323,1,train
5324,1,train
5325,0,calib
5326,1,train
5327,1,train
5328,1,test
5329,1,train
5330,1,calib
5331,1,train
5332,1,train
5333,1,train
5334,1,train
5335,0,train
5336,1,calib
5337,1,train
5338,1,train
5339,1,calib
5340,0,test
5341,1,train
5342,1,calib
5343,1,train
5344,0,test
5345,0,calib
5346,1,train
5347,1,test
5348,1,calib
5349,1,train
5350,1,calib
5351,0,train
5352,1,train
5353,1,test
5354,1,test
5355,1,calib
5356,1,calib
5357,1,train
5358,1,train
5359,1,train
5360,1,test
5361,1,train
5362,0,train
5363,1,calib
5364,1,test
5365,1,train
5366,1,train
5367,1,calib
5368,1,train
5369,1,calib
5370,1,train
5371,0,train
5372,1,train
5373,1,train
5374,1,test
5375,1,train
5376,1,train
5377,1,train
5378,0,train
5379,1,calib
5380,1,train
5381,1,calib
5382,0,train
5383,1,train
5384,0,calib
5385,0,calib
5386,0,train
5387,0,calib
5388,1,train
5389,0,calib
5390,0,train
5391,1,calib
5392,0,test
5393,1,test
5394,1,train
5395,1,test
5396,1,train
5397,1,train
5398,1,train
5399,1,train
5400,1,test
5401,0,train
5402,1,train
5403,1,train
5404,1,calib
5405,1,calib
5406,1,train
5407,1,train
5408,1,calib
5409,1,calib
5410,1,train
5411,1,train
5412,1,train
5413,0,calib
5414,1,train
5415,0,train
5416,0,calib
5417,0,train
5418,1,test
5419,1,train
5420,0,train
5421,0,train
5422,1,train
5423,1,train
5424,1,train
5425,1,train
5426,1,calib
5427,1,test
5428,1,test
5429,1,train
5430,0,train
5431,1,train
5432,1,test
5433,1,calib
5434,0,train
5435,1,calib
5436,0,train
5437,1,train
5438,1,calib
5439,1,train
5440,1,train
5441,1,train
5442,1,calib
5443,0,train
5444,1,train
5445,1,train
5446,1,test
5447,1,calib
5448,1,train
5449,1,train
5450,1,test
5451,1,calib
5452,1,calib
5453,1,train
5454,1,calib
5455,1,train
5456,1,train
5457,1,calib
5458,1,train
5459,1,test
5460,1,train
5461,1,train
5462,1,train
5463,0,train
5464,1,calib
5465,1,train
5466,0,train
5467,1,train
5468,1,train
5469,1,train
5470,1,calib
5471,1,test
5472,1,train
5473,1,calib
5474,1,train
5475,1,train
5476,1,test
5477,1,train
5478,1,calib
5479,0,train
5480,1,train
5481,0,train
5482,1,train
5483,1,calib
5484,1,test
5485,1,train
5486,1,train
5487,0,calib
5488,1,train
5489,1,train
5490,1,train
5491,1,train
5492,0,test
5493,1,calib
5494,1,calib
5495,1,calib
5496,1,train
5497,0,train
5498,1,train
5499,1,calib
5500,1,train
5501,1,calib
5502,0,test
5503,0,test
5504,0,train
5505,1,train
5506,1,train
5507,1,train
5508,1,calib
5509,1,train
5510,1,train
5511,1,train
5512,1,train
5513,1,calib
5514,0,test
5515,0,calib
5516,1,calib
5517,1,train
5518,1,train
5519,1,train
5520,1,test
5521,1,calib
5522,0,train
5523,1,test
5524,1,test
5525,0,test
5526,1,train
5527,1,test
5528,0,train
5529,1,train
5530,1,train
5531,1,test
5532,1,train
5533,1,calib
5534,0,train
5535,1,test
5536,0,train
5537,0,calib
5538,0,train
5539,1,train
5540,0,test
5541,1,train
5542,1,test
5543,1,test
5544,0,train
5545,1,calib
5546,0,test
5547,0,train
5548,1,train
5549,1,calib
5550,1,train
5551,0,calib
5552,1,calib
5553,0,train
5554,1,test
5555,1,train
5556,0,calib
5557,0,train
5558,1,test
5559,1,calib
5560,1,calib
5561,1,train
5562,0,train
5563,0,test
5564,1,train
5565,1,train
5566,1,test
5567,1,train
5568,1,calib
5569,0,test
5570,0,test
5571,1,train
5572,1,test
5573,1,test
5574,1,train
5575,1,test
5576,1,train
5577,1,train
5578,0,train
5579,1,calib
5580,1,train
5581,1,train
5582,0,train
5583,1,train
5584,1,calib
5585,1,train
5586,0,train
5587,1,train
5588,0,train
5589,1,test
5590,1,train
5591,1,calib
5592,1,test
5593,1,calib
5594,1,train
5595,1,train
5596,0,calib
5597,1,train
5598,0,train
5599,0,calib
5600,1,test
5601,0,train
5602,1,calib
5603,1,test
5604,0,train
5605,1,calib
5606,1,train
5607,1,calib
5608,0,calib
5609,1,train
5610,1,train
5611,1,train
5612,0,calib
5613,1,train
5614,1,calib
5615,1,train
5616,1,calib
5617,1,train
5618,1,train
5619,0,calib
5620,0,train
5621,1,train
5622,0,calib
5623,0,train
5624,0,train
5625,1,train
5626,1,train
5627,1,train
5628,0,calib
5629,1,test
5630,0,test
5631,1,train
5632,1,test
5633,1,calib
5634,1,test
5635,1,test
5636,1,calib
5637,1,train
5638,0,train
5639,1,train
5640,0,train
5641,1,train
5642,1,calib
5643,1,train
5644,1,train
5645,0,train
5646,1,train
5647,1,test
5648,1,train
5649,0,test
5650,1,train
5651,1,calib
5652,0,test
5653,0,calib
5654,1,calib
5655,1,train
5656,1,train
5657,1,calib
5658,1,train
5659,1,test
5660,1,train
5661,0,calib
5662,1,train
5663,1,train
5664,0,train
5665,1,train
5666,0,train
5667,1,train
5668,1,train
5669,0,train
5670,1,calib
5671,1,calib
5672,1,train
5673,1,calib
5674,0,train
5675,1,test
5676,1,test
5677,1,train
5678,1,test
5679,0,train
5680,1,test
5681,0,calib
5682,1,calib
5683,0,train
5684,1,test
5685,1,train
5686,0,test
5687,0,test
5688,1,test
5689,1,train
5690,1,calib
5691,0,train
5692,0,train
5693,1,train
5694,1,train
5695,0,train
5696,1,test
5697,1,train
5698,0,train
5699,1,calib
5700,1,test
5701,1,test
5702,0,train
5703,1,train
5704,0,calib
5705,1,train
5706,1,train
5707,1,test
5708,1,train
5709,1,train
5710,1,calib
5711,0,train
5712,1,test
5713,1,test
5714,0,train
5715,0,calib
5716,1,train
5717,1,train
5718,1,test
5719,1,train
5720,0,train
5721,1,train
5722,1,train
5723,1,train
5724,0,train
5725,1,train
5726,1,train
5727,0,train
5728,1,train
5729,1,train
5730,1,test
5731,0,train
5732,0,calib
5733,0,train
5734,0,calib
5735,1,train
5736,1,calib
5737,0,train
5738,1,train
5739,1,train
5740,1,train
5741,0,train
5742,1,calib
5743,0,train
5744,1,train
5745,1,test
5746,1,train
5747,1,calib
5748,0,calib
5749,1,train
5750,1,train
5751,1,calib
5752,1,test
5753,1,train
5754,0,calib
5755,1,calib
5756,1,train
5757,0,test
5758,1,calib
5759,1,train
5760,1,calib
5761,1,test
5762,1,train
5763,1,train
5764,0,train
5765,1,calib
5766,1,test
5767,0,train
5768,1,train
5769,0,calib
5770,1,test
5771,1,train
5772,1,train
5773,0,train
5774,1,calib
5775,1,calib
5776,0,train
5777,0,train
5778,1,calib
5779,0,test
5780,1,train
5781,0,train
5782,1,test
5783,1,train
5784,1,train
5785,1,train
5786,1,calib
5787,0,train
5788,1,calib
5789,1,train
5790,1,calib
5791,1,train
5792,1,train
5793,1,calib
5794,0,calib
5795,1,train
5796,1,train
5797,1,train
5798,1,calib
5799,1,train
5800,1,train
5801,1,train
5802,1,train
5803,1,train
5804,0,train
5805,1,test
5806,1,train
5807,0,calib
5808,1,test
5809,1,train
5810,1,train
5811,1,test
5812,1,train
5813,1,calib
5814,0,train
5815,1,calib
5816,0,calib
5817,1,train
5818,1,train
5819,1,calib
5820,0,train
5821,1,train
5822,1,train
5823,0,test
5824,1,train
5825,1,train
5826,0,train
5827,1,train
5828,0,calib
5829,1,train
5830,1,test
5831,1,train
5832,1,test
5833,1,calib
5834,1,train
5835,0,test
5836,0,train
5837,1,train
5838,1,test
5839,0,train
5840,1,train
5841,1,train
5842,1,calib
5843,1,train
5844,1,calib
5845,1,train
5846,1,calib
5847,0,calib
5848,1,test
5849,0,test
5850,1,train
5851,1,calib
5852,1,train
5853,1,calib
5854,1,train
5855,1,train
5856,1,test
5857,1,test
5858,0,train
5859,0,train
5860,1,test
5861,0,train
5862,1,calib
5863,0,train
5864,1,test
5865,0,calib
5866,1,train
5867,1,train
5868,1,test
5869,1,train
5870,1,train
5871,1,train
5872,1,calib
5873,1,train
5874,0,test
5875,0,train
5876,1,test
5877,1,train
5878,1,test
5879,1,train
5880,1,calib
5881,1,train
5882,1,calib
5883,0,test
5884,1,test
5885,1,train
5886,0,train
5887,1,calib
5888,1,train
5889,1,train
5890,1,train
5891,1,train
5892,1,train
5893,0,test
5894,0,test
5895,0,train
5896,1,calib
5897,1,calib
5898,0,train
5899,1,train
5900,1,test
5901,1,calib
5902,1,train
5903,0,train
5904,1,train
5905,1,test
5906,0,train
5907,0,test
5908,1,train
5909,1,train
5910,1,calib
5911,1,train
5912,1,train
5913,0,calib
5914,0,test
5915,1,train
5916,0,test
5917,0,calib
5918,1,train
5919,1,train
5920,1,train
5921,1,train
5922,1,calib
5923,1,calib
5924,1,train
5925,1,train
5926,1,test
5927,1,train
5928,1,train
5929,1,test
5930,0,train
5931,1,train
5932,1,train
5933,1,train
5934,1,train
5935,1,train
5936,1,train
5937,0,train
5938,0,train
5939,0,train
5940,1,train
5941,1,train
5942,1,test
5943,1,test
5944,1,train
5945,1,train
5946,1,train
5947,1,calib
5948,0,calib
5949,0,train
5950,1,test
5951,1,train
5952,1,test
5953,0,train
5954,1,calib
5955,1,calib
5956,1,train
5957,1,train
5958,1,test
5959,1,train
5960,1,train
5961,0,calib
5962,0,train
5963,1,train
5964,1,train
5965,1,train
5966,1,test
5967,1,test
5968,1,train
5969,1,train
5970,0,calib
5971,1,test
5972,1,train
5973,1,calib
5974,1,train
5975,1,calib
5976,0,calib
5977,1,train
5978,0,train
5979,1,train
5980,0,train
5981,1,test
5982,1,calib
5983,1,calib
5984,1,test
5985,1,test
5986,1,test
5987,1,train
5988,1,calib
5989,1,train
5990,1,train
5991,1,train
5992,1,train
5993,1,train
5994,1,test
5995,1,train
5996,0,train
5997,0,train
5998,1,test
5999,1,train
6000,1,train
6001,1,train
6002,1,train
6003,1,test
6004,1,test
6005,1,train
6006,1,train
6007,1,train
6008,1,calib
6009,1,test
6010,1,train
6011,1,test
6012,1,calib
6013,1,train
6014,1,train
6015,1,test
6016,1,train
6017,1,train
6018,1,train
6019,1,train
6020,1,train
6021,1,test
6022,1,calib
6023,1,train
6024,1,train
6025,1,train
6026,1,train
6027,1,test
6028,1,calib
6029,1,test
6030,1,train
6031,1,train
6032,1,train
6033,1,test
6034,1,train
6035,1,train
6036,1,train
6037,1,train
6038,0,train
6039,1,test
6040,0,train
6041,1,train
6042,1,train
6043,1,test
6044,1,test
6045,1,train
6046,1,train
6047,1,test
6048,1,train
6049,1,train
6050,1,calib
6051,1,train
6052,1,calib
6053,1,test
6054,1,calib
6055,1,train
6056,1,train
6057,1,test
6058,1,test
6059,1,train
6060,1,train
6061,1,calib
6062,1,train
6063,1,train
6064,1,test
6065,1,test
6066,1,calib
6067,1,train
6068,0,train
6069,1,train
6070,1,train
6071,1,train
6072,1,train
6073,1,train
6074,1,train
6075,1,train
6076,1,train
6077,1,train
6078,1,train
6079,1,train
6080,1,test
6081,1,train
6082,1,test
6083,1,train
6084,1,train
6085,1,train
6086,1,train
6087,1,test
6088,1,train
6089,1,train
6090,1,train
6091,1,train
6092,1,train
6093,1,train
6094,1,train
6095,1,calib
6096,1,train
6097,1,calib
6098,1,train
6099,1,train
6100,1,train
6101,1,test
6102,1,train
6103,1,train
6104,1,train
6105,1,calib
6106,1,train
6107,1,train
6108,1,train
6109,1,test
6110,1,calib
6111,1,calib
6112,1,calib
6113,1,calib
6114,1,calib
6115,1,test
6116,1,train
6117,1,train
6118,1,train
6119,1,train
6120,0,train
6121,1,calib
6122,1,train
6123,1,test
6124,1,test
6125,1,train
6126,1,test
6127,1,train
6128,1,train
6129,1,train
6130,1,test
6131,1,train
6132,1,train
6133,1,train
6134,1,train
6135,1,train
6136,1,train
6137,1,test
6138,1,train
6139,1,train
6140,1,train
6141,1,train
6142,0,train
6143,1,train
6144,1,train
6145,1,calib
6146,1,train
6147,0,test
6148,1,train
6149,1,calib
6150,1,train
6151,1,test
6152,1,train
6153,1,train
6154,1,calib
6155,1,test
6156,1,train
6157,1,train
6158,1,train
6159,1,test
6160,1,train
6161,1,train
6162,1,train
6163,1,train
6164,1,calib
6165,1,calib
6166,1,train
6167,1,train
6168,1,train
6169,1,train
6170,1,calib
6171,1,train
6172,1,train
6173,1,calib
6174,1,test
6175,1,train
6176,1,train
6177,1,train
6178,1,test
6179,1,train
6180,1,train
6181,1,train
6182,1,calib
6183,1,train
6184,1,train
6185,1,train
6186,1,test
6187,1,train
6188,1,train
6189,1,train
6190,1,train
6191,1,test
6192,1,train
6193,1,train
6194,0,calib
6195,1,calib
6196,1,train
6197,1,calib
6198,1,train
6199,1,train
6200,1,calib
6201,1,calib
6202,1,train
6203,0,calib
6204,1,train
6205,1,train
6206,1,calib
6207,1,calib
6208,1,train
6209,1,calib
6210,1,train
6211,1,train
6212,1,train
6213,1,train
6214,0,calib
6215,1,train
6216,1,test
6217,1,train
6218,1,train
6219,0,test
6220,1,train
6221,1,calib
6222,1,train
6223,1,train
6224,1,test
6225,1,train
6226,1,train
6227,1,train
6228,1,calib
6229,1,train
6230,1,train
6231,1,calib
6232,1,train
6233,1,train
6234,1,calib
6235,1,test
6236,1,train
6237,1,calib
6238,1,calib
6239,1,calib
6240,1,train
6241,1,test
6242,1,train
6243,1,test
6244,1,train
6245,1,calib
6246,1,train
6247,1,train
6248,1,train
6249,1,calib
6250,1,train
6251,1,train
6252,1,test
6253,1,train
6254,1,test
6255,1,train
6256,1,test
6257,1,test
6258,1,train
6259,1,train
6260,1,calib
6261,0,train
6262,1,test
6263,1,train
6264,1,calib
6265,1,calib
6266,1,test
6267,1,train
6268,1,train
6269,1,train
6270,1,calib
6271,1,train
6272,1,train
6273,1,train
6274,1,calib
6275,1,calib
6276,1,train
6277,1,test
6278,1,train
6279,0,test
6280,1,test
6281,1,train
6282,1,train
6283,1,test
6284,1,train
6285,1,calib
6286,1,train
6287,1,train
6288,1,train
6289,1,train
6290,1,calib
6291,1,train
6292,1,train
6293,1,test
6294,1,calib
6295,1,train
6296,1,train
6297,1,train
6298,1,train
6299,1,test
6300,1,calib
6301,1,train
6302,1,train
6303,1,train
6304,1,train
6305,1,calib
6306,1,train
6307,1,train
6308,1,train
6309,1,train
6310,1,train
6311,1,calib
6312,1,train
6313,1,train
6314,1,test
6315,1,train
6316,1,train
6317,1,train
6318,1,train
6319,1,train
6320,1,train
6321,1,train
6322,1,test
6323,1,test
6324,1,train
6325,1,train
6326,1,calib
6327,1,train
6328,1,calib
6329,1,test
6330,1,calib
6331,0,test
6332,1,test
6333,1,calib
6334,1,train
6335,1,calib
6336,1,train
6337,1,train
6338,1,train
6339,1,train
6340,1,calib
6341,1,train
6342,1,calib
6343,1,train
6344,1,test
6345,1,train
6346,1,train
6347,1,calib
6348,1,calib
6349,1,train
6350,1,test
6351,1,train
6352,1,train
6353,1,test
6354,1,train
6355,1,calib
6356,1,train
6357,1,test
6358,1,train
6359,1,test
6360,1,train
6361,1,test
6362,1,train
6363,1,train
6364,1,calib
6365,1,train
6366,0,train
6367,1,train
6368,1,train
6369,1,train
6370,1,train
6371,1,train
6372,1,train
6373,1,train
6374,1,train
6375,0,test
6376,1,train
6377,1,test
6378,1,test
6379,1,calib
6380,1,calib
6381,1,train
6382,1,calib
6383,1,calib
6384,1,calib
6385,1,train
6386,1,train
6387,1,test
6388,1,train
6389,1,calib
6390,1,test
6391,1,calib
6392,1,test
6393,1,train
6394,1,test
6395,1,train
6396,0,train
6397,1,train
6398,1,train
6399,1,train
6400,1,calib
6401,1,test
6402,1,test
6403,0,train
6404,1,calib
6405,1,train
6406,0,test
6407,1,test
6408,1,train
6409,1,train
6410,1,train
6411,1,train
6412,1,train
6413,1,train
6414,1,train
6415,1,calib
6416,1,train
6417,1,train
6418,1,train
6419,1,train
6420,1,train
6421,1,train
6422,1,train
6423,1,train
6424,0,train
6425,1,train
6426,1,test
6427,1,train
6428,1,train
6429,1,train
6430,1,train
6431,1,test
6432,1,train
6433,1,train
6434,0,train
6435,1,test
6436,1,train
6437,1,train
6438,1,train
6439,1,train
6440,1,train
6441,1,train
6442,1,train
6443,1,train
6444,1,train
6445,1,train
6446,1,test
6447,1,train
6448,1,train
6449,0,test
6450,1,train
6451,1,train
6452,1,train
6453,1,train
6454,1,test
6455,1,test
6456,1,test
6457,1,train
6458,1,train
6459,1,test
6460,1,train
6461,1,train
6462,1,train
6463,1,train
6464,1,test
6465,1,train
6466,1,train
6467,1,train
6468,1,test
6469,1,test
6470,1,test
6471,1,train
6472,1,train
6473,1,train
6474,1,calib
6475,1,calib
6476,1,train
6477,1,calib
6478,1,calib
6479,1,train
6480,1,test
6481,1,train
6482,1,train
6483,1,test
6484,1,train
6485,1,calib
6486,1,calib
6487,1,train
6488,1,train
6489,1,calib
6490,1,train
6491,1,train
6492,1,train
6493,1,train
6494,1,train
6495,1,train
6496,1,train
6497,1,test
6498,1,train
6499,1,train
6500,1,train
6501,1,train
6502,1,train
6503,1,train
6504,1,train
6505,1,test
6506,1,train
6507,1,train
6508,1,test
6509,0,calib
6510,1,train
6511,1,calib
6512,1,train
6513,1,calib
6514,1,train
6515,1,calib
6516,1,train
6517,0,train
6518,1,test
6519,1,train
6520,1,calib
6521,1,train
6522,1,calib
6523,1,train
6524,1,train
6525,1,test
6526,1,train
6527,1,test
6528,1,calib
6529,1,test
6530,0,train
6531,1,calib
6532,1,test
6533,1,train
6534,1,train
6535,1,train
6536,1,test
6537,1,train
6538,1,test
6539,1,train
6540,1,calib
6541,1,test
6542,1,train
6543,1,train
6544,1,test
6545,1,train
6546,1,test
6547,1,test
6548,1,test
6549,1,calib
6550,1,train
6551,1,train
6552,1,train
6553,1,test
6554,1,train
6555,1,train
6556,1,calib
6557,1,train
6558,0,train
6559,1,train
6560,1,train
6561,1,train
6562,1,test
6563,1,calib
6564,1,test
6565,1,test
6566,1,train
6567,1,calib
6568,1,test
6569,1,train
6570,1,calib
6571,1,train
6572,1,test
6573,1,train
6574,1,train
6575,1,train
6576,1,train
6577,1,train
6578,1,train
6579,1,train
6580,1,train
6581,1,calib
6582,1,test
6583,1,test
6584,1,train
6585,1,calib
6586,1,train
6587,1,train
6588,1,train
6589,1,train
6590,1,train
6591,1,train
6592,1,calib
6593,1,train
6594,1,calib
6595,1,train
6596,1,train
6597,1,train
6598,1,train
6599,0,train
6600,1,test
6601,1,calib
6602,1,test
6603,1,calib
6604,1,test
6605,1,test
6606,1,calib
6607,1,test
6608,1,test
6609,1,train
6610,1,calib
6611,1,train
6612,1,train
6613,1,test
6614,1,train
6615,1,train
6616,1,train
6617,1,train
6618,1,test
6619,1,calib
6620,1,train
6621,1,train
6622,1,train
6623,1,train
6624,1,train
6625,1,test
6626,1,train
6627,1,train
6628,1,train
6629,1,test
6630,1,test
6631,1,calib
6632,1,train
6633,1,test
6634,1,test
6635,1,calib
6636,1,train
6637,1,calib
6638,1,train
6639,1,test
6640,1,calib
6641,1,train
6642,1,test
6643,1,test
6644,1,train
6645,1,calib
6646,1,calib
6647,1,calib
6648,1,train
6649,1,train
6650,1,train
6651,1,test
6652,1,calib
6653,1,test
6654,1,train
6655,1,train
6656,1,train
6657,1,train
6658,1,train
6659,1,train
6660,0,test
6661,1,train
6662,1,train
6663,0,train
6664,1,test
6665,1,calib
6666,1,train
6667,1,test
6668,1,test
6669,1,test
6670,1,train
6671,1,calib
6672,1,calib
6673,1,test
6674,1,test
6675,1,train
6676,1,test
6677,1,train
6678,1,train
6679,1,calib
6680,1,test
6681,1,train
6682,1,test
6683,1,train
6684,1,test
6685,1,calib
6686,1,test
6687,1,train
6688,1,calib
6689,1,train
6690,1,calib
6691,1,train
6692,1,train
6693,1,train
6694,1,train
6695,1,train
6696,1,test
6697,1,test
6698,1,train
6699,1,test
6700,1,train
6701,1,train
6702,1,test
6703,1,test
6704,1,test
6705,1,train
6706,1,calib
6707,1,calib
6708,1,train
6709,1,train
6710,1,train
6711,1,test
6712,1,train
6713,1,train
6714,1,train
6715,1,test
6716,1,train
6717,1,calib
6718,1,calib
6719,1,test
6720,1,train
6721,1,calib
6722,1,train
6723,1,calib
6724,1,calib
6725,1,train
6726,1,train
6727,1,train
6728,1,train
6729,1,test
6730,1,calib
6731,1,calib
6732,1,calib
6733,1,train
6734,1,train
6735,1,train
6736,1,train
6737,1,train
6738,1,test
6739,1,test
6740,1,train
6741,1,calib
6742,1,test
6743,1,test
6744,0,test
6745,1,calib
6746,1,calib
6747,1,calib
6748,1,train
6749,1,test
6750,1,test
6751,1,calib
6752,0,train
6753,1,calib
6754,1,train
6755,1,train
6756,1,train
6757,1,train
6758,1,test
6759,1,train
6760,1,train
6761,1,train
6762,0,train
6763,0,train
6764,1,train
6765,1,train
6766,1,test
6767,1,train
6768,1,test
6769,1,test
6770,1,calib
6771,1,train
6772,1,train
6773,1,train
6774,0,test
6775,1,train
6776,1,test
6777,1,test
6778,1,train
6779,1,train
6780,1,calib
6781,1,test
6782,1,calib
6783,1,train
6784,1,calib
6785,1,train
6786,1,calib
6787,1,train
6788,1,train
6789,1,calib
6790,1,train
6791,1,train
6792,1,train
6793,1,train
6794,1,train
6795,1,calib
6796,1,calib
6797,1,train
6798,1,train
6799,1,train
6800,1,calib
6801,1,train
6802,1,test
6803,1,train
6804,1,train
6805,1,train
6806,1,train
6807,1,train
6808,1,calib
6809,1,train
6810,1,calib
6811,1,train
6812,1,test
6813,1,train
6814,1,train
6815,1,test
6816,1,calib
6817,1,test
6818,1,train
6819,1,test
6820,1,train
6821,1,test
6822,1,train
6823,1,train
6824,1,train
6825,1,test
6826,1,train
6827,0,calib
6828,1,train
6829,1,test
6830,1,train
6831,1,train
6832,1,train
6833,1,test
6834,1,calib
6835,1,train
6836,1,train
6837,1,train
6838,1,calib
6839,1,train
6840,1,train
6841,1,calib
6842,1,test
6843,1,train
6844,1,train
6845,1,test
6846,1,test
6847,1,train
6848,1,train
6849,0,test
6850,1,train
6851,1,train
6852,1,calib
6853,1,test
6854,1,train
6855,1,train
6856,1,train
6857,1,train
6858,1,train
6859,1,train
6860,0,train
6861,1,train
6862,1,calib
6863,1,test
6864,1,train
6865,1,test
6866,1,train
6867,1,train
6868,1,test
6869,1,train
6870,1,train
6871,1,calib
6872,1,train
6873,1,test
6874,1,test
6875,1,test
6876,1,train
6877,1,train
6878,1,train
6879,1,train
6880,1,train
6881,1,train
6882,1,train
6883,1,train
6884,0,train
6885,1,train
6886,1,train
6887,1,train
6888,1,train
6889,1,train
6890,1,train
6891,1,train
6892,1,train
6893,1,train
6894,1,test
6895,1,train
6896,1,train
6897,1,train
6898,1,calib
6899,1,train
6900,0,train
6901,1,train
6902,1,train
6903,1,train
6904,0,train
6905,0,test
6906,0,train
6907,0,train
6908,1,train
6909,1,train
6910,0,train
6911,1,train
6912,1,test
6913,1,train
6914,0,train
6915,1,train
6916,1,test
6917,1,calib
6918,1,train
6919,1,test
6920,0,train
6921,1,train
6922,1,train
6923,1,train
6924,0,train
6925,1,train
6926,1,train
6927,0,train
6928,0,train
6929,1,calib
6930,1,calib
6931,1,train
6932,0,train
6933,1,calib
6934,1,train
6935,1,train
6936,1,train
6937,0,train
6938,0,train
6939,1,calib
6940,1,train
6941,0,train
6942,1,train
6943,1,calib
6944,1,train
6945,1,test
6946,1,train
6947,1,train
6948,1,calib
6949,1,test
6950,1,train
6951,1,train
6952,0,train
6953,1,test
6954,1,test
6955,1,train
6956,1,calib
6957,1,calib
6958,0,train
6959,1,train
6960,1,train
6961,1,calib
6962,1,train
6963,1,test
6964,1,test
6965,1,train
6966,1,train
6967,0,calib
6968,1,train
6969,1,train
6970,0,train
6971,1,train
6972,1,test
6973,1,test
6974,1,train
6975,0,test
6976,1,calib
6977,1,train
6978,1,calib
6979,1,train
6980,1,train
6981,1,train
6982,1,test
6983,1,calib
6984,0,train
6985,1,train
6986,1,test
6987,1,train
6988,1,train
6989,0,train
6990,0,test
6991,1,train
6992,1,train
6993,1,train
6994,0,train
6995,1,train
6996,1,train
6997,0,test
6998,0,test
6999,0,train
7000,1,calib
7001,1,test
7002,1,test
7003,0,train
7004,0,train
7005,0,test
7006,1,test
7007,1,train
7008,0,train
7009,0,train
7010,1,train
7011,0,train
7012,1,train
7013,1,train
7014,1,train
7015,0,test
7016,0,train
7017,1,train
7018,1,train
7019,0,calib
7020,0,train
7021,1,train
7022,0,test
7023,1,test
7024,1,train
7025,0,train
7026,0,train
7027,1,train
7028,1,train
7029,1,train
7030,1,calib
7031,1,train
7032,0,test
7033,0,train
7034,1,test
7035,0,train
7036,0,train
7037,0,train
7038,1,train
7039,0,train
7040,0,train
7041,0,train
7042,1,calib
7043,1,calib
7044,1,train
7045,1,train
7046,0,train
7047,1,train
7048,1,calib
7049,1,train
7050,0,train
7051,0,train
7052,1,calib
7053,1,train
7054,0,train
7055,1,train
7056,1,train
7057,1,train
7058,1,calib
7059,1,calib
7060,1,train
7061,1,train
7062,1,train
7063,0,calib
7064,1,calib
7065,1,train
7066,1,test
7067,0,train
7068,1,test
7069,1,test
7070,1,train
7071,1,test
7072,1,train
7073,0,train
7074,1,test
7075,1,train
7076,1,test
7077,1,train
7078,1,calib
7079,0,train
7080,1,train
7081,1,train
7082,1,calib
7083,1,train
7084,1,train
7085,1,calib
7086,0,train
7087,1,train
7088,1,calib
7089,0,train
7090,0,train
7091,1,test
7092,1,train
7093,1,test
7094,1,test
7095,1,train
7096,1,train
7097,1,test
7098,0,test
7099,1,train
7100,1,train
7101,1,calib
7102,1,calib
7103,0,train
7104,1,train
7105,1,train
7106,1,train
7107,1,calib
7108,1,test
7109,1,train
7110,0,calib
7111,1,train
7112,1,calib
7113,1,train
7114,1,calib
7115,1,train
7116,0,train
7117,1,train
7118,1,calib
7119,0,train
7120,1,train
7121,1,train
7122,1,test
7123,0,calib
7124,1,calib
7125,1,test
7126,1,train
7127,1,calib
7128,0,train
7129,1,calib
7130,1,test
7131,1,train
7132,1,calib
7133,0,train
7134,0,train
7135,0,test
7136,0,calib
7137,1,train
7138,1,train
7139,1,train
7140,1,test
7141,0,calib
7142,1,train
7143,0,calib
7144,1,train
7145,1,train
7146,1,train
7147,1,calib
7148,1,train
7149,1,train
7150,1,calib
7151,1,calib
7152,1,train
7153,0,train
7154,1,train
7155,1,test
7156,1,test
7157,1,train
7158,0,test
7159,1,train
7160,1,train
7161,1,calib
7162,0,calib
7163,1,calib
7164,1,calib
7165,1,train
7166,1,train
7167,0,train
7168,1,train
7169,1,train
7170,0,train
7171,1,train
7172,1,train
7173,0,train
7174,1,train
7175,1,train
7176,0,train
7177,1,train
7178,1,train
7179,1,train
7180,1,train
7181,0,train
7182,0,calib
7183,0,train
7184,1,train
7185,0,test
7186,1,calib
7187,1,train
7188,0,train
7189,1,test
7190,1,train
7191,1,test
7192,1,calib
7193,1,train
7194,1,train
7195,0,train
7196,1,train
7197,1,train
7198,1,test
7199,1,train
7200,0,train
7201,1,train
7202,0,train
7203,1,train
7204,0,train
7205,0,train
7206,1,calib
7207,1,train
7208,0,train
7209,1,train
7210,1,test
7211,0,calib
7212,1,train
7213,1,test
7214,1,train
7215,1,train
7216,1,train
7217,0,train
7218,1,train
7219,1,test
7220,0,train
7221,0,train
7222,0,train
7223,1,calib
7224,1,calib
7225,1,train
7226,0,train
7227,1,calib
7228,0,calib
7229,0,calib
7230,1,calib
7231,0,train
7232,1,train
7233,0,calib
7234,0,test
7235,0,calib
7236,0,train
7237,1,calib
7238,1,train
7239,0,train
7240,1,train
7241,1,train
7242,1,train
7243,1,calib
7244,0,train
7245,0,train
7246,0,train
7247,1,calib
7248,1,train
7249,1,train
7250,1,train
7251,0,test
7252,1,train
7253,0,train
7254,1,train
7255,0,train
7256,1,train
7257,1,train
7258,0,test
7259,1,train
7260,0,calib
7261,1,train
7262,1,train
7263,0,train
7264,1,calib
7265,1,calib
7266,0,train
7267,1,calib
7268,1,train
7269,1,train
7270,0,train
7271,0,train
7272,1,train
7273,0,test
7274,1,calib
7275,1,train
7276,0,train
7277,1,test
7278,0,train
7279,1,train
7280,0,calib
7281,0,train
7282,1,train
7283,1,train
7284,0,train
7285,1,calib
7286,1,train
7287,1,calib
7288,1,test
7289,1,calib
7290,0,calib
7291,1,train
7292,0,train
7293,0,train
7294,1,train
7295,1,train
7296,1,test
7297,1,train
7298,1,calib
7299,0,calib
7300,0,train
7301,0,calib
7302,1,train
7303,1,calib
7304,1,train
7305,0,calib
7306,0,train
7307,1,train
7308,1,train
7309,0,train
7310,1,train
7311,0,test
7312,1,train
7313,1,train
7314,0,calib
7315,0,train
7316,1,train
7317,1,calib
7318,1,train
7319,0,test
7320,1,calib
7321,1,train
7322,1,calib
7323,1,train
7324,1,train
7325,0,train
7326,1,train
7327,0,train
7328,0,calib
7329,0,train
7330,1,train
7331,1,train
7332,1,test
7333,1,train
7334,0,train
7335,0,calib
7336,1,train
7337,1,train
7338,1,test
7339,1,calib
7340,1,test
7341,1,test
7342,1,test
7343,1,calib
7344,0,train
7345,1,calib
7346,0,train
7347,1,train
7348,1,train
7349,0,calib
7350,0,train
7351,1,calib
7352,0,train
7353,0,train
7354,0,train
7355,1,train
7356,1,train
7357,1,train
7358,0,train
7359,0,calib
7360,0,calib
7361,0,test
7362,1,train
7363,1,calib
7364,1,calib
7365,1,train
7366,0,train
7367,1,test
7368,1,train
7369,1,test
7370,0,train
7371,1,train
7372,0,test
7373,0,train
7374,1,train
7375,0,calib
7376,0,train
7377,0,test
7378,0,test
7379,1,calib
7380,1,calib
7381,1,calib
7382,1,train
7383,1,train
7384,1,train
7385,0,train
7386,1,train
7387,1,calib
7388,0,calib
7389,1,test
7390,0,train
7391,0,train
7392,1,train
7393,1,test
7394,1,train
7395,1,test
7396,1,train
7397,1,test
7398,0,test
7399,1,test
7400,0,train
7401,1,calib
7402,1,calib
7403,1,train
7404,0,test
7405,0,train
7406,1,train
7407,0,train
7408,1,train
7409,1,train
7410,1,train
7411,0,test
7412,0,train
7413,0,calib
7414,1,test
7415,0,test
7416,0,train
7417,1,train
7418,0,train
7419,1,train
7420,1,train
7421,1,train
7422,0,train
7423,1,train
7424,1,train
7425,0,train
7426,1,train
7427,1,test
7428,1,train
7429,1,train
7430,1,calib
7431,1,train
7432,0,train
7433,1,calib
7434,0,calib
7435,1,test
7436,1,train
7437,0,train
7438,1,calib
7439,0,train
7440,0,train
7441,1,train
7442,1,test
7443,0,train
7444,0,test
7445,0,train
7446,0,train
7447,1,calib
7448,1,test
7449,0,calib
7450,0,test
7451,1,test
7452,1,train
7453,1,train
7454,1,train
7455,0,train
7456,1,test
7457,1,test
7458,1,test
7459,0,train
7460,0,train
7461,1,test
7462,1,calib
7463,0,calib
7464,1,calib
7465,1,train
7466,1,train
7467,0,train
7468,0,test
7469,1,train
7470,1,train
7471,1,train
7472,1,train
7473,1,test
7474,1,train
7475,1,train
7476,1,train
7477,1,calib
7478,1,calib
7479,0,train
7480,1,test
7481,0,train
7482,1,train
7483,1,test
7484,1,calib
7485,1,train
7486,0,calib
7487,1,calib
7488,1,calib
7489,1,test
7490,0,train
7491,1,train
7492,1,test
7493,1,train
7494,1,test
7495,1,calib
7496,1,test
7497,1,train
7498,0,train
7499,0,train
7500,0,calib
7501,1,train
7502,1,train
7503,1,train
7504,1,test
7505,1,train
7506,1,train
7507,1,test
7508,1,train
7509,1,calib
7510,0,train
7511,1,train
7512,1,train
7513,0,train
7514,0,calib
7515,1,train
7516,0,calib
7517,1,calib
7518,1,calib
7519,1,test
7520,1,test
7521,1,train
7522,0,train
7523,0,calib
7524,0,train
7525,1,train
7526,0,train
7527,1,test
7528,0,train
7529,0,train
7530,1,test
7531,0,train
7532,0,calib
7533,0,train
7534,0,train
7535,0,train
7536,1,test
7537,0,train
7538,1,train
7539,1,test
7540,0,train
7541,0,test
7542,0,train
7543,0,train
7544,1,train
7545,1,train
7546,1,train
7547,0,train
7548,0,train
7549,1,test
7550,0,test
7551,1,calib
7552,0,test
7553,1,test
7554,1,train
7555,0,calib
7556,1,train
7557,1,test
7558,0,train
7559,0,train
7560,0,train
7561,0,test
7562,1,train
7563,1,calib
7564,0,train
7565,1,train
7566,0,train
7567,1,train
7568,1,train
7569,1,test
7570,0,train
7571,1,train
7572,1,test
7573,0,test
7574,1,test
7575,1,test
7576,0,train
7577,1,train
7578,1,test
7579,1,train
7580,1,train
7581,0,train
7582,1,train
7583,1,train
7584,0,test
7585,0,calib
7586,0,calib
7587,1,calib
7588,1,train
7589,1,train
7590,0,train
7591,1,test
7592,1,train
7593,0,train
7594,1,train
7595,1,train
7596,1,test
7597,0,test
7598,1,train
7599,1,train
7600,1,calib
7601,1,train
7602,0,calib
7603,1,test
7604,0,test
7605,1,calib
7606,1,train
7607,1,train
7608,1,train
7609,0,train
7610,0,calib
7611,1,calib
7612,0,train
7613,1,calib
7614,1,calib
7615,0,calib
7616,1,train
7617,0,train
7618,1,train
7619,1,train
7620,1,train
7621,1,train
7622,0,test
7623,0,calib
7624,1,train
7625,1,train
7626,0,calib
7627,0,train
7628,1,train
7629,1,train
7630,0,train
7631,0,train
7632,0,test
7633,1,train
7634,1,train
7635,1,train
7636,0,train
7637,1,train
7638,1,test
7639,1,train
7640,0,train
7641,0,train
7642,0,train
7643,0,train
7644,0,train
7645,1,test
7646,1,train
7647,1,calib
7648,1,test
7649,0,train
7650,0,train
7651,0,calib
7652,0,calib
7653,1,train
7654,1,test
7655,1,train
7656,1,train
7657,1,train
7658,0,calib
7659,0,train
7660,1,train
7661,1,test
7662,0,train
7663,1,train
7664,0,train
7665,0,test
7666,1,calib
7667,1,calib
7668,1,train
7669,1,test
7670,1,train
7671,0,train
7672,1,calib
7673,0,train
7674,0,train
7675,1,train
7676,1,train
7677,1,train
7678,0,test
7679,1,train
7680,0,calib
7681,1,train
7682,0,calib
7683,1,train
7684,1,test
7685,0,train
7686,1,calib
7687,1,calib
7688,0,calib
7689,0,train
7690,1,train
7691,1,train
7692,0,train
7693,1,train
7694,1,train
7695,1,train
7696,1,train
7697,1,train
7698,0,train
7699,0,test
7700,1,calib
7701,0,train
7702,0,train
7703,1,train
7704,0,calib
7705,0,train
7706,1,test
7707,1,train
7708,1,calib
7709,1,train
7710,0,calib
7711,1,test
7712,0,train
7713,1,calib
7714,1,calib
7715,1,train
7716,0,train
7717,0,train
7718,1,test
7719,1,calib
7720,0,train
7721,0,calib
7722,1,train
7723,0,test
7724,0,test
7725,0,train
7726,1,train
7727,1,train
7728,1,train
7729,0,calib
7730,1,train
7731,1,test
7732,1,calib
7733,1,train
7734,1,train
7735,1,train
7736,0,train
7737,0,train
7738,1,train
7739,1,calib
7740,0,train
7741,0,train
7742,1,train
7743,0,train
7744,0,train
7745,0,train
7746,0,train
7747,0,calib
7748,0,train
7749,0,calib
7750,1,test
7751,1,train
7752,0,calib
7753,0,train
7754,1,train
7755,1,train
7756,1,calib
7757,1,train
7758,1,test
7759,0,train
7760,1,train
7761,0,calib
7762,0,train
7763,0,calib
7764,1,train
7765,0,train
7766,1,train
7767,1,train
7768,1,test
7769,0,train
7770,1,test
7771,1,test
7772,0,train
7773,1,train
7774,1,train
7775,1,train
7776,0,train
7777,0,train
7778,1,train
7779,0,train
7780,1,train
7781,1,train
7782,0,train
7783,0,train
7784,1,train
7785,1,train
7786,1,train
7787,1,train
7788,0,train
7789,1,train
7790,0,calib
7791,0,test
7792,1,test
7793,1,calib
7794,1,calib
7795,0,test
7796,1,calib
7797,0,test
7798,1,test
7799,1,calib
7800,1,train
7801,1,train
7802,1,test
7803,0,calib
7804,1,train
7805,1,train
7806,1,test
7807,0,calib
7808,1,calib
7809,0,train
7810,0,train
7811,0,train
7812,1,train
7813,0,test
7814,0,train
7815,1,train
7816,1,calib
7817,0,train
7818,0,calib
7819,1,test
7820,1,test
7821,1,test
7822,1,train
7823,0,train
7824,1,train
7825,0,calib
7826,1,test
7827,1,train
7828,0,train
7829,0,train
7830,0,train
7831,0,calib
7832,1,calib
7833,0,test
7834,0,calib
7835,1,calib
7836,0,test
7837,1,train
7838,0,test
7839,1,train
7840,0,train
7841,1,train
7842,0,train
7843,0,train
7844,0,train
7845,0,calib
7846,1,train
7847,0,train
7848,1,train
7849,1,train
7850,1,train
7851,1,train
7852,1,calib
7853,1,train
7854,0,calib
7855,1,test
7856,1,calib
7857,1,train
7858,0,train
7859,0,train
7860,0,train
7861,1,calib
7862,1,train
7863,1,calib
7864,1,train
7865,1,train
7866,0,train
7867,0,train
7868,1,test
7869,1,train
7870,0,train
7871,0,train
7872,0,train
7873,1,test
7874,1,calib
7875,1,train
7876,1,test
7877,1,test
7878,0,calib
7879,1,test
7880,1,calib
7881,1,calib
7882,0,test
7883,1,train
7884,1,test
7885,1,train
7886,0,calib
7887,0,train
7888,1,train
7889,1,train
7890,0,train
7891,1,test
7892,1,train
7893,0,calib
7894,0,test
7895,0,test
7896,1,train
7897,1,calib
7898,0,calib
7899,1,test
7900,0,train
7901,1,train
7902,1,test
7903,1,train
7904,0,train
7905,0,train
7906,1,train
7907,0,train
7908,1,calib
7909,0,train
7910,1,train
7911,0,train
7912,0,train
7913,0,calib
7914,1,test
7915,0,train
7916,0,train
7917,1,calib
7918,0,calib
7919,0,train
7920,1,train
7921,0,test
7922,0,test
7923,1,calib
7924,1,train
7925,1,test
7926,1,train
7927,0,calib
7928,1,train
7929,0,train
7930,1,train
7931,0,calib
7932,1,train
7933,0,train
7934,1,train
7935,1,test
7936,1,train
7937,0,calib
7938,0,train
7939,0,train
7940,0,train
7941,1,train
7942,1,test
7943,1,calib
7944,0,test
7945,0,train
7946,0,train
7947,1,train
7948,1,calib
7949,1,train
7950,1,train
7951,1,train
7952,0,calib
7953,0,train
7954,0,train
7955,0,train
7956,0,test
7957,0,train
7958,0,train
7959,1,train
7960,0,train
7961,1,train
7962,1,train
7963,1,test
7964,0,train
7965,0,train
7966,0,calib
7967,1,train
7968,1,calib
7969,1,train
7970,0,train
7971,0,test
7972,0,test
7973,1,train
7974,0,train
7975,0,train
7976,0,calib
7977,0,train
7978,1,train
7979,0,train
7980,1,test
7981,1,train
7982,1,train
7983,0,train
7984,0,calib
7985,0,train
7986,0,train
7987,1,train
7988,0,train
7989,1,calib
7990,1,test
7991,0,train
7992,1,train
7993,0,train
7994,0,calib
7995,1,train
7996,0,train
7997,1,train
7998,1,train
7999,0,test
8000,0,train
8001,0,test
8002,0,train
8003,0,train
8004,1,train
8005,1,test
8006,1,calib
8007,1,test
8008,1,calib
8009,0,train
8010,0,test
8011,0,train
8012,1,train
8013,0,calib
8014,0,test
8015,0,train
8016,1,test
8017,0,calib
8018,0,calib
8019,0,train
8020,1,calib
8021,1,test
8022,1,train
8023,1,train
8024,1,train
8025,0,train
8026,0,train
8027,1,train
8028,1,train
8029,0,calib
8030,0,train
8031,1,calib
8032,1,test
8033,1,train
8034,0,test
8035,0,train
8036,0,calib
8037,1,train
8038,0,train
8039,1,train
8040,0,test
8041,1,train
8042,0,train
8043,0,calib
8044,0,test
8045,1,train
8046,0,test
8047,1,test
8048,1,train
8049,1,train
8050,1,train
8051,0,train
8052,0,train
8053,1,train
8054,0,test
8055,0,calib
8056,0,train
8057,0,calib
8058,1,test
8059,1,train
8060,1,test
8061,1,calib
8062,1,test
8063,0,train
8064,1,train
8065,0,train
8066,1,train
8067,0,test
8068,0,train
8069,0,calib
8070,1,train
8071,0,test
8072,1,train
8073,0,train
8074,0,calib
8075,0,train
8076,0,calib
8077,0,train
8078,0,train
8079,1,calib
8080,1,train
8081,1,train
8082,1,calib
8083,1,calib
8084,0,test
8085,0,train
8086,0,test
8087,1,test
8088,0,calib
8089,1,train
8090,1,train
8091,1,train
8092,1,train
8093,1,calib
8094,0,calib
8095,1,train
8096,0,test
8097,1,train
8098,1,train
8099,0,test
8100,0,test
8101,1,train
8102,0,train
8103,0,train
8104,0,test
8105,0,train
8106,0,train
8107,0,calib
8108,1,calib
8109,0,train
8110,0,test
8111,0,train
8112,0,test
8113,1,calib
8114,1,train
8115,0,calib
8116,1,train
8117,1,calib
8118,1,calib
8119,0,calib
8120,0,train
8121,0,calib
8122,1,test
8123,0,train
8124,0,calib
8125,0,train
8126,0,train
8127,0,test
8128,0,calib
8129,0,calib
8130,0,train
8131,1,train
8132,0,train
8133,0,train
8134,0,train
8135,0,train
8136,0,train
8137,0,calib
8138,0,train
8139,0,train
8140,0,train
8141,0,calib
8142,0,test
8143,0,train
8144,0,train
