row,y,split
0,1,train
1,1,train
2,1,train
3,1,calib
4,1,train
5,1,test
6,1,train
7,0,test
8,0,train
9,0,train
10,0,train
11,0,train
12,1,test
13,1,train
14,0,calib
15,1,train
16,1,train
17,1,train
18,1,calib
19,0,train
20,0,calib
21,1,train
22,1,calib
23,1,train
24,1,train
25,0,train
26,1,train
27,0,train
28,1,train
29,1,train
30,1,train
31,1,calib
32,1,train
33,1,train
34,1,train
35,1,train
36,1,calib
37,1,calib
38,0,train
39,1,train
40,1,test
41,1,train
42,1,test
43,1,train
44,1,train
45,0,calib
46,1,train
47,1,train
48,1,train
49,1,test
50,1,train
51,1,train
52,0,train
53,0,train
54,1,test
55,0,train
56,1,train
57,1,train
58,1,calib
59,1,train
60,1,train
61,1,calib
62,1,train
63,0,test
64,1,test
65,1,test
66,1,train
67,0,train
68,0,train
69,1,train
70,1,train
71,1,train
72,0,train
73,1,train
74,1,train
75,1,test
76,1,train
77,1,test
78,1,train
79,1,test
80,1,test
81,1,calib
82,1,train
83,1,train
84,0,test
85,1,test
86,0,train
87,1,train
88,1,test
89,0,train
90,1,test
91,1,calib
92,1,train
93,1,calib
94,0,calib
95,1,train
96,0,train
97,0,test
98,1,test
99,1,test
100,0,train
101,0,calib
102,1,test
103,1,train
104,1,train
105,0,train
106,1,train
107,1,train
108,1,calib
109,1,train
110,1,train
111,0,test
112,0,calib
113,1,calib
114,1,test
115,1,train
116,1,test
117,0,train
118,1,test
119,1,train
120,1,train
121,1,calib
122,1,test
123,0,calib
124,1,train
125,0,train
126,1,train
127,0,calib
128,1,test
129,1,calib
130,1,train
131,1,train
132,1,train
133,1,test
134,1,train
135,0,calib
136,1,train
137,1,test
138,1,train
139,0,train
140,1,train
141,1,train
142,1,train
143,0,test
144,1,train
145,1,train
146,1,train
147,1,test
148,1,test
149,1,calib
150,1,train
151,1,train
152,1,train
153,1,train
154,0,test
155,1,train
156,1,train
157,1,test
158,1,train
159,1,train
160,1,calib
161,1,calib
162,1,train
163,1,calib
164,0,train
165,1,train
166,1,train
167,1,train
168,1,train
169,1,train
170,1,train
171,1,train
172,0,train
173,1,calib
174,0,train
175,1,train
176,1,calib
177,1,test
178,1,train
179,1,train
180,0,train
181,1,test
182,1,train
183,0,train
184,0,train
185,1,calib
186,1,calib
187,1,test
188,1,train
189,0,calib
190,1,test
191,1,test
192,1,train
193,1,calib
194,1,train
195,1,calib
196,1,train
197,0,train
198,0,train
199,1,train
200,1,train
201,1,calib
202,0,train
203,1,train
204,1,train
205,1,test
206,0,train
207,1,train
208,0,calib
209,1,test
210,1,train
211,0,train
212,1,train
213,1,train
214,0,train
215,0,train
216,1,train
217,1,calib
218,1,train
219,1,calib
220,1,train
221,1,calib
222,1,calib
223,1,train
224,1,train
225,1,train
226,1,train
227,1,calib
228,1,train
229,1,train
230,1,train
231,1,train
232,1,test
233,1,train
234,0,train
235,1,train
236,1,test
237,0,train
238,0,train
239,1,train
240,0,calib
241,1,train
242,1,calib
243,1,test
244,1,train
245,1,train
246,0,train
247,1,test
248,0,train
249,1,train
250,0,test
251,1,train
252,1,train
253,1,train
254,1,test
255,0,calib
256,1,train
257,1,train
258,1,train
259,1,train
260,1,test
261,1,train
262,1,train
263,1,calib
264,1,train
265,0,calib
266,1,train
267,0,train
268,1,test
269,0,calib
270,0,calib
271,1,test
272,1,train
273,1,train
274,1,train
275,1,train
276,0,calib
277,1,calib
278,1,test
279,0,train
280,1,test
281,0,train
282,1,train
283,1,train
284,1,train
285,0,train
286,0,calib
287,1,test
288,1,train
289,1,test
290,1,train
291,1,calib
292,1,calib
293,1,train
294,1,test
295,1,test
296,1,train
297,1,train
298,1,train
299,1,train
300,0,train
301,1,train
302,0,train
303,0,calib
304,1,train
305,1,train
306,1,train
307,1,calib
308,0,train
309,0,calib
310,1,test
311,0,train
312,1,calib
313,0,calib
314,1,train
315,1,train
316,1,test
317,1,train
318,1,calib
319,1,train
320,1,train
321,1,train
322,1,test
323,1,test
324,1,train
325,1,train
326,1,train
327,0,train
328,1,test
329,1,train
330,1,train
331,1,calib
332,1,train
333,1,calib
334,1,train
335,1,train
336,1,calib
337,1,test
338,1,train
339,1,train
340,1,train
341,0,test
342,0,train
343,1,train
344,1,calib
345,1,calib
346,1,test
347,1,train
348,1,train
349,1,test
350,0,train
351,1,calib
352,0,train
353,1,train
354,0,calib
355,0,calib
356,1,calib
357,0,train
358,1,calib
359,1,calib
360,1,calib
361,0,test
362,1,test
363,0,train
364,1,train
365,1,test
366,1,train
367,1,train
368,0,train
369,1,train
370,1,train
371,1,calib
372,0,calib
373,1,train
374,1,train
375,1,train
376,1,train
377,1,calib
378,1,calib
379,1,train
380,1,train
381,1,train
382,1,test
383,1,train
384,1,train
385,1,train
386,1,calib
387,0,train
388,1,train
389,1,test
390,0,train
391,1,train
392,1,train
393,0,train
394,1,test
395,1,test
396,1,train
397,1,test
398,0,train
399,0,test
400,1,calib
401,1,test
402,0,train
403,1,train
404,1,train
405,0,train
406,1,train
407,1,calib
408,0,calib
409,1,test
410,1,test
411,1,train
412,1,train
413,0,train
414,1,train
415,0,test
416,1,test
417,1,train
418,1,train
419,1,train
420,1,train
421,1,test
422,0,train
423,1,calib
424,1,test
425,1,train
426,1,test
427,1,train
428,0,calib
429,1,train
430,1,calib
431,1,test
432,1,train
433,0,train
434,1,train
435,0,calib
436,1,train
437,1,train
438,1,train
439,1,train
440,1,calib
441,1,train
442,1,test
443,0,train
444,1,train
445,1,test
446,1,test
447,1,train
448,1,train
449,1,train
450,1,train
451,0,calib
452,0,train
453,0,train
454,0,calib
455,0,train
456,1,calib
457,1,train
458,1,train
459,1,test
460,1,train
461,1,train
462,1,train
463,1,train
464,1,calib
465,1,calib
466,1,calib
467,1,train
468,0,calib
469,0,calib
470,0,train
471,1,train
472,1,calib
473,1,train
474,1,test
475,1,train
476,1,train
477,1,test
478,1,train
479,1,calib
480,1,train
481,1,train
482,1,train
483,1,calib
484,1,calib
485,1,calib
486,1,train
487,1,train
488,1,train
489,0,train
490,1,train
491,1,calib
492,1,train
493,1,train
494,1,train
495,1,train
496,1,train
497,1,train
498,1,train
499,1,train
500,1,train
501,1,train
502,1,test
503,1,test
504,1,calib
505,1,train
506,1,test
507,1,train
508,1,train
509,1,test
510,1,calib
511,1,train
512,1,train
513,0,calib
514,1,train
515,1,train
516,1,train
517,1,train
518,1,train
519,0,train
520,0,train
521,0,test
522,1,train
523,0,train
524,0,test
525,1,test
526,0,train
527,1,train
528,1,train
529,1,train
530,1,train
531,1,train
532,1,train
533,0,train
534,0,calib
535,1,train
536,1,train
537,1,train
538,1,calib
539,1,train
540,1,calib
541,1,train
542,1,test
543,1,train
544,1,train
545,1,train
546,1,train
547,1,train
548,1,calib
549,1,train
550,1,calib
551,1,train
552,1,train
553,1,train
554,0,train
555,1,train
556,1,calib
557,1,train
558,1,calib
559,1,test
560,1,test
561,0,test
562,0,train
563,1,test
564,0,train
565,1,calib
566,1,test
567,1,test
568,1,train
569,1,train
570,1,test
571,1,train
572,1,train
573,0,train
574,1,test
575,0,train
576,1,train
577,1,train
578,1,test
579,1,test
580,0,train
581,0,train
582,1,test
583,1,test
584,1,train
585,1,train
586,1,calib
587,1,calib
588,0,test
589,1,train
590,1,test
591,1,test
592,0,test
593,0,train
594,1,train
595,1,train
596,1,calib
597,0,train
598,1,test
599,1,train
600,1,train
601,1,test
602,1,train
603,1,train
604,1,train
605,1,calib
606,0,test
607,1,train
608,1,calib
609,1,train
610,1,calib
611,1,train
612,1,train
613,1,train
614,1,train
615,1,train
616,1,train
617,1,test
618,1,train
619,0,calib
620,1,train
621,1,train
622,1,test
623,1,train
624,1,test
625,1,calib
626,0,test
627,1,train
628,0,calib
629,0,train
630,1,train
631,1,test
632,0,calib
633,0,test
634,1,train
635,1,train
636,1,calib
637,0,train
638,1,train
639,0,calib
640,1,train
641,1,test
642,1,train
643,0,train
644,1,train
645,0,train
646,1,train
647,1,calib
648,1,train
649,0,calib
650,1,test
651,1,train
652,0,train
653,1,calib
654,1,calib
655,1,train
656,1,train
657,1,calib
658,1,train
659,0,train
660,0,calib
661,1,calib
662,1,train
663,1,train
664,1,train
665,0,train
666,1,calib
667,0,test
668,1,train
669,1,train
670,1,test
671,1,train
672,1,train
673,0,train
674,0,calib
675,1,test
676,1,train
677,1,test
678,1,test
679,1,train
680,1,train
681,0,calib
682,0,train
683,1,train
684,1,calib
685,1,calib
686,1,train
687,1,test
688,1,train
689,1,calib
690,1,test
691,1,train
692,1,train
693,1,calib
694,1,calib
695,1,train
696,0,train
697,0,calib
698,1,test
699,1,train
700,1,train
701,1,train
702,1,train
703,1,train
704,0,train
705,0,train
706,1,train
707,1,train
708,1,train
709,1,train
710,1,train
711,1,train
712,1,train
713,1,train
714,1,train
715,1,calib
716,1,train
717,1,train
718,1,test
719,0,test
720,1,test
721,1,train
722,1,train
723,0,test
724,0,test
725,0,calib
726,1,train
727,1,train
728,1,train
729,0,test
730,1,test
731,1,train
732,1,train
733,1,train
734,1,train
735,1,calib
736,1,calib
737,1,train
738,1,train
739,0,train
740,1,train
741,1,train
742,0,calib
743,1,test
744,1,train
745,0,calib
746,0,train
747,1,train
748,1,test
749,1,calib
750,0,train
751,1,train
752,1,train
753,1,train
754,1,train
755,1,test
756,0,calib
757,1,test
758,0,train
759,1,calib
760,1,train
761,0,train
762,1,calib
763,0,train
764,0,train
765,1,train
766,1,train
767,1,test
768,1,test
769,1,train
770,1,train
771,1,train
772,1,test
773,0,test
774,1,test
775,1,train
776,1,train
777,1,train
778,0,calib
779,1,train
780,1,train
781,1,train
782,0,train
783,1,calib
784,0,train
785,1,calib
786,1,train
787,1,train
788,1,calib
789,1,train
790,0,calib
791,1,train
792,1,train
793,1,calib
794,0,train
795,1,train
796,1,calib
797,1,train
798,0,train
799,0,train
800,1,train
801,1,calib
802,1,calib
803,1,test
804,1,train
805,0,train
806,1,train
807,0,train
808,0,train
809,1,train
810,1,train
811,1,train
812,1,test
813,1,train
814,1,train
815,1,train
816,1,train
817,0,train
818,1,calib
819,0,train
820,1,train
821,1,train
822,1,test
823,1,train
824,1,train
825,0,calib
826,1,train
827,1,train
828,1,train
829,1,test
830,1,calib
831,0,train
832,1,train
833,1,test
834,1,calib
835,1,train
836,1,train
837,0,train
838,1,train
839,1,train
840,1,train
841,1,train
842,0,calib
843,1,train
844,0,calib
845,1,test
846,1,test
847,0,train
848,1,train
849,1,train
850,0,train
851,1,test
852,1,train
853,1,calib
854,0,test
855,1,calib
856,1,train
857,0,train
858,1,train
859,0,calib
860,1,train
861,1,test
862,1,train
863,1,train
864,1,test
865,1,train
866,1,train
867,1,test
868,0,test
869,1,train
870,0,train
871,1,train
872,0,train
873,0,train
874,1,calib
875,0,train
876,1,train
877,1,train
878,0,train
879,1,test
880,1,train
881,0,test
882,1,train
883,0,calib
884,1,train
885,1,test
886,1,test
887,1,test
888,1,calib
889,1,train
890,1,train
891,1,train
892,1,train
893,0,calib
894,0,train
895,1,train
896,1,test
897,1,train
898,0,calib
899,1,train
900,1,train
901,1,calib
902,1,train
903,1,train
904,1,train
905,1,test
906,1,train
907,1,train
908,1,train
909,1,calib
910,1,train
911,1,test
912,1,train
913,1,train
914,1,test
915,0,calib
916,1,calib
917,0,train
918,1,train
919,1,calib
920,1,test
921,1,calib
922,1,test
923,1,test
924,1,train
925,1,train
926,1,train
927,0,train
928,1,test
929,1,calib
930,1,train
931,1,train
932,1,calib
933,1,train
934,0,train
935,0,test
936,1,train
937,0,train
938,1,train
939,0,calib
940,1,test
941,1,calib
942,0,train
943,1,train
944,1,train
945,1,train
946,1,calib
947,0,calib
948,1,test
949,1,test
950,0,test
951,0,train
952,1,calib
953,1,calib
954,1,calib
955,1,train
956,0,train
957,1,test
958,0,train
959,0,train
960,1,train
961,1,train
962,1,test
963,1,calib
964,1,train
965,1,train
966,0,test
967,1,calib
968,0,calib
969,1,calib
970,0,train
971,1,train
972,0,calib
973,1,train
974,1,train
975,1,train
976,1,train
977,0,train
978,1,train
979,1,train
980,1,train
981,1,train
982,1,calib
983,1,test
984,0,train
985,1,calib
986,1,train
987,1,train
988,1,train
989,1,calib
990,1,calib
991,1,train
992,1,train
993,0,calib
994,1,test
995,0,train
996,1,train
997,0,train
998,1,train
999,0,test
1000,1,train
1001,0,test
1002,0,calib
1003,1,train
1004,1,train
1005,1,calib
1006,1,train
1007,0,train
1008,0,calib
1009,1,train
1010,1,train
1011,1,train
1012,0,test
1013,0,train
1014,1,train
1015,1,train
1016,0,train
1017,1,train
1018,1,calib
1019,1,test
1020,1,calib
1021,0,train
1022,1,calib
1023,1,train
1024,1,test
1025,1,test
1026,1,test
1027,0,train
1028,1,calib
1029,1,train
1030,1,train
1031,1,train
1032,1,train
1033,1,calib
1034,1,train
1035,1,calib
1036,1,train
1037,1,train
1038,1,train
1039,1,train
1040,1,train
1041,1,test
1042,1,train
1043,0,train
1044,1,train
1045,1,test
1046,1,test
1047,1,calib
1048,1,test
1049,0,train
1050,1,test
1051,0,train
1052,0,train
1053,0,train
1054,1,train
1055,1,train
1056,1,calib
1057,1,calib
1058,0,calib
1059,0,train
1060,1,test
1061,1,test
1062,1,train
1063,1,train
1064,0,train
1065,1,train
1066,0,calib
1067,1,calib
1068,1,test
1069,1,calib
1070,1,train
1071,0,train
1072,0,train
1073,0,calib
1074,1,train
1075,1,train
1076,1,train
1077,1,train
1078,1,train
1079,0,train
1080,1,train
1081,1,test
1082,1,train
1083,0,train
1084,1,train
1085,1,train
1086,1,train
1087,1,train
1088,0,train
1089,1,test
1090,0,train
1091,0,calib
1092,1,train
1093,1,test
1094,1,test
1095,1,train
1096,1,train
1097,1,test
1098,0,calib
1099,1,train
1100,1,train
1101,0,train
1102,1,test
1103,1,test
1104,0,calib
1105,1,train
1106,1,calib
1107,1,test
1108,0,calib
1109,1,test
1110,0,train
1111,0,test
1112,1,train
1113,1,train
1114,1,test
1115,0,calib
1116,1,train
1117,1,train
1118,0,calib
1119,1,train
1120,1,test
1121,1,train
1122,1,train
1123,1,train
1124,1,train
1125,1,calib
1126,0,test
1127,1,train
1128,1,train
1129,1,calib
1130,1,calib
1131,1,test
1132,1,train
1133,1,train
1134,1,train
1135,0,train
1136,0,train
1137,0,test
1138,1,train
1139,1,train
1140,1,calib
1141,1,train
1142,1,train
1143,1,train
1144,1,train
1145,0,train
1146,1,train
1147,1,test
1148,0,train
1149,0,train
1150,1,test
1151,1,calib
1152,1,train
1153,1,calib
1154,1,calib
1155,1,test
1156,0,train
1157,0,calib
1158,1,train
1159,1,calib
1160,1,test
1161,1,train
1162,0,calib
1163,0,test
1164,0,train
1165,1,calib
1166,0,calib
1167,1,train
1168,1,test
1169,1,train
1170,1,calib
1171,1,train
1172,0,train
1173,1,calib
1174,1,train
1175,0,test
1176,1,train
1177,0,test
1178,1,train
1179,1,calib
1180,0,train
1181,0,test
1182,1,train
1183,1,train
1184,1,calib
1185,1,train
1186,1,train
1187,1,test
1188,1,test
1189,1,test
1190,1,train
1191,0,test
1192,1,train
1193,1,test
1194,1,calib
1195,1,test
1196,1,train
1197,1,calib
1198,1,test
1199,1,train
1200,0,train
1201,0,train
1202,1,train
1203,0,test
1204,1,calib
1205,0,train
1206,1,train
1207,0,calib
1208,1,calib
1209,1,calib
1210,0,train
1211,1,test
1212,1,train
1213,0,train
1214,1,calib
1215,0,train
1216,0,calib
1217,1,train
1218,1,test
1219,0,train
1220,0,train
1221,1,train
1222,1,train
1223,1,test
1224,0,test
1225,1,train
1226,0,train
1227,1,train
1228,1,train
1229,1,test
1230,0,train
1231,1,calib
1232,1,train
1233,1,calib
1234,1,train
1235,1,test
1236,1,train
1237,1,train
1238,1,test
1239,1,train
1240,0,train
1241,1,train
1242,1,train
1243,0,calib
1244,1,train
1245,1,train
1246,0,train
1247,1,calib
1248,1,calib
1249,1,test
1250,0,test
1251,1,test
1252,1,calib
1253,1,test
1254,1,calib
1255,1,calib
1256,1,train
1257,0,train
1258,0,train
1259,1,test
1260,1,train
1261,0,train
1262,1,train
1263,1,train
1264,1,train
1265,1,train
1266,0,train
1267,1,calib
1268,1,train
1269,1,test
1270,1,calib
1271,1,train
1272,1,train
1273,1,test
1274,1,test
1275,0,test
1276,0,train
1277,0,train
1278,1,train
1279,1,calib
1280,1,train
1281,0,train
1282,0,calib
1283,1,calib
1284,0,calib
1285,1,test
1286,0,train
1287,1,train
1288,1,train
1289,1,calib
1290,1,test
1291,1,train
1292,1,test
1293,1,train
1294,1,calib
1295,1,train
1296,1,train
1297,1,calib
1298,1,train
1299,1,train
1300,1,test
1301,1,calib
1302,0,calib
1303,1,calib
1304,1,train
1305,0,train
1306,1,train
1307,1,train
1308,1,train
1309,0,calib
1310,1,test
1311,1,train
1312,1,train
1313,1,test
1314,0,train
1315,1,train
1316,0,train
1317,1,train
1318,0,train
1319,0,train
1320,1,train
1321,1,train
1322,0,train
1323,0,train
1324,0,test
1325,1,train
1326,1,test
1327,0,train
1328,1,train
1329,1,calib
1330,1,train
1331,1,train
1332,1,train
1333,1,calib
1334,0,train
1335,1,calib
1336,1,calib
1337,0,train
1338,1,train
1339,1,train
1340,1,train
1341,1,test
1342,1,test
1343,1,calib
1344,1,calib
1345,1,train
1346,0,train
1347,1,train
1348,0,calib
1349,1,train
1350,0,train
1351,0,train
1352,1,train
1353,1,train
1354,1,train
1355,0,calib
1356,1,test
1357,1,calib
1358,1,test
1359,1,train
1360,1,train
1361,0,test
1362,1,test
1363,1,test
1364,1,train
1365,1,calib
1366,1,train
1367,1,train
1368,0,train
1369,1,test
1370,1,test
1371,1,train
1372,1,train
1373,1,train
1374,1,train
1375,1,train
1376,1,train
1377,1,calib
1378,0,train
1379,1,train
1380,1,test
1381,1,train
1382,1,train
1383,1,calib
1384,1,test
1385,1,train
1386,1,test
1387,0,test
1388,1,train
1389,1,calib
1390,1,train
1391,0,test
1392,1,train
1393,1,test
1394,1,train
1395,0,train
1396,1,train
1397,1,train
1398,1,train
1399,0,train
1400,1,train
1401,1,train
1402,1,train
1403,1,train
1404,1,test
1405,0,train
1406,1,train
1407,0,train
1408,1,train
1409,1,test
1410,1,train
1411,1,train
1412,0,train
1413,0,train
1414,1,train
1415,1,calib
1416,1,train
1417,0,train
1418,0,calib
1419,1,train
1420,1,train
1421,1,test
1422,1,calib
1423,1,calib
1424,1,train
1425,1,calib
1426,0,test
1427,1,train
1428,1,train
1429,0,train
1430,1,test
1431,1,calib
1432,0,calib
1433,1,test
1434,1,train
1435,1,train
1436,1,train
1437,0,train
1438,1,test
1439,0,train
1440,1,train
1441,1,train
1442,0,train
1443,1,test
1444,0,train
1445,1,calib
1446,1,train
1447,1,train
1448,0,train
1449,0,train
1450,1,calib
1451,1,test
1452,1,train
1453,0,train
1454,0,test
1455,1,train
1456,1,test
1457,1,calib
1458,1,train
1459,0,train
1460,0,train
1461,1,calib
1462,0,train
1463,0,train
1464,1,train
1465,1,train
1466,1,train
1467,1,test
1468,1,calib
1469,0,train
1470,0,train
1471,1,train
1472,1,train
1473,1,test
1474,1,train
1475,1,train
1476,1,train
1477,1,train
1478,1,test
1479,1,train
1480,1,train
1481,0,calib
1482,0,train
1483,1,train
1484,0,calib
1485,1,train
1486,1,test
1487,1,train
1488,1,train
1489,0,train
1490,1,train
1491,1,test
1492,0,test
1493,0,calib
1494,1,train
1495,0,train
1496,0,train
1497,1,train
1498,0,calib
1499,1,train
1500,0,calib
1501,1,calib
1502,1,train
1503,0,train
1504,1,calib
1505,1,calib
1506,1,test
1507,1,train
1508,1,test
1509,1,train
1510,1,test
1511,0,train
1512,0,train
1513,1,calib
1514,0,calib
1515,1,train
1516,0,train
1517,1,train
1518,1,train
1519,1,train
1520,1,train
1521,1,calib
1522,1,train
1523,1,calib
1524,1,train
1525,1,train
1526,1,test
1527,1,test
1528,0,train
1529,1,calib
1530,1,test
1531,0,calib
1532,0,calib
1533,0,train
1534,1,test
1535,1,calib
1536,1,train
1537,1,calib
1538,1,calib
1539,1,train
1540,1,calib
1541,1,calib
1542,1,calib
1543,1,train
1544,1,train
1545,1,calib
1546,1,train
1547,1,test
1548,0,train
1549,1,train
1550,1,train
1551,1,test
1552,1,train
1553,1,train
1554,0,train
1555,1,calib
1556,1,train
1557,1,train
1558,1,test
1559,1,train
1560,1,test
1561,1,test
1562,0,test
1563,1,test
1564,1,train
1565,1,train
1566,1,test
1567,1,train
1568,1,train
1569,1,calib
1570,1,train
1571,0,test
1572,1,train
1573,1,train
1574,1,test
1575,1,train
1576,1,train
1577,1,train
1578,1,train
1579,1,test
1580,0,test
1581,1,test
1582,1,train
1583,0,train
1584,1,train
1585,0,train
1586,1,calib
1587,1,train
1588,1,test
1589,1,train
1590,1,train
1591,1,train
1592,1,test
1593,0,train
1594,1,train
1595,0,train
1596,1,train
1597,1,train
1598,1,test
1599,1,train
1600,1,test
1601,1,train
1602,1,train
1603,0,train
1604,1,train
1605,1,train
1606,1,train
1607,1,test
1608,1,train
1609,1,train
1610,1,calib
1611,0,train
1612,0,train
1613,0,train
1614,1,calib
1615,0,calib
1616,0,train
1617,1,test
1618,1,calib
1619,1,train
1620,0,train
1621,0,train
1622,1,train
1623,1,test
1624,1,train
1625,0,train
1626,1,calib
1627,0,train
1628,1,test
1629,1,test
1630,1,test
1631,1,test
1632,0,calib
1633,1,test
1634,1,train
1635,0,calib
1636,1,train
1637,1,test
1638,0,calib
1639,0,test
1640,1,calib
1641,0,calib
1642,0,train
1643,0,train
1644,1,train
1645,0,train
1646,1,test
1647,1,calib
1648,0,train
1649,1,train
1650,1,train
1651,1,train
1652,1,train
1653,1,train
1654,0,train
1655,0,test
1656,1,train
1657,1,calib
1658,1,train
1659,1,train
1660,1,test
1661,0,test
1662,1,test
1663,1,train
1664,1,train
1665,1,test
1666,0,train
1667,1,calib
1668,1,train
1669,0,train
1670,0,calib
1671,1,train
1672,1,calib
1673,1,test
1674,0,calib
1675,1,train
1676,0,test
1677,1,test
1678,1,train
1679,1,train
1680,1,train
1681,1,test
1682,0,train
1683,1,train
1684,1,calib
1685,0,train
1686,1,test
1687,0,train
1688,1,train
1689,0,train
1690,1,train
1691,1,train
1692,1,train
1693,0,train
1694,1,calib
1695,0,train
1696,1,calib
1697,1,calib
1698,1,test
1699,1,train
1700,1,train
1701,1,calib
1702,1,calib
1703,1,train
1704,1,calib
1705,1,train
1706,0,calib
1707,1,train
1708,1,calib
1709,0,train
1710,1,calib
1711,1,train
1712,1,train
1713,0,train
1714,1,calib
1715,1,test
1716,1,train
1717,0,calib
1718,0,calib
1719,1,calib
1720,1,train
1721,1,calib
1722,0,train
1723,0,train
1724,1,test
1725,1,calib
1726,0,train
1727,1,train
1728,0,train
1729,1,train
1730,1,calib
1731,1,train
1732,1,train
1733,1,train
1734,1,train
1735,0,train
1736,1,calib
1737,1,train
1738,0,train
1739,1,train
1740,0,test
1741,1,train
1742,1,calib
1743,1,train
1744,1,test
1745,1,train
1746,1,train
1747,1,train
1748,1,test
1749,1,train
1750,1,train
1751,1,train
1752,1,train
1753,1,test
1754,0,train
1755,1,train
1756,1,test
1757,1,train
1758,1,train
1759,1,train
1760,0,train
1761,1,calib
1762,1,test
1763,1,calib
1764,0,test
1765,0,calib
1766,1,train
1767,1,train
1768,1,train
1769,0,test
1770,1,train
1771,0,calib
1772,0,train
1773,1,train
1774,0,train
1775,1,test
1776,1,train
1777,1,train
1778,1,train
1779,0,train
1780,0,train
1781,1,train
1782,1,train
1783,0,test
1784,1,calib
1785,0,test
1786,0,train
1787,0,train
1788,1,test
1789,1,test
1790,1,test
1791,1,calib
1792,1,train
1793,1,train
1794,1,calib
1795,0,train
1796,1,train
1797,1,test
1798,0,calib
1799,1,train
1800,1,train
1801,1,train
1802,1,test
1803,0,train
1804,1,train
1805,1,train
1806,1,train
1807,1,test
1808,1,train
1809,1,train
1810,1,calib
1811,0,calib
1812,0,train
1813,1,train
1814,0,test
1815,1,train
1816,1,test
1817,1,train
1818,1,calib
1819,0,train
1820,1,calib
1821,1,train
1822,1,train
1823,1,train
1824,0,calib
1825,0,calib
1826,0,train
1827,1,train
1828,1,calib
1829,1,train
1830,1,train
1831,1,calib
1832,1,test
1833,1,calib
1834,1,calib
1835,1,train
1836,1,train
1837,1,test
1838,1,train
1839,1,train
1840,1,train
1841,1,calib
1842,1,train
1843,1,test
1844,1,train
1845,1,train
1846,1,calib
1847,1,train
1848,1,train
1849,0,train
1850,1,train
1851,1,calib
1852,1,train
1853,1,train
1854,1,calib
1855,1,train
1856,1,train
1857,1,calib
1858,1,train
1859,0,calib
1860,1,calib
1861,1,train
1862,0,calib
1863,1,calib
1864,0,test
1865,1,train
1866,1,test
1867,1,train
1868,1,test
1869,0,train
1870,1,test
1871,1,test
1872,0,train
1873,1,calib
1874,1,train
1875,0,calib
1876,0,calib
1877,1,train
1878,1,train
1879,1,train
1880,1,train
1881,0,train
1882,0,train
1883,1,train
1884,1,test
1885,1,calib
1886,1,calib
1887,0,train
1888,1,test
1889,1,calib
1890,1,calib
1891,1,train
1892,1,calib
1893,0,train
1894,1,train
1895,0,calib
1896,1,train
1897,1,train
1898,1,train
1899,1,train
1900,1,calib
1901,1,train
1902,1,train
1903,1,test
1904,0,calib
1905,0,train
1906,1,calib
1907,1,train
1908,1,train
1909,1,train
1910,1,train
1911,1,train
1912,1,train
1913,1,calib
1914,1,calib
1915,0,train
1916,1,test
1917,1,train
1918,1,test
1919,1,train
1920,1,train
1921,0,train
1922,0,calib
1923,1,train
1924,1,test
1925,0,train
1926,1,train
1927,1,train
1928,1,test
1929,1,train
1930,1,train
1931,1,train
1932,1,train
1933,0,train
1934,1,calib
1935,1,train
1936,1,test
1937,1,train
1938,0,calib
1939,1,train
1940,1,test
1941,1,test
1942,1,train
1943,0,test
1944,1,test
1945,0,calib
1946,1,train
1947,1,train
1948,1,test
1949,0,train
1950,1,calib
1951,1,train
1952,1,test
1953,1,train
1954,1,train
1955,1,test
1956,1,train
1957,1,train
1958,1,train
1959,0,calib
1960,1,train
1961,0,test
1962,0,train
1963,0,train
1964,1,train
1965,1,train
1966,1,calib
1967,1,train
1968,1,train
1969,0,train
1970,1,train
1971,1,train
1972,0,calib
1973,1,calib
1974,1,train
1975,0,train
1976,1,train
1977,1,calib
1978,0,test
1979,1,train
1980,1,calib
1981,0,train
1982,1,train
1983,0,train
1984,0,train
1985,1,test
1986,0,calib
1987,1,train
1988,1,train
1989,1,test
1990,1,train
1991,1,train
1992,0,train
1993,1,train
1994,0,test
1995,1,test
1996,0,test
1997,1,test
1998,0,train
1999,1,train
2000,1,train
2001,1,train
2002,1,test
2003,0,train
2004,1,test
2005,1,test
2006,1,train
2007,1,train
2008,1,calib
2009,1,train
2010,1,train
2011,1,train
2012,1,calib
2013,1,train
2014,1,train
2015,1,train
2016,1,test
2017,1,train
2018,0,test
2019,1,calib
2020,1,calib
2021,1,calib
2022,1,test
2023,1,test
2024,1,calib
2025,1,calib
2026,0,train
2027,1,test
2028,1,train
2029,1,train
2030,0,calib
2031,0,train
2032,1,test
2033,1,train
2034,1,train
2035,1,test
2036,1,train
2037,1,test
2038,1,train
2039,0,calib
2040,1,test
2041,1,test
2042,1,train
2043,0,train
2044,1,train
2045,1,train
2046,1,train
2047,1,train
2048,0,train
2049,1,test
2050,1,train
2051,0,train
2052,1,calib
2053,1,train
2054,1,test
2055,1,test
2056,0,test
2057,1,train
2058,1,calib
2059,1,train
2060,1,calib
2061,1,train
2062,1,train
2063,0,test
2064,1,train
2065,1,train
2066,0,train
2067,1,train
2068,0,test
2069,1,train
2070,1,train
2071,1,train
2072,1,test
2073,0,train
2074,0,train
2075,1,train
2076,1,train
2077,1,train
2078,1,test
2079,1,train
2080,1,train
2081,0,train
2082,1,train
2083,1,train
2084,1,test
2085,0,train
2086,0,test
2087,1,train
2088,0,train
2089,0,train
2090,0,train
2091,1,train
2092,1,train
2093,0,train
2094,1,test
2095,0,train
2096,1,test
2097,1,train
2098,0,train
2099,1,test
2100,0,calib
2101,1,test
2102,1,train
2103,0,calib
2104,1,train
2105,1,train
2106,0,test
2107,1,train
2108,1,calib
2109,0,train
2110,0,train
2111,1,calib
2112,0,calib
2113,1,test
2114,1,train
2115,1,train
2116,1,train
2117,1,train
2118,1,train
2119,1,train
2120,1,calib
2121,1,train
2122,1,train
2123,1,train
2124,1,test
2125,1,calib
2126,1,train
2127,1,train
2128,0,test
2129,1,train
2130,1,train
2131,1,calib
2132,1,train
2133,1,train
2134,1,train
2135,1,train
2136,1,train
2137,1,train
2138,1,calib
2139,0,train
2140,1,train
2141,1,train
2142,1,calib
2143,1,test
2144,1,calib
2145,1,train
2146,1,train
2147,1,train
2148,1,train
2149,1,train
2150,1,train
2151,1,calib
2152,1,train
2153,0,test
2154,1,calib
2155,1,train
2156,1,test
2157,0,test
2158,0,train
2159,0,calib
2160,0,train
2161,1,train
2162,1,train
2163,1,calib
2164,0,train
2165,1,train
2166,1,train
2167,0,calib
2168,1,train
2169,1,test
2170,1,train
2171,1,train
2172,1,train
2173,1,train
2174,1,test
2175,0,calib
2176,1,calib
2177,1,calib
2178,0,calib
2179,0,train
2180,0,train
2181,0,test
2182,0,test
2183,1,test
2184,0,test
2185,1,calib
2186,1,train
2187,1,train
2188,1,calib
2189,1,calib
2190,0,test
2191,1,train
2192,1,calib
2193,1,calib
2194,1,train
2195,1,train
2196,0,train
2197,1,train
2198,0,train
2199,1,train
2200,1,test
2201,1,train
2202,1,test
2203,1,train
2204,1,calib
2205,0,train
2206,0,train
2207,1,train
2208,1,train
2209,1,train
2210,1,calib
2211,1,test
2212,1,test
2213,0,train
2214,1,train
2215,0,train
2216,1,calib
2217,0,train
2218,1,train
2219,1,calib
2220,1,test
2221,1,train
2222,1,train
2223,1,train
2224,1,train
2225,1,calib
2226,1,calib
2227,0,train
2228,0,train
2229,1,train
2230,0,train
2231,1,train
2232,1,calib
2233,0,train
2234,1,train
2235,1,calib
2236,0,test
2237,0,train
2238,1,train
2239,1,train
2240,0,calib
2241,1,test
2242,0,train
2243,0,train
2244,1,test
2245,0,calib
2246,1,test
2247,1,train
2248,1,calib
2249,0,train
2250,1,train
2251,1,train
2252,0,train
2253,1,train
2254,0,test
2255,1,test
2256,1,test
2257,1,calib
2258,0,train
2259,1,train
2260,1,train
2261,1,train
2262,1,test
2263,1,train
2264,1,train
2265,0,calib
2266,1,train
2267,1,train
2268,1,calib
2269,1,train
2270,1,calib
2271,1,train
2272,1,train
2273,1,calib
2274,1,train
2275,1,train
2276,1,train
2277,1,train
2278,1,calib
2279,1,train
2280,1,calib
2281,1,test
2282,0,calib
2283,1,test
2284,1,test
2285,1,train
2286,0,train
2287,0,test
2288,1,calib
2289,1,train
2290,1,test
2291,1,calib
2292,1,calib
2293,0,test
2294,1,train
2295,1,train
2296,1,calib
2297,1,test
2298,1,test
2299,1,train
2300,1,calib
2301,1,test
2302,1,train
2303,1,train
2304,0,calib
2305,0,test
2306,1,train
2307,1,test
2308,0,train
2309,1,calib
2310,1,train
2311,0,calib
2312,0,train
2313,1,test
2314,1,calib
2315,1,train
2316,1,train
2317,1,calib
2318,0,calib
2319,0,calib
2320,1,train
2321,0,train
2322,1,train
2323,1,test
2324,0,train
2325,0,train
2326,1,test
2327,1,test
2328,1,test
2329,1,train
2330,0,test
2331,1,test
2332,0,test
2333,1,calib
2334,0,train
2335,1,train
2336,1,train
2337,1,test
2338,1,calib
2339,0,train
2340,1,calib
2341,1,train
2342,1,train
2343,1,calib
2344,0,train
2345,0,calib
2346,1,train
2347,1,test
2348,0,calib
2349,1,calib
2350,1,train
2351,0,train
2352,0,train
2353,1,test
2354,1,train
2355,1,train
2356,1,train
2357,0,train
2358,1,calib
2359,1,calib
2360,1,test
2361,0,train
2362,0,train
2363,1,train
2364,1,train
2365,1,train
2366,1,train
2367,0,train
2368,1,test
2369,1,train
2370,1,train
2371,1,train
2372,1,calib
2373,1,train
2374,1,test
2375,1,calib
2376,1,train
2377,0,test
2378,1,test
2379,1,test
2380,1,train
2381,1,calib
2382,1,train
2383,1,calib
2384,1,train
2385,0,train
2386,0,calib
2387,1,calib
2388,1,test
2389,1,calib
2390,0,train
2391,1,calib
2392,1,train
2393,1,test
2394,1,train
2395,1,calib
2396,0,calib
2397,1,calib
2398,1,train
2399,1,train
2400,1,train
2401,1,test
2402,1,calib
2403,0,test
2404,1,train
2405,1,test
2406,0,test
2407,1,train
2408,1,train
2409,1,test
2410,1,calib
2411,1,calib
2412,1,train
2413,1,train
2414,0,test
2415,0,train
2416,1,train
2417,1,train
2418,1,train
2419,1,test
2420,0,train
2421,1,test
2422,1,train
2423,1,train
2424,1,test
2425,0,calib
2426,0,train
2427,1,calib
2428,1,test
2429,1,train
2430,0,train
2431,0,calib
2432,1,train
2433,0,train
2434,1,test
2435,1,train
2436,1,calib
2437,1,test
2438,1,train
2439,1,train
2440,1,calib
2441,1,test
2442,1,train
2443,1,calib
2444,1,train
2445,1,train
2446,1,train
2447,1,test
2448,1,train
2449,1,test
2450,1,test
2451,1,train
2452,1,train
2453,1,test
2454,1,test
2455,1,train
2456,1,train
2457,1,test
2458,1,calib
2459,1,calib
2460,0,train
2461,1,calib
2462,0,train
2463,1,train
2464,1,train
2465,0,test
2466,1,test
2467,1,train
2468,1,train
2469,0,train
2470,0,calib
2471,1,train
2472,0,train
2473,0,train
2474,1,train
2475,1,calib
2476,1,calib
2477,1,train
2478,1,test
2479,1,calib
2480,1,train
2481,0,train
2482,1,test
2483,1,train
2484,0,train
2485,1,calib
2486,1,train
2487,1,train
2488,1,train
2489,1,test
2490,1,calib
2491,1,train
2492,1,calib
2493,1,test
2494,1,train
2495,0,test
2496,1,train
2497,0,train
2498,0,train
2499,1,train
2500,1,calib
2501,1,calib
2502,1,train
2503,1,train
2504,1,train
2505,0,test
2506,1,train
2507,1,train
2508,0,calib
2509,0,train
2510,1,calib
2511,1,train
2512,0,train
2513,1,train
2514,0,train
2515,1,test
2516,1,train
2517,0,train
2518,1,test
2519,1,test
2520,0,calib
2521,1,train
2522,1,calib
2523,1,test
2524,1,test
2525,1,calib
2526,1,train
2527,1,train
2528,1,train
2529,0,train
2530,1,test
2531,1,train
2532,1,test
2533,1,calib
2534,1,train
2535,1,test
2536,1,test
2537,1,test
2538,0,train
2539,1,calib
2540,1,train
2541,0,train
2542,1,train
2543,1,calib
2544,1,train
2545,1,test
2546,0,train
2547,1,train
2548,1,calib
2549,1,calib
2550,1,test
2551,1,train
2552,1,test
2553,1,train
2554,1,train
2555,1,train
2556,0,test
2557,1,train
2558,1,train
2559,1,train
2560,0,test
2561,1,train
2562,1,train
2563,1,train
2564,1,train
2565,1,train
2566,1,calib
2567,1,train
2568,1,train
2569,0,train
2570,0,train
2571,1,train
2572,1,test
2573,1,train
2574,0,calib
2575,1,calib
2576,0,test
2577,1,calib
2578,0,calib
2579,1,train
2580,0,train
2581,1,test
2582,1,test
2583,0,train
2584,1,train
2585,1,test
2586,1,test
2587,1,train
2588,0,train
2589,0,train
2590,1,test
2591,1,train
2592,1,train
2593,0,calib
2594,1,train
2595,1,calib
2596,1,train
2597,0,train
2598,0,test
2599,0,train
2600,1,train
2601,1,train
2602,1,train
2603,0,test
2604,1,train
2605,1,train
2606,1,calib
2607,0,test
2608,1,train
2609,1,train
2610,1,train
2611,1,train
2612,1,test
2613,1,calib
2614,0,train
2615,1,test
2616,1,train
2617,1,train
2618,0,train
2619,1,calib
2620,0,train
2621,1,train
2622,1,test
2623,1,train
2624,0,test
2625,1,train
2626,0,train
2627,1,train
2628,1,test
2629,1,train
2630,1,train
2631,0,train
2632,1,train
2633,0,calib
2634,1,test
2635,1,train
2636,1,calib
2637,0,train
2638,0,train
2639,1,test
2640,1,train
2641,1,calib
2642,1,train
2643,0,train
2644,1,train
2645,1,calib
2646,1,calib
2647,1,calib
2648,1,train
2649,1,calib
2650,1,test
2651,1,train
2652,0,test
2653,1,train
2654,1,calib
2655,1,train
2656,1,test
2657,1,train
2658,1,train
2659,1,train
2660,0,calib
2661,1,calib
2662,1,test
2663,0,train
2664,0,calib
2665,0,test
2666,1,calib
2667,1,train
2668,1,calib
2669,0,train
2670,0,train
2671,1,train
2672,1,train
2673,1,train
2674,1,calib
2675,1,test
2676,1,test
2677,1,train
2678,1,calib
2679,1,test
2680,1,test
2681,1,test
2682,1,train
2683,0,train
2684,1,train
2685,1,test
2686,1,train
2687,0,train
2688,1,calib
2689,1,train
2690,1,test
2691,1,test
2692,1,test
2693,1,calib
2694,1,calib
2695,0,train
2696,1,train
2697,1,train
2698,1,train
2699,1,train
2700,1,train
2701,1,train
2702,1,train
2703,1,train
2704,1,train
2705,1,train
2706,1,calib
2707,0,train
2708,1,test
2709,1,calib
2710,0,train
2711,1,calib
2712,1,test
2713,0,test
2714,1,calib
2715,1,train
2716,0,test
2717,1,train
2718,1,test
2719,0,train
2720,1,test
2721,0,train
2722,1,calib
2723,1,train
2724,0,calib
2725,0,train
2726,0,calib
2727,1,test
2728,1,train
2729,1,train
2730,1,train
2731,0,train
2732,1,calib
2733,1,train
2734,0,train
2735,1,calib
2736,0,test
2737,1,calib
2738,0,test
2739,1,train
2740,0,calib
2741,1,train
2742,1,train
2743,1,train
2744,0,train
2745,1,calib
2746,1,train
2747,1,train
2748,1,calib
2749,1,train
2750,1,train
2751,1,train
2752,0,train
2753,0,test
2754,1,calib
2755,1,calib
2756,0,calib
2757,1,train
2758,1,train
2759,0,test
2760,1,test
2761,1,train
2762,0,calib
2763,1,test
2764,1,train
2765,1,train
2766,1,test
2767,0,train
2768,1,train
2769,1,train
2770,1,train
2771,1,test
2772,1,train
2773,1,train
2774,0,train
2775,0,test
2776,1,calib
2777,1,train
2778,1,train
2779,1,calib
2780,1,train
2781,0,train
2782,1,train
2783,0,train
2784,1,train
2785,1,train
2786,1,test
2787,1,train
2788,1,train
2789,1,train
2790,1,calib
2791,1,train
2792,1,calib
2793,1,test
2794,1,calib
2795,1,train
2796,0,train
2797,1,test
2798,1,calib
2799,1,train
2800,0,train
2801,1,train
2802,1,test
2803,1,train
2804,1,train
2805,1,test
2806,1,calib
2807,1,calib
2808,1,train
2809,1,test
2810,1,test
2811,1,train
2812,1,train
2813,1,train
2814,1,train
2815,1,calib
2816,1,train
2817,0,train
2818,1,train
2819,1,calib
2820,1,calib
2821,1,train
2822,1,train
2823,1,test
2824,1,train
2825,1,test
2826,1,train
2827,1,train
2828,0,train
2829,0,test
2830,1,test
2831,1,test
2832,0,calib
2833,0,train
2834,1,train
2835,1,train
2836,1,train
2837,1,test
2838,1,test
2839,1,train
2840,0,test
2841,1,test
2842,1,calib
2843,0,test
2844,0,calib
2845,0,calib
2846,1,calib
2847,1,train
2848,0,test
2849,1,train
2850,1,train
2851,1,test
2852,1,test
2853,1,calib
2854,1,test
2855,1,train
2856,1,calib
2857,1,train
2858,1,calib
2859,0,test
2860,0,test
2861,1,test
2862,1,train
2863,1,test
2864,1,train
2865,1,train
2866,1,train
2867,1,train
2868,1,train
2869,1,train
2870,1,train
2871,0,train
2872,1,train
2873,1,calib
2874,0,calib
2875,1,test
2876,1,train
2877,1,train
2878,1,train
2879,1,test
2880,1,test
2881,1,train
2882,1,calib
2883,0,calib
2884,1,train
2885,1,calib
2886,0,train
2887,1,calib
2888,1,train
2889,1,test
2890,1,calib
2891,1,test
2892,1,train
2893,1,calib
2894,0,train
2895,1,calib
2896,0,train
2897,1,train
2898,1,train
2899,1,train
2900,0,train
2901,0,train
2902,1,test
2903,1,test
2904,1,test
2905,1,test
2906,1,test
2907,1,test
2908,1,train
2909,0,test
2910,1,train
2911,1,train
2912,1,train
2913,1,calib
2914,1,test
2915,1,test
2916,1,train
2917,0,train
2918,1,train
2919,0,train
2920,1,train
2921,1,train
2922,1,calib
2923,1,train
2924,1,train
2925,0,test
2926,1,calib
2927,1,train
2928,1,test
2929,1,calib
2930,1,train
2931,1,train
2932,1,calib
2933,0,train
2934,1,train
2935,1,calib
2936,1,train
2937,1,calib
2938,1,train
2939,1,train
2940,1,train
2941,0,calib
2942,1,train
2943,1,calib
2944,1,train
2945,1,train
2946,1,train
2947,1,train
2948,0,train
2949,1,train
2950,0,calib
2951,1,test
2952,1,train
2953,1,train
2954,1,test
2955,1,calib
2956,0,test
2957,1,train
2958,1,train
2959,1,train
2960,1,test
2961,1,test
2962,0,train
2963,1,test
2964,1,calib
2965,0,train
2966,1,calib
2967,1,train
2968,0,train
2969,1,train
2970,1,train
2971,0,train
2972,1,train
2973,0,test
2974,1,train
2975,1,train
2976,1,test
2977,0,train
2978,1,train
2979,1,train
2980,0,calib
2981,1,train
2982,1,train
2983,1,calib
2984,1,train
2985,1,train
2986,0,calib
2987,1,calib
2988,1,calib
2989,1,train
2990,1,test
2991,1,calib
2992,1,test
2993,1,test
2994,1,train
2995,1,train
2996,1,calib
2997,1,train
2998,1,train
2999,1,train
3000,1,test
3001,1,train
3002,1,train
3003,1,test
3004,1,train
3005,1,test
3006,1,train
3007,1,calib
3008,1,train
3009,1,test
3010,1,test
3011,0,train
3012,0,train
3013,0,test
3014,0,train
3015,1,calib
3016,1,test
3017,0,train
3018,1,calib
3019,1,calib
3020,0,train
3021,0,train
3022,0,calib
3023,1,test
3024,1,train
3025,1,test
3026,1,train
3027,0,train
3028,1,train
3029,1,train
3030,1,train
3031,1,train
3032,0,test
3033,1,train
3034,1,train
3035,0,calib
3036,1,train
3037,1,test
3038,1,train
3039,0,train
3040,0,calib
3041,1,calib
3042,1,train
3043,1,calib
3044,1,train
3045,1,train
3046,1,calib
3047,1,calib
3048,1,train
3049,0,train
3050,0,train
3051,1,train
3052,0,train
3053,1,train
3054,1,train
3055,1,calib
3056,0,train
3057,1,calib
3058,1,train
3059,1,test
3060,1,calib
3061,1,train
3062,1,test
3063,1,calib
3064,0,train
3065,1,train
3066,1,train
3067,1,train
3068,1,train
3069,1,test
3070,1,test
3071,0,calib
3072,1,test
3073,1,train
3074,1,train
3075,1,train
3076,1,train
3077,0,train
3078,1,train
3079,0,train
3080,0,test
3081,1,train
3082,1,train
3083,1,test
3084,1,train
3085,1,test
3086,1,train
3087,1,train
3088,1,calib
3089,0,train
3090,1,train
3091,0,train
3092,1,train
3093,0,train
3094,1,test
3095,0,test
3096,1,calib
3097,1,calib
3098,1,train
3099,1,train
3100,1,test
3101,1,test
3102,1,calib
3103,1,train
3104,1,train
3105,0,calib
3106,0,test
3107,0,train
3108,0,calib
3109,1,calib
3110,1,train
3111,0,train
3112,1,test
3113,0,test
3114,1,test
3115,1,calib
3116,1,calib
3117,1,test
3118,1,calib
3119,1,calib
3120,1,test
3121,1,train
3122,0,train
3123,1,calib
3124,1,train
3125,0,test
3126,1,train
3127,1,calib
3128,1,train
3129,0,calib
3130,1,train
3131,1,train
3132,1,train
3133,0,train
3134,0,train
3135,1,train
3136,1,test
3137,0,train
3138,1,test
3139,1,train
3140,0,train
3141,1,calib
3142,1,train
3143,0,test
3144,0,train
3145,1,calib
3146,1,test
3147,1,test
3148,1,train
3149,1,test
3150,1,calib
3151,1,train
3152,0,calib
3153,0,train
3154,0,calib
3155,0,train
3156,0,train
3157,1,calib
3158,1,train
3159,0,train
3160,1,train
3161,1,train
3162,1,train
3163,0,train
3164,0,train
3165,1,test
3166,0,train
3167,0,train
3168,0,calib
3169,1,train
3170,1,calib
3171,1,test
3172,1,calib
3173,1,train
3174,1,train
3175,0,calib
3176,0,calib
3177,1,test
3178,1,train
3179,1,train
3180,0,train
3181,1,test
3182,1,train
3183,1,train
3184,0,train
3185,0,train
3186,1,train
3187,1,train
3188,1,train
3189,1,test
3190,0,test
3191,1,test
3192,1,train
3193,1,train
3194,1,train
3195,1,train
3196,1,train
3197,1,train
3198,0,train
3199,0,train
3200,1,train
3201,1,train
3202,1,train
3203,1,train
3204,0,test
3205,1,test
3206,0,train
3207,1,train
3208,1,train
3209,1,train
3210,1,train
3211,1,train
3212,0,test
3213,1,train
3214,1,train
3215,1,train
3216,0,calib
3217,0,test
3218,0,train
3219,1,train
3220,0,train
3221,1,train
3222,1,train
3223,1,calib
3224,0,train
3225,0,calib
3226,1,train
3227,1,calib
3228,1,calib
3229,1,train
3230,0,calib
3231,1,train
3232,1,train
3233,1,test
3234,1,calib
3235,1,train
3236,1,train
3237,1,test
3238,1,calib
3239,1,test
3240,1,calib
3241,1,train
3242,1,train
3243,1,train
3244,1,train
3245,0,test
3246,1,calib
3247,0,train
3248,1,test
3249,0,train
3250,1,train
3251,1,train
3252,0,train
3253,1,train
3254,0,train
3255,1,calib
3256,0,test
3257,1,train
3258,1,train
3259,1,train
3260,0,train
3261,1,test
3262,0,train
3263,1,train
3264,1,calib
3265,0,train
3266,1,calib
3267,0,train
3268,0,train
3269,1,train
3270,1,train
3271,0,test
3272,1,train
3273,0,train
3274,0,train
3275,1,train
3276,1,train
3277,1,train
3278,0,train
3279,1,train
3280,1,test
3281,0,train
3282,1,train
3283,1,train
3284,1,train
3285,1,calib
3286,1,test
3287,1,calib
3288,1,calib
3289,1,train
3290,0,calib
3291,1,calib
3292,0,train
3293,1,train
3294,1,test
3295,1,train
3296,1,train
3297,0,test
3298,1,train
3299,1,train
3300,1,train
3301,1,calib
3302,1,train
3303,1,train
3304,1,calib
3305,1,calib
3306,1,test
3307,1,train
3308,1,train
3309,1,train
3310,1,train
3311,1,test
3312,1,calib
3313,1,train
3314,1,test
3315,1,calib
3316,1,train
3317,0,train
3318,1,calib
3319,1,train
3320,1,calib
3321,0,calib
3322,1,train
3323,1,calib
3324,1,calib
3325,1,test
3326,1,calib
3327,1,train
3328,0,train
3329,1,test
3330,1,train
3331,1,train
3332,1,train
3333,0,test
3334,1,test
3335,1,train
3336,0,calib
3337,0,train
3338,1,train
3339,1,train
3340,1,test
3341,1,train
3342,1,train
3343,1,train
3344,1,train
3345,1,calib
3346,1,train
3347,1,train
3348,1,train
3349,0,train
3350,1,test
3351,1,train
3352,1,train
3353,0,train
3354,1,train
3355,1,train
3356,1,train
3357,1,calib
3358,0,test
3359,0,test
3360,0,train
3361,1,test
3362,1,train
3363,1,train
3364,1,calib
3365,0,train
3366,1,train
3367,1,test
3368,0,test
3369,1,train
3370,1,train
3371,1,train
3372,1,calib
3373,1,train
3374,1,train
3375,1,calib
3376,1,train
3377,1,calib
3378,1,train
3379,1,train
3380,1,test
3381,0,train
3382,0,train
3383,1,train
3384,0,test
3385,1,train
3386,1,train
3387,0,train
3388,0,train
3389,0,test
3390,0,test
3391,1,test
3392,1,test
3393,1,test
3394,1,test
3395,0,train
3396,1,test
3397,1,train
3398,0,calib
3399,1,train
3400,1,calib
3401,0,train
3402,1,train
3403,1,train
3404,1,train
3405,1,train
3406,1,calib
3407,0,train
3408,0,train
3409,1,train
3410,0,calib
3411,1,calib
3412,1,test
3413,0,train
3414,1,calib
3415,1,test
3416,1,train
3417,1,test
3418,0,train
3419,1,train
3420,1,train
3421,1,test
3422,1,test
3423,1,train
3424,1,test
3425,1,train
3426,1,train
3427,1,train
3428,1,train
3429,1,train
3430,0,test
3431,1,train
3432,1,calib
3433,1,train
3434,1,train
3435,0,train
3436,1,calib
3437,1,test
3438,0,train
3439,1,train
3440,1,test
3441,1,calib
3442,0,train
3443,1,test
3444,1,test
3445,0,train
3446,1,train
3447,1,calib
3448,0,train
3449,1,train
3450,1,test
3451,0,test
3452,1,train
3453,1,train
3454,1,calib
3455,1,train
3456,1,train
3457,1,train
3458,1,train
3459,1,train
3460,0,train
3461,1,test
3462,1,train
3463,1,train
3464,0,test
3465,1,train
3466,0,train
3467,1,train
3468,0,train
3469,1,train
3470,1,train
3471,1,train
3472,1,test
3473,1,test
3474,1,train
3475,0,train
3476,1,test
3477,0,train
3478,0,train
3479,1,train
3480,0,train
3481,1,train
3482,1,train
3483,1,train
3484,1,train
3485,0,test
3486,1,train
3487,1,calib
3488,1,calib
3489,0,train
3490,1,test
3491,1,train
3492,1,train
3493,0,train
3494,0,train
3495,1,train
3496,1,train
3497,0,test
3498,1,test
3499,1,calib
3500,1,test
3501,1,test
3502,0,train
3503,1,train
3504,1,train
3505,1,test
3506,1,train
3507,1,train
3508,1,train
3509,1,train
3510,1,train
3511,1,test
3512,1,train
3513,0,train
3514,1,train
3515,0,train
3516,1,test
3517,0,train
3518,0,train
3519,1,calib
3520,1,calib
3521,1,train
3522,1,test
3523,0,train
3524,1,calib
3525,1,test
3526,1,test
3527,1,train
3528,1,calib
3529,1,test
3530,0,train
3531,1,train
3532,1,train
3533,1,train
3534,1,train
3535,1,calib
3536,0,train
3537,1,train
3538,0,train
3539,0,train
3540,0,test
3541,1,train
3542,1,train
3543,0,train
3544,1,train
3545,1,train
3546,1,calib
3547,1,test
3548,1,test
3549,1,train
3550,1,test
3551,1,train
3552,0,test
3553,1,train
3554,1,train
3555,1,train
3556,1,test
3557,1,train
3558,1,train
3559,0,train
3560,1,calib
3561,0,train
3562,1,test
3563,1,train
3564,1,calib
3565,1,train
3566,1,calib
3567,1,test
3568,0,train
3569,1,train
3570,1,calib
3571,1,test
3572,1,train
3573,1,test
3574,0,train
3575,0,train
3576,1,calib
3577,0,train
3578,0,train
3579,1,train
3580,0,calib
3581,1,train
3582,1,calib
3583,0,test
3584,0,train
3585,1,train
3586,1,test
3587,1,train
3588,1,train
3589,1,train
3590,1,test
3591,1,train
3592,1,train
3593,1,test
3594,0,train
3595,0,test
3596,1,train
3597,1,calib
3598,1,calib
3599,0,train
3600,1,train
3601,1,test
3602,0,train
3603,1,calib
3604,1,test
3605,1,train
3606,1,test
3607,1,train
3608,1,train
3609,1,train
3610,1,train
3611,1,train
3612,0,train
3613,1,train
3614,1,test
3615,1,train
3616,1,train
3617,1,test
3618,1,train
3619,1,train
3620,1,train
3621,1,test
3622,1,calib
3623,1,train
3624,1,train
3625,1,train
3626,1,train
3627,1,train
3628,1,train
3629,1,train
3630,1,train
3631,1,train
3632,1,calib
3633,1,train
3634,1,train
3635,1,train
3636,1,train
3637,1,train
3638,1,calib
3639,0,train
3640,1,train
3641,1,calib
3642,1,train
3643,1,train
3644,1,test
3645,1,calib
3646,1,calib
3647,1,train
3648,1,calib
3649,1,train
3650,1,calib
3651,0,train
3652,0,train
3653,1,train
3654,0,calib
3655,0,train
3656,1,train
3657,0,test
3658,1,train
3659,0,calib
3660,1,calib
3661,1,calib
3662,1,train
3663,0,train
3664,0,calib
3665,0,test
3666,0,train
3667,1,test
3668,1,test
3669,1,test
3670,1,test
3671,1,train
3672,1,calib
3673,0,calib
3674,0,train
3675,1,test
3676,1,train
3677,0,calib
3678,1,calib
3679,1,test
3680,1,test
3681,1,train
3682,1,test
3683,1,train
3684,1,calib
3685,1,test
3686,1,train
3687,1,test
3688,1,train
3689,1,train
3690,1,train
3691,1,train
3692,0,test
3693,1,train
3694,1,test
3695,1,calib
3696,1,calib
3697,1,train
3698,0,train
3699,1,train
3700,0,train
3701,1,train
3702,1,calib
3703,1,calib
3704,1,test
3705,1,test
3706,1,calib
3707,0,train
3708,1,test
3709,1,train
3710,1,train
3711,1,calib
3712,1,train
3713,1,test
3714,0,test
3715,1,train
3716,0,train
3717,1,train
3718,1,train
3719,1,calib
3720,1,train
3721,0,train
3722,0,train
3723,0,calib
3724,0,train
3725,1,test
3726,0,test
3727,0,train
3728,1,test
3729,1,train
3730,1,test
3731,1,train
3732,0,train
3733,0,calib
3734,1,test
3735,1,train
3736,1,test
3737,1,calib
3738,1,train
3739,1,train
3740,0,calib
3741,1,train
3742,1,calib
3743,1,train
3744,1,calib
3745,1,train
3746,1,train
3747,1,train
3748,1,train
3749,0,calib
3750,1,train
3751,1,calib
3752,1,calib
3753,1,train
3754,0,train
3755,1,train
3756,1,train
3757,1,train
3758,0,train
3759,1,train
3760,0,train
3761,1,calib
3762,1,train
3763,0,train
3764,1,train
3765,1,train
3766,1,train
3767,1,train
3768,1,train
3769,1,train
3770,1,calib
3771,1,train
3772,1,train
3773,1,train
3774,0,train
3775,1,train
3776,1,test
3777,1,test
3778,1,train
3779,0,calib
3780,1,calib
3781,1,train
3782,1,train
3783,1,test
3784,1,train
3785,1,train
3786,0,train
3787,1,train
3788,0,train
3789,0,train
3790,1,train
3791,1,test
3792,1,calib
3793,1,train
3794,1,train
3795,0,train
3796,1,calib
3797,1,train
3798,1,test
3799,1,test
3800,1,calib
3801,1,train
3802,1,test
3803,1,train
3804,1,calib
3805,1,train
3806,0,train
3807,1,train
3808,1,calib
3809,0,train
3810,1,calib
3811,1,train
3812,0,train
3813,1,calib
3814,1,test
3815,1,test
3816,1,calib
3817,0,train
3818,1,test
3819,1,test
3820,1,train
3821,1,test
3822,1,train
3823,1,calib
3824,1,train
3825,1,calib
3826,1,train
3827,1,calib
3828,1,train
3829,0,test
3830,1,calib
3831,0,train
3832,1,calib
3833,1,train
3834,1,train
3835,1,train
3836,0,train
3837,1,train
3838,1,train
3839,1,train
3840,1,test
3841,1,calib
3842,1,train
3843,1,train
3844,1,train
3845,0,test
3846,1,train
3847,0,train
3848,0,calib
3849,1,calib
3850,0,train
3851,1,train
3852,1,train
3853,1,train
3854,1,train
3855,1,calib
3856,1,calib
3857,1,train
3858,1,train
3859,1,train
3860,0,calib
3861,1,train
3862,0,test
3863,1,train
3864,0,calib
3865,0,calib
3866,0,train
3867,0,calib
3868,1,calib
3869,1,train
3870,1,calib
3871,1,train
3872,1,test
3873,1,test
3874,1,train
3875,1,train
3876,1,calib
3877,1,test
3878,1,train
3879,0,test
3880,0,train
3881,1,train
3882,0,calib
3883,1,train
3884,0,train
3885,1,train
3886,0,train
3887,0,train
3888,1,test
3889,0,calib
3890,1,train
3891,1,calib
3892,0,train
3893,1,train
3894,0,train
3895,0,calib
3896,1,train
3897,1,train
3898,1,train
3899,1,train
3900,0,calib
3901,1,calib
3902,1,calib
3903,1,test
3904,1,train
3905,1,train
3906,1,calib
3907,1,calib
3908,1,train
3909,0,train
3910,1,train
3911,0,train
3912,1,train
3913,1,test
3914,1,train
3915,0,test
3916,1,train
3917,1,train
3918,1,train
3919,1,calib
3920,1,test
3921,1,train
3922,1,train
3923,1,test
3924,1,train
3925,1,train
3926,0,train
3927,0,train
3928,1,calib
3929,0,train
3930,1,train
3931,1,test
3932,0,calib
3933,1,test
3934,1,train
3935,1,train
3936,1,train
3937,1,test
3938,1,train
3939,1,train
3940,1,calib
3941,1,train
3942,1,train
3943,1,calib
3944,1,train
3945,0,train
3946,1,train
3947,1,train
3948,1,train
3949,1,test
3950,1,test
3951,1,train
3952,0,train
3953,1,train
3954,1,train
3955,1,train
3956,1,calib
3957,1,test
3958,0,train
3959,0,test
3960,1,train
3961,1,test
3962,1,test
3963,1,train
3964,0,train
3965,1,calib
3966,0,calib
3967,1,train
3968,1,test
3969,1,train
3970,1,train
3971,1,train
3972,1,train
3973,1,train
3974,1,test
3975,1,train
3976,1,test
3977,1,train
3978,1,train
3979,1,calib
3980,0,train
3981,1,calib
3982,1,test
3983,0,train
3984,1,test
3985,1,train
3986,1,train
3987,1,train
3988,0,train
3989,1,train
3990,1,train
3991,1,calib
3992,0,calib
3993,1,train
3994,1,train
3995,1,calib
3996,1,train
3997,1,train
3998,1,train
3999,1,train
4000,1,calib
4001,1,train
4002,1,test
4003,1,train
4004,0,train
4005,0,train
4006,0,train
4007,1,train
4008,0,train
4009,1,calib
4010,1,calib
4011,1,train
4012,1,train
4013,1,test
4014,1,calib
4015,1,train
4016,1,train
4017,1,test
4018,0,train
4019,1,train
4020,1,test
4021,1,train
4022,1,calib
4023,1,test
4024,0,test
4025,1,test
4026,1,train
4027,1,train
4028,1,train
4029,1,train
4030,1,calib
4031,0,test
4032,0,train
4033,1,calib
4034,1,train
4035,0,test
4036,1,test
4037,1,test
4038,1,train
4039,1,train
4040,1,train
4041,1,train
4042,0,train
4043,1,test
4044,1,test
4045,1,train
4046,1,test
4047,1,train
4048,1,calib
4049,1,train
4050,1,calib
4051,1,train
4052,1,train
4053,0,train
4054,1,calib
4055,0,calib
4056,0,train
4057,1,train
4058,0,test
4059,1,train
4060,0,test
4061,1,test
4062,1,train
4063,1,calib
4064,1,train
4065,1,test
4066,1,train
4067,1,train
4068,1,train
4069,1,calib
4070,1,test
4071,1,train
4072,1,train
4073,1,calib
4074,1,train
4075,0,test
4076,1,test
4077,1,calib
4078,1,train
4079,1,calib
4080,1,train
4081,1,train
4082,1,train
4083,1,test
4084,1,train
4085,1,calib
4086,1,calib
4087,0,test
4088,0,train
4089,1,test
4090,1,calib
4091,1,train
4092,1,train
4093,1,test
4094,1,train
4095,1,train
4096,0,train
4097,0,calib
4098,1,test
4099,1,test
4100,1,test
4101,1,calib
4102,1,train
4103,1,train
4104,1,train
4105,1,train
4106,1,train
4107,1,test
4108,1,test
4109,1,train
4110,1,train
4111,1,train
4112,0,test
4113,1,train
4114,1,calib
4115,0,train
4116,1,train
4117,1,train
4118,1,train
4119,1,calib
4120,1,train
4121,0,calib
4122,1,test
4123,1,train
4124,1,calib
4125,1,train
4126,1,test
4127,0,train
4128,1,train
4129,1,test
4130,1,train
4131,0,train
4132,1,test
4133,0,train
4134,1,train
4135,1,calib
4136,1,train
4137,0,train
4138,1,train
4139,1,train
4140,1,train
4141,1,train
4142,1,test
4143,0,train
4144,1,train
4145,0,train
4146,1,calib
4147,1,train
4148,1,train
4149,1,test
4150,1,calib
4151,1,train
4152,1,train
4153,1,calib
4154,0,train
4155,1,train
4156,1,test
4157,1,train
4158,1,test
4159,1,test
4160,1,train
4161,1,train
4162,1,train
4163,1,train
4164,0,test
4165,1,calib
4166,1,train
4167,1,train
4168,1,train
4169,0,train
4170,1,train
4171,1,test
4172,0,train
4173,1,train
4174,1,train
4175,1,test
4176,0,train
4177,0,test
4178,1,test
4179,1,calib
4180,1,calib
4181,1,test
4182,0,train
4183,1,train
4184,1,train
4185,1,train
4186,1,train
4187,1,train
4188,1,calib
4189,1,train
4190,1,test
4191,1,test
4192,1,train
4193,1,train
4194,1,train
4195,1,train
4196,1,test
4197,1,train
4198,1,train
4199,1,train
4200,1,calib
4201,1,train
4202,1,train
4203,0,test
4204,1,test
4205,1,train
4206,1,train
4207,1,train
4208,0,calib
4209,1,test
4210,0,train
4211,1,test
4212,1,test
4213,1,train
4214,1,calib
4215,0,train
4216,1,train
4217,1,train
4218,1,train
4219,1,calib
4220,1,train
4221,1,test
4222,0,calib
4223,1,calib
4224,1,test
4225,1,train
4226,1,test
4227,1,calib
4228,1,train
4229,1,calib
4230,1,train
4231,1,test
4232,0,calib
4233,1,train
4234,1,train
4235,1,train
4236,1,train
4237,1,calib
4238,0,train
4239,1,train
4240,1,calib
4241,1,train
4242,1,test
4243,1,train
4244,1,train
4245,1,test
4246,0,train
4247,1,train
4248,1,train
4249,1,calib
4250,1,calib
4251,1,train
4252,1,test
4253,1,test
4254,1,train
4255,0,train
4256,1,calib
4257,0,train
4258,0,train
4259,1,train
4260,1,calib
4261,1,test
4262,1,test
4263,1,test
4264,0,test
4265,0,train
4266,0,calib
4267,0,train
4268,1,train
4269,1,calib
4270,1,test
4271,0,train
4272,1,train
4273,1,calib
4274,1,test
4275,1,calib
4276,1,train
4277,1,train
4278,1,test
4279,1,train
4280,1,train
4281,1,train
4282,1,train
4283,1,test
4284,1,train
4285,0,train
4286,1,train
4287,1,train
4288,1,train
4289,1,train
4290,1,test
4291,1,train
4292,1,train
4293,1,train
4294,1,train
4295,1,train
4296,1,test
4297,0,test
4298,1,train
4299,1,calib
4300,1,test
4301,1,train
4302,1,train
4303,1,train
4304,0,train
4305,1,calib
4306,0,train
4307,1,train
4308,1,calib
4309,1,train
4310,1,train
4311,0,test
4312,0,train
4313,1,train
4314,1,calib
4315,1,train
4316,1,train
4317,1,test
4318,1,train
4319,1,train
4320,1,train
4321,1,train
4322,0,test
4323,1,train
4324,1,train
4325,1,train
4326,1,test
4327,0,train
4328,1,calib
4329,0,train
4330,0,train
4331,1,test
4332,1,train
4333,1,calib
4334,1,train
4335,1,train
4336,1,train
4337,1,train
4338,0,train
4339,0,train
4340,1,test
4341,0,train
4342,1,train
4343,0,test
4344,0,test
4345,1,train
4346,1,test
4347,1,train
4348,1,train
4349,0,test
4350,1,calib
4351,0,train
4352,1,train
4353,1,train
4354,0,test
4355,1,train
4356,1,calib
4357,1,test
4358,1,test
4359,0,calib
4360,1,train
4361,1,calib
4362,1,train
4363,1,train
4364,1,train
4365,0,train
4366,0,train
4367,1,train
4368,0,calib
4369,1,test
4370,1,train
4371,1,calib
4372,1,train
4373,1,train
4374,0,train
4375,1,test
4376,1,test
4377,1,train
4378,0,train
4379,1,train
4380,0,train
4381,0,calib
4382,1,train
4383,1,train
4384,1,train
4385,1,test
4386,1,train
4387,1,train
4388,1,calib
4389,0,train
4390,0,calib
4391,1,calib
4392,1,train
4393,1,train
4394,1,test
4395,1,calib
4396,1,calib
4397,1,train
4398,1,train
4399,1,calib
4400,1,train
4401,0,train
4402,1,train
4403,1,train
4404,0,train
4405,0,calib
4406,1,train
4407,0,train
4408,1,calib
4409,1,test
4410,1,calib
4411,0,train
4412,1,train
4413,1,train
4414,1,train
4415,1,train
4416,1,test
4417,0,train
4418,1,calib
4419,1,train
4420,1,calib
4421,0,train
4422,1,train
4423,1,train
4424,1,calib
4425,1,test
4426,1,train
4427,1,train
4428,1,test
4429,1,train
4430,1,train
4431,1,calib
4432,1,train
4433,0,train
4434,1,train
4435,1,train
4436,1,train
4437,0,test
4438,0,test
4439,1,train
4440,0,test
4441,0,calib
4442,1,test
4443,0,train
4444,1,train
4445,0,train
4446,1,train
4447,1,test
4448,1,train
4449,1,train
4450,1,train
4451,1,train
4452,1,train
4453,1,test
4454,1,train
4455,1,train
4456,1,train
4457,1,train
4458,1,calib
4459,1,train
4460,1,calib
4461,1,train
4462,1,test
4463,1,calib
4464,1,test
4465,0,calib
4466,0,train
4467,1,test
4468,1,test
4469,1,calib
4470,0,train
4471,0,train
4472,1,train
4473,0,train
4474,0,test
4475,0,calib
4476,1,calib
4477,1,calib
4478,0,train
4479,0,train
4480,1,train
4481,1,train
4482,1,train
4483,1,test
4484,1,train
4485,1,calib
4486,0,train
4487,1,calib
4488,1,train
4489,1,train
4490,1,train
4491,0,train
4492,0,train
4493,1,calib
4494,1,test
4495,0,train
4496,1,train
4497,1,train
4498,1,calib
4499,1,train
4500,1,test
4501,1,train
4502,0,train
4503,1,test
4504,1,calib
4505,1,train
4506,1,train
4507,1,train
4508,1,test
4509,1,test
4510,1,train
4511,1,train
4512,1,train
4513,1,calib
4514,1,train
4515,1,train
4516,1,train
4517,1,train
4518,0,train
4519,1,train
4520,1,train
4521,1,test
4522,1,calib
4523,1,train
4524,1,train
4525,1,train
4526,1,train
4527,1,test
4528,1,calib
4529,1,calib
4530,1,calib
4531,1,calib
4532,1,calib
4533,0,calib
4534,1,calib
4535,1,train
4536,1,test
4537,0,test
4538,1,test
4539,0,test
4540,0,test
4541,1,train
4542,1,train
4543,0,train
4544,1,train
4545,0,calib
4546,0,train
4547,1,calib
4548,1,train
4549,0,test
4550,0,train
4551,1,train
4552,1,train
4553,1,calib
4554,1,train
4555,0,train
4556,1,train
4557,1,test
4558,1,test
4559,0,train
4560,1,train
4561,1,test
4562,1,test
4563,1,train
4564,1,test
4565,1,train
4566,0,train
4567,1,calib
4568,1,calib
4569,1,test
4570,1,test
4571,0,train
4572,1,train
4573,1,train
4574,1,train
4575,0,train
4576,1,train
4577,1,train
4578,1,train
4579,1,train
4580,1,calib
4581,1,train
4582,1,train
4583,1,train
4584,0,train
4585,1,train
4586,1,test
4587,1,calib
4588,1,train
4589,1,test
4590,1,train
4591,1,calib
4592,0,train
4593,0,train
4594,1,calib
4595,0,train
4596,1,test
4597,0,train
4598,1,train
4599,0,calib
4600,0,train
4601,1,calib
4602,1,train
4603,0,calib
4604,1,calib
4605,1,test
4606,1,calib
4607,1,train
4608,1,train
4609,1,train
4610,1,calib
4611,1,test
4612,0,train
4613,1,calib
4614,1,train
4615,1,test
4616,1,train
4617,1,train
4618,0,test
4619,1,train
4620,1,train
4621,1,test
4622,0,train
4623,1,test
4624,1,test
4625,0,calib
4626,1,test
4627,1,train
4628,1,train
4629,0,train
4630,1,test
4631,1,train
4632,0,train
4633,1,train
4634,1,train
4635,1,train
4636,0,test
4637,1,train
4638,1,train
4639,0,test
4640,1,train
4641,0,train
4642,1,calib
4643,1,train
4644,1,train
4645,0,test
4646,1,train
4647,1,train
4648,1,train
4649,1,calib
4650,1,calib
4651,1,train
4652,1,train
4653,1,calib
4654,0,train
4655,1,calib
4656,0,test
4657,0,train
4658,1,test
4659,0,train
4660,1,test
4661,0,train
4662,1,train
4663,1,train
4664,1,calib
4665,1,train
4666,1,calib
4667,1,test
4668,1,train
4669,0,test
4670,0,test
4671,1,train
4672,1,train
4673,1,test
4674,1,calib
4675,0,train
4676,1,train
4677,1,train
4678,1,test
4679,1,test
4680,0,train
4681,1,train
4682,1,calib
4683,1,train
4684,1,train
4685,0,train
4686,1,train
4687,1,calib
4688,1,train
4689,1,train
4690,1,test
4691,1,calib
4692,0,train
4693,1,calib
4694,0,train
4695,1,train
4696,1,train
4697,1,train
4698,1,test
4699,1,train
4700,1,train
4701,1,train
4702,1,calib
4703,1,test
4704,0,train
4705,1,train
4706,1,calib
4707,1,calib
4708,1,train
4709,0,test
4710,1,test
4711,1,calib
4712,1,train
4713,1,train
4714,1,test
4715,1,train
4716,1,calib
4717,0,train
4718,1,train
4719,1,train
4720,1,calib
4721,0,calib
4722,1,train
4723,1,train
4724,1,train
4725,1,train
4726,1,test
4727,0,train
4728,1,calib
4729,1,train
4730,1,calib
4731,1,calib
4732,1,train
4733,1,train
4734,1,calib
4735,1,train
4736,0,calib
4737,1,train
4738,1,train
4739,1,test
4740,0,train
4741,1,test
4742,0,calib
4743,1,test
4744,1,train
4745,1,train
4746,0,calib
4747,0,train
4748,1,train
4749,1,train
4750,0,test
4751,1,calib
4752,1,train
4753,0,train
4754,1,test
4755,1,calib
4756,1,train
4757,1,train
4758,0,train
4759,1,train
4760,1,train
4761,0,test
4762,1,train
4763,0,train
4764,1,train
4765,0,train
4766,1,calib
4767,1,calib
4768,0,train
4769,1,calib
4770,1,train
4771,1,train
4772,0,train
4773,1,calib
4774,1,train
4775,1,train
4776,0,calib
4777,1,calib
4778,1,calib
4779,1,test
4780,0,test
4781,1,train
4782,0,test
4783,1,calib
4784,0,train
4785,1,train
4786,1,train
4787,1,calib
4788,1,test
4789,1,train
4790,1,train
4791,1,train
4792,1,train
4793,0,train
4794,1,train
4795,1,calib
4796,1,train
4797,0,train
4798,1,train
4799,1,calib
4800,1,train
4801,1,train
4802,1,train
4803,1,test
4804,1,train
4805,0,calib
4806,0,train
4807,0,train
4808,0,train
4809,1,train
4810,0,train
4811,1,calib
4812,0,calib
4813,1,test
4814,1,train
4815,1,train
4816,0,test
4817,1,test
4818,1,test
4819,1,calib
4820,1,calib
4821,1,train
4822,1,test
4823,1,train
4824,1,calib
4825,0,test
4826,1,test
4827,0,train
4828,1,test
4829,1,train
4830,1,train
4831,1,train
4832,0,train
4833,0,test
4834,1,calib
4835,1,train
4836,0,train
4837,1,train
4838,1,train
4839,1,calib
4840,1,train
4841,1,calib
4842,1,train
4843,1,test
4844,1,test
4845,1,train
4846,1,train
4847,0,test
4848,1,calib
4849,1,train
4850,0,train
4851,1,train
4852,1,train
4853,1,test
4854,1,train
4855,1,calib
4856,1,train
4857,1,test
4858,0,train
4859,1,test
4860,1,train
4861,1,train
4862,0,train
4863,1,test
4864,1,test
4865,0,train
4866,1,test
4867,1,train
4868,1,calib
4869,1,test
4870,0,train
4871,1,train
4872,0,train
4873,0,train
4874,0,calib
4875,0,train
4876,1,test
4877,1,train
4878,0,train
4879,1,calib
4880,0,calib
4881,1,train
4882,1,calib
4883,1,train
4884,1,train
4885,0,calib
4886,1,train
4887,1,test
4888,0,train
4889,1,calib
4890,1,train
4891,1,train
4892,1,test
4893,1,test
4894,0,train
4895,1,train
4896,1,test
4897,0,train
4898,0,train
4899,1,calib
4900,0,train
4901,1,train
4902,1,train
4903,0,calib
4904,1,train
4905,0,test
4906,0,test
4907,1,train
4908,0,test
4909,1,train
4910,1,train
4911,1,train
4912,1,calib
4913,1,train
4914,0,train
4915,1,train
4916,1,test
4917,1,train
4918,1,test
4919,1,calib
4920,1,train
4921,1,train
4922,1,train
4923,0,test
4924,1,train
4925,1,test
4926,1,train
4927,1,test
4928,0,test
4929,1,train
4930,1,test
4931,1,train
4932,0,train
4933,1,calib
4934,1,calib
4935,0,train
4936,1,train
4937,1,calib
4938,1,train
4939,1,train
4940,0,train
4941,0,train
4942,1,train
4943,0,train
4944,0,train
4945,1,train
4946,1,calib
4947,0,test
4948,1,train
4949,0,train
4950,0,test
4951,0,test
4952,0,train
4953,0,train
4954,1,train
4955,1,calib
4956,1,train
4957,1,train
4958,1,test
4959,1,calib
4960,1,test
4961,0,train
4962,1,train
4963,1,calib
4964,1,train
4965,1,test
4966,1,train
4967,0,test
4968,1,train
4969,1,test
4970,0,train
4971,1,test
4972,0,train
4973,1,calib
4974,0,train
4975,1,train
4976,0,train
4977,1,test
4978,0,train
4979,1,train
4980,1,train
4981,1,calib
4982,1,train
4983,0,train
4984,1,test
4985,1,train
4986,1,calib
4987,1,train
4988,0,test
4989,1,train
4990,1,train
4991,1,train
4992,1,train
4993,1,calib
4994,1,train
4995,1,calib
4996,0,train
4997,0,train
4998,1,calib
4999,1,train
5000,0,train
5001,1,train
5002,1,test
5003,1,train
5004,1,test
5005,1,test
5006,1,test
5007,0,train
5008,1,test
5009,1,test
5010,1,test
5011,1,train
5012,1,train
5013,0,train
5014,0,train
5015,1,test
5016,1,train
5017,1,train
5018,1,train
5019,1,train
5020,1,train
5021,1,calib
5022,1,train
5023,1,test
5024,1,train
5025,1,train
5026,0,train
5027,0,train
5028,1,test
5029,1,train
5030,1,train
5031,0,train
5032,1,train
5033,0,train
5034,1,train
5035,1,train
5036,1,train
5037,1,test
5038,1,test
5039,1,test
5040,1,calib
5041,1,train
5042,1,test
5043,1,test
5044,0,train
5045,0,train
5046,1,train
5047,1,train
5048,1,train
5049,0,train
5050,1,train
5051,0,test
5052,1,train
5053,0,test
5054,1,train
5055,1,train
5056,1,calib
5057,1,calib
5058,0,test
5059,1,train
5060,1,calib
5061,1,train
5062,0,calib
5063,1,test
5064,1,calib
5065,1,test
5066,1,train
5067,1,train
5068,1,train
5069,0,test
5070,1,test
5071,1,train
5072,0,train
5073,0,train
5074,1,train
5075,0,calib
5076,1,train
5077,1,train
5078,1,calib
5079,1,test
5080,1,train
5081,1,train
5082,1,calib
5083,1,train
5084,1,calib
5085,0,calib
5086,1,test
5087,1,test
5088,0,train
5089,1,train
5090,1,train
5091,1,calib
5092,1,train
5093,1,test
5094,1,train
5095,1,test
5096,1,train
5097,1,train
5098,0,train
5099,0,train
5100,1,test
5101,0,test
5102,1,calib
5103,1,train
5104,1,test
5105,1,test
5106,1,calib
5107,1,train
5108,0,calib
5109,1,calib
5110,1,train
5111,1,train
5112,1,train
5113,1,train
5114,1,calib
5115,1,train
5116,1,test
5117,1,calib
5118,1,train
5119,1,train
5120,1,train
5121,0,test
5122,1,train
5123,1,test
5124,1,test
5125,1,test
5126,1,test
5127,1,train
5128,1,train
5129,1,train
5130,1,train
5131,1,calib
5132,1,train
5133,1,calib
5134,1,train
5135,1,calib
5136,1,train
5137,0,train
5138,1,train
5139,1,train
5140,0,train
5141,1,train
5142,1,train
5143,1,train
5144,1,train
5145,1,calib
5146,1,train
5147,1,train
5148,1,train
5149,1,test
5150,0,train
5151,1,calib
5152,1,train
5153,1,calib
5154,1,train
5155,0,train
5156,1,test
5157,1,train
5158,0,train
5159,1,train
5160,0,train
5161,1,train
5162,1,train
5163,1,calib
5164,0,train
5165,1,test
5166,0,calib
5167,0,train
5168,1,train
5169,0,train
5170,1,test
5171,1,calib
5172,0,train
5173,0,test
5174,1,train
5175,0,calib
5176,0,test
5177,1,test
5178,1,test
5179,0,test
5180,1,train
5181,1,train
5182,1,train
5183,1,calib
5184,0,train
5185,1,test
5186,1,train
5187,1,train
5188,1,train
5189,1,train
5190,1,calib
5191,1,train
5192,0,train
5193,1,calib
5194,0,test
5195,1,train
5196,0,test
5197,1,calib
5198,0,test
5199,1,train
5200,0,test
5201,0,test
5202,0,train
5203,1,test
5204,1,train
5205,1,test
5206,1,train
5207,1,test
5208,1,test
5209,1,calib
5210,1,calib
5211,0,test
5212,1,train
5213,1,train
5214,1,train
5215,1,train
5216,1,train
5217,1,train
5218,1,test
5219,1,train
5220,0,calib
5221,1,train
5222,0,train
5223,1,train
5224,0,train
5225,1,train
5226,1,train
5227,0,test
5228,1,train
5229,1,train
5230,1,train
5231,0,calib
5232,1,train
5233,1,calib
5234,1,train
5235,1,test
5236,0,train
5237,1,train
5238,0,train
5239,1,train
5240,1,calib
5241,1,train
5242,1,train
5243,1,calib
5244,1,calib
5245,1,train
5246,1,train
5247,1,train
5248,1,train
5249,1,train
5250,1,train
5251,0,train
5252,1,calib
5253,1,test
5254,1,calib
5255,1,train
5256,1,calib
5257,1,train
5258,1,train
5259,1,train
5260,1,train
5261,1,train
5262,1,train
5263,1,test
5264,0,train
5265,1,test
5266,1,test
5267,0,train
5268,1,train
5269,0,train
5270,1,test
5271,1,test
5272,1,calib
5273,1,train
5274,0,train
5275,0,calib
5276,0,train
5277,1,train
5278,1,train
5279,1,train
5280,1,train
5281,1,test
5282,0,test
5283,1,train
5284,1,train
5285,0,train
5286,1,train
5287,0,calib
5288,1,train
5289,1,train
5290,0,calib
5291,1,train
5292,1,train
5293,1,train
5294,1,test
5295,1,train
5296,1,train
5297,1,test
5298,1,train
5299,1,test
5300,1,train
5301,0,train
5302,1,train
5303,1,calib
5304,1,calib
5305,1,train
5306,1,train
5307,1,train
5308,1,test
5309,0,test
5310,1,test
5311,0,calib
5312,1,train
5313,1,train
5314,1,train
5315,1,train
5316,1,calib
5317,1,train
5318,1,test
5319,1,train
5320,1,test
5321,1,test
5322,1,train
5323,1,test
5324,1,train
5325,1,train
5326,1,train
5327,0,test
5328,1,train
5329,0,calib
5330,1,calib
5331,1,test
5332,1,calib
5333,1,train
5334,1,train
5335,1,train
5336,1,calib
5337,0,test
5338,1,train
5339,1,train
5340,1,train
5341,1,train
5342,1,train
5343,1,train
5344,1,train
5345,1,train
5346,1,train
5347,0,train
5348,1,test
5349,0,train
5350,1,train
5351,0,calib
5352,1,train
5353,1,train
5354,1,train
5355,1,train
5356,1,calib
5357,1,train
5358,0,train
5359,1,test
5360,1,calib
5361,1,calib
5362,1,test
5363,1,train
5364,1,train
5365,1,calib
5366,1,calib
5367,1,train
5368,0,calib
5369,1,train
5370,0,train
5371,1,train
5372,1,train
5373,1,train
5374,0,train
5375,1,test
5376,1,train
5377,0,calib
5378,1,test
5379,1,test
5380,0,test
5381,1,train
5382,1,train
5383,1,test
5384,1,train
5385,0,test
5386,1,train
5387,1,train
5388,0,test
5389,1,test
5390,1,calib
5391,1,calib
5392,1,train
5393,1,train
5394,1,train
5395,1,test
5396,1,test
5397,0,train
5398,1,calib
5399,1,calib
5400,0,test
5401,1,calib
5402,1,calib
5403,1,train
5404,1,test
5405,0,test
5406,0,calib
5407,0,train
5408,0,train
5409,1,calib
5410,1,train
5411,1,calib
5412,1,train
5413,1,test
5414,0,calib
5415,1,test
5416,1,train
5417,1,train
5418,0,calib
5419,1,train
5420,1,train
5421,1,train
5422,1,calib
5423,1,calib
5424,1,train
5425,0,calib
5426,1,test
5427,1,calib
5428,1,calib
5429,0,train
5430,1,train
5431,0,train
5432,1,test
5433,1,train
5434,1,train
5435,1,test
5436,0,train
5437,0,train
5438,1,test
5439,1,test
5440,1,calib
5441,1,train
5442,1,calib
5443,1,test
5444,1,test
5445,1,calib
5446,1,train
5447,1,train
5448,1,calib
5449,1,train
5450,1,calib
5451,1,calib
5452,1,train
5453,1,calib
5454,1,train
5455,1,test
5456,0,calib
5457,0,train
5458,0,train
5459,1,test
5460,1,train
5461,1,calib
5462,0,train
5463,1,calib
5464,1,train
5465,1,train
5466,1,calib
5467,1,test
5468,1,test
5469,1,test
5470,1,train
5471,1,test
5472,1,calib
5473,0,test
5474,1,train
5475,1,train
5476,1,calib
5477,1,train
5478,0,calib
5479,0,calib
5480,0,calib
5481,1,train
5482,1,calib
5483,1,calib
5484,1,train
5485,1,train
5486,1,calib
5487,0,train
5488,0,train
5489,1,test
5490,0,train
5491,1,calib
5492,1,calib
5493,1,train
5494,0,test
5495,1,train
5496,1,train
5497,0,test
5498,1,test
5499,1,test
5500,1,calib
5501,1,train
5502,1,train
5503,1,train
5504,1,train
5505,1,calib
5506,1,train
5507,0,calib
5508,1,calib
5509,1,test
5510,1,calib
5511,1,calib
5512,1,calib
5513,1,calib
5514,0,train
5515,1,calib
5516,1,train
5517,1,train
5518,0,calib
5519,1,calib
5520,1,train
5521,0,train
5522,1,test
5523,0,train
5524,1,train
5525,1,calib
5526,1,test
5527,1,train
5528,1,train
5529,1,test
5530,0,test
5531,1,train
5532,0,calib
5533,1,train
5534,1,train
5535,1,train
5536,1,calib
5537,0,test
5538,0,train
5539,1,test
5540,1,train
5541,1,test
5542,0,train
5543,0,train
5544,1,test
5545,1,train
5546,1,train
5547,0,calib
5548,1,train
5549,1,test
5550,1,train
5551,1,train
5552,1,test
5553,1,test
5554,1,train
5555,0,train
5556,1,calib
5557,1,test
5558,1,train
5559,1,test
5560,0,test
5561,1,test
5562,1,test
5563,1,train
5564,1,train
5565,1,calib
5566,0,train
5567,1,train
5568,0,train
5569,1,train
5570,0,train
5571,1,train
5572,1,calib
5573,1,calib
5574,0,train
5575,1,train
5576,1,test
5577,1,train
5578,1,train
5579,1,train
5580,0,train
5581,0,train
5582,0,train
5583,1,train
5584,0,test
5585,1,train
5586,1,train
5587,1,train
5588,0,train
5589,0,train
5590,1,calib
5591,1,train
5592,1,test
5593,0,train
5594,1,test
5595,0,test
5596,1,train
5597,1,calib
5598,1,calib
5599,0,test
5600,0,train
5601,0,train
5602,0,calib
5603,1,test
5604,1,test
5605,1,calib
5606,0,train
5607,1,train
5608,1,train
5609,1,train
5610,0,calib
5611,0,calib
5612,0,test
5613,1,train
5614,0,train
5615,1,train
5616,1,test
5617,1,calib
5618,1,train
5619,1,train
5620,0,test
5621,1,train
5622,1,test
5623,1,train
5624,0,test
5625,0,train
5626,1,train
5627,1,train
5628,0,calib
5629,1,calib
5630,1,train
5631,1,train
5632,1,test
5633,1,calib
5634,0,calib
5635,1,train
5636,1,train
5637,1,calib
5638,1,train
5639,0,train
5640,1,train
5641,1,train
5642,1,train
5643,0,train
5644,1,train
5645,1,train
5646,1,calib
5647,1,train
5648,1,train
5649,0,train
5650,1,train
5651,0,calib
5652,1,train
5653,1,train
5654,1,test
5655,1,train
5656,1,train
5657,0,calib
5658,0,train
5659,1,calib
5660,0,train
5661,1,calib
5662,1,calib
5663,0,train
5664,1,train
5665,1,train
5666,0,calib
5667,1,train
5668,0,train
5669,0,train
5670,1,calib
5671,1,train
5672,0,train
5673,1,calib
5674,0,test
5675,1,train
5676,1,train
5677,1,train
5678,1,test
5679,1,test
5680,1,train
5681,1,test
5682,0,train
5683,1,train
5684,1,train
5685,0,train
5686,1,test
5687,1,train
5688,0,train
5689,1,calib
5690,1,train
5691,1,test
5692,1,train
5693,1,train
5694,0,test
5695,1,calib
5696,0,calib
5697,1,train
5698,1,train
5699,1,calib
5700,1,train
5701,1,train
5702,0,train
5703,0,train
5704,1,train
5705,1,train
5706,1,train
5707,1,test
5708,0,train
5709,0,train
5710,0,train
5711,0,train
5712,0,train
5713,0,train
5714,1,train
5715,1,train
5716,1,train
5717,0,train
5718,1,calib
5719,1,train
5720,1,train
5721,1,train
5722,1,train
5723,1,test
5724,1,test
5725,1,train
5726,1,calib
5727,0,test
5728,0,train
5729,1,train
5730,1,train
5731,1,train
5732,1,train
5733,1,test
5734,1,test
5735,1,train
5736,1,train
5737,1,test
5738,1,calib
5739,1,train
5740,1,train
5741,1,test
5742,1,train
5743,1,train
5744,1,test
5745,1,train
5746,1,train
5747,0,test
5748,0,test
5749,1,test
5750,0,train
5751,1,train
5752,1,train
5753,1,train
5754,0,train
5755,0,calib
5756,0,train
5757,0,train
5758,1,calib
5759,1,train
5760,1,calib
5761,1,calib
5762,1,train
5763,1,calib
5764,0,train
5765,1,train
5766,1,calib
5767,0,test
5768,1,calib
5769,1,train
5770,1,train
5771,0,train
5772,1,calib
5773,1,train
5774,1,calib
5775,1,train
5776,1,calib
5777,1,test
5778,1,test
5779,1,calib
5780,1,test
5781,1,train
5782,1,test
5783,1,calib
5784,1,train
5785,1,train
5786,1,train
5787,1,train
5788,1,calib
5789,1,train
5790,1,test
5791,0,calib
5792,0,calib
5793,0,train
5794,0,train
5795,1,train
5796,0,calib
5797,1,test
5798,0,test
5799,1,test
5800,1,test
5801,1,train
5802,1,train
5803,1,train
5804,1,train
5805,1,train
5806,1,train
5807,1,train
5808,1,train
5809,1,test
5810,1,train
5811,1,train
5812,1,train
5813,0,test
5814,1,train
5815,1,train
5816,1,test
5817,0,calib
5818,1,train
5819,1,train
5820,1,train
5821,0,test
5822,0,calib
5823,1,train
5824,1,train
5825,1,train
5826,1,test
5827,1,train
5828,1,test
5829,1,test
5830,1,train
5831,0,train
5832,1,calib
5833,1,train
5834,1,calib
5835,1,train
5836,0,test
5837,1,train
5838,1,train
5839,0,test
5840,1,test
5841,1,calib
5842,1,calib
5843,1,train
5844,1,calib
5845,1,train
5846,1,calib
5847,1,train
5848,0,train
5849,1,train
5850,1,train
5851,1,test
5852,1,train
5853,1,calib
5854,1,train
5855,1,calib
5856,1,train
5857,0,train
5858,1,calib
5859,1,test
5860,1,train
5861,1,test
5862,1,test
5863,1,train
5864,1,train
5865,1,train
5866,1,train
5867,0,test
5868,1,train
5869,1,test
5870,1,test
5871,0,test
5872,1,train
5873,1,train
5874,1,train
5875,0,train
5876,0,train
5877,1,calib
5878,1,calib
5879,1,test
5880,1,train
5881,1,test
5882,0,train
5883,1,train
5884,1,test
5885,1,train
5886,1,train
5887,1,train
5888,1,train
5889,0,train
5890,1,test
5891,1,test
5892,1,train
5893,1,train
5894,1,train
5895,1,train
5896,1,test
5897,1,train
5898,0,calib
5899,1,test
5900,1,test
5901,1,calib
5902,1,train
5903,1,train
5904,1,train
5905,1,train
5906,1,train
5907,1,test
5908,1,train
5909,0,train
5910,1,test
5911,1,train
5912,1,test
5913,1,train
5914,1,train
5915,1,train
5916,1,train
5917,0,test
5918,1,calib
5919,0,test
5920,1,test
5921,1,train
5922,1,train
5923,1,train
5924,1,train
5925,0,test
5926,1,train
5927,1,test
5928,1,train
5929,0,test
5930,1,train
5931,0,test
5932,1,train
5933,1,train
5934,1,calib
5935,1,train
5936,0,train
5937,0,test
5938,1,train
5939,1,train
5940,0,calib
5941,0,train
5942,1,test
5943,0,calib
5944,0,train
5945,1,train
5946,1,train
5947,1,train
5948,0,calib
5949,1,train
5950,1,calib
5951,1,train
5952,1,train
5953,1,train
5954,1,test
5955,0,calib
5956,1,train
5957,1,train
5958,1,train
5959,1,test
5960,1,train
5961,1,train
5962,1,train
5963,1,calib
5964,1,test
5965,0,train
5966,1,train
5967,1,train
5968,0,train
5969,1,train
5970,0,train
5971,1,train
5972,1,train
5973,1,train
5974,1,calib
5975,1,test
5976,1,train
5977,0,train
5978,1,calib
5979,0,train
5980,0,test
5981,1,test
5982,1,calib
5983,1,test
5984,1,test
5985,0,train
5986,1,train
5987,1,calib
5988,1,test
5989,1,train
5990,1,calib
5991,1,test
5992,1,test
5993,1,train
5994,1,train
5995,1,calib
5996,1,train
5997,0,test
5998,1,calib
5999,1,train
6000,1,test
6001,1,calib
6002,0,test
6003,1,train
6004,0,test
6005,0,test
6006,1,train
6007,0,train
6008,0,train
6009,1,test
6010,0,train
6011,0,train
6012,1,train
6013,1,test
6014,1,train
6015,1,train
6016,0,train
6017,0,train
6018,1,train
6019,1,train
6020,0,test
6021,1,train
6022,1,calib
6023,1,train
6024,0,train
6025,0,train
6026,1,train
6027,1,train
6028,1,train
6029,1,train
6030,0,calib
6031,1,calib
6032,0,train
6033,1,train
6034,1,calib
6035,0,calib
6036,0,train
6037,1,calib
6038,1,train
6039,1,train
6040,1,calib
6041,1,train
6042,0,test
6043,1,calib
6044,1,calib
6045,0,calib
6046,1,train
6047,1,test
6048,1,train
6049,1,train
6050,1,train
6051,1,train
6052,1,train
6053,1,train
6054,1,test
6055,1,test
6056,1,train
6057,1,train
6058,1,test
6059,1,train
6060,1,train
6061,1,calib
6062,1,train
6063,1,test
6064,1,train
6065,1,train
6066,0,test
6067,1,calib
6068,1,train
6069,1,calib
6070,1,train
6071,1,train
6072,1,calib
6073,1,train
6074,1,train
6075,1,test
6076,1,train
6077,1,train
6078,1,calib
6079,1,train
6080,1,test
6081,1,train
6082,0,test
6083,1,train
6084,0,train
6085,1,test
6086,1,train
6087,1,train
6088,1,test
6089,1,train
6090,1,train
6091,1,test
6092,1,calib
6093,1,train
6094,1,test
6095,1,train
6096,1,test
6097,1,train
6098,1,calib
6099,1,train
6100,1,test
6101,0,train
6102,1,train
6103,1,calib
6104,1,train
6105,0,test
6106,1,test
6107,1,train
6108,1,calib
6109,1,train
6110,1,train
6111,0,train
6112,0,test
6113,1,train
6114,1,train
6115,0,train
6116,0,test
6117,1,train
6118,1,train
6119,1,train
6120,0,train
6121,0,test
6122,1,train
6123,1,train
6124,0,train
6125,1,test
6126,1,calib
6127,1,train
6128,1,train
6129,1,train
6130,1,calib
6131,1,calib
6132,1,train
6133,1,calib
6134,1,calib
6135,0,calib
6136,1,train
6137,0,test
6138,1,train
6139,1,test
6140,1,train
6141,1,train
6142,1,train
6143,0,train
6144,1,calib
6145,1,train
6146,1,train
6147,0,train
6148,1,train
6149,0,test
6150,1,train
6151,1,test
6152,1,test
6153,1,calib
6154,1,test
6155,1,test
6156,1,calib
6157,1,train
6158,1,test
6159,1,train
6160,1,train
6161,1,train
6162,1,train
6163,1,train
6164,1,calib
6165,1,train
6166,1,calib
6167,1,calib
6168,1,train
6169,1,calib
6170,0,calib
6171,1,train
6172,1,test
6173,0,train
6174,1,train
6175,1,train
6176,1,test
6177,0,test
6178,1,calib
6179,0,train
6180,1,calib
6181,0,train
6182,1,train
6183,1,train
6184,0,calib
6185,1,train
6186,0,train
6187,1,train
6188,1,train
6189,1,calib
6190,1,train
6191,1,calib
6192,0,test
6193,1,test
6194,1,calib
6195,1,calib
6196,0,calib
6197,0,calib
6198,1,test
6199,0,test
6200,0,test
6201,1,calib
6202,1,train
6203,1,train
6204,1,calib
6205,0,train
6206,1,train
6207,1,train
6208,0,calib
6209,1,test
6210,1,train
6211,1,train
6212,0,train
6213,0,train
6214,1,train
6215,1,train
6216,0,train
6217,0,train
6218,1,test
6219,1,train
6220,0,train
6221,1,train
6222,1,train
6223,1,train
6224,0,train
6225,0,train
6226,1,calib
6227,0,train
6228,1,calib
6229,1,train
6230,1,train
6231,1,calib
6232,1,calib
6233,0,test
6234,1,calib
6235,1,calib
6236,0,calib
6237,1,test
6238,1,train
6239,1,test
6240,1,train
6241,1,train
6242,1,train
6243,1,calib
6244,1,calib
6245,0,train
6246,1,calib
6247,1,train
6248,1,test
6249,1,train
6250,0,train
6251,1,calib
6252,1,calib
6253,1,test
6254,1,train
6255,1,train
6256,0,calib
6257,1,train
6258,1,train
6259,1,calib
6260,1,train
6261,1,train
6262,1,calib
6263,1,test
6264,0,test
6265,1,train
6266,1,test
6267,1,train
6268,1,train
6269,1,test
6270,1,train
6271,1,train
6272,1,test
6273,1,test
6274,1,train
6275,1,train
6276,1,train
6277,1,test
6278,1,train
6279,1,train
6280,1,train
6281,0,train
6282,1,train
6283,1,train
6284,1,train
6285,1,train
6286,1,train
6287,1,train
6288,1,train
6289,0,calib
6290,1,test
6291,0,calib
6292,1,train
6293,1,train
6294,1,train
6295,0,train
6296,1,train
6297,1,train
6298,1,train
6299,0,test
6300,1,test
6301,1,train
6302,1,test
6303,0,calib
6304,0,calib
6305,1,test
6306,1,train
6307,1,test
6308,1,train
6309,1,train
6310,0,calib
6311,1,calib
6312,1,train
6313,0,train
6314,1,train
6315,1,test
6316,1,calib
6317,1,train
6318,1,test
6319,1,test
6320,1,train
6321,1,test
6322,1,train
6323,1,train
6324,0,test
6325,0,train
6326,1,train
6327,1,calib
6328,1,train
6329,1,calib
6330,0,train
6331,0,train
6332,0,train
6333,1,train
6334,0,train
6335,1,train
6336,1,train
6337,0,train
6338,1,train
6339,1,train
6340,1,train
6341,1,test
6342,1,calib
6343,1,calib
6344,0,train
6345,1,train
6346,1,train
6347,1,test
6348,1,calib
6349,0,train
6350,1,calib
6351,1,train
6352,0,test
6353,1,train
6354,1,train
6355,1,calib
6356,1,train
6357,1,train
6358,1,test
6359,0,test
6360,1,train
6361,1,train
6362,1,train
6363,1,calib
6364,1,train
6365,1,train
6366,1,train
6367,1,train
6368,1,test
6369,0,calib
6370,1,test
6371,1,calib
6372,1,test
6373,0,calib
6374,1,train
6375,1,calib
6376,1,train
6377,1,test
6378,0,train
6379,0,calib
6380,1,train
6381,1,train
6382,0,train
6383,0,test
6384,0,calib
6385,1,train
6386,1,train
6387,1,test
6388,1,train
6389,1,calib
6390,1,train
6391,0,train
6392,0,train
6393,1,train
6394,1,train
6395,1,calib
6396,1,train
6397,1,test
6398,1,train
6399,1,calib
6400,1,train
6401,1,train
6402,1,test
6403,1,train
6404,1,test
6405,1,test
6406,0,train
6407,1,train
6408,1,train
6409,1,calib
6410,1,calib
6411,1,train
6412,1,calib
6413,1,test
6414,0,calib
6415,0,train
6416,0,train
6417,1,calib
6418,1,train
6419,0,calib
6420,0,train
6421,1,train
6422,1,train
6423,1,calib
6424,1,train
6425,1,calib
6426,0,test
6427,1,test
6428,1,train
6429,0,train
6430,1,train
6431,1,train
6432,1,train
6433,1,train
6434,1,train
6435,1,train
6436,1,test
6437,1,train
6438,1,train
6439,1,calib
6440,1,train
6441,1,test
6442,0,test
6443,1,train
6444,1,train
6445,1,calib
6446,1,train
6447,1,train
6448,1,test
6449,1,calib
6450,1,test
6451,1,train
6452,1,train
6453,0,train
6454,1,train
6455,0,train
6456,1,calib
6457,0,train
6458,1,train
6459,1,calib
6460,1,calib
6461,1,train
6462,1,train
6463,1,calib
6464,1,test
6465,0,train
6466,1,test
6467,1,calib
6468,0,train
6469,1,train
6470,1,train
6471,1,calib
6472,1,calib
6473,1,train
6474,1,train
6475,0,train
6476,1,train
6477,1,train
6478,0,train
6479,1,train
6480,1,train
6481,1,train
6482,0,test
6483,0,calib
6484,0,train
6485,0,test
6486,1,calib
6487,0,train
6488,1,calib
6489,1,test
6490,1,test
6491,1,test
6492,0,test
6493,1,train
6494,1,train
6495,1,test
6496,1,test
6497,1,test
6498,1,train
6499,0,train
6500,0,test
6501,1,test
6502,1,calib
6503,1,test
6504,1,train
6505,1,train
6506,1,train
6507,1,test
6508,1,test
6509,1,train
6510,1,train
6511,1,calib
6512,0,train
6513,0,test
6514,1,train
6515,1,train
6516,1,calib
6517,1,train
6518,1,test
6519,0,test
6520,1,calib
6521,1,train
6522,1,test
6523,1,train
6524,0,train
6525,1,train
6526,1,test
6527,1,train
6528,0,test
6529,1,train
6530,0,test
6531,1,train
6532,1,train
6533,0,test
6534,1,calib
6535,0,train
6536,1,train
6537,0,calib
6538,1,test
6539,1,train
6540,1,train
6541,1,train
6542,1,test
6543,1,calib
6544,1,test
6545,1,train
6546,0,calib
6547,0,train
6548,0,train
6549,1,train
6550,1,calib
6551,1,train
6552,1,train
6553,1,train
6554,1,test
6555,0,train
6556,0,calib
6557,1,calib
6558,1,calib
6559,1,test
6560,1,calib
6561,0,train
6562,1,calib
6563,0,calib
6564,1,train
6565,1,calib
6566,1,calib
6567,1,calib
6568,1,train
6569,0,test
6570,1,train
6571,1,calib
6572,1,train
6573,0,calib
6574,0,train
6575,1,train
6576,0,calib
6577,1,train
6578,1,train
6579,1,test
6580,0,train
6581,0,test
6582,1,calib
6583,1,train
6584,1,test
6585,1,calib
6586,1,calib
6587,1,train
6588,1,train
6589,1,train
6590,0,train
6591,1,test
6592,1,test
6593,1,calib
6594,1,train
6595,0,train
6596,1,calib
6597,1,train
6598,0,test
6599,0,test
6600,1,test
6601,1,train
6602,1,calib
6603,0,calib
6604,1,test
6605,1,train
6606,0,train
6607,1,train
6608,0,test
6609,0,train
6610,1,train
6611,1,train
6612,1,train
6613,1,calib
6614,0,calib
6615,1,calib
6616,1,train
6617,1,train
6618,1,train
6619,1,train
6620,1,train
6621,0,train
6622,1,test
6623,1,calib
6624,1,test
6625,0,calib
6626,1,train
6627,1,train
6628,1,test
6629,1,test
6630,1,test
6631,1,train
6632,1,test
6633,0,train
6634,1,calib
6635,1,train
6636,1,train
6637,0,train
6638,1,train
6639,0,train
6640,1,train
6641,1,train
6642,1,train
6643,1,train
6644,1,train
6645,1,calib
6646,1,calib
6647,1,train
6648,0,test
6649,0,test
6650,1,test
6651,1,train
6652,0,train
6653,1,train
6654,1,calib
6655,0,train
6656,1,test
6657,1,test
6658,0,train
6659,1,train
6660,0,calib
6661,0,train
6662,1,calib
6663,1,train
6664,0,train
6665,0,test
6666,1,train
6667,1,calib
6668,1,train
6669,0,calib
6670,1,train
6671,1,train
6672,1,test
6673,1,train
6674,1,train
6675,0,train
6676,1,test
6677,0,train
6678,1,calib
6679,1,calib
6680,1,train
6681,1,train
6682,1,test
6683,1,train
6684,1,train
6685,1,train
6686,0,calib
6687,1,train
6688,1,calib
6689,0,calib
6690,1,test
6691,1,train
6692,1,train
6693,1,train
6694,1,train
6695,1,calib
6696,1,test
6697,0,train
6698,1,train
6699,1,train
6700,1,train
6701,1,train
6702,1,calib
6703,0,test
6704,1,test
6705,1,train
6706,1,train
6707,1,train
6708,0,calib
6709,1,calib
6710,1,train
6711,1,train
6712,1,train
6713,0,test
6714,0,train
6715,1,train
6716,0,test
6717,1,train
6718,1,calib
6719,1,train
6720,1,train
6721,1,train
6722,1,test
6723,1,train
6724,1,train
6725,1,calib
6726,1,calib
6727,0,train
6728,0,train
6729,1,calib
6730,1,calib
6731,1,calib
6732,1,calib
6733,1,train
6734,1,train
6735,0,test
6736,1,train
6737,1,train
6738,1,calib
6739,1,test
6740,1,train
6741,1,test
6742,1,test
6743,1,train
6744,1,train
6745,1,train
6746,0,train
6747,1,train
6748,1,train
6749,1,train
6750,1,train
6751,0,test
6752,1,train
6753,1,train
6754,1,train
6755,1,train
6756,1,train
6757,1,test
6758,0,test
6759,1,test
6760,1,train
6761,1,train
6762,1,test
6763,0,train
6764,0,test
6765,0,calib
6766,1,test
6767,1,train
6768,1,train
6769,0,test
6770,1,test
6771,1,test
6772,1,calib
6773,1,train
6774,1,train
6775,1,calib
6776,1,train
6777,1,train
6778,1,train
6779,1,train
6780,1,train
6781,1,train
6782,1,calib
6783,1,train
6784,1,train
6785,0,test
6786,1,calib
6787,0,calib
6788,1,calib
6789,1,test
6790,1,train
6791,1,calib
6792,0,train
6793,1,calib
6794,1,train
6795,1,calib
6796,1,train
6797,0,test
6798,1,train
6799,1,train
6800,1,train
6801,1,train
6802,1,train
6803,0,test
6804,0,calib
6805,1,calib
6806,1,train
6807,1,train
6808,1,train
6809,1,test
6810,1,train
6811,1,train
6812,1,test
6813,1,train
6814,0,test
6815,1,train
6816,0,train
6817,1,calib
6818,1,train
6819,1,train
6820,1,train
6821,1,train
6822,1,test
6823,0,calib
6824,1,test
6825,1,train
6826,1,train
6827,1,test
6828,1,train
6829,1,train
6830,1,test
6831,1,train
6832,1,train
6833,0,train
6834,0,train
6835,1,train
6836,1,train
6837,1,test
6838,1,test
6839,1,test
6840,1,train
6841,1,train
6842,1,train
6843,0,calib
6844,0,train
6845,1,train
6846,1,train
6847,1,calib
6848,1,train
6849,0,calib
6850,0,train
6851,1,train
6852,1,train
6853,1,train
6854,1,train
6855,1,train
6856,1,test
6857,1,test
6858,1,train
6859,1,train
6860,1,test
6861,1,train
6862,0,test
6863,1,train
6864,1,train
6865,1,calib
6866,1,calib
6867,1,train
6868,1,train
6869,0,calib
6870,0,train
6871,1,train
6872,1,test
6873,1,train
6874,1,train
6875,1,train
6876,0,test
6877,1,train
6878,1,train
6879,0,test
6880,0,train
6881,1,test
6882,1,train
6883,1,train
6884,1,train
6885,1,train
6886,1,train
6887,1,calib
6888,1,train
6889,1,test
6890,0,test
6891,1,test
6892,1,train
6893,1,test
6894,1,calib
6895,1,train
6896,1,calib
6897,0,train
6898,1,train
6899,1,train
6900,0,test
6901,1,train
6902,1,test
6903,1,calib
6904,0,calib
6905,1,train
6906,0,test
6907,1,train
6908,1,calib
6909,1,calib
6910,1,calib
6911,0,train
6912,1,train
6913,1,test
6914,1,test
6915,1,train
6916,1,calib
6917,1,train
6918,1,calib
6919,1,calib
6920,1,train
6921,1,test
6922,1,train
6923,1,train
6924,0,train
6925,0,train
6926,1,calib
6927,1,calib
6928,1,train
6929,1,calib
6930,1,train
6931,1,calib
6932,1,train
6933,1,train
6934,0,train
6935,0,train
6936,1,train
6937,1,train
6938,1,train
6939,1,train
6940,1,test
6941,0,train
6942,0,train
6943,1,calib
6944,1,calib
6945,1,train
6946,1,train
6947,1,train
6948,0,calib
6949,1,test
6950,1,train
6951,1,train
6952,1,train
6953,1,train
6954,0,train
6955,1,train
6956,1,train
6957,0,train
6958,1,train
6959,1,train
6960,0,train
6961,1,train
6962,0,train
6963,1,calib
6964,1,train
6965,1,train
6966,1,calib
6967,1,calib
6968,1,calib
6969,1,calib
6970,1,train
6971,0,train
6972,1,train
6973,0,train
6974,1,test
6975,1,train
6976,1,calib
6977,1,train
6978,1,test
6979,1,train
6980,1,train
6981,1,test
6982,1,calib
6983,1,train
6984,1,train
6985,0,train
6986,0,train
6987,1,train
6988,0,train
6989,1,train
6990,1,train
6991,0,train
6992,0,calib
6993,1,train
6994,0,test
6995,1,test
6996,1,test
6997,1,train
6998,1,test
6999,1,test
7000,0,train
7001,1,calib
7002,1,train
7003,1,train
7004,1,train
7005,1,train
7006,0,test
7007,1,train
7008,1,test
7009,1,train
7010,1,calib
7011,1,train
7012,0,train
7013,1,calib
7014,1,test
7015,1,test
7016,1,calib
7017,1,calib
7018,0,calib
7019,1,calib
7020,1,test
7021,0,calib
7022,1,train
7023,0,train
7024,1,calib
7025,1,train
7026,1,train
7027,1,test
7028,1,train
7029,0,train
7030,1,train
7031,0,train
7032,1,train
7033,0,train
7034,0,train
7035,0,train
7036,1,train
7037,1,train
7038,1,test
7039,1,train
7040,1,train
7041,1,train
7042,1,calib
7043,0,calib
7044,1,train
7045,1,train
7046,1,train
7047,0,train
7048,1,calib
7049,1,train
7050,1,train
7051,0,train
7052,1,calib
7053,1,test
7054,1,train
7055,1,train
7056,1,train
7057,1,train
7058,0,train
7059,1,train
7060,0,train
7061,1,train
7062,1,calib
7063,1,train
7064,0,test
7065,1,train
7066,1,train
7067,1,test
7068,1,train
7069,1,test
7070,1,calib
7071,0,test
7072,1,train
7073,0,train
7074,1,train
7075,1,train
7076,1,train
7077,1,train
7078,1,train
7079,0,train
7080,1,test
7081,1,train
7082,0,train
7083,0,train
7084,0,train
7085,0,train
7086,1,train
7087,0,test
7088,1,test
7089,1,calib
7090,0,train
7091,1,train
7092,1,train
7093,0,test
7094,1,calib
7095,1,test
7096,1,calib
7097,1,calib
7098,1,calib
7099,1,train
7100,0,train
7101,1,train
7102,1,train
7103,0,test
7104,0,train
7105,1,train
7106,1,test
7107,1,test
7108,1,test
7109,1,train
7110,0,train
7111,1,calib
7112,1,train
7113,1,train
7114,1,train
7115,1,train
7116,1,train
7117,0,train
7118,1,test
7119,1,train
7120,0,train
7121,1,train
7122,1,train
7123,0,calib
7124,1,test
7125,1,train
7126,1,train
7127,1,train
7128,1,train
7129,1,test
7130,1,train
7131,0,train
7132,1,train
7133,1,train
7134,0,test
7135,1,test
7136,1,test
7137,1,train
7138,0,calib
7139,1,test
7140,0,train
7141,1,train
7142,1,train
7143,0,test
7144,1,calib
7145,1,train
7146,1,train
7147,0,train
7148,1,train
7149,1,train
7150,1,train
7151,1,test
7152,1,test
7153,1,train
7154,1,calib
7155,0,train
7156,0,test
7157,1,train
7158,1,train
7159,1,train
7160,1,test
7161,1,train
7162,1,train
7163,0,calib
7164,1,test
7165,1,train
7166,1,train
7167,1,train
7168,1,calib
7169,1,calib
7170,1,calib
7171,1,train
7172,1,test
7173,1,calib
7174,1,train
7175,1,train
7176,1,test
7177,0,train
7178,1,test
7179,1,train
7180,1,test
7181,1,calib
7182,1,train
7183,1,test
7184,0,test
7185,1,test
7186,1,calib
7187,1,train
7188,1,train
7189,1,calib
7190,1,train
7191,1,train
7192,1,train
7193,1,train
7194,0,calib
7195,1,calib
7196,1,calib
7197,1,train
7198,1,calib
7199,0,calib
7200,1,calib
7201,1,train
7202,0,train
7203,0,train
7204,1,train
7205,0,train
7206,1,train
7207,0,calib
7208,0,test
7209,1,train
7210,1,calib
7211,1,train
7212,1,calib
7213,1,train
7214,0,train
7215,0,train
7216,1,train
7217,1,train
7218,1,train
7219,1,calib
7220,1,test
7221,1,calib
7222,0,train
7223,1,calib
7224,1,train
7225,1,train
7226,1,train
7227,1,train
7228,1,train
7229,1,test
7230,1,calib
7231,1,calib
7232,1,train
7233,1,train
7234,1,calib
7235,1,train
7236,1,test
7237,1,train
7238,1,train
7239,1,train
7240,1,train
7241,1,train
7242,1,test
7243,1,train
7244,1,calib
7245,1,calib
7246,1,train
7247,1,calib
7248,1,test
7249,0,calib
7250,1,train
7251,1,train
7252,1,calib
7253,0,test
7254,1,train
7255,1,train
7256,1,calib
7257,1,test
7258,0,test
7259,1,test
7260,1,calib
7261,0,calib
7262,1,calib
7263,1,test
7264,1,test
7265,0,train
7266,0,calib
7267,1,train
7268,0,train
7269,0,train
7270,1,train
7271,0,train
7272,0,train
7273,1,calib
7274,1,calib
7275,0,train
7276,1,train
7277,1,calib
7278,1,test
7279,1,train
7280,1,train
7281,1,train
7282,1,train
7283,1,test
7284,1,train
7285,0,calib
7286,0,calib
7287,0,calib
7288,1,train
7289,1,train
7290,0,calib
7291,1,train
7292,1,train
7293,1,calib
7294,0,train
7295,1,train
7296,0,train
7297,1,train
7298,1,train
7299,0,calib
7300,1,train
7301,1,train
7302,1,train
7303,1,test
7304,1,train
7305,0,test
7306,1,calib
7307,1,calib
7308,1,calib
7309,0,train
7310,1,calib
7311,1,train
7312,1,train
7313,1,train
7314,1,train
7315,1,train
7316,1,test
7317,0,train
7318,1,train
7319,1,train
7320,1,calib
7321,1,train
7322,1,train
7323,1,calib
7324,1,test
7325,1,train
7326,1,test
7327,0,calib
7328,1,calib
7329,1,train
7330,1,train
7331,1,train
7332,1,train
7333,1,test
7334,1,test
7335,1,train
7336,0,calib
7337,0,test
7338,1,train
7339,0,calib
7340,1,calib
7341,1,train
7342,0,train
7343,0,test
7344,1,train
7345,1,train
7346,1,train
7347,0,train
7348,1,train
7349,1,calib
7350,1,test
7351,0,calib
7352,1,test
7353,0,train
7354,1,test
7355,0,train
7356,1,train
7357,1,train
7358,1,train
7359,0,train
7360,1,calib
7361,1,calib
7362,0,train
7363,1,train
7364,1,test
7365,1,train
7366,1,test
7367,0,train
7368,1,train
7369,1,calib
7370,1,train
7371,0,train
7372,1,calib
7373,1,calib
7374,1,test
7375,1,calib
7376,0,test
7377,0,calib
7378,1,train
7379,1,train
7380,0,test
7381,1,train
7382,1,calib
7383,0,train
7384,1,calib
7385,0,train
7386,1,calib
7387,1,calib
7388,1,calib
7389,1,calib
7390,1,calib
7391,1,train
7392,1,train
7393,0,train
7394,1,test
7395,1,train
7396,1,train
7397,1,test
7398,1,test
7399,1,test
7400,1,calib
7401,1,train
7402,1,calib
7403,0,train
7404,0,calib
7405,1,train
7406,1,train
7407,1,train
7408,1,test
7409,0,calib
7410,1,train
7411,1,test
7412,1,calib
7413,0,train
7414,1,train
7415,1,train
7416,0,calib
7417,1,test
7418,0,train
7419,1,train
7420,0,train
7421,1,train
7422,1,train
7423,0,calib
7424,1,train
7425,1,train
7426,1,calib
7427,1,test
7428,1,train
7429,1,train
7430,1,test
7431,1,test
7432,0,calib
7433,1,test
7434,1,train
7435,1,test
7436,1,calib
7437,1,train
7438,0,train
7439,1,train
7440,1,train
7441,0,train
7442,1,test
7443,1,test
7444,1,train
7445,1,calib
7446,1,test
7447,1,train
7448,1,train
7449,1,test
7450,0,train
7451,1,train
7452,1,calib
7453,1,train
7454,1,test
7455,1,train
7456,0,test
7457,1,calib
7458,1,test
7459,1,train
7460,0,train
7461,1,train
7462,1,calib
7463,1,test
7464,0,test
7465,0,calib
7466,1,test
7467,0,calib
7468,1,train
7469,1,train
7470,1,calib
7471,1,test
7472,1,train
7473,1,train
7474,1,calib
7475,1,train
7476,0,train
7477,1,calib
7478,1,train
7479,1,calib
7480,1,train
7481,1,train
7482,1,train
7483,1,train
7484,1,train
7485,0,calib
7486,1,test
7487,1,train
7488,1,train
7489,1,train
7490,1,train
7491,1,train
7492,0,train
7493,1,test
7494,0,calib
7495,1,calib
7496,1,test
7497,0,train
7498,0,train
7499,0,train
7500,1,train
7501,1,train
7502,1,train
7503,0,calib
7504,1,calib
7505,1,test
7506,1,train
7507,1,train
7508,1,train
7509,1,test
7510,1,calib
7511,1,train
7512,1,train
7513,0,train
7514,1,test
7515,1,train
7516,1,train
7517,0,train
7518,1,train
7519,1,calib
7520,1,train
7521,1,train
7522,1,train
7523,1,train
7524,1,train
7525,1,test
7526,1,train
7527,1,test
7528,1,test
7529,0,test
7530,1,train
7531,0,train
7532,0,train
7533,1,train
7534,1,calib
7535,1,test
7536,0,train
7537,1,train
7538,1,train
7539,1,calib
7540,1,train
7541,1,test
7542,1,train
7543,0,calib
7544,1,train
7545,1,calib
7546,1,test
7547,1,test
7548,1,train
7549,1,train
7550,0,calib
7551,1,train
7552,1,test
7553,0,train
7554,1,train
7555,0,test
7556,1,train
7557,0,test
7558,0,test
7559,0,train
7560,1,calib
7561,0,train
7562,1,train
7563,1,calib
7564,1,train
7565,1,train
7566,1,test
7567,1,calib
7568,1,train
7569,1,test
7570,1,train
7571,0,calib
7572,0,test
7573,1,test
7574,1,train
7575,1,train
7576,1,train
7577,1,train
7578,1,train
7579,0,calib
7580,1,train
7581,1,train
7582,1,calib
7583,1,train
7584,1,train
7585,1,train
7586,1,train
7587,1,test
7588,1,test
7589,1,train
7590,0,calib
7591,0,train
7592,1,calib
7593,1,calib
7594,1,train
7595,1,train
7596,1,train
7597,1,train
7598,1,train
7599,0,train
7600,1,train
7601,1,train
7602,1,train
7603,1,calib
7604,1,train
7605,1,train
7606,1,train
7607,1,calib
7608,1,calib
7609,1,calib
7610,1,train
7611,1,train
7612,1,train
7613,0,calib
7614,1,train
7615,1,train
7616,1,calib
7617,1,train
7618,1,test
7619,1,train
7620,1,train
7621,0,test
7622,1,train
7623,1,train
7624,0,train
7625,1,calib
7626,1,train
7627,1,train
7628,1,train
7629,0,train
7630,1,calib
7631,1,test
7632,1,train
7633,1,calib
7634,1,calib
7635,1,train
7636,1,train
7637,1,test
7638,0,train
7639,1,train
7640,1,calib
7641,0,train
7642,1,train
7643,0,calib
7644,1,train
7645,0,train
7646,1,test
7647,1,train
7648,0,train
7649,0,train
7650,1,calib
7651,1,test
7652,1,train
7653,1,train
7654,1,train
7655,1,train
7656,1,train
7657,0,train
7658,1,train
7659,1,train
7660,1,train
7661,1,train
7662,1,calib
7663,1,test
7664,1,train
7665,1,train
7666,1,calib
7667,1,calib
7668,1,train
7669,1,calib
7670,1,test
7671,0,test
7672,1,train
7673,0,test
7674,0,calib
7675,1,test
7676,0,train
7677,1,train
7678,0,train
7679,0,test
7680,1,train
7681,0,train
7682,1,train
7683,1,train
7684,1,train
7685,1,test
7686,1,test
7687,1,test
7688,1,test
7689,1,calib
7690,0,calib
7691,1,train
7692,1,calib
7693,1,train
7694,0,train
7695,0,test
7696,0,train
7697,1,calib
7698,0,test
7699,0,calib
7700,1,train
7701,0,train
7702,1,test
7703,1,train
7704,1,test
7705,1,train
7706,1,train
7707,1,calib
7708,1,train
7709,0,train
7710,1,test
7711,1,train
7712,1,train
7713,1,train
7714,0,calib
7715,1,calib
7716,0,train
7717,1,test
7718,0,test
7719,1,train
7720,1,test
7721,0,train
7722,1,train
7723,1,train
7724,1,test
7725,1,calib
7726,1,train
7727,1,train
7728,1,train
7729,1,test
7730,1,calib
7731,1,test
7732,0,train
7733,0,train
7734,1,train
7735,1,test
7736,1,test
7737,1,train
7738,1,train
7739,1,train
7740,1,train
7741,0,test
7742,1,test
7743,1,train
7744,1,train
7745,0,calib
7746,1,train
7747,1,calib
7748,1,calib
7749,1,train
7750,1,train
7751,1,test
7752,1,train
7753,1,train
7754,1,test
7755,1,calib
7756,1,train
7757,0,test
7758,1,train
7759,1,test
7760,1,train
7761,1,train
7762,1,calib
7763,1,test
7764,1,calib
7765,1,train
7766,1,train
7767,1,train
7768,1,test
7769,1,train
7770,1,calib
7771,1,train
7772,1,train
7773,1,train
7774,1,calib
7775,1,calib
7776,1,test
7777,0,calib
7778,1,train
7779,1,train
7780,1,train
7781,1,calib
7782,1,calib
7783,1,train
7784,1,train
7785,0,calib
7786,0,train
7787,1,train
7788,1,train
7789,0,train
7790,1,calib
7791,1,calib
7792,1,train
7793,1,train
7794,1,train
7795,1,train
7796,1,test
7797,1,train
7798,1,train
7799,1,calib
7800,1,calib
7801,0,test
7802,1,calib
7803,1,train
7804,1,test
7805,0,train
7806,0,train
7807,0,train
7808,1,test
7809,1,train
7810,1,train
7811,0,test
7812,1,train
7813,1,train
7814,1,train
7815,1,train
7816,1,train
7817,1,calib
7818,0,train
7819,1,train
7820,1,train
7821,1,calib
7822,1,train
7823,1,test
7824,0,test
7825,1,train
7826,0,test
7827,1,train
7828,1,calib
7829,1,train
7830,0,train
7831,0,train
7832,0,train
7833,1,calib
7834,0,train
7835,0,train
7836,1,test
7837,0,calib
7838,1,train
7839,1,calib
7840,0,train
7841,1,test
7842,1,train
7843,0,test
7844,1,train
7845,1,train
7846,1,train
7847,1,train
7848,0,train
7849,1,train
7850,1,train
7851,0,train
7852,1,train
7853,1,train
7854,1,train
7855,1,test
7856,1,test
7857,1,train
7858,1,train
7859,1,test
7860,1,train
7861,1,train
7862,1,train
7863,1,train
7864,1,train
7865,1,test
7866,1,train
7867,0,test
7868,0,calib
7869,1,test
7870,0,calib
7871,1,test
7872,1,test
7873,1,train
7874,1,train
7875,0,test
7876,1,calib
7877,1,calib
7878,0,train
7879,0,train
7880,1,train
7881,1,calib
7882,1,test
7883,1,train
7884,1,train
7885,1,train
7886,0,test
7887,1,train
7888,1,test
7889,1,train
7890,1,test
7891,1,train
7892,1,train
7893,0,train
7894,1,train
7895,1,test
7896,0,calib
7897,1,train
7898,1,calib
7899,1,train
7900,1,calib
7901,1,train
7902,0,test
7903,1,train
7904,1,test
7905,1,train
7906,0,train
7907,1,train
7908,1,train
7909,1,train
7910,1,test
7911,0,train
7912,1,calib
7913,1,train
7914,0,train
7915,1,train
7916,1,calib
7917,1,train
7918,1,test
7919,1,train
7920,1,train
7921,1,train
7922,1,calib
7923,1,train
7924,1,calib
7925,1,train
7926,1,test
7927,1,train
7928,1,train
7929,1,train
7930,1,train
7931,0,train
7932,1,train
7933,1,train
7934,1,calib
7935,1,test
7936,1,train
7937,1,train
7938,1,test
7939,1,train
7940,1,test
7941,1,calib
7942,1,test
7943,1,train
7944,0,test
7945,1,test
7946,1,calib
7947,1,calib
7948,1,train
7949,1,train
7950,1,train
7951,1,train
7952,1,calib
7953,1,train
7954,1,train
7955,1,test
7956,1,train
7957,1,train
7958,0,train
7959,0,calib
7960,1,calib
7961,1,calib
7962,1,test
7963,1,train
7964,1,train
7965,1,test
7966,0,train
7967,1,calib
7968,0,train
7969,1,train
7970,1,train
7971,1,train
7972,1,train
7973,1,train
7974,0,train
7975,0,train
7976,0,train
7977,0,train
7978,0,train
7979,0,train
7980,1,train
7981,1,train
7982,1,train
7983,0,train
7984,0,train
7985,1,calib
7986,1,train
7987,1,test
7988,1,train
7989,0,test
7990,1,train
7991,0,train
7992,1,calib
7993,1,train
7994,1,train
7995,0,train
7996,1,train
7997,1,test
7998,0,calib
7999,1,train
8000,0,train
8001,1,calib
8002,0,train
8003,1,calib
8004,1,test
8005,1,train
8006,1,train
8007,1,train
8008,1,train
8009,1,train
8010,1,train
8011,1,train
8012,1,test
8013,0,test
8014,1,calib
8015,0,calib
8016,1,train
8017,1,calib
8018,1,train
8019,1,train
8020,1,test
8021,0,train
8022,1,test
8023,0,calib
8024,1,train
8025,0,calib
8026,0,calib
8027,1,train
8028,1,train
8029,0,train
8030,1,calib
8031,0,calib
8032,1,test
8033,1,train
8034,1,train
8035,1,train
8036,0,test
8037,1,train
8038,1,train
8039,0,train
8040,0,test
8041,1,train
8042,1,train
8043,1,calib
8044,1,train
8045,1,train
8046,1,test
8047,0,train
8048,0,test
8049,1,train
8050,1,train
8051,0,test
8052,1,train
8053,1,test
8054,1,train
8055,0,train
8056,1,train
8057,1,test
8058,1,test
8059,1,train
8060,1,train
8061,1,train
8062,1,train
8063,1,train
8064,0,test
8065,1,calib
8066,1,calib
8067,1,train
8068,0,train
8069,0,train
8070,1,train
8071,1,test
8072,1,train
8073,1,train
8074,0,train
8075,1,calib
8076,1,test
8077,1,train
8078,1,train
8079,1,calib
8080,1,train
8081,1,train
8082,1,calib
8083,1,train
8084,0,train
8085,1,train
8086,1,train
8087,1,train
8088,1,calib
8089,1,train
8090,1,test
8091,0,calib
8092,1,train
8093,1,train
8094,1,train
8095,1,calib
8096,1,train
8097,0,train
8098,1,train
8099,1,train
8100,1,test
8101,1,train
8102,0,calib
8103,1,train
8104,0,calib
8105,0,test
8106,1,train
8107,1,train
8108,1,train
8109,1,train
8110,1,train
8111,1,test
8112,1,train
8113,0,train
8114,1,test
8115,1,calib
8116,1,test
8117,0,test
8118,1,train
8119,0,train
8120,1,calib
8121,0,train
8122,1,train
8123,1,train
8124,0,train
8125,0,train
8126,1,train
8127,1,test
8128,1,train
8129,1,calib
8130,1,calib
8131,1,train
8132,1,test
8133,1,train
8134,1,train
8135,1,calib
8136,1,train
8137,1,train
8138,1,train
8139,0,test
8140,1,test
8141,1,train
8142,1,test
8143,1,train
8144,0,train
8145,1,train
8146,1,train
8147,1,train
8148,1,calib
8149,1,train
8150,0,test
8151,0,train
8152,0,train
8153,1,train
8154,1,test
8155,1,train
8156,1,train
8157,0,train
8158,1,train
8159,1,train
8160,0,test
8161,1,test
8162,1,train
8163,1,test
8164,1,train
8165,1,train
8166,1,train
8167,0,train
8168,1,calib
8169,1,calib
8170,1,train
8171,1,train
8172,1,train
8173,0,train
8174,0,train
8175,1,calib
8176,1,train
8177,0,train
8178,1,calib
8179,1,test
8180,1,test
8181,1,train
8182,0,train
8183,1,test
8184,0,test
8185,1,train
8186,1,train
8187,1,test
8188,1,train
8189,1,train
8190,1,train
8191,1,train
8192,1,train
8193,0,test
8194,1,train
8195,0,test
8196,1,train
8197,1,test
8198,0,train
8199,1,train
8200,1,train
8201,1,test
8202,1,train
8203,1,test
8204,1,calib
8205,0,train
8206,1,train
8207,1,train
8208,0,train
8209,0,train
8210,1,train
8211,1,calib
8212,1,train
8213,0,train
8214,1,train
8215,1,calib
8216,1,calib
8217,1,train
8218,1,train
8219,1,test
8220,1,train
8221,1,train
8222,1,test
8223,0,test
8224,1,train
8225,0,train
8226,0,train
8227,0,test
8228,1,calib
8229,1,train
8230,1,calib
8231,1,train
8232,1,train
8233,1,test
8234,0,calib
8235,1,train
8236,1,train
8237,0,train
8238,1,calib
8239,1,test
8240,1,train
8241,1,train
8242,1,test
8243,0,test
8244,1,test
8245,1,train
8246,1,train
8247,1,calib
8248,1,train
8249,0,train
8250,1,test
8251,0,calib
8252,0,train
8253,1,train
8254,1,train
8255,0,train
8256,0,calib
8257,1,train
8258,0,train
8259,1,test
8260,1,test
8261,1,train
8262,0,test
8263,0,train
8264,1,train
8265,1,calib
8266,0,train
8267,0,test
8268,0,calib
8269,1,train
8270,0,train
8271,1,calib
8272,1,test
8273,1,train
8274,1,train
8275,1,train
8276,1,test
8277,1,train
8278,0,calib
8279,0,test
8280,1,calib
8281,1,train
8282,1,calib
8283,0,test
8284,1,train
8285,1,calib
8286,1,calib
8287,1,train
8288,1,train
8289,1,train
8290,0,calib
8291,1,train
8292,1,train
8293,1,train
8294,1,train
8295,1,calib
8296,1,test
8297,1,train
8298,1,train
8299,1,train
8300,1,train
8301,0,calib
8302,1,train
8303,1,test
8304,1,test
8305,1,train
8306,1,train
8307,1,train
8308,1,test
8309,1,train
8310,1,train
8311,1,train
8312,1,train
8313,1,train
8314,1,train
8315,1,train
8316,1,test
8317,1,calib
8318,1,calib
8319,1,train
8320,1,train
8321,1,train
8322,1,train
8323,1,train
8324,1,train
8325,0,train
8326,1,train
8327,0,train
8328,1,calib
8329,1,train
8330,1,train
8331,1,train
8332,1,test
8333,0,train
8334,1,train
8335,1,train
8336,1,test
8337,1,train
8338,1,train
8339,0,train
8340,0,calib
8341,1,train
8342,1,calib
8343,1,calib
8344,1,train
8345,1,train
8346,1,train
8347,1,calib
8348,0,test
8349,1,train
8350,1,train
8351,0,train
8352,1,test
8353,1,test
8354,1,train
8355,1,test
8356,1,train
8357,1,calib
8358,1,test
8359,0,train
8360,0,train
8361,0,test
8362,1,test
8363,0,train
8364,1,train
8365,1,train
8366,0,calib
8367,0,test
8368,1,train
8369,1,train
8370,0,train
8371,1,train
8372,1,test
8373,0,train
8374,1,test
8375,1,train
8376,1,train
8377,0,train
8378,1,train
8379,1,train
8380,1,calib
8381,1,train
8382,1,calib
8383,1,calib
8384,1,train
8385,1,train
8386,1,train
8387,1,test
8388,1,train
8389,1,train
8390,1,calib
8391,1,test
8392,0,train
8393,0,calib
8394,0,train
8395,1,test
8396,1,calib
8397,0,calib
8398,1,train
8399,1,test
8400,0,test
8401,0,test
8402,0,train
8403,1,train
8404,1,test
8405,1,train
8406,1,train
8407,1,train
8408,1,test
8409,0,calib
8410,1,train
8411,1,calib
8412,1,train
8413,0,test
8414,1,calib
8415,1,train
8416,1,test
8417,1,train
8418,1,test
8419,1,train
8420,1,train
8421,1,train
8422,1,test
8423,1,calib
8424,1,train
8425,1,train
8426,1,test
8427,1,test
8428,1,train
8429,1,calib
8430,1,train
8431,1,calib
8432,1,calib
8433,1,calib
8434,1,train
8435,1,train
8436,1,test
8437,0,train
8438,1,train
8439,1,train
8440,1,train
8441,1,train
8442,0,train
8443,1,train
8444,1,calib
8445,1,test
8446,1,train
8447,1,train
8448,0,test
8449,1,train
8450,1,train
8451,1,train
8452,1,test
8453,1,train
8454,0,train
8455,1,test
8456,1,train
8457,1,train
8458,0,train
8459,1,train
8460,1,test
8461,1,calib
8462,1,test
8463,0,calib
8464,1,train
8465,1,calib
8466,1,train
8467,0,train
8468,0,calib
8469,1,train
8470,1,train
8471,0,train
8472,1,calib
8473,1,train
8474,1,train
8475,1,train
8476,0,test
8477,1,train
8478,1,train
8479,0,train
8480,0,test
8481,1,train
8482,1,calib
8483,1,train
8484,1,train
8485,1,calib
8486,1,train
8487,1,train
8488,1,train
8489,1,train
8490,0,train
8491,1,test
8492,1,train
8493,1,train
8494,1,train
8495,1,test
8496,1,test
8497,0,calib
8498,1,test
8499,1,train
8500,0,test
8501,1,calib
8502,1,test
8503,1,train
8504,1,test
8505,0,train
8506,0,calib
8507,1,train
8508,1,train
8509,1,train
8510,0,train
8511,1,train
8512,1,calib
8513,1,train
8514,1,calib
8515,1,train
8516,1,train
8517,1,train
8518,1,train
8519,1,train
8520,1,train
8521,1,train
8522,1,train
8523,1,train
8524,0,train
8525,0,train
8526,1,test
8527,1,train
8528,1,train
8529,0,calib
8530,1,train
8531,1,train
8532,1,calib
8533,1,test
8534,1,calib
8535,1,train
8536,1,train
8537,1,train
8538,0,test
8539,1,train
8540,0,train
8541,0,train
8542,1,calib
8543,1,train
8544,1,train
8545,1,calib
8546,1,test
8547,1,train
8548,1,calib
8549,1,train
8550,0,train
8551,1,test
8552,1,test
8553,1,test
8554,0,train
8555,1,calib
8556,1,calib
8557,1,train
8558,1,calib
8559,1,calib
8560,1,train
8561,0,train
8562,1,test
8563,1,train
8564,1,test
8565,1,train
8566,0,train
8567,1,calib
8568,1,calib
8569,1,train
8570,1,test
8571,1,test
8572,1,train
8573,0,calib
8574,1,train
8575,1,test
8576,1,train
8577,0,train
8578,1,test
8579,1,calib
8580,1,test
8581,0,test
8582,1,train
8583,1,train
8584,0,train
8585,1,test
8586,1,train
8587,1,train
8588,1,test
8589,1,calib
8590,1,train
8591,1,train
8592,1,train
8593,1,train
8594,0,train
8595,1,test
8596,1,calib
8597,1,train
8598,1,train
8599,1,train
8600,1,train
8601,1,test
8602,1,test
8603,1,train
8604,0,train
8605,1,train
8606,1,test
8607,1,train
8608,1,train
8609,1,train
8610,0,calib
8611,1,train
8612,1,train
8613,0,train
8614,0,test
8615,1,train
8616,1,train
8617,0,calib
8618,0,calib
8619,1,train
8620,1,train
8621,1,train
8622,1,train
8623,1,train
8624,1,train
8625,1,train
8626,1,train
8627,1,calib
8628,0,train
8629,1,train
8630,1,train
8631,1,calib
8632,0,train
8633,0,test
8634,0,train
8635,1,test
8636,1,calib
8637,1,train
8638,1,train
8639,1,calib
8640,1,train
8641,1,train
8642,1,train
8643,0,test
8644,1,train
8645,1,train
8646,0,train
8647,1,train
8648,1,train
8649,1,train
8650,1,test
8651,1,test
8652,1,train
8653,0,train
8654,1,test
8655,1,train
8656,0,calib
8657,1,train
8658,1,train
8659,1,test
8660,1,train
8661,1,train
8662,1,train
8663,1,train
8664,1,test
8665,0,train
8666,0,train
8667,0,test
8668,0,train
8669,0,train
8670,1,train
8671,1,test
8672,1,train
8673,1,test
8674,0,test
8675,1,train
8676,1,calib
8677,1,train
8678,1,train
8679,1,train
8680,1,test
8681,1,train
8682,0,train
8683,1,calib
8684,1,train
8685,1,train
8686,0,calib
8687,1,test
8688,0,calib
8689,1,calib
8690,1,calib
8691,0,train
8692,1,train
8693,1,test
8694,0,train
8695,1,train
8696,0,train
8697,1,train
8698,0,train
8699,0,train
8700,1,train
8701,1,train
8702,1,train
8703,1,calib
8704,1,train
8705,1,train
8706,1,train
8707,1,test
8708,1,train
8709,1,test
8710,0,train
8711,1,train
8712,1,calib
8713,1,train
8714,1,train
8715,1,train
8716,1,train
8717,1,train
8718,1,train
8719,1,train
8720,1,test
8721,0,test
8722,0,calib
8723,1,test
8724,1,calib
8725,0,train
8726,1,test
8727,1,train
8728,1,calib
8729,0,train
8730,1,train
8731,1,calib
8732,1,test
8733,1,train
8734,1,train
8735,1,train
8736,1,train
8737,0,train
8738,1,calib
8739,1,train
8740,0,calib
8741,0,train
8742,0,train
8743,1,train
8744,1,train
8745,1,train
8746,0,train
8747,1,calib
8748,1,test
8749,1,train
8750,1,train
8751,0,calib
8752,1,train
8753,1,train
8754,1,train
8755,0,train
8756,1,train
8757,1,train
8758,0,calib
8759,1,train
8760,0,train
8761,0,train
8762,1,calib
8763,1,test
8764,1,train
8765,1,train
8766,1,train
8767,1,calib
8768,0,train
8769,1,calib
8770,1,train
8771,1,train
8772,1,test
8773,0,train
8774,0,test
8775,1,train
8776,1,calib
8777,1,calib
8778,0,test
8779,1,test
8780,1,train
8781,0,train
8782,1,test
8783,1,train
8784,1,test
8785,1,train
8786,1,test
8787,1,calib
8788,1,calib
8789,1,test
8790,0,train
8791,0,train
8792,0,calib
8793,1,calib
8794,1,train
8795,0,calib
8796,0,train
8797,1,train
8798,1,test
8799,1,test
8800,0,train
8801,0,calib
8802,1,test
8803,1,train
8804,1,train
8805,1,train
8806,0,train
8807,1,train
8808,1,train
8809,0,train
8810,1,train
8811,1,train
8812,1,train
8813,1,calib
8814,0,calib
8815,1,train
8816,0,test
8817,1,train
8818,1,train
8819,1,calib
8820,1,test
8821,1,train
8822,1,train
8823,1,calib
8824,0,test
8825,0,train
8826,0,train
8827,0,train
8828,1,calib
8829,0,train
8830,0,test
8831,1,train
8832,1,test
8833,0,train
8834,1,calib
8835,1,train
8836,0,test
8837,1,train
8838,1,calib
8839,1,train
8840,1,train
8841,1,calib
8842,1,train
8843,1,calib
8844,1,train
8845,1,train
8846,1,train
8847,1,train
8848,1,train
8849,1,train
8850,1,calib
8851,1,train
8852,1,train
8853,1,calib
8854,0,train
8855,1,train
8856,0,train
8857,0,train
8858,1,test
8859,1,train
8860,1,test
8861,1,calib
8862,0,test
8863,1,train
8864,0,calib
8865,1,train
8866,1,calib
8867,1,calib
8868,1,train
8869,0,train
8870,1,calib
8871,1,calib
8872,0,train
8873,1,train
8874,0,train
8875,1,train
8876,1,train
8877,1,train
8878,1,calib
8879,0,train
8880,0,train
8881,1,train
8882,1,train
8883,0,test
8884,1,calib
8885,0,train
8886,1,test
8887,1,train
8888,1,calib
8889,1,train
8890,1,train
8891,1,train
8892,1,train
8893,1,train
8894,1,train
8895,1,train
8896,1,train
8897,0,train
8898,1,test
8899,1,train
8900,1,calib
8901,1,test
8902,1,test
8903,0,test
8904,1,train
8905,1,train
8906,1,calib
8907,1,train
8908,1,train
8909,0,calib
8910,0,train
8911,1,calib
8912,0,train
8913,1,test
8914,0,calib
8915,1,train
8916,1,train
8917,1,calib
8918,0,train
8919,0,train
8920,1,calib
8921,1,train
8922,1,calib
8923,1,train
8924,1,calib
8925,1,train
8926,1,train
8927,0,train
8928,0,train
8929,1,calib
8930,1,train
8931,1,train
8932,1,train
8933,1,calib
8934,1,calib
8935,1,test
8936,0,calib
8937,1,test
8938,1,train
8939,0,calib
8940,1,test
8941,1,train
8942,1,train
8943,1,calib
8944,1,test
8945,1,calib
8946,1,train
8947,1,train
8948,1,test
8949,1,test
8950,1,train
8951,1,test
8952,0,train
8953,1,train
8954,0,train
8955,0,train
8956,1,train
8957,1,train
8958,1,train
8959,1,train
8960,1,train
8961,1,train
8962,0,train
8963,1,train
8964,1,train
8965,1,calib
8966,0,calib
8967,0,calib
8968,1,test
8969,1,train
8970,1,calib
8971,1,train
8972,0,train
8973,0,calib
8974,1,calib
8975,0,train
8976,1,train
8977,0,train
8978,1,train
8979,0,train
8980,1,train
8981,0,calib
8982,0,train
8983,1,train
8984,1,train
8985,1,train
8986,1,train
8987,1,calib
8988,0,train
8989,0,calib
8990,1,calib
8991,1,test
8992,1,test
8993,1,train
8994,0,train
8995,1,calib
8996,1,train
8997,1,train
8998,1,train
8999,1,train
9000,1,train
9001,1,train
9002,1,calib
9003,1,test
9004,0,train
9005,0,calib
9006,1,test
9007,1,train
9008,0,train
9009,1,test
9010,1,train
9011,1,calib
9012,1,train
9013,0,train
9014,0,train
9015,1,calib
9016,0,test
9017,0,train
9018,1,train
9019,1,train
9020,1,train
9021,0,train
9022,0,test
9023,0,train
9024,0,train
9025,1,calib
9026,0,train
9027,1,train
9028,1,train
9029,0,train
9030,1,train
9031,0,calib
9032,1,test
9033,0,train
9034,1,train
9035,1,test
9036,1,train
9037,1,train
9038,0,test
9039,1,calib
9040,1,calib
9041,0,train
9042,1,test
9043,1,train
9044,1,calib
9045,1,train
9046,1,train
9047,1,train
9048,1,calib
9049,1,test
9050,0,train
9051,1,test
9052,1,test
9053,1,train
9054,1,calib
9055,1,train
9056,1,train
9057,1,train
9058,1,train
9059,0,train
9060,0,train
9061,1,train
9062,0,train
9063,0,train
9064,1,calib
9065,1,train
9066,0,calib
9067,1,test
9068,1,test
9069,1,train
9070,0,calib
9071,1,train
9072,0,train
9073,1,train
9074,1,test
9075,1,train
9076,1,train
9077,1,train
9078,1,calib
9079,0,calib
9080,1,train
9081,1,train
9082,1,train
9083,1,train
9084,0,train
9085,1,train
9086,1,train
9087,1,calib
9088,1,train
9089,1,train
9090,1,train
9091,0,test
9092,1,train
9093,0,train
9094,1,train
9095,1,train
9096,1,calib
9097,1,train
9098,1,train
9099,1,train
9100,1,calib
9101,0,calib
9102,1,train
9103,1,test
9104,1,calib
9105,0,calib
9106,1,test
9107,1,train
9108,0,train
9109,1,calib
9110,1,train
9111,1,train
9112,1,train
9113,0,train
9114,1,train
9115,1,train
9116,1,train
9117,1,train
9118,1,calib
9119,1,train
9120,1,train
9121,1,train
9122,1,train
9123,0,train
9124,1,test
9125,1,train
9126,0,train
9127,1,train
9128,1,calib
9129,0,calib
9130,0,calib
9131,0,train
9132,1,test
9133,1,train
9134,0,calib
9135,1,calib
9136,1,test
9137,1,train
9138,1,calib
9139,1,test
9140,0,calib
9141,1,train
9142,0,train
9143,1,calib
9144,1,train
9145,0,train
9146,0,calib
9147,1,train
9148,1,train
9149,1,calib
9150,0,train
9151,1,train
9152,1,train
9153,1,train
9154,1,train
9155,1,train
9156,1,train
9157,1,train
9158,1,train
9159,1,calib
9160,1,train
9161,1,test
9162,1,test
9163,1,train
9164,1,train
9165,0,test
9166,0,calib
9167,1,train
9168,0,train
9169,1,train
9170,1,test
9171,1,train
9172,1,train
9173,0,train
9174,1,train
9175,1,train
9176,1,calib
9177,0,train
9178,1,test
9179,0,train
9180,0,train
9181,1,calib
9182,0,calib
9183,1,train
9184,0,test
9185,1,test
9186,1,train
9187,0,test
9188,1,test
9189,1,test
9190,0,test
9191,1,calib
9192,1,train
9193,1,train
9194,0,train
9195,1,test
9196,1,train
9197,0,train
9198,0,calib
9199,0,train
9200,0,train
9201,1,test
9202,1,train
9203,1,train
9204,0,train
9205,0,train
9206,1,test
9207,1,calib
9208,1,test
9209,1,calib
9210,0,train
9211,0,test
9212,1,calib
9213,0,calib
9214,1,test
9215,1,calib
9216,1,train
9217,0,train
9218,0,calib
9219,1,train
9220,1,test
9221,1,train
9222,1,train
9223,1,train
9224,1,train
9225,1,train
9226,1,train
9227,0,train
9228,0,train
9229,1,train
9230,1,train
9231,1,train
9232,0,calib
9233,1,train
9234,1,calib
9235,0,test
9236,1,test
9237,0,train
9238,1,train
9239,1,train
9240,1,train
9241,0,train
9242,0,test
9243,1,train
9244,0,test
9245,0,train
9246,1,train
9247,0,calib
9248,1,test
9249,1,train
9250,1,train
9251,1,test
9252,1,train
9253,1,train
9254,0,train
9255,1,train
9256,1,test
9257,1,calib
9258,1,train
9259,1,train
9260,1,calib
9261,1,train
9262,1,train
9263,1,test
9264,1,train
9265,0,train
9266,1,calib
9267,1,train
9268,0,train
9269,0,test
9270,1,train
9271,1,train
9272,1,train
9273,0,train
9274,0,train
9275,1,train
9276,1,calib
9277,1,train
9278,1,train
9279,0,train
9280,1,train
9281,1,train
9282,1,train
9283,1,train
9284,1,train
9285,1,train
9286,1,train
9287,1,calib
9288,1,test
9289,1,train
9290,1,train
9291,1,train
9292,1,train
9293,1,train
9294,1,train
9295,1,train
9296,1,calib
9297,1,train
9298,1,test
9299,1,train
9300,1,test
9301,1,calib
9302,1,calib
9303,1,test
9304,1,train
9305,1,calib
9306,0,train
9307,1,train
9308,1,train
9309,1,calib
9310,0,train
9311,1,calib
9312,0,train
9313,1,train
9314,1,train
9315,1,test
9316,1,train
9317,1,test
9318,1,train
9319,1,test
9320,1,train
9321,0,train
9322,1,train
9323,1,test
9324,0,calib
9325,1,test
9326,1,test
9327,1,train
9328,1,train
9329,0,train
9330,1,train
9331,0,train
9332,1,test
9333,1,calib
9334,1,calib
9335,1,calib
9336,1,train
9337,1,calib
9338,1,train
9339,1,train
9340,1,calib
9341,1,train
9342,0,test
9343,1,train
9344,1,test
9345,0,train
9346,1,train
9347,0,test
9348,0,train
9349,1,train
9350,1,train
9351,1,train
9352,0,calib
9353,1,train
9354,1,calib
9355,1,calib
9356,1,train
9357,1,train
9358,1,test
9359,1,train
9360,1,test
9361,1,train
9362,1,train
9363,1,train
9364,0,train
9365,1,calib
9366,1,train
9367,1,test
9368,1,train
9369,1,test
9370,1,train
9371,1,train
9372,0,test
9373,1,train
9374,1,test
9375,1,train
9376,1,test
9377,1,test
9378,0,train
9379,1,train
9380,1,train
9381,1,train
9382,1,test
9383,1,train
9384,1,train
9385,1,train
9386,0,train
9387,1,calib
9388,1,train
9389,1,calib
9390,1,train
9391,1,train
9392,0,train
9393,0,train
9394,1,train
9395,1,train
9396,1,test
9397,1,train
9398,1,train
9399,0,train
9400,1,train
9401,1,train
9402,1,train
9403,1,calib
9404,1,train
9405,1,train
9406,1,train
9407,1,train
9408,1,calib
9409,1,train
9410,1,train
9411,1,train
9412,1,train
9413,1,train
9414,1,calib
9415,1,test
9416,0,train
9417,1,test
9418,0,test
9419,1,calib
9420,1,train
9421,1,test
9422,0,train
9423,1,train
9424,1,train
9425,0,train
9426,1,train
9427,1,train
9428,1,test
9429,1,calib
9430,1,train
9431,1,train
9432,1,calib
9433,1,test
9434,1,train
9435,1,train
9436,1,test
9437,1,train
9438,1,train
9439,0,calib
9440,1,test
9441,1,train
9442,1,train
9443,1,calib
9444,1,train
9445,1,calib
9446,1,train
9447,1,test
9448,1,train
9449,0,test
9450,1,train
9451,1,calib
9452,1,test
9453,0,test
9454,0,test
9455,1,train
9456,1,calib
9457,1,test
9458,1,train
9459,1,calib
9460,1,test
9461,1,train
9462,1,train
9463,1,train
9464,1,train
9465,0,train
9466,1,test
9467,1,calib
9468,0,train
9469,0,train
9470,1,test
9471,1,train
9472,1,train
9473,1,train
9474,1,train
9475,1,train
9476,1,train
9477,1,calib
9478,1,test
9479,1,train
9480,1,train
9481,1,train
9482,1,train
9483,1,train
9484,1,test
9485,1,test
9486,1,train
9487,1,calib
9488,1,train
9489,1,train
9490,1,train
9491,0,calib
9492,1,train
9493,0,train
9494,1,calib
9495,1,train
9496,1,test
9497,1,train
9498,1,calib
9499,1,train
9500,0,train
9501,1,test
9502,0,train
9503,0,test
9504,1,calib
9505,1,train
9506,0,train
9507,1,train
9508,1,train
9509,1,calib
9510,1,train
9511,1,calib
9512,1,train
9513,1,train
9514,1,train
9515,1,calib
9516,0,train
9517,1,train
9518,1,calib
9519,1,calib
9520,1,test
9521,0,calib
9522,1,train
9523,0,train
9524,1,train
9525,1,test
9526,1,train
9527,1,train
9528,1,test
9529,0,train
9530,1,train
9531,1,train
9532,1,test
9533,1,train
9534,1,train
9535,1,train
9536,1,test
9537,1,train
9538,1,train
9539,1,train
9540,1,test
9541,1,train
9542,1,train
9543,1,calib
9544,1,train
9545,1,train
9546,1,train
9547,0,train
9548,1,train
9549,1,train
9550,1,train
9551,1,train
9552,1,train
9553,1,test
9554,1,calib
9555,1,test
9556,1,train
9557,1,train
9558,0,train
9559,0,calib
9560,1,train
9561,0,test
9562,1,train
9563,1,calib
9564,1,train
9565,1,train
9566,1,train
9567,0,train
9568,1,train
9569,1,calib
9570,1,train
9571,1,train
9572,1,train
9573,1,calib
9574,1,train
9575,1,train
9576,1,test
9577,1,test
9578,1,test
9579,1,train
9580,1,train
9581,1,calib
9582,0,test
9583,1,calib
9584,1,train
9585,1,calib
9586,1,calib
9587,1,train
9588,0,calib
9589,0,train
9590,1,train
9591,1,test
9592,1,train
9593,1,train
9594,1,calib
9595,1,train
9596,1,train
9597,1,calib
9598,1,calib
9599,0,calib
9600,1,calib
9601,1,test
9602,1,train
9603,1,train
9604,1,train
9605,0,train
9606,1,test
9607,1,train
9608,1,train
9609,1,test
9610,0,train
9611,1,train
9612,1,train
9613,0,train
9614,1,train
9615,1,train
9616,1,calib
9617,1,test
9618,1,test
9619,1,train
9620,0,train
9621,1,test
9622,1,train
9623,1,test
9624,1,calib
9625,1,train
9626,1,train
9627,1,test
9628,1,train
9629,0,train
9630,1,test
9631,1,train
9632,0,calib
9633,1,train
9634,1,test
9635,1,calib
9636,1,train
9637,1,train
9638,1,train
9639,0,calib
9640,1,train
9641,1,train
9642,1,train
9643,1,train
9644,1,train
9645,1,test
9646,1,train
9647,1,train
9648,0,train
9649,0,train
9650,1,test
9651,1,train
9652,0,calib
9653,1,train
9654,1,test
9655,1,test
9656,1,calib
9657,1,train
9658,1,test
9659,1,calib
9660,0,calib
9661,1,train
9662,1,train
9663,0,test
9664,1,test
9665,1,test
9666,1,calib
9667,1,train
9668,1,train
9669,1,train
9670,1,train
9671,1,calib
9672,0,calib
9673,0,train
9674,1,train
9675,1,calib
9676,0,train
9677,1,train
9678,1,train
9679,1,calib
9680,1,train
9681,1,train
9682,1,train
9683,0,calib
9684,1,train
9685,1,test
9686,0,calib
9687,1,test
9688,0,train
9689,1,train
9690,0,train
9691,1,train
9692,1,test
9693,1,train
9694,1,calib
9695,1,train
9696,1,test
9697,1,calib
9698,1,train
9699,1,calib
9700,1,train
9701,1,calib
9702,1,train
9703,1,train
9704,1,train
9705,1,test
9706,1,calib
9707,1,train
9708,1,train
9709,1,train
9710,1,train
9711,1,test
9712,1,train
9713,0,train
9714,1,train
9715,0,calib
9716,1,train
9717,1,test
9718,0,train
9719,1,train
9720,1,test
9721,1,calib
9722,1,calib
9723,0,train
9724,1,test
9725,1,calib
9726,1,test
9727,1,train
9728,1,test
9729,1,test
9730,0,train
9731,0,train
9732,1,calib
9733,1,test
9734,0,test
9735,1,test
9736,0,test
9737,1,train
9738,1,train
9739,1,train
9740,1,train
9741,0,test
9742,1,calib
9743,1,calib
9744,1,train
9745,1,train
9746,1,test
9747,1,test
9748,1,test
9749,1,train
9750,1,calib
9751,0,test
9752,0,test
9753,0,train
9754,1,calib
9755,1,train
9756,1,train
9757,1,train
9758,1,train
9759,1,calib
9760,0,train
9761,0,train
9762,1,train
9763,1,train
9764,0,test
9765,1,train
9766,0,train
9767,1,test
9768,1,train
9769,0,train
9770,1,calib
9771,1,train
9772,1,calib
9773,1,train
9774,0,test
9775,1,train
9776,1,test
9777,0,calib
9778,1,train
9779,1,calib
9780,0,train
9781,1,train
9782,1,train
9783,1,train
9784,1,train
9785,0,train
9786,1,train
9787,1,train
9788,1,train
9789,1,train
9790,1,test
9791,1,train
9792,1,train
9793,1,train
9794,0,train
9795,1,train
9796,1,test
9797,1,train
9798,0,train
9799,0,train
9800,1,train
9801,0,test
9802,1,test
9803,1,calib
9804,1,train
9805,1,train
9806,1,train
9807,1,calib
9808,1,test
9809,1,train
9810,1,calib
9811,1,train
9812,0,train
9813,1,train
9814,0,calib
9815,1,test
9816,1,train
9817,0,train
9818,1,train
9819,0,test
9820,0,train
9821,1,train
9822,0,train
9823,1,calib
9824,0,train
9825,1,test
9826,0,train
9827,0,test
9828,0,train
9829,1,train
9830,1,train
9831,1,train
9832,1,calib
9833,1,train
9834,1,train
9835,1,train
9836,1,test
9837,0,calib
9838,1,calib
9839,1,train
9840,1,train
9841,1,train
9842,0,train
9843,1,calib
9844,1,train
9845,1,train
9846,1,train
9847,0,train
9848,1,train
9849,1,train
9850,1,train
9851,1,train
9852,0,test
9853,1,calib
9854,1,test
9855,0,train
9856,1,train
9857,0,train
9858,1,train
9859,1,calib
9860,1,train
9861,1,train
9862,1,calib
9863,1,train
9864,1,test
9865,0,calib
9866,0,train
9867,0,calib
9868,0,test
9869,1,train
9870,1,calib
9871,0,train
9872,1,train
9873,0,test
9874,0,test
9875,1,calib
9876,1,train
9877,0,test
9878,1,train
9879,1,train
9880,1,test
9881,1,train
9882,1,train
9883,1,test
9884,0,train
9885,1,train
9886,1,test
9887,1,calib
9888,1,calib
9889,1,test
9890,0,train
9891,1,test
9892,1,train
9893,1,test
9894,0,train
9895,1,train
9896,1,test
9897,1,train
9898,1,train
9899,1,train
9900,0,train
9901,1,train
9902,1,calib
9903,0,calib
9904,1,calib
9905,0,train
9906,0,calib
9907,1,train
9908,0,train
9909,1,train
9910,1,test
9911,1,calib
9912,1,calib
9913,1,calib
9914,1,calib
9915,1,calib
9916,0,train
9917,1,calib
9918,1,train
9919,1,test
9920,0,train
9921,0,train
9922,1,test
9923,1,calib
9924,0,calib
9925,1,test
9926,1,train
9927,1,train
9928,1,train
9929,1,test
9930,0,train
9931,1,train
9932,1,calib
9933,1,train
9934,1,train
9935,1,train
9936,1,train
9937,1,train
9938,1,train
9939,0,train
9940,1,train
9941,0,test
9942,1,test
9943,1,train
9944,1,train
9945,0,train
9946,0,calib
9947,1,train
9948,1,train
9949,1,train
9950,1,train
9951,1,train
9952,1,test
9953,1,train
9954,0,train
9955,0,test
9956,1,test
9957,1,train
9958,1,train
9959,0,train
9960,1,train
9961,1,test
9962,0,calib
9963,1,train
9964,1,train
9965,1,test
9966,0,train
9967,1,train
9968,1,train
9969,1,calib
9970,1,test
9971,1,train
9972,0,train
9973,1,train
9974,1,train
9975,1,train
9976,1,test
9977,1,train
9978,1,test
9979,1,calib
9980,1,train
9981,1,test
9982,1,train
9983,1,train
9984,1,train
9985,1,train
9986,1,train
9987,1,train
9988,1,test
9989,1,train
9990,1,calib
9991,1,train
9992,1,train
9993,1,train
9994,1,train
9995,0,train
9996,1,test
9997,1,calib
9998,1,test
9999,1,test
10000,1,train
10001,1,calib
10002,0,train
10003,0,calib
10004,1,train
10005,1,train
10006,1,train
10007,1,train
10008,1,train
10009,0,train
10010,0,test
10011,1,train
10012,1,calib
10013,1,calib
10014,1,calib
10015,1,calib
10016,1,calib
10017,1,train
10018,1,train
10019,1,calib
10020,1,train
10021,1,train
10022,1,train
10023,1,train
10024,1,train
10025,1,train
10026,1,train
10027,1,test
10028,0,calib
10029,1,train
10030,1,train
10031,1,train
10032,1,test
10033,0,test
10034,1,train
10035,1,train
10036,1,calib
10037,1,calib
10038,1,train
10039,1,test
10040,1,test
10041,0,train
10042,0,test
10043,1,train
10044,1,test
10045,1,train
10046,1,train
10047,0,train
10048,1,test
10049,1,calib
10050,1,train
10051,1,calib
10052,1,train
10053,1,train
10054,1,train
10055,1,train
10056,1,test
10057,1,train
10058,1,test
10059,1,test
10060,0,train
10061,0,calib
10062,0,train
10063,0,train
10064,1,train
10065,0,train
10066,1,train
10067,1,train
10068,1,calib
10069,1,train
10070,1,train
10071,1,train
10072,1,train
10073,1,test
10074,1,train
10075,1,train
10076,1,train
10077,1,test
10078,1,test
10079,0,test
10080,1,calib
10081,1,test
10082,0,train
10083,1,train
10084,1,test
10085,1,test
10086,1,calib
10087,1,train
10088,1,train
10089,1,test
10090,1,test
10091,1,train
10092,1,test
10093,1,calib
10094,1,train
10095,1,train
10096,1,calib
10097,1,calib
10098,1,test
10099,0,train
10100,1,train
10101,1,train
10102,0,train
10103,1,calib
10104,0,train
10105,1,train
10106,1,train
10107,1,test
10108,1,train
10109,1,test
10110,1,calib
10111,1,test
10112,1,test
10113,1,train
10114,0,train
10115,1,train
10116,1,train
10117,1,calib
10118,0,train
10119,0,train
10120,1,calib
10121,0,train
10122,0,test
10123,1,train
10124,1,test
10125,1,train
10126,1,train
10127,1,test
10128,1,train
10129,1,train
10130,1,test
10131,1,train
10132,1,calib
10133,1,train
10134,1,train
10135,1,train
10136,0,train
10137,0,test
10138,1,train
10139,1,train
10140,0,train
10141,1,train
10142,1,train
10143,1,train
10144,0,train
10145,0,train
10146,1,test
10147,1,train
10148,1,train
10149,1,train
10150,0,train
10151,1,train
10152,1,calib
10153,1,train
10154,1,train
10155,0,train
10156,1,train
10157,1,train
10158,1,test
10159,0,train
10160,1,train
10161,1,calib
10162,0,calib
10163,1,train
10164,1,test
10165,1,train
10166,1,calib
10167,1,train
10168,1,test
10169,1,train
10170,1,train
10171,0,calib
10172,1,calib
10173,0,train
10174,1,train
10175,0,test
10176,1,train
10177,0,train
10178,1,calib
10179,0,test
10180,1,train
10181,1,train
10182,1,test
10183,1,train
10184,1,calib
10185,0,train
10186,0,test
10187,1,train
10188,0,train
10189,0,test
10190,1,train
10191,1,train
10192,0,calib
10193,1,train
10194,1,train
10195,1,train
10196,1,test
10197,1,train
10198,0,train
10199,0,test
10200,1,calib
10201,1,train
10202,0,test
10203,0,train
10204,1,calib
10205,1,train
10206,1,calib
10207,1,test
10208,0,calib
10209,1,train
10210,1,test
10211,0,calib
10212,0,test
10213,1,calib
10214,1,test
10215,1,calib
10216,1,calib
10217,1,test
10218,0,test
10219,0,calib
10220,1,train
10221,1,train
10222,1,calib
10223,1,train
10224,1,train
10225,1,train
10226,1,calib
10227,1,calib
10228,1,calib
10229,1,test
10230,0,calib
10231,1,train
10232,1,train
10233,1,calib
10234,1,train
10235,1,train
10236,1,train
10237,0,calib
10238,1,train
10239,1,calib
10240,1,calib
10241,0,train
10242,1,train
10243,1,train
10244,1,train
10245,1,train
10246,1,train
10247,1,test
10248,0,train
10249,1,test
10250,1,train
10251,1,train
10252,1,test
10253,1,calib
10254,1,calib
10255,0,train
10256,1,train
10257,1,train
10258,1,calib
10259,1,calib
10260,1,train
10261,1,train
10262,1,train
10263,1,train
10264,0,train
10265,1,test
10266,1,calib
10267,0,train
10268,0,test
10269,0,calib
10270,1,calib
10271,1,test
10272,1,calib
10273,1,test
10274,1,calib
10275,1,test
10276,1,train
10277,1,train
10278,1,train
10279,1,train
10280,1,train
10281,1,train
10282,1,train
10283,1,calib
10284,0,calib
10285,1,train
10286,0,test
10287,1,train
10288,1,calib
10289,1,train
10290,0,train
10291,0,train
10292,1,test
10293,1,train
10294,1,test
10295,1,train
10296,0,train
10297,1,train
10298,1,calib
10299,1,train
10300,1,train
10301,1,train
10302,1,test
10303,1,train
10304,1,train
10305,1,test
10306,1,test
10307,1,test
10308,1,train
10309,0,train
10310,1,train
10311,1,calib
10312,1,train
10313,1,train
10314,1,train
10315,1,test
10316,1,test
10317,0,calib
10318,0,test
10319,0,train
10320,1,train
10321,1,calib
10322,1,train
10323,1,calib
10324,1,train
10325,0,train
10326,1,train
10327,0,train
10328,1,train
10329,1,train
10330,1,test
10331,0,test
10332,1,train
10333,1,test
10334,1,train
10335,1,train
10336,1,calib
10337,1,train
10338,1,train
10339,0,train
10340,1,train
10341,1,train
10342,0,calib
10343,1,train
10344,0,train
10345,1,train
10346,1,test
10347,0,train
10348,1,test
10349,0,train
10350,1,train
10351,1,train
10352,1,test
10353,1,train
10354,1,test
10355,0,train
10356,0,calib
10357,1,train
10358,1,train
10359,1,train
10360,1,train
10361,1,train
10362,0,test
10363,1,train
10364,1,train
10365,0,test
10366,0,test
10367,0,train
10368,0,train
10369,1,train
10370,1,train
10371,1,train
10372,1,train
10373,1,train
10374,1,train
10375,1,train
10376,1,train
10377,1,test
10378,1,calib
10379,0,train
10380,1,calib
10381,1,test
10382,1,train
10383,1,train
10384,1,train
10385,0,calib
10386,1,train
10387,1,train
10388,1,train
10389,0,test
10390,1,train
10391,1,calib
10392,1,test
10393,0,train
10394,1,train
10395,1,calib
10396,1,train
10397,1,test
10398,1,train
10399,1,test
10400,1,train
10401,1,calib
10402,1,calib
10403,1,train
10404,1,calib
10405,1,train
10406,0,calib
10407,1,calib
10408,0,train
10409,0,train
10410,1,calib
10411,1,train
10412,1,train
10413,1,train
10414,1,train
10415,0,train
10416,1,train
10417,1,calib
10418,1,calib
10419,1,train
10420,1,calib
10421,1,train
10422,1,test
10423,1,train
10424,0,test
10425,1,train
10426,1,train
10427,1,train
10428,1,train
10429,0,calib
10430,1,train
10431,0,test
10432,1,train
10433,1,calib
10434,1,calib
10435,1,train
10436,1,train
10437,1,train
10438,0,train
10439,1,calib
10440,1,train
10441,1,train
10442,1,train
10443,1,train
10444,0,train
10445,0,train
10446,0,test
10447,1,train
10448,1,train
10449,1,train
10450,1,calib
10451,1,test
10452,1,calib
10453,0,train
10454,1,train
10455,0,train
10456,1,test
10457,1,train
10458,0,train
10459,0,test
10460,1,train
10461,0,train
10462,1,train
10463,1,train
10464,1,test
10465,0,calib
10466,1,calib
10467,1,calib
10468,1,calib
10469,1,test
10470,1,train
10471,1,train
10472,1,train
10473,1,train
10474,1,calib
10475,1,train
10476,0,train
10477,1,test
10478,1,train
10479,0,test
10480,1,train
10481,1,train
10482,0,test
10483,0,calib
10484,1,test
10485,1,train
10486,1,calib
10487,0,test
10488,1,train
10489,1,test
10490,1,calib
10491,1,train
10492,1,train
10493,0,train
10494,0,test
10495,1,test
10496,0,test
10497,1,calib
10498,1,train
10499,0,calib
10500,1,train
10501,1,calib
10502,0,test
10503,1,train
10504,1,test
10505,1,train
10506,1,test
10507,1,calib
10508,0,train
10509,1,test
10510,0,calib
10511,1,test
10512,0,calib
10513,1,test
10514,1,train
10515,1,calib
10516,1,train
10517,1,train
10518,1,train
10519,1,train
10520,1,test
10521,1,test
10522,1,train
10523,1,calib
10524,0,test
10525,1,train
10526,1,calib
10527,1,train
10528,0,test
10529,0,train
10530,1,calib
10531,1,train
10532,1,calib
10533,0,calib
10534,0,train
10535,0,train
10536,1,calib
10537,1,test
10538,1,train
10539,1,test
10540,0,train
10541,1,train
10542,1,train
10543,0,train
10544,1,test
10545,0,train
10546,1,train
10547,1,calib
10548,1,test
10549,1,train
10550,0,train
10551,1,train
10552,1,train
10553,1,calib
10554,1,train
10555,1,train
10556,1,train
10557,0,train
10558,1,test
10559,1,calib
10560,1,train
10561,1,test
10562,1,train
10563,1,train
10564,1,train
10565,1,train
10566,0,calib
10567,0,calib
10568,1,train
10569,1,train
10570,1,train
10571,1,train
10572,1,calib
10573,1,train
10574,1,train
10575,1,train
10576,0,train
10577,1,test
10578,1,calib
10579,0,train
10580,0,train
10581,1,train
10582,0,test
10583,0,calib
10584,1,calib
10585,1,calib
10586,1,calib
10587,1,train
10588,1,test
10589,0,train
10590,0,train
10591,1,train
10592,1,test
10593,1,train
10594,0,calib
10595,1,train
10596,1,train
10597,1,train
10598,1,test
10599,1,train
10600,1,train
10601,1,calib
10602,1,train
10603,1,train
10604,1,test
10605,1,calib
10606,1,test
10607,1,train
10608,1,calib
10609,0,test
10610,1,train
10611,1,train
10612,1,test
10613,0,train
10614,1,train
10615,1,train
10616,0,calib
10617,1,calib
10618,0,test
10619,1,test
10620,1,train
10621,0,train
10622,1,train
10623,1,train
10624,0,train
10625,0,train
10626,0,train
10627,0,train
10628,1,calib
10629,1,test
10630,1,train
10631,1,train
10632,1,train
10633,0,test
10634,1,train
10635,1,train
10636,1,test
10637,0,test
10638,1,train
10639,1,train
10640,1,train
10641,1,train
10642,1,train
10643,1,train
10644,1,train
10645,1,train
10646,1,test
10647,0,train
10648,1,calib
10649,1,train
10650,1,calib
10651,1,test
10652,1,test
10653,1,train
10654,1,train
10655,1,test
10656,1,train
10657,0,test
10658,0,calib
10659,1,calib
10660,1,train
10661,0,train
10662,1,calib
10663,1,train
10664,1,train
10665,1,test
10666,1,train
10667,0,calib
10668,1,test
10669,1,test
10670,1,test
10671,1,test
10672,1,train
10673,0,train
10674,1,calib
10675,1,calib
10676,1,train
10677,1,train
10678,1,test
10679,1,train
10680,1,calib
10681,1,test
10682,1,train
10683,1,train
10684,1,train
10685,1,train
10686,1,test
10687,1,train
10688,1,test
10689,1,test
10690,1,train
10691,0,calib
10692,0,test
10693,0,train
10694,1,calib
10695,1,train
10696,1,test
10697,1,train
10698,1,train
10699,1,test
10700,0,test
10701,1,train
10702,1,train
10703,1,train
10704,1,train
10705,1,train
10706,1,calib
10707,1,calib
10708,0,train
10709,0,test
10710,1,train
10711,1,calib
10712,1,test
10713,1,test
10714,1,train
10715,1,train
10716,0,calib
10717,1,train
10718,1,train
10719,0,test
10720,1,calib
10721,0,train
10722,1,test
10723,1,train
10724,1,calib
10725,0,calib
10726,1,train
10727,0,train
10728,1,train
10729,0,train
10730,1,calib
10731,1,train
10732,1,train
10733,0,train
10734,1,train
10735,1,calib
10736,0,calib
10737,0,train
10738,1,test
10739,1,train
10740,0,train
10741,1,train
10742,1,train
10743,1,test
10744,1,calib
10745,1,test
10746,1,train
10747,1,test
10748,1,test
10749,1,train
10750,1,train
10751,1,train
10752,0,train
10753,1,test
10754,0,calib
10755,1,test
10756,1,train
10757,0,train
10758,1,train
10759,0,train
10760,1,train
10761,1,test
10762,1,train
10763,1,test
10764,1,train
10765,1,train
10766,1,train
10767,0,train
10768,0,train
10769,0,train
10770,1,train
10771,0,train
10772,1,test
10773,1,calib
10774,1,train
10775,1,test
10776,0,test
10777,1,train
10778,1,train
10779,1,train
10780,1,test
10781,1,train
10782,1,test
10783,1,train
10784,1,calib
10785,1,train
10786,0,calib
10787,1,calib
10788,1,train
10789,1,test
10790,0,calib
10791,1,train
10792,0,train
10793,0,calib
10794,1,train
10795,1,train
10796,1,test
10797,1,calib
10798,1,test
10799,0,train
10800,1,test
10801,0,calib
10802,1,calib
10803,1,train
10804,1,train
10805,1,train
10806,1,train
10807,1,train
10808,0,calib
10809,1,test
10810,1,train
10811,0,train
10812,1,calib
10813,0,train
10814,0,train
10815,0,test
10816,1,train
10817,1,train
10818,1,train
10819,1,calib
10820,1,train
10821,1,test
10822,0,calib
10823,1,test
10824,1,train
10825,1,train
10826,1,train
10827,1,test
10828,1,calib
10829,0,train
10830,1,train
10831,0,train
10832,1,train
10833,1,train
10834,0,calib
10835,1,train
10836,1,train
10837,1,train
10838,1,train
10839,1,calib
10840,1,train
10841,1,train
10842,0,train
10843,1,train
10844,1,train
10845,1,train
10846,1,train
10847,1,calib
10848,0,train
10849,0,train
10850,1,calib
10851,1,train
10852,1,test
10853,1,train
10854,1,test
10855,0,train
10856,1,train
10857,1,train
10858,0,test
10859,1,calib
10860,0,test
10861,1,calib
10862,0,test
10863,1,test
10864,1,train
10865,1,train
10866,0,test
10867,1,test
10868,1,train
10869,1,calib
10870,0,train
10871,1,train
10872,1,train
10873,1,train
10874,1,train
10875,1,test
10876,1,test
10877,1,test
10878,1,train
10879,0,calib
10880,1,train
10881,1,test
10882,0,calib
10883,1,train
10884,1,train
10885,1,train
10886,1,test
10887,0,train
10888,1,train
10889,1,train
10890,1,calib
10891,0,calib
10892,1,train
10893,1,train
10894,1,calib
10895,1,train
10896,0,test
10897,1,calib
10898,1,test
10899,1,train
10900,1,train
10901,1,train
10902,1,test
10903,1,test
10904,1,train
10905,1,train
10906,0,train
10907,1,calib
10908,1,test
10909,0,train
10910,0,train
10911,0,train
10912,0,train
10913,0,train
10914,1,test
10915,1,train
10916,1,calib
10917,1,train
10918,1,train
10919,0,train
10920,0,train
10921,1,train
10922,1,train
10923,1,calib
10924,1,train
10925,1,test
10926,1,train
10927,1,test
10928,1,train
10929,1,train
10930,1,calib
10931,1,train
10932,1,train
10933,1,calib
10934,1,train
10935,0,test
10936,1,test
10937,0,train
10938,1,train
10939,1,test
10940,1,train
10941,1,train
10942,1,train
10943,1,test
10944,1,test
10945,0,test
10946,1,train
10947,1,calib
10948,1,test
10949,1,train
10950,1,train
10951,0,test
10952,1,calib
10953,0,calib
10954,1,train
10955,1,train
10956,1,test
10957,1,train
10958,0,train
10959,1,train
10960,0,test
10961,1,train
10962,0,train
10963,1,test
10964,0,test
10965,0,calib
10966,1,train
10967,1,test
10968,1,test
10969,1,train
10970,1,train
10971,1,test
10972,1,train
10973,1,train
10974,1,train
10975,1,train
10976,1,train
10977,1,calib
10978,0,train
10979,1,train
10980,0,train
10981,1,train
10982,1,calib
10983,0,train
10984,1,train
10985,1,train
10986,0,train
10987,1,train
10988,1,calib
10989,0,train
10990,1,calib
10991,1,test
10992,1,train
10993,1,train
10994,0,test
10995,1,calib
10996,1,train
10997,1,train
10998,1,train
10999,0,train
11000,1,test
11001,1,train
11002,1,train
11003,0,train
11004,1,calib
11005,1,test
11006,1,train
11007,0,train
11008,1,train
11009,1,test
11010,0,train
11011,1,train
11012,1,calib
11013,1,calib
11014,1,test
11015,0,train
11016,1,train
11017,0,calib
11018,1,calib
11019,1,train
11020,1,calib
11021,0,train
11022,1,train
11023,0,calib
11024,1,train
11025,0,test
11026,0,test
11027,0,train
11028,1,train
11029,1,train
11030,1,train
11031,1,train
11032,1,calib
11033,0,test
11034,1,train
11035,1,train
11036,1,train
11037,1,train
11038,1,train
11039,0,train
11040,0,train
11041,1,train
11042,1,train
11043,1,test
11044,0,train
11045,1,train
11046,1,train
11047,1,train
11048,1,train
11049,1,test
11050,1,train
11051,1,train
11052,1,train
11053,1,train
11054,1,train
11055,1,train
11056,1,test
11057,1,train
11058,1,calib
11059,1,test
11060,0,train
11061,1,train
11062,1,test
11063,1,test
11064,1,train
11065,1,test
11066,0,test
11067,1,train
11068,1,calib
11069,0,test
11070,0,calib
11071,0,train
11072,1,train
11073,1,calib
11074,0,test
11075,1,test
11076,1,test
11077,0,train
11078,0,test
11079,0,test
11080,0,calib
11081,1,train
11082,0,test
11083,1,train
11084,1,train
11085,1,calib
11086,1,test
11087,1,train
11088,1,calib
11089,0,test
11090,0,train
11091,0,train
11092,0,train
11093,0,calib
11094,1,calib
11095,1,train
11096,1,calib
11097,1,train
11098,0,train
11099,1,test
11100,0,train
11101,1,train
11102,0,calib
11103,0,train
11104,1,train
11105,1,train
11106,1,train
11107,0,test
11108,1,train
11109,1,train
11110,0,train
11111,0,calib
11112,1,train
11113,1,train
11114,1,train
11115,1,train
11116,0,test
11117,1,calib
11118,1,calib
11119,1,test
11120,1,calib
11121,0,test
11122,1,calib
11123,1,train
11124,1,train
11125,1,train
11126,0,test
11127,1,test
11128,0,train
11129,1,calib
11130,1,test
11131,1,train
11132,1,test
11133,1,calib
11134,1,train
11135,1,train
11136,1,train
11137,1,calib
11138,1,calib
11139,1,train
11140,1,train
11141,1,test
11142,1,train
11143,1,calib
11144,1,calib
11145,1,test
11146,0,calib
11147,0,calib
11148,1,test
11149,0,train
11150,1,test
11151,1,calib
11152,0,test
11153,0,train
11154,1,train
11155,0,train
11156,1,train
11157,0,test
11158,1,test
11159,1,train
11160,1,train
11161,1,train
11162,1,calib
11163,1,train
11164,1,calib
11165,1,train
11166,1,train
11167,1,test
11168,0,train
11169,1,calib
11170,0,test
11171,0,train
11172,1,train
11173,1,train
11174,1,calib
11175,1,train
11176,0,train
11177,0,train
11178,0,test
11179,1,calib
11180,1,calib
11181,1,train
11182,1,test
11183,0,test
11184,0,train
11185,0,train
11186,1,test
11187,1,train
11188,1,train
11189,0,calib
11190,1,test
11191,0,calib
11192,0,test
11193,0,train
11194,1,calib
11195,0,train
11196,1,train
11197,1,calib
11198,1,train
11199,1,train
11200,0,train
11201,0,train
11202,1,test
11203,0,test
11204,0,train
11205,0,test
11206,1,train
11207,1,train
11208,1,calib
11209,1,test
11210,1,train
11211,0,train
11212,1,calib
11213,1,test
11214,1,train
11215,0,test
11216,1,train
11217,1,train
11218,1,calib
11219,1,calib
11220,1,train
11221,1,train
11222,1,train
11223,1,train
11224,0,train
11225,1,train
11226,0,train
11227,1,calib
11228,1,train
11229,1,train
11230,0,train
11231,1,train
11232,1,calib
11233,1,train
11234,1,test
11235,1,train
11236,1,train
11237,1,calib
11238,0,train
11239,1,train
11240,0,calib
11241,1,train
11242,1,train
11243,1,calib
11244,1,calib
11245,0,train
11246,0,calib
11247,1,test
11248,1,test
11249,1,train
11250,1,train
11251,1,train
11252,1,calib
11253,1,train
11254,0,train
11255,1,train
11256,1,calib
11257,1,train
11258,1,calib
11259,1,calib
11260,0,train
11261,1,train
11262,1,test
11263,1,test
11264,1,calib
11265,1,test
11266,0,train
11267,1,calib
11268,1,calib
11269,1,test
11270,1,train
11271,1,test
11272,0,train
11273,1,train
11274,1,test
11275,0,train
11276,1,train
11277,1,train
11278,1,train
11279,1,train
11280,1,test
11281,1,train
11282,1,train
11283,1,calib
11284,0,train
11285,1,train
11286,1,train
11287,1,train
11288,1,calib
11289,1,train
11290,0,train
11291,1,calib
11292,0,test
11293,1,calib
11294,1,train
11295,1,train
11296,1,train
11297,1,calib
11298,1,train
11299,1,test
11300,1,train
11301,0,calib
11302,1,train
11303,1,train
11304,1,train
11305,1,train
11306,1,train
11307,1,train
11308,1,train
11309,0,train
11310,1,train
11311,1,train
11312,1,train
11313,1,calib
11314,0,test
11315,1,train
11316,1,train
11317,1,train
11318,1,train
11319,1,train
11320,1,test
11321,1,train
11322,1,calib
11323,1,train
11324,1,train
11325,0,train
11326,1,train
11327,0,train
11328,1,train
11329,0,train
11330,0,calib
11331,1,test
11332,1,train
11333,1,calib
11334,0,train
11335,0,train
11336,1,test
11337,1,calib
11338,1,calib
11339,1,train
11340,1,train
11341,1,calib
11342,1,calib
11343,0,test
11344,1,train
11345,0,test
11346,1,train
11347,1,calib
11348,1,train
11349,1,train
11350,1,train
11351,1,train
11352,0,train
11353,1,train
11354,1,train
11355,1,train
11356,1,train
11357,1,train
11358,1,train
11359,0,train
11360,1,train
11361,1,train
11362,0,train
11363,1,calib
11364,1,test
11365,1,train
11366,1,calib
11367,1,train
11368,1,train
11369,1,test
11370,1,calib
11371,1,test
11372,1,train
11373,0,train
11374,1,train
11375,1,train
11376,1,test
11377,1,train
11378,1,train
11379,1,train
11380,1,train
11381,1,train
11382,1,test
11383,1,train
11384,0,train
11385,1,train
11386,1,calib
11387,1,train
11388,1,test
11389,1,train
11390,1,train
11391,1,train
11392,1,train
11393,1,train
11394,0,train
11395,1,calib
11396,1,train
11397,1,train
11398,0,train
11399,1,train
11400,1,calib
11401,1,train
11402,1,calib
11403,1,test
11404,0,test
11405,1,test
11406,1,train
11407,1,train
11408,0,train
11409,0,train
11410,0,test
11411,1,train
11412,1,calib
11413,1,calib
11414,1,test
11415,1,calib
11416,0,train
11417,1,train
11418,1,calib
11419,0,train
11420,1,train
11421,1,calib
11422,1,train
11423,1,test
11424,1,train
11425,1,train
11426,0,train
11427,1,test
11428,0,train
11429,1,test
11430,1,calib
11431,1,test
11432,1,calib
11433,1,train
11434,0,train
11435,0,train
11436,1,calib
11437,1,train
11438,1,train
11439,1,calib
11440,1,train
11441,1,train
11442,1,train
11443,1,test
11444,1,train
11445,1,test
11446,1,train
11447,1,train
11448,1,test
11449,1,train
11450,0,train
11451,1,train
11452,1,test
11453,0,test
11454,1,test
11455,1,train
11456,0,train
11457,1,train
11458,1,calib
11459,1,calib
11460,1,test
11461,1,train
11462,1,train
11463,1,calib
11464,1,calib
11465,0,train
11466,0,test
11467,0,test
11468,0,test
11469,0,train
11470,0,test
11471,1,test
11472,0,train
11473,1,train
11474,1,train
11475,1,test
11476,1,train
11477,1,calib
11478,1,train
11479,1,calib
11480,1,calib
11481,1,train
11482,1,test
11483,0,test
11484,0,train
11485,0,train
11486,1,train
11487,1,train
11488,1,train
11489,1,test
11490,1,calib
11491,1,test
11492,1,calib
11493,1,test
11494,0,train
11495,1,train
11496,1,train
11497,1,train
11498,1,calib
11499,1,train
11500,1,train
11501,1,train
11502,1,train
11503,1,calib
11504,1,train
11505,1,train
11506,1,calib
11507,1,train
11508,1,calib
11509,1,train
11510,1,train
11511,1,train
11512,1,calib
11513,0,train
11514,0,train
11515,1,calib
11516,1,test
11517,1,calib
11518,1,test
11519,1,calib
11520,1,train
11521,0,train
11522,1,train
11523,1,train
11524,1,calib
11525,0,calib
11526,1,train
11527,1,train
11528,1,train
11529,1,train
11530,0,train
11531,1,calib
11532,1,calib
11533,1,train
11534,1,calib
11535,1,calib
11536,1,test
11537,0,train
11538,0,test
11539,0,train
11540,1,train
11541,0,calib
11542,1,test
11543,1,calib
11544,1,train
11545,0,train
11546,1,calib
11547,1,test
11548,1,train
11549,1,train
11550,1,train
11551,1,train
11552,1,train
11553,1,calib
11554,0,train
11555,0,test
11556,1,train
11557,1,train
11558,1,train
11559,1,train
11560,1,calib
11561,0,calib
11562,0,calib
11563,1,train
11564,1,train
11565,1,calib
11566,1,train
11567,1,calib
11568,1,train
11569,1,calib
11570,1,test
11571,1,train
11572,1,train
11573,1,calib
11574,1,train
11575,1,calib
11576,0,calib
11577,0,train
11578,0,train
11579,1,train
11580,1,train
11581,1,train
11582,0,calib
11583,1,test
11584,0,calib
11585,1,train
11586,1,test
11587,0,train
11588,1,train
11589,1,test
11590,1,train
11591,1,calib
11592,1,train
11593,0,train
11594,1,test
11595,1,train
11596,0,train
11597,0,calib
11598,1,calib
11599,1,test
11600,0,train
11601,1,train
11602,1,train
11603,1,train
11604,0,test
11605,1,train
11606,0,train
11607,1,train
11608,1,test
11609,1,train
11610,0,train
11611,1,train
11612,0,train
11613,0,calib
11614,1,train
11615,0,train
11616,0,train
11617,0,calib
11618,1,calib
11619,0,train
11620,1,train
11621,1,test
11622,1,train
11623,1,test
11624,1,calib
11625,1,train
11626,1,calib
11627,1,train
11628,1,train
11629,1,train
11630,1,test
11631,1,calib
11632,1,calib
11633,1,train
11634,1,train
11635,1,train
11636,1,train
11637,1,train
11638,0,test
11639,0,train
11640,1,test
11641,1,train
11642,1,test
11643,1,train
11644,1,train
11645,1,train
11646,1,train
11647,1,train
11648,1,train
11649,1,train
11650,1,train
11651,1,train
11652,0,test
11653,1,calib
11654,1,test
11655,1,test
11656,1,calib
11657,0,train
11658,1,train
11659,1,train
11660,0,train
11661,1,train
11662,1,calib
11663,1,calib
11664,1,calib
11665,1,test
11666,1,calib
11667,1,calib
11668,1,test
11669,1,test
11670,1,train
11671,1,train
11672,1,calib
11673,1,train
11674,0,calib
11675,1,train
11676,1,test
11677,1,calib
11678,1,train
11679,1,train
11680,0,test
11681,1,train
11682,1,train
11683,1,train
11684,1,test
11685,0,test
11686,1,train
11687,0,calib
11688,1,train
11689,1,train
11690,1,train
11691,1,train
11692,1,train
11693,1,calib
11694,1,train
11695,1,calib
11696,1,calib
11697,1,train
11698,1,train
11699,1,test
11700,1,train
11701,0,test
11702,1,test
11703,0,test
11704,1,train
11705,1,train
11706,0,train
11707,1,train
11708,1,train
11709,1,train
11710,0,test
11711,1,train
11712,0,train
11713,1,calib
11714,1,test
11715,1,train
11716,1,train
11717,0,test
11718,0,train
11719,1,test
11720,1,train
11721,1,test
11722,1,test
11723,0,train
11724,1,train
11725,0,train
11726,0,test
11727,1,train
11728,1,calib
11729,1,train
11730,1,test
11731,1,test
11732,1,train
11733,1,train
11734,1,train
11735,1,test
11736,1,train
11737,1,test
11738,1,train
11739,1,train
11740,1,train
11741,0,train
11742,1,test
11743,1,test
11744,0,train
11745,1,train
11746,1,test
11747,0,train
11748,1,train
11749,1,train
11750,1,train
11751,1,calib
11752,0,calib
11753,0,test
11754,0,calib
11755,1,calib
11756,1,test
11757,1,train
11758,0,train
11759,1,train
11760,0,train
11761,0,train
11762,1,calib
11763,1,train
11764,0,calib
11765,1,train
11766,1,test
11767,1,test
11768,1,calib
11769,1,calib
11770,1,train
11771,1,train
11772,1,calib
11773,1,test
11774,1,train
11775,1,train
11776,1,train
11777,0,train
11778,1,train
11779,1,train
11780,0,calib
11781,0,train
11782,0,train
11783,1,train
11784,0,calib
11785,0,train
11786,1,train
11787,1,calib
11788,1,test
11789,1,test
11790,1,train
11791,1,calib
11792,1,calib
11793,1,train
11794,1,train
11795,1,train
11796,1,test
11797,0,train
11798,0,test
11799,0,train
11800,0,test
11801,1,test
11802,1,test
11803,1,train
11804,1,train
11805,1,calib
11806,1,train
11807,0,train
11808,1,train
11809,0,train
11810,1,train
11811,1,train
11812,1,test
11813,1,test
11814,0,train
11815,0,train
11816,1,train
11817,1,train
11818,1,test
11819,1,train
11820,1,calib
11821,1,train
11822,1,train
11823,1,test
11824,0,train
11825,1,train
11826,0,test
11827,1,train
11828,1,train
11829,0,train
11830,1,train
11831,0,calib
11832,1,train
11833,1,train
11834,1,train
11835,1,train
11836,0,train
11837,1,train
11838,1,train
11839,0,train
11840,1,calib
11841,0,train
11842,0,calib
11843,1,train
11844,1,test
11845,1,calib
11846,1,calib
11847,0,test
11848,1,calib
11849,1,train
11850,0,test
11851,1,train
11852,0,calib
11853,0,train
11854,1,train
11855,1,train
11856,0,test
11857,0,calib
11858,1,train
11859,1,train
11860,1,train
11861,1,train
11862,1,train
11863,1,train
11864,1,train
11865,1,train
11866,0,test
11867,1,calib
11868,1,train
11869,1,train
11870,0,calib
11871,1,train
11872,1,train
11873,1,calib
11874,1,train
11875,1,test
11876,1,calib
11877,0,train
11878,0,train
11879,1,train
11880,1,train
11881,1,test
11882,1,test
11883,1,calib
11884,0,train
11885,1,train
11886,1,calib
11887,1,train
11888,1,calib
11889,1,calib
11890,0,calib
11891,1,train
11892,1,train
11893,1,train
11894,1,test
11895,1,train
11896,0,calib
11897,0,train
11898,1,test
11899,1,calib
11900,1,train
11901,1,test
11902,1,train
11903,1,test
11904,0,train
11905,1,train
11906,0,calib
11907,1,test
11908,1,calib
11909,0,test
11910,1,train
11911,1,train
11912,1,train
11913,1,calib
11914,1,test
11915,1,train
11916,0,calib
11917,1,train
11918,0,calib
11919,0,train
11920,0,test
11921,0,train
11922,1,train
11923,1,train
11924,1,test
11925,1,calib
11926,1,train
11927,1,train
11928,1,calib
11929,0,train
11930,0,test
11931,0,train
11932,1,train
11933,1,train
11934,1,train
11935,1,calib
11936,1,calib
11937,1,train
11938,1,train
11939,1,test
11940,1,train
11941,1,train
11942,1,calib
11943,0,calib
11944,1,train
11945,1,test
11946,1,train
11947,1,train
11948,1,test
11949,1,test
11950,1,train
11951,1,test
11952,0,train
11953,1,train
11954,1,train
11955,0,test
11956,1,train
11957,0,train
11958,1,test
11959,1,calib
11960,1,calib
11961,0,train
11962,0,train
11963,1,test
11964,0,train
11965,1,calib
11966,1,test
11967,1,train
11968,1,test
11969,0,calib
11970,1,calib
11971,1,calib
11972,1,train
11973,1,calib
11974,0,train
11975,0,calib
11976,0,train
11977,1,train
11978,1,train
11979,0,train
11980,1,train
11981,0,test
11982,1,calib
11983,1,train
11984,0,test
11985,0,test
11986,1,train
11987,1,calib
11988,1,calib
11989,1,train
11990,0,train
11991,1,test
11992,1,calib
11993,1,train
11994,1,test
11995,1,train
11996,1,train
11997,1,test
11998,1,train
11999,0,calib
12000,1,train
12001,1,test
12002,1,calib
12003,1,test
12004,0,calib
12005,0,train
12006,1,train
12007,1,test
12008,1,train
12009,1,test
12010,1,train
12011,1,test
12012,0,train
12013,1,calib
12014,1,train
12015,0,train
12016,0,test
12017,1,train
12018,0,train
12019,1,train
12020,1,train
12021,0,train
12022,0,calib
12023,1,train
12024,1,train
12025,1,train
12026,0,test
12027,1,calib
12028,1,train
12029,1,train
12030,0,test
12031,0,calib
12032,1,train
12033,1,calib
12034,1,train
12035,1,train
12036,1,test
12037,1,calib
12038,1,train
12039,1,calib
12040,1,test
12041,1,train
12042,1,train
12043,1,train
12044,0,train
12045,1,test
12046,1,train
12047,1,train
12048,1,train
12049,0,train
12050,1,test
12051,1,train
12052,1,test
12053,1,train
12054,1,train
12055,1,train
12056,1,train
12057,1,test
12058,0,test
12059,1,train
12060,0,train
12061,1,train
12062,0,train
12063,1,train
12064,1,test
12065,1,train
12066,0,train
12067,1,train
12068,1,train
12069,1,test
12070,1,train
12071,1,train
12072,1,train
12073,1,test
12074,1,train
12075,1,train
12076,1,train
12077,1,test
12078,1,test
12079,1,train
12080,1,train
12081,1,train
12082,1,calib
12083,0,test
12084,1,train
12085,1,train
12086,0,train
12087,1,train
12088,1,train
12089,1,calib
12090,1,test
12091,1,train
12092,0,train
12093,0,calib
12094,1,train
12095,1,test
12096,1,train
12097,1,test
12098,1,train
12099,0,train
12100,1,train
12101,1,calib
12102,1,test
12103,1,test
12104,1,test
12105,1,train
12106,1,calib
12107,1,train
12108,1,train
12109,0,calib
12110,0,train
12111,1,train
12112,1,calib
12113,0,calib
12114,0,train
12115,1,calib
12116,1,train
12117,1,test
12118,1,train
12119,1,calib
12120,0,test
12121,1,train
12122,1,train
12123,1,train
12124,1,test
12125,1,test
12126,1,train
12127,1,train
12128,1,train
12129,1,train
12130,1,train
12131,1,train
12132,1,test
12133,0,test
12134,1,train
12135,1,train
12136,1,calib
12137,1,calib
12138,1,train
12139,0,train
12140,1,train
12141,0,calib
12142,1,train
12143,0,train
12144,1,test
12145,1,train
12146,1,train
12147,1,test
12148,0,train
12149,1,test
12150,1,train
12151,1,calib
12152,0,calib
12153,1,train
12154,1,train
12155,1,train
12156,1,train
12157,0,test
12158,1,train
12159,1,train
12160,1,calib
12161,1,calib
12162,0,test
12163,0,test
12164,1,calib
12165,0,train
12166,1,test
12167,1,test
12168,1,calib
12169,1,train
12170,1,calib
12171,1,train
12172,1,train
12173,0,train
12174,0,calib
12175,1,train
12176,1,train
12177,1,train
12178,1,test
12179,0,train
12180,1,calib
12181,1,test
12182,1,train
12183,1,calib
12184,1,calib
12185,1,train
12186,0,calib
12187,1,train
12188,0,calib
12189,1,train
12190,0,train
12191,1,train
12192,0,train
12193,1,train
12194,0,test
12195,1,train
12196,1,train
12197,1,train
12198,1,train
12199,1,calib
12200,1,train
12201,0,calib
12202,0,test
12203,1,train
12204,0,test
12205,0,train
12206,1,test
12207,0,test
12208,0,train
12209,1,train
12210,0,train
12211,1,train
12212,0,train
12213,1,calib
12214,1,train
12215,0,train
12216,0,calib
12217,1,train
12218,1,train
12219,1,train
12220,0,train
12221,1,train
12222,1,calib
12223,1,train
12224,0,train
12225,1,test
12226,1,train
12227,1,test
12228,1,train
12229,1,test
12230,1,train
12231,0,calib
12232,0,calib
12233,1,train
12234,1,test
12235,1,test
12236,1,train
12237,1,test
12238,1,train
12239,1,train
12240,1,calib
12241,0,train
12242,1,calib
12243,1,test
12244,1,train
12245,1,train
12246,0,calib
12247,1,test
12248,0,test
12249,1,train
12250,1,test
12251,0,test
12252,1,test
12253,1,train
12254,1,test
12255,0,train
12256,1,train
12257,1,train
12258,0,train
12259,1,train
12260,1,train
12261,0,train
12262,0,train
12263,1,train
12264,1,train
12265,1,test
12266,0,train
12267,0,calib
12268,1,train
12269,1,test
12270,1,train
12271,1,calib
12272,1,train
12273,1,train
12274,1,train
12275,1,test
12276,1,train
12277,1,test
12278,1,train
12279,0,test
12280,1,train
12281,1,calib
12282,1,test
12283,1,train
12284,1,test
12285,1,train
12286,0,train
12287,1,calib
12288,0,train
12289,1,calib
12290,1,train
12291,1,calib
12292,1,train
12293,1,test
12294,1,train
12295,1,train
12296,1,test
12297,1,test
12298,1,train
12299,0,train
12300,0,calib
12301,0,train
12302,1,train
12303,0,calib
12304,0,train
12305,1,train
12306,1,train
12307,1,test
12308,1,train
12309,1,train
12310,1,train
12311,0,train
12312,1,test
12313,1,train
12314,0,train
12315,1,train
12316,1,train
12317,0,train
12318,1,test
12319,1,train
12320,0,calib
12321,1,calib
12322,0,train
12323,1,calib
12324,0,train
12325,1,train
12326,0,train
12327,1,train
12328,1,calib
12329,1,test
12330,1,train
12331,1,train
12332,1,train
12333,1,train
12334,1,train
12335,1,test
12336,1,train
12337,0,test
12338,0,test
12339,1,calib
12340,1,train
12341,1,train
12342,1,calib
12343,1,train
12344,1,train
12345,1,train
12346,1,test
12347,0,test
12348,0,calib
12349,1,calib
12350,1,test
12351,1,test
12352,1,train
12353,1,test
12354,0,calib
12355,0,calib
12356,1,train
12357,0,test
12358,1,calib
12359,1,test
12360,1,train
12361,1,test
12362,1,train
12363,0,train
12364,1,test
12365,1,train
12366,1,calib
12367,1,train
12368,1,train
12369,1,train
12370,1,calib
12371,1,test
12372,1,calib
12373,1,calib
12374,1,train
12375,1,train
12376,0,train
12377,1,train
12378,0,calib
12379,1,train
12380,1,train
12381,0,train
12382,1,train
12383,0,train
12384,1,train
12385,0,train
12386,1,calib
12387,1,train
12388,1,train
12389,1,train
12390,1,test
12391,1,test
12392,1,train
12393,1,train
12394,0,train
12395,1,train
12396,1,calib
12397,1,train
12398,1,test
12399,1,test
12400,1,test
12401,1,calib
12402,1,train
12403,1,train
12404,1,train
12405,1,train
12406,1,train
12407,1,train
12408,1,train
12409,1,test
12410,1,train
12411,1,train
12412,0,train
12413,1,test
12414,1,train
12415,1,train
12416,0,test
12417,1,train
12418,1,train
12419,1,test
12420,1,train
12421,1,train
12422,1,test
12423,1,calib
12424,1,train
12425,1,train
12426,1,calib
12427,1,calib
12428,1,train
12429,0,test
12430,1,train
12431,1,test
12432,1,test
12433,0,calib
12434,1,train
12435,0,train
12436,1,calib
12437,1,train
12438,1,train
12439,1,test
12440,1,test
12441,1,train
12442,0,test
12443,1,calib
12444,1,train
12445,0,train
12446,0,calib
12447,1,calib
12448,0,train
12449,1,train
12450,0,test
12451,1,train
12452,0,train
12453,1,train
12454,1,test
12455,1,calib
12456,1,train
12457,1,test
12458,1,train
12459,1,train
12460,0,train
12461,0,train
12462,1,train
12463,0,test
12464,1,train
12465,1,train
12466,1,test
12467,0,train
12468,0,train
12469,1,test
12470,1,train
12471,1,calib
12472,1,calib
12473,1,train
12474,1,train
12475,1,train
12476,1,train
12477,0,train
12478,1,train
12479,0,calib
12480,1,calib
12481,1,calib
12482,1,train
12483,1,calib
12484,1,train
12485,1,calib
12486,0,train
12487,1,test
12488,0,train
12489,1,train
12490,1,train
12491,1,train
12492,1,train
12493,0,train
12494,1,train
12495,1,train
12496,1,test
12497,1,train
12498,1,calib
12499,1,train
12500,1,train
12501,1,test
12502,1,train
12503,0,train
12504,0,train
12505,1,train
12506,0,train
12507,1,calib
12508,0,train
12509,1,train
12510,1,train
12511,1,train
12512,1,train
12513,1,test
12514,1,train
12515,1,train
12516,1,train
12517,1,test
12518,1,train
12519,0,train
12520,1,test
12521,1,train
12522,0,calib
12523,1,test
12524,1,train
12525,0,test
12526,0,calib
12527,1,test
12528,1,train
12529,1,train
12530,0,train
12531,0,calib
12532,1,calib
12533,0,train
12534,1,train
12535,1,calib
12536,1,train
12537,1,train
12538,1,train
12539,0,test
12540,0,test
12541,1,test
12542,1,test
12543,1,train
12544,1,train
12545,1,train
12546,0,train
12547,0,calib
12548,1,calib
12549,1,test
12550,1,train
12551,1,calib
12552,1,train
12553,1,train
12554,1,train
12555,0,train
12556,0,train
12557,1,calib
12558,1,train
12559,1,train
12560,0,test
12561,1,train
12562,1,train
12563,1,train
12564,0,train
12565,0,train
12566,0,train
12567,0,calib
12568,0,train
12569,1,test
12570,1,train
12571,1,train
12572,1,train
12573,0,train
12574,1,train
12575,0,calib
12576,1,train
12577,1,train
12578,1,test
12579,1,train
12580,1,train
12581,1,train
12582,1,test
12583,1,train
12584,0,train
12585,1,train
12586,1,train
12587,1,train
12588,1,calib
12589,1,train
12590,1,train
12591,0,calib
12592,1,train
12593,1,calib
12594,1,train
12595,0,train
12596,1,calib
12597,0,train
12598,1,calib
12599,0,test
12600,0,test
12601,1,train
12602,0,test
12603,1,calib
12604,0,train
12605,0,calib
12606,0,train
12607,1,train
12608,1,train
12609,1,test
12610,1,test
12611,1,test
12612,1,train
12613,1,test
12614,1,train
12615,1,train
12616,1,test
12617,1,train
12618,1,train
12619,1,calib
12620,0,test
12621,1,train
12622,0,calib
12623,1,train
12624,0,calib
12625,1,train
12626,1,train
12627,1,train
12628,1,train
12629,1,train
12630,1,calib
12631,1,test
12632,1,test
12633,1,train
12634,1,test
12635,1,test
12636,1,train
12637,1,calib
12638,1,train
12639,1,train
12640,1,calib
12641,1,train
12642,1,test
12643,1,test
12644,1,train
12645,1,train
12646,1,train
12647,1,train
12648,1,train
12649,1,train
12650,0,train
12651,1,train
12652,1,train
12653,1,calib
12654,1,train
12655,0,train
12656,1,train
12657,1,train
12658,1,test
12659,0,train
12660,1,calib
12661,1,train
12662,1,calib
12663,1,calib
12664,1,train
12665,0,train
12666,1,train
12667,1,train
12668,0,train
12669,1,train
12670,1,train
12671,1,test
12672,1,test
12673,1,train
12674,1,train
12675,1,test
12676,1,calib
12677,0,train
12678,1,train
12679,0,calib
12680,0,test
12681,1,train
12682,1,train
12683,1,calib
12684,1,train
12685,0,train
12686,1,calib
12687,1,calib
12688,0,test
12689,0,train
12690,1,test
12691,1,train
12692,1,train
12693,0,calib
12694,1,calib
12695,1,train
12696,1,train
12697,1,train
12698,1,test
12699,1,test
12700,1,calib
12701,1,train
12702,1,calib
12703,1,train
12704,0,calib
12705,1,train
12706,1,train
12707,1,train
12708,1,train
12709,0,test
12710,1,train
12711,0,test
12712,0,train
12713,1,train
12714,0,test
12715,0,calib
12716,1,test
12717,1,train
12718,1,train
12719,1,train
12720,1,train
12721,0,train
12722,1,calib
12723,0,train
12724,1,train
12725,0,calib
12726,1,train
12727,1,train
12728,1,train
12729,1,train
12730,0,train
12731,1,train
12732,0,train
12733,1,calib
12734,1,train
12735,1,train
12736,1,train
12737,0,test
12738,1,train
12739,0,calib
12740,1,train
12741,0,train
12742,1,train
12743,1,train
12744,1,train
12745,0,train
12746,0,calib
12747,1,train
12748,1,calib
12749,1,calib
12750,1,train
12751,0,train
12752,1,train
12753,1,test
12754,1,train
12755,1,calib
12756,0,train
12757,1,test
12758,0,train
12759,1,train
12760,1,test
12761,1,calib
12762,0,test
12763,1,train
12764,1,train
12765,1,test
12766,1,calib
12767,1,calib
12768,1,train
12769,1,train
12770,0,test
12771,1,train
12772,1,train
12773,1,calib
12774,1,train
12775,1,calib
12776,1,train
12777,1,test
12778,1,train
12779,0,train
12780,1,calib
12781,1,train
12782,1,calib
12783,1,train
12784,1,train
12785,1,calib
12786,1,test
12787,1,test
12788,1,test
12789,1,train
12790,0,train
12791,1,train
12792,1,train
12793,0,train
12794,1,calib
12795,1,train
12796,1,test
12797,1,train
12798,1,calib
12799,1,train
12800,0,train
12801,1,train
12802,1,calib
12803,1,calib
12804,0,calib
12805,1,train
12806,1,train
12807,1,calib
12808,1,calib
12809,0,train
12810,1,train
12811,1,train
12812,1,train
12813,1,train
12814,0,calib
12815,1,train
12816,1,train
12817,0,train
12818,0,train
12819,0,train
12820,1,calib
12821,1,test
12822,1,train
12823,1,train
12824,1,calib
12825,1,calib
12826,1,train
12827,0,train
12828,1,train
12829,1,train
12830,1,train
12831,0,test
12832,0,test
12833,1,calib
12834,1,train
12835,1,train
12836,1,calib
12837,0,train
12838,1,train
12839,0,train
12840,1,train
12841,1,test
12842,1,calib
12843,1,train
12844,1,train
12845,1,train
12846,1,train
12847,0,test
12848,1,test
12849,1,train
12850,1,train
12851,1,test
12852,1,test
12853,1,train
12854,1,calib
12855,1,train
12856,1,train
12857,1,train
12858,1,test
12859,1,train
12860,1,train
12861,1,test
12862,1,train
12863,1,train
12864,1,train
12865,1,train
12866,1,train
12867,0,train
12868,1,train
12869,1,train
12870,1,calib
12871,1,train
12872,0,calib
12873,1,test
12874,0,train
12875,0,train
12876,0,test
12877,1,train
12878,0,train
12879,0,test
12880,1,train
12881,1,train
12882,0,train
12883,1,train
12884,1,train
12885,1,train
12886,1,train
12887,1,train
12888,1,test
12889,0,test
12890,1,train
12891,1,train
12892,1,calib
12893,1,train
12894,1,test
12895,0,train
12896,1,train
12897,1,train
12898,0,train
12899,0,train
12900,1,train
12901,1,train
12902,1,train
12903,0,calib
12904,0,train
12905,1,train
12906,0,calib
12907,1,train
12908,1,train
12909,0,train
12910,1,calib
12911,1,calib
12912,1,train
12913,1,train
12914,1,train
12915,1,calib
12916,1,train
12917,1,train
12918,0,train
12919,1,train
12920,0,train
12921,1,calib
12922,1,calib
12923,1,calib
12924,0,train
12925,1,calib
12926,1,train
12927,1,calib
12928,1,train
12929,1,train
12930,1,train
12931,0,train
12932,1,calib
12933,0,train
12934,1,train
12935,1,train
12936,1,train
12937,0,test
12938,1,calib
12939,0,train
12940,1,test
12941,1,train
12942,1,train
12943,1,calib
12944,1,train
12945,0,train
12946,1,train
12947,1,calib
12948,0,calib
12949,1,test
12950,1,test
12951,1,train
12952,0,calib
12953,1,train
12954,1,calib
12955,1,train
12956,1,train
12957,1,train
12958,1,train
12959,1,train
12960,1,train
12961,0,train
12962,0,calib
12963,1,train
12964,0,test
12965,1,calib
12966,1,test
12967,1,train
12968,1,test
12969,1,test
12970,0,calib
12971,1,test
12972,1,test
12973,0,train
12974,1,test
12975,1,test
12976,1,calib
12977,1,train
12978,0,calib
12979,0,train
12980,0,test
12981,1,test
12982,0,train
12983,1,train
12984,1,test
12985,1,train
12986,0,calib
12987,1,train
12988,1,train
12989,1,train
12990,1,calib
12991,1,calib
12992,1,train
12993,1,calib
12994,1,train
12995,1,train
12996,1,train
12997,1,train
12998,0,train
12999,1,train
13000,1,train
13001,1,test
13002,1,calib
13003,1,train
13004,1,train
13005,0,test
13006,1,calib
13007,1,calib
13008,1,calib
13009,0,train
13010,0,calib
13011,1,train
13012,1,train
13013,1,calib
13014,1,test
13015,0,train
13016,1,test
13017,1,train
13018,1,calib
13019,1,train
13020,1,test
13021,1,train
13022,1,calib
13023,1,test
13024,1,train
13025,1,train
13026,0,test
13027,1,train
13028,1,train
13029,1,train
13030,1,calib
13031,1,test
13032,1,test
13033,0,calib
13034,1,calib
13035,1,calib
13036,1,train
13037,1,train
13038,0,calib
13039,0,test
13040,0,train
13041,1,train
13042,0,train
13043,1,train
13044,1,train
13045,1,train
13046,1,train
13047,0,calib
13048,1,test
13049,1,test
13050,1,test
13051,1,test
13052,1,test
13053,1,calib
13054,1,train
13055,1,calib
13056,0,train
13057,1,train
13058,1,test
13059,1,train
13060,1,test
13061,1,train
13062,1,train
13063,1,train
13064,0,train
13065,0,train
13066,1,calib
13067,1,test
13068,1,train
13069,1,test
13070,0,calib
13071,1,train
13072,1,train
13073,0,test
13074,1,train
13075,1,train
13076,1,train
13077,1,train
13078,1,train
13079,1,calib
13080,1,train
13081,1,train
13082,1,train
13083,1,calib
13084,1,test
13085,1,test
13086,1,train
13087,1,train
13088,1,train
13089,1,train
13090,1,calib
13091,1,train
13092,0,train
13093,0,train
13094,1,test
13095,1,train
13096,1,train
13097,1,train
13098,1,train
13099,1,train
13100,1,calib
13101,1,calib
13102,1,train
13103,1,train
13104,1,test
13105,1,train
13106,1,calib
13107,0,train
13108,1,train
13109,0,train
13110,1,test
13111,1,calib
13112,0,calib
13113,1,train
13114,0,test
13115,1,train
13116,0,calib
13117,1,train
13118,1,calib
13119,1,calib
13120,0,train
13121,0,calib
13122,1,train
13123,0,train
13124,1,train
13125,0,train
13126,1,train
13127,1,train
13128,0,train
13129,1,train
13130,0,train
13131,1,calib
13132,0,train
13133,1,train
13134,1,calib
13135,1,test
13136,1,train
13137,1,calib
13138,1,train
13139,1,train
13140,1,train
13141,1,train
13142,1,train
13143,1,train
13144,1,train
13145,1,test
13146,1,train
13147,1,train
13148,1,train
13149,1,calib
13150,1,train
13151,1,train
13152,1,train
13153,1,test
13154,1,test
13155,1,calib
13156,1,calib
13157,1,train
13158,1,train
13159,1,train
13160,1,train
13161,1,train
13162,1,train
13163,0,calib
13164,1,test
13165,1,train
13166,0,train
13167,1,train
13168,1,train
13169,1,train
13170,0,train
13171,1,train
13172,1,train
13173,1,test
13174,1,train
13175,1,train
13176,0,test
13177,1,train
13178,1,train
13179,1,test
13180,1,test
13181,1,train
13182,1,calib
13183,1,train
13184,1,calib
13185,0,calib
13186,0,test
13187,0,train
13188,1,calib
13189,0,calib
13190,1,calib
13191,1,train
13192,1,train
13193,1,calib
13194,0,train
13195,1,test
13196,1,train
13197,0,calib
13198,1,calib
13199,0,test
13200,0,train
13201,0,train
13202,0,train
13203,1,train
13204,0,train
13205,1,train
13206,0,test
13207,0,train
13208,0,calib
13209,0,train
13210,0,calib
13211,1,calib
13212,0,train
13213,1,train
13214,0,test
13215,1,calib
13216,1,train
13217,1,train
13218,1,train
13219,1,test
13220,0,test
13221,1,train
13222,0,train
13223,1,train
13224,1,train
13225,1,train
13226,1,train
13227,1,test
13228,0,train
13229,0,train
13230,1,train
13231,1,test
13232,1,test
13233,0,train
13234,1,calib
13235,1,calib
13236,0,train
13237,1,train
13238,0,train
13239,1,test
13240,1,train
13241,0,train
13242,1,train
13243,1,calib
13244,1,train
13245,1,train
13246,1,train
13247,1,test
13248,1,train
13249,0,test
13250,1,calib
13251,1,train
13252,0,calib
13253,1,train
13254,1,train
13255,1,train
13256,1,train
13257,1,train
13258,1,test
13259,1,calib
13260,0,test
13261,1,train
13262,0,test
13263,1,train
13264,1,calib
13265,0,train
13266,1,train
13267,0,test
13268,1,train
13269,1,calib
13270,0,train
13271,1,calib
13272,0,calib
13273,1,train
13274,0,train
13275,1,calib
13276,1,calib
13277,1,calib
13278,1,train
13279,1,train
13280,1,train
13281,1,test
13282,1,train
13283,0,train
13284,1,train
13285,1,test
13286,1,calib
13287,0,train
13288,1,calib
13289,0,train
13290,1,train
13291,1,calib
13292,0,train
13293,1,test
13294,1,train
13295,1,train
13296,1,train
13297,1,train
13298,1,train
13299,0,train
13300,1,train
13301,0,calib
13302,1,calib
13303,0,train
13304,0,train
13305,1,train
13306,1,train
13307,1,train
13308,0,train
13309,1,train
13310,0,train
13311,1,calib
13312,1,calib
13313,1,train
13314,1,test
13315,1,train
13316,1,train
13317,0,calib
13318,1,test
13319,1,train
13320,1,train
13321,1,train
13322,1,train
13323,1,train
13324,1,train
13325,1,train
13326,1,train
13327,1,train
13328,1,train
13329,0,train
13330,1,train
13331,0,train
13332,1,calib
13333,1,calib
13334,1,train
13335,0,calib
13336,1,calib
13337,1,train
13338,0,test
13339,1,calib
13340,1,train
13341,1,train
13342,1,train
13343,0,calib
13344,1,calib
13345,0,test
13346,0,train
13347,1,test
13348,0,train
13349,1,train
13350,1,train
13351,0,train
13352,0,test
13353,0,calib
13354,1,test
13355,1,train
13356,1,train
13357,0,train
13358,1,train
13359,0,test
13360,1,calib
13361,1,train
13362,1,train
13363,1,train
13364,1,train
13365,1,train
13366,0,train
13367,1,train
13368,1,test
13369,1,train
13370,0,test
13371,1,calib
13372,1,train
13373,1,train
13374,1,train
13375,1,train
13376,1,train
13377,0,train
13378,1,train
13379,1,train
13380,1,train
13381,1,train
13382,1,train
13383,1,train
13384,0,train
13385,0,train
13386,1,train
13387,1,calib
13388,1,test
13389,1,train
13390,0,train
13391,1,calib
13392,1,calib
13393,1,train
13394,0,train
13395,0,train
13396,1,train
13397,1,train
13398,1,calib
13399,1,test
13400,1,test
13401,1,calib
13402,1,train
13403,1,test
13404,1,test
13405,1,train
13406,0,test
13407,1,train
13408,1,test
13409,1,test
13410,0,test
13411,1,train
13412,1,test
13413,1,train
13414,0,test
13415,1,calib
13416,0,train
13417,1,calib
13418,1,train
13419,0,train
13420,1,train
13421,1,calib
13422,0,train
13423,1,train
13424,1,test
13425,1,test
13426,0,train
13427,0,test
13428,1,train
13429,1,train
13430,1,test
13431,1,train
13432,1,train
13433,1,train
13434,0,train
13435,1,train
13436,1,train
13437,1,train
13438,1,train
13439,1,train
13440,1,train
13441,1,train
13442,1,calib
13443,1,train
13444,0,calib
13445,1,train
13446,1,train
13447,1,train
13448,0,calib
13449,1,calib
13450,1,test
13451,0,calib
13452,1,calib
13453,1,calib
13454,1,train
13455,0,train
13456,1,test
13457,0,calib
13458,1,calib
13459,1,test
13460,0,train
13461,1,calib
13462,1,calib
13463,0,calib
13464,1,train
13465,1,train
13466,0,train
13467,1,train
13468,1,test
13469,1,train
13470,1,train
13471,1,train
13472,1,test
13473,1,train
13474,1,train
13475,1,train
13476,1,test
13477,1,train
13478,0,train
13479,0,calib
13480,0,calib
13481,1,train
13482,1,train
13483,0,test
13484,1,train
13485,1,train
13486,1,calib
13487,1,calib
13488,1,train
13489,1,test
13490,1,calib
13491,1,calib
13492,1,test
13493,1,train
13494,1,calib
13495,1,train
13496,1,train
13497,1,train
13498,0,test
13499,0,train
13500,1,test
13501,0,test
13502,0,calib
13503,1,calib
13504,1,test
13505,0,train
13506,0,calib
13507,1,test
13508,1,train
13509,1,calib
13510,0,train
13511,1,train
13512,1,train
13513,1,train
13514,0,train
13515,1,test
13516,0,train
13517,1,train
13518,1,calib
13519,1,test
13520,1,test
13521,0,train
13522,1,test
13523,0,train
13524,1,train
13525,1,train
13526,1,calib
13527,0,train
13528,0,calib
13529,0,train
13530,1,train
13531,1,train
13532,1,train
13533,1,train
13534,0,test
13535,0,train
13536,1,train
13537,1,train
13538,1,test
13539,1,train
13540,1,train
13541,1,train
13542,1,train
13543,0,train
13544,1,test
13545,1,calib
13546,1,calib
13547,0,test
13548,1,test
13549,1,train
13550,1,calib
13551,0,train
13552,1,train
13553,1,train
13554,0,train
13555,0,train
13556,1,train
13557,1,train
13558,0,train
13559,1,calib
13560,1,train
13561,0,train
13562,1,train
13563,1,calib
13564,1,test
13565,1,calib
13566,1,train
13567,1,train
13568,1,test
13569,1,calib
13570,1,train
13571,1,train
13572,1,train
13573,1,train
13574,1,train
13575,1,train
13576,1,calib
13577,0,train
13578,1,train
13579,1,train
13580,1,test
13581,1,train
13582,1,test
13583,1,train
13584,1,train
13585,1,train
13586,1,train
13587,1,train
13588,1,calib
13589,1,train
13590,0,test
13591,1,test
13592,1,train
13593,0,test
13594,0,train
13595,1,test
13596,1,train
13597,1,test
13598,0,train
13599,0,test
13600,1,train
13601,1,train
13602,1,train
13603,1,train
13604,1,train
13605,1,train
13606,1,test
13607,1,train
13608,1,calib
13609,1,train
13610,0,train
13611,1,train
13612,1,test
13613,1,train
13614,1,train
13615,1,test
13616,0,train
13617,1,train
13618,1,calib
13619,1,calib
13620,1,train
13621,1,train
13622,1,calib
13623,1,calib
13624,1,calib
13625,0,train
13626,1,train
13627,1,calib
13628,1,test
13629,1,calib
13630,1,train
13631,0,calib
13632,1,calib
13633,1,train
13634,1,test
13635,1,calib
13636,1,train
13637,1,train
13638,1,train
13639,0,train
13640,1,test
13641,0,test
13642,1,calib
13643,1,calib
13644,0,test
13645,0,calib
13646,1,train
13647,1,train
13648,1,train
13649,1,train
13650,0,train
13651,0,train
13652,1,train
13653,1,calib
13654,0,test
13655,0,train
13656,1,test
13657,1,train
13658,1,train
13659,1,train
13660,0,calib
13661,0,test
13662,1,test
13663,1,train
13664,1,train
13665,1,train
13666,1,train
13667,1,train
13668,1,train
13669,0,train
13670,1,calib
13671,1,train
13672,1,train
13673,1,train
13674,0,test
13675,0,train
13676,1,train
13677,1,train
13678,1,calib
13679,1,test
13680,1,train
13681,1,test
13682,0,train
13683,1,train
13684,1,train
13685,1,train
13686,1,train
13687,1,train
13688,1,test
13689,1,train
13690,1,train
13691,0,train
13692,1,train
13693,1,train
13694,1,test
13695,0,train
13696,1,test
13697,1,calib
13698,1,train
13699,1,train
13700,1,test
13701,1,train
13702,1,test
13703,1,train
13704,1,train
13705,1,test
13706,1,calib
13707,1,test
13708,1,train
13709,1,train
13710,0,train
13711,0,train
13712,1,train
13713,1,calib
13714,0,train
13715,1,train
13716,1,train
13717,1,train
13718,1,train
13719,1,train
13720,1,train
13721,1,test
13722,0,train
13723,1,calib
13724,1,train
13725,1,train
13726,1,train
13727,1,calib
13728,1,test
13729,1,calib
13730,0,train
13731,1,calib
13732,1,train
13733,0,train
13734,1,calib
13735,1,train
13736,1,test
13737,1,calib
13738,1,train
13739,1,train
13740,1,train
13741,1,test
13742,1,train
13743,1,calib
13744,1,train
13745,1,test
13746,1,train
13747,1,calib
13748,0,test
13749,1,test
13750,0,train
13751,1,train
13752,1,train
13753,1,calib
13754,0,train
13755,1,train
13756,1,test
13757,1,train
13758,1,train
13759,1,train
13760,1,test
13761,1,train
13762,0,train
13763,1,test
13764,1,train
13765,1,train
13766,1,train
13767,1,test
13768,1,test
13769,0,train
13770,1,train
13771,1,train
13772,1,train
13773,1,train
13774,1,calib
13775,1,train
13776,1,test
13777,0,train
13778,1,calib
13779,0,train
13780,1,train
13781,0,train
13782,0,train
13783,1,train
13784,1,train
13785,1,test
13786,0,calib
13787,0,calib
13788,0,calib
13789,1,test
13790,1,test
13791,1,test
13792,1,train
13793,1,calib
13794,0,train
13795,1,train
13796,1,train
13797,1,train
13798,1,train
13799,1,train
13800,1,calib
13801,1,train
13802,1,train
13803,0,calib
13804,1,train
13805,1,calib
13806,0,train
13807,1,train
13808,1,train
13809,1,calib
13810,0,calib
13811,1,train
13812,1,test
13813,0,test
13814,1,train
13815,1,calib
13816,1,train
13817,1,train
13818,1,test
13819,1,calib
13820,1,test
13821,1,train
13822,1,train
13823,1,train
13824,1,train
13825,1,train
13826,1,calib
13827,1,train
13828,1,calib
13829,1,train
13830,0,train
13831,1,train
13832,1,calib
13833,1,test
13834,1,train
13835,1,train
13836,0,calib
13837,1,train
13838,1,test
13839,1,test
13840,0,train
13841,0,train
13842,1,train
13843,1,train
13844,1,train
13845,1,train
13846,1,calib
13847,1,train
13848,1,train
13849,1,train
13850,1,train
13851,1,test
13852,1,train
13853,1,train
13854,1,train
13855,0,train
13856,1,train
13857,1,test
13858,0,train
13859,1,calib
13860,1,calib
13861,1,train
13862,0,train
13863,1,test
13864,0,train
13865,1,calib
13866,1,calib
13867,1,calib
13868,1,train
13869,1,test
13870,1,calib
13871,1,train
13872,1,test
13873,1,train
13874,0,train
13875,1,train
13876,1,train
13877,1,train
13878,1,train
13879,1,train
13880,1,train
13881,0,calib
13882,1,test
13883,1,train
13884,1,train
13885,1,train
13886,1,train
13887,1,train
13888,1,train
13889,1,train
13890,1,train
13891,0,train
13892,0,calib
13893,1,train
13894,1,test
13895,0,train
13896,0,calib
13897,1,train
13898,1,train
13899,0,train
13900,1,test
13901,1,calib
13902,1,train
13903,1,train
13904,1,train
13905,0,train
13906,1,train
13907,1,train
13908,1,test
13909,1,train
13910,1,test
13911,1,train
13912,1,train
13913,1,train
13914,0,train
13915,1,train
13916,1,train
13917,1,train
13918,1,train
13919,1,test
13920,1,train
13921,0,calib
13922,0,train
13923,1,train
13924,0,train
13925,1,test
13926,1,train
13927,1,train
13928,1,train
13929,1,train
13930,1,train
13931,1,calib
13932,1,train
13933,1,train
13934,1,train
13935,1,train
13936,1,calib
13937,1,test
13938,1,calib
13939,1,calib
13940,1,train
13941,0,train
13942,1,calib
13943,1,test
13944,0,test
13945,1,train
13946,0,train
13947,0,train
13948,1,train
13949,0,calib
13950,1,calib
13951,0,calib
13952,1,test
13953,1,train
13954,0,test
13955,0,train
13956,1,train
13957,1,test
13958,1,train
13959,1,calib
13960,0,test
13961,0,train
13962,1,train
13963,0,train
13964,1,train
13965,0,test
13966,0,train
13967,1,train
13968,1,train
13969,1,calib
13970,1,train
13971,1,train
13972,1,train
13973,1,train
13974,1,train
13975,0,train
13976,1,test
13977,1,calib
13978,0,train
13979,1,calib
13980,1,train
13981,1,train
13982,0,train
13983,0,train
13984,1,train
13985,0,calib
13986,1,test
13987,1,train
13988,1,train
13989,1,train
13990,1,train
13991,0,calib
13992,1,train
13993,1,train
13994,1,train
13995,1,train
13996,1,test
13997,0,calib
13998,1,train
13999,1,calib
14000,0,train
14001,0,test
14002,1,train
14003,0,train
14004,0,train
14005,1,calib
14006,1,calib
14007,1,train
14008,0,train
14009,1,calib
14010,0,train
14011,1,train
14012,0,train
14013,1,test
14014,1,test
14015,0,test
14016,0,train
14017,0,test
14018,1,train
14019,1,train
14020,1,calib
14021,1,calib
14022,0,train
14023,1,test
14024,1,test
14025,1,train
14026,1,train
14027,0,train
14028,1,train
14029,1,train
14030,1,test
14031,1,calib
14032,1,test
14033,1,train
14034,1,train
14035,1,train
14036,0,train
14037,1,calib
14038,1,calib
14039,1,test
14040,1,test
14041,1,train
14042,0,test
14043,1,train
14044,1,train
14045,0,train
14046,1,train
14047,1,test
14048,0,train
14049,1,calib
14050,1,train
14051,1,train
14052,1,calib
14053,1,test
14054,1,train
14055,1,train
14056,1,test
14057,0,train
14058,1,train
14059,1,train
14060,1,calib
14061,1,calib
14062,1,calib
14063,1,test
14064,1,train
14065,1,calib
14066,1,test
14067,1,train
14068,1,train
14069,1,train
14070,1,test
14071,1,train
14072,0,test
14073,1,test
14074,1,calib
14075,1,train
14076,0,train
14077,0,train
14078,1,calib
14079,1,train
14080,1,train
14081,1,train
14082,0,test
14083,0,test
14084,1,test
14085,1,train
14086,1,train
14087,1,test
14088,1,train
14089,1,train
14090,1,test
14091,1,train
14092,1,train
14093,1,calib
14094,1,train
14095,1,train
14096,0,calib
14097,1,train
14098,1,test
14099,1,test
14100,1,train
14101,1,test
14102,1,train
14103,1,test
14104,0,train
14105,1,train
14106,1,train
14107,1,train
14108,1,calib
14109,1,calib
14110,1,test
14111,1,train
14112,1,calib
14113,1,test
14114,1,train
14115,1,train
14116,1,train
14117,0,test
14118,0,train
14119,1,test
14120,0,train
14121,1,test
14122,1,calib
14123,1,train
14124,1,calib
14125,1,test
14126,1,train
14127,1,train
14128,0,train
14129,1,train
14130,1,train
14131,1,train
14132,1,train
14133,1,train
14134,1,test
14135,1,train
14136,1,test
14137,1,train
14138,0,train
14139,1,test
14140,1,train
14141,1,train
14142,0,train
14143,0,calib
14144,1,test
14145,0,train
14146,1,calib
14147,0,train
14148,0,test
14149,1,test
14150,1,train
14151,1,train
14152,0,train
14153,1,train
14154,0,calib
14155,1,train
14156,1,train
14157,1,test
14158,1,calib
14159,1,calib
14160,1,train
14161,1,test
14162,1,test
14163,1,train
14164,1,train
14165,1,train
14166,1,test
14167,1,calib
14168,0,train
14169,1,train
14170,1,calib
14171,1,calib
14172,0,test
14173,1,train
14174,1,train
14175,1,train
14176,1,test
14177,1,train
14178,1,test
14179,1,train
14180,0,train
14181,1,train
14182,1,train
14183,1,calib
14184,0,test
14185,1,test
14186,1,train
14187,1,train
14188,1,calib
14189,1,train
14190,1,train
14191,1,train
14192,0,train
14193,1,test
14194,0,calib
14195,1,train
14196,1,train
14197,0,train
14198,1,train
14199,1,train
14200,1,train
14201,1,train
14202,0,train
14203,1,calib
14204,0,test
14205,1,calib
14206,1,calib
14207,0,test
14208,1,train
14209,1,test
14210,0,test
14211,1,train
14212,1,train
14213,1,test
14214,1,train
14215,1,calib
14216,1,test
14217,0,train
14218,1,train
14219,1,calib
14220,0,train
14221,1,train
14222,1,train
14223,1,train
14224,1,calib
14225,1,calib
14226,0,train
14227,1,train
14228,0,test
14229,0,train
14230,1,calib
14231,1,calib
14232,1,test
14233,1,calib
14234,0,calib
14235,1,train
14236,0,calib
14237,0,test
14238,0,train
14239,1,train
14240,0,train
14241,1,train
14242,1,test
14243,1,train
14244,1,calib
14245,1,train
14246,1,train
14247,1,calib
14248,1,train
14249,1,test
14250,1,train
14251,1,test
14252,1,train
14253,0,test
14254,1,test
14255,1,calib
14256,1,test
14257,1,train
14258,1,test
14259,0,train
14260,1,train
14261,1,train
14262,1,train
14263,0,test
14264,1,calib
14265,0,test
14266,0,test
14267,1,train
14268,1,train
14269,0,test
14270,1,train
14271,1,calib
14272,1,train
14273,0,calib
14274,1,train
14275,1,train
14276,1,train
14277,0,train
14278,1,test
14279,0,train
14280,1,train
14281,1,calib
14282,0,test
14283,1,train
14284,1,test
14285,0,train
14286,1,train
14287,1,train
14288,0,test
14289,1,train
14290,1,calib
14291,1,train
14292,1,calib
14293,1,calib
14294,0,test
14295,1,test
14296,1,calib
14297,1,train
14298,1,train
14299,0,train
14300,1,train
14301,1,train
14302,0,train
14303,1,train
14304,1,train
14305,1,train
14306,1,test
14307,1,calib
14308,1,train
14309,1,calib
14310,1,train
14311,1,train
14312,1,train
14313,1,test
14314,0,train
14315,1,test
14316,1,test
14317,1,test
14318,1,test
14319,1,train
14320,0,calib
14321,1,test
14322,1,train
14323,1,calib
14324,1,calib
14325,1,calib
14326,0,train
14327,1,calib
14328,0,train
14329,1,train
14330,0,train
14331,1,train
14332,1,test
14333,1,test
14334,1,calib
14335,1,train
14336,1,train
14337,0,test
14338,1,test
14339,1,calib
14340,1,test
14341,1,test
14342,0,train
14343,1,test
14344,1,train
14345,0,train
14346,0,train
14347,1,test
14348,1,train
14349,1,calib
14350,1,test
14351,0,calib
14352,1,train
14353,0,train
14354,1,train
14355,1,train
14356,0,test
14357,1,calib
14358,1,train
14359,1,train
14360,1,train
14361,0,test
14362,1,train
14363,1,train
14364,1,test
14365,1,calib
14366,0,test
14367,0,train
14368,1,test
14369,1,train
14370,1,calib
14371,0,train
14372,1,train
14373,1,train
14374,1,train
14375,1,train
14376,1,calib
14377,1,train
14378,1,train
14379,1,train
14380,1,test
14381,1,train
14382,1,test
14383,1,train
14384,0,calib
14385,1,train
14386,1,train
14387,1,train
14388,1,calib
14389,0,train
14390,0,calib
14391,1,train
14392,1,train
14393,1,test
14394,0,calib
14395,1,calib
14396,0,test
14397,1,train
14398,1,train
14399,1,train
14400,0,train
14401,0,calib
14402,1,train
14403,0,test
14404,1,train
14405,1,test
14406,0,test
14407,1,test
14408,1,train
14409,1,test
14410,0,test
14411,1,train
14412,0,train
14413,1,train
14414,1,calib
14415,0,train
14416,1,train
14417,1,train
14418,1,calib
14419,1,train
14420,0,calib
14421,1,train
14422,1,train
14423,1,calib
14424,1,train
14425,1,train
14426,1,test
14427,0,test
14428,1,train
14429,1,calib
14430,1,train
14431,1,test
14432,1,test
14433,0,test
14434,1,calib
14435,1,train
14436,1,calib
14437,1,train
14438,0,calib
14439,1,train
14440,0,train
14441,1,test
14442,1,test
14443,1,test
14444,1,train
14445,1,calib
14446,0,test
14447,1,calib
14448,1,train
14449,1,calib
14450,1,train
14451,1,train
14452,0,train
14453,1,train
14454,1,test
14455,1,test
14456,1,train
14457,1,calib
14458,1,train
14459,1,test
14460,1,train
14461,1,train
14462,1,calib
14463,1,train
14464,0,test
14465,1,calib
14466,1,train
14467,1,test
14468,1,train
14469,1,train
14470,0,train
14471,0,train
14472,1,train
14473,1,train
14474,0,calib
14475,1,calib
14476,0,train
14477,1,train
14478,1,calib
14479,1,train
14480,1,train
14481,1,calib
14482,1,train
14483,1,train
14484,1,test
14485,1,train
14486,1,calib
14487,0,train
14488,1,calib
14489,1,train
14490,1,train
14491,0,train
14492,1,train
14493,1,train
14494,0,train
14495,1,train
14496,1,train
14497,1,train
14498,1,train
14499,1,train
14500,1,train
14501,1,calib
14502,1,train
14503,1,train
14504,1,train
14505,1,train
14506,1,test
14507,1,train
14508,1,calib
14509,1,test
14510,1,train
14511,0,train
14512,1,calib
14513,0,train
14514,1,train
14515,1,train
14516,1,test
14517,1,train
14518,0,train
14519,1,train
14520,1,train
14521,1,test
14522,1,calib
14523,0,train
14524,1,train
14525,1,test
14526,0,calib
14527,1,test
14528,1,calib
14529,0,test
14530,1,train
14531,1,train
14532,1,calib
14533,0,test
14534,1,train
14535,1,train
14536,1,train
14537,1,test
14538,1,calib
14539,0,calib
14540,1,calib
14541,1,train
14542,1,train
14543,1,calib
14544,1,train
14545,1,test
14546,0,test
14547,1,test
14548,1,train
14549,1,train
14550,0,train
14551,1,calib
14552,1,train
14553,1,train
14554,0,test
14555,1,test
14556,1,train
14557,1,calib
14558,0,calib
14559,1,train
14560,0,train
14561,1,train
14562,0,calib
14563,1,train
14564,1,train
14565,1,train
14566,1,train
14567,1,train
14568,1,train
14569,1,train
14570,0,train
14571,1,train
14572,1,test
14573,0,train
14574,1,calib
14575,1,train
14576,1,train
14577,1,train
14578,1,train
14579,0,train
14580,1,calib
14581,1,calib
14582,1,train
14583,0,calib
14584,0,train
14585,1,train
14586,0,train
14587,1,train
14588,1,test
14589,1,train
14590,1,calib
14591,1,train
14592,1,train
14593,1,train
14594,0,train
14595,1,test
14596,0,test
14597,0,train
14598,1,test
14599,0,train
14600,1,calib
14601,0,train
14602,1,calib
14603,1,train
14604,1,train
14605,1,test
14606,1,calib
14607,1,test
14608,1,test
14609,0,calib
14610,1,train
14611,1,train
14612,1,train
14613,1,calib
14614,1,train
14615,1,train
14616,1,test
14617,0,calib
14618,1,calib
14619,1,test
14620,1,train
14621,1,test
14622,1,train
14623,1,train
14624,0,test
14625,1,test
14626,0,train
14627,1,test
14628,0,train
14629,0,calib
14630,1,train
14631,1,train
14632,1,test
14633,1,train
14634,1,test
14635,1,test
14636,1,train
14637,1,train
14638,1,calib
14639,1,train
14640,0,train
14641,1,train
14642,1,test
14643,1,test
14644,0,train
14645,1,train
14646,1,calib
14647,1,calib
14648,0,train
14649,1,train
14650,0,train
14651,1,train
14652,0,test
14653,1,test
14654,1,calib
14655,0,train
14656,0,train
14657,1,train
14658,0,test
14659,1,test
14660,1,train
14661,0,test
14662,1,test
14663,1,calib
14664,1,test
14665,0,train
14666,1,train
14667,1,train
14668,0,train
14669,1,test
14670,1,train
14671,0,train
14672,1,train
14673,1,calib
14674,1,calib
14675,1,test
14676,0,train
14677,1,test
14678,1,train
14679,1,train
14680,1,train
14681,1,train
14682,1,train
14683,1,train
14684,0,train
14685,1,calib
14686,0,calib
14687,0,test
14688,1,calib
14689,1,train
14690,1,test
14691,1,train
14692,1,calib
14693,1,calib
14694,1,train
14695,0,calib
14696,1,train
14697,1,test
14698,1,calib
14699,0,train
14700,1,train
14701,0,train
14702,0,train
14703,1,train
14704,1,calib
14705,1,calib
14706,1,train
14707,1,calib
14708,1,calib
14709,1,train
14710,1,train
14711,1,train
14712,1,test
14713,1,train
14714,0,train
14715,0,calib
14716,1,calib
14717,0,train
14718,1,calib
14719,1,calib
14720,1,calib
14721,1,calib
14722,1,calib
14723,1,train
14724,1,train
14725,0,train
14726,0,train
14727,1,test
14728,0,train
14729,1,train
14730,1,calib
14731,1,train
14732,1,train
14733,0,test
14734,1,train
14735,1,test
14736,0,test
14737,0,train
14738,0,calib
14739,0,train
14740,1,train
14741,0,calib
14742,1,test
14743,1,train
14744,1,train
14745,1,train
14746,1,train
14747,1,train
14748,1,train
14749,1,train
14750,0,calib
14751,1,test
14752,1,train
14753,1,calib
14754,1,test
14755,1,train
14756,1,train
14757,0,test
14758,1,train
14759,1,train
14760,0,train
14761,0,train
14762,1,train
14763,1,train
14764,1,train
14765,1,calib
14766,1,calib
14767,1,calib
14768,1,test
14769,1,test
14770,1,train
14771,1,train
14772,1,train
14773,0,train
14774,0,train
14775,1,test
14776,1,test
14777,1,train
14778,1,test
14779,0,test
14780,1,train
14781,0,train
14782,1,test
14783,1,train
14784,1,train
14785,1,test
14786,1,train
14787,0,train
14788,1,train
14789,1,train
14790,1,calib
14791,0,test
14792,1,train
14793,0,train
14794,1,train
14795,0,train
14796,0,calib
14797,1,train
14798,1,test
14799,1,train
14800,1,train
14801,1,train
14802,0,test
14803,1,train
14804,1,train
14805,1,calib
14806,1,train
14807,1,calib
14808,1,test
14809,1,train
14810,1,train
14811,1,train
14812,1,train
14813,1,calib
14814,0,train
14815,0,train
14816,0,calib
14817,1,train
14818,0,train
14819,1,train
14820,1,train
14821,0,test
14822,0,test
14823,1,train
14824,1,train
14825,1,calib
14826,1,train
14827,0,test
14828,1,calib
14829,1,train
14830,0,test
14831,1,train
14832,1,test
14833,1,train
14834,1,train
14835,0,train
14836,0,train
14837,1,test
14838,0,calib
14839,0,test
14840,1,train
14841,1,train
14842,1,calib
14843,1,test
14844,1,test
14845,1,train
14846,1,calib
14847,0,train
14848,1,test
14849,1,train
14850,1,calib
14851,1,train
14852,1,train
14853,1,test
14854,1,test
14855,0,test
14856,0,calib
14857,1,calib
14858,1,train
14859,1,train
14860,1,calib
14861,0,test
14862,1,test
14863,0,calib
14864,0,train
14865,1,train
14866,0,train
14867,0,test
14868,1,test
14869,1,train
14870,1,test
14871,0,train
14872,1,train
14873,1,calib
14874,0,test
14875,1,train
14876,0,train
14877,1,train
14878,1,train
14879,1,calib
14880,1,train
14881,1,train
14882,0,test
14883,0,train
14884,1,train
14885,1,train
14886,1,calib
14887,1,calib
14888,0,test
14889,1,train
14890,1,test
14891,1,test
14892,1,test
14893,1,test
14894,0,calib
14895,1,train
14896,1,test
14897,0,train
14898,1,test
14899,1,train
14900,1,test
14901,1,train
14902,1,train
14903,0,calib
14904,1,train
14905,1,train
14906,1,train
14907,1,train
14908,1,train
14909,1,train
14910,1,train
14911,1,train
14912,1,train
14913,1,train
14914,1,train
14915,1,train
14916,0,train
14917,1,train
14918,1,calib
14919,0,calib
14920,1,test
14921,1,train
14922,0,train
14923,1,train
14924,1,train
14925,0,calib
14926,1,train
14927,1,test
14928,1,test
14929,0,train
14930,1,train
14931,1,test
14932,0,calib
14933,1,calib
14934,1,calib
14935,1,train
14936,1,train
14937,1,calib
14938,0,calib
14939,1,train
14940,1,train
14941,1,test
14942,0,train
14943,1,train
14944,1,train
14945,1,train
14946,1,train
14947,1,train
14948,0,test
14949,0,test
14950,0,train
14951,1,test
14952,1,calib
14953,1,train
14954,1,train
14955,1,calib
14956,0,train
14957,1,train
14958,0,calib
14959,1,train
14960,0,calib
14961,1,test
14962,0,train
14963,1,calib
14964,1,test
14965,1,train
14966,1,calib
14967,1,test
14968,0,calib
14969,1,calib
14970,1,calib
14971,1,calib
14972,1,train
14973,1,train
14974,1,calib
14975,1,train
14976,1,train
14977,0,train
14978,1,train
14979,1,calib
14980,1,train
14981,1,train
14982,1,train
14983,1,test
14984,1,train
14985,1,calib
14986,1,train
14987,1,train
14988,1,train
14989,1,test
14990,0,train
14991,0,test
14992,0,test
14993,0,test
14994,1,calib
14995,1,calib
14996,1,calib
14997,0,train
14998,1,test
14999,0,train
15000,1,train
15001,0,train
15002,1,test
15003,1,test
15004,0,calib
15005,1,calib
15006,0,train
15007,1,train
15008,1,test
15009,1,train
15010,1,calib
15011,1,calib
15012,1,test
15013,1,train
15014,1,test
15015,0,train
15016,1,train
15017,1,train
15018,0,train
15019,1,train
15020,1,calib
15021,1,calib
15022,1,train
15023,1,train
15024,1,calib
15025,1,train
15026,1,calib
15027,1,train
15028,1,train
15029,1,train
15030,1,calib
15031,1,train
15032,0,train
15033,1,train
15034,0,train
15035,0,train
15036,1,test
15037,0,train
15038,1,train
15039,1,test
15040,1,train
15041,1,test
15042,1,train
15043,1,train
15044,1,calib
15045,1,test
15046,1,test
15047,1,train
15048,1,train
15049,1,train
15050,1,test
15051,1,train
15052,1,train
15053,1,train
15054,1,train
15055,1,test
15056,0,calib
15057,1,train
15058,1,calib
15059,1,calib
15060,1,test
15061,1,calib
15062,1,train
15063,1,train
15064,1,train
15065,1,train
15066,1,train
15067,1,train
15068,0,calib
15069,1,train
15070,0,train
15071,0,train
15072,1,calib
15073,1,train
15074,0,train
15075,0,train
15076,1,calib
15077,0,train
15078,1,train
15079,1,test
15080,1,calib
15081,1,train
15082,0,train
15083,1,train
15084,1,calib
15085,0,train
15086,1,train
15087,0,train
15088,1,train
15089,0,train
15090,1,train
15091,1,train
15092,1,train
15093,1,train
15094,1,calib
15095,0,calib
15096,1,train
15097,1,train
15098,1,train
15099,1,calib
15100,0,calib
15101,0,train
15102,1,train
15103,1,test
15104,0,train
15105,0,train
15106,1,calib
15107,1,train
15108,0,train
15109,1,calib
15110,1,train
15111,1,train
15112,1,train
15113,1,test
15114,1,train
15115,1,train
15116,1,train
15117,0,train
15118,1,train
15119,0,train
15120,1,calib
15121,0,train
15122,1,train
15123,1,train
15124,1,train
15125,0,calib
15126,1,train
15127,0,train
15128,1,test
15129,1,test
15130,1,calib
15131,1,train
15132,0,train
15133,0,train
15134,1,train
15135,1,calib
15136,1,train
15137,1,train
15138,1,test
15139,1,train
15140,1,calib
15141,0,calib
15142,1,calib
15143,0,train
15144,1,train
15145,1,test
15146,0,train
15147,1,calib
15148,1,calib
15149,1,train
15150,1,calib
15151,1,train
15152,1,train
15153,0,calib
15154,1,train
15155,1,train
15156,1,train
15157,1,train
15158,1,train
15159,1,train
15160,0,train
15161,0,calib
15162,1,train
15163,1,calib
15164,1,train
15165,0,train
15166,1,calib
15167,1,calib
15168,1,train
15169,1,calib
15170,1,train
15171,1,train
15172,0,train
15173,1,test
15174,1,train
15175,1,train
15176,1,calib
15177,1,calib
15178,1,test
15179,1,train
15180,1,test
15181,1,train
15182,1,test
15183,1,train
15184,1,train
15185,1,test
15186,0,calib
15187,0,test
15188,0,train
15189,1,train
15190,1,calib
15191,0,calib
15192,1,test
15193,1,train
15194,1,test
15195,1,test
15196,1,calib
15197,1,train
15198,1,calib
15199,0,train
15200,1,calib
15201,1,train
15202,1,calib
15203,1,calib
15204,0,train
15205,1,train
15206,1,train
15207,1,train
15208,1,train
15209,1,train
15210,1,train
15211,0,train
15212,1,train
15213,1,train
15214,1,train
15215,1,train
15216,1,calib
15217,1,test
15218,1,train
15219,1,calib
15220,1,train
15221,1,calib
15222,1,train
15223,1,train
15224,1,calib
15225,0,test
15226,1,train
15227,1,calib
15228,1,train
15229,0,train
15230,0,calib
15231,1,train
15232,0,train
15233,1,calib
15234,1,train
15235,1,train
15236,1,train
15237,1,train
15238,1,train
15239,0,test
15240,1,calib
15241,1,train
15242,0,train
15243,1,train
15244,0,calib
15245,1,test
15246,1,calib
15247,1,test
15248,0,train
15249,1,calib
15250,0,test
15251,1,test
15252,1,train
15253,0,test
15254,1,train
15255,1,test
15256,1,train
15257,0,train
15258,1,test
15259,0,test
15260,1,test
15261,0,train
15262,1,calib
15263,1,calib
15264,1,train
15265,1,train
15266,1,train
15267,1,train
15268,1,train
15269,1,train
15270,1,calib
15271,0,train
15272,1,calib
15273,1,train
15274,1,train
15275,0,test
15276,1,train
15277,1,train
15278,0,train
15279,0,test
15280,1,train
15281,1,train
15282,1,train
15283,1,calib
15284,0,train
15285,1,train
15286,1,test
15287,1,calib
15288,1,train
15289,1,calib
15290,0,test
15291,1,train
15292,1,calib
15293,1,train
15294,1,calib
15295,1,calib
15296,0,test
15297,1,test
15298,1,calib
15299,1,train
15300,1,test
15301,1,calib
15302,1,train
15303,1,train
15304,1,train
15305,1,train
15306,1,train
15307,1,train
15308,1,train
15309,1,train
15310,1,calib
15311,0,test
15312,1,train
15313,1,train
15314,1,train
15315,0,train
15316,1,train
15317,1,train
15318,0,train
15319,1,calib
15320,0,train
15321,1,train
15322,1,train
15323,1,test
15324,1,calib
15325,1,test
15326,1,train
15327,1,train
15328,1,calib
15329,1,train
15330,1,test
15331,0,test
15332,1,calib
15333,1,train
15334,0,train
15335,0,train
15336,1,calib
15337,1,train
15338,1,calib
15339,1,test
15340,1,test
15341,0,test
15342,1,train
15343,0,train
15344,1,test
15345,0,train
15346,1,train
15347,0,test
15348,1,test
15349,0,train
15350,1,calib
15351,1,calib
15352,0,test
15353,1,calib
15354,1,calib
15355,1,test
15356,1,calib
15357,1,calib
15358,1,train
15359,1,calib
15360,1,train
15361,1,calib
15362,1,train
15363,1,calib
15364,1,test
15365,0,calib
15366,1,train
15367,1,train
15368,1,train
15369,0,train
15370,0,test
15371,1,calib
15372,1,train
15373,1,train
15374,1,train
15375,0,train
15376,1,train
15377,1,train
15378,1,calib
15379,1,test
15380,1,train
15381,0,train
15382,0,train
15383,1,train
15384,0,calib
15385,1,test
15386,1,calib
15387,0,test
15388,0,train
15389,1,train
15390,0,train
15391,1,train
15392,1,train
15393,1,train
15394,0,calib
15395,1,train
15396,1,train
15397,1,test
15398,1,train
15399,1,train
15400,1,train
15401,1,train
15402,1,train
15403,1,train
15404,1,train
15405,1,train
15406,1,test
15407,1,train
15408,0,calib
15409,0,train
15410,1,train
15411,0,test
15412,1,train
15413,1,calib
15414,1,train
15415,0,train
15416,1,train
15417,1,test
15418,0,train
15419,1,train
15420,0,train
15421,1,calib
15422,1,train
15423,1,calib
15424,1,train
15425,0,train
15426,1,train
15427,1,train
15428,1,calib
15429,1,calib
15430,1,train
15431,0,train
15432,1,train
15433,1,train
15434,1,calib
15435,0,train
15436,0,test
15437,1,train
15438,1,train
15439,1,train
15440,1,calib
15441,1,train
15442,1,calib
15443,1,test
15444,1,test
15445,1,train
15446,1,test
15447,0,calib
15448,1,train
15449,1,calib
15450,0,calib
15451,1,train
15452,1,train
15453,0,train
15454,1,train
15455,0,train
15456,1,train
15457,1,calib
15458,1,train
15459,1,train
15460,0,train
15461,1,train
15462,0,calib
15463,1,train
15464,1,train
15465,1,train
15466,0,train
15467,0,train
15468,1,calib
15469,1,train
15470,0,train
15471,1,test
15472,1,train
15473,1,train
15474,1,train
15475,0,train
15476,1,train
15477,0,calib
15478,1,test
15479,1,train
15480,1,train
15481,0,train
15482,1,train
15483,1,calib
15484,1,train
15485,1,calib
15486,1,train
15487,0,train
15488,1,test
15489,0,train
15490,1,train
15491,1,calib
15492,1,train
15493,1,train
15494,0,train
15495,0,test
15496,0,train
15497,0,train
15498,1,test
15499,1,calib
15500,1,train
15501,1,calib
15502,1,train
15503,1,train
15504,1,test
15505,1,calib
15506,1,train
15507,0,calib
15508,0,train
15509,1,train
15510,1,train
15511,1,calib
15512,1,train
15513,0,train
15514,1,train
15515,0,calib
15516,1,train
15517,0,train
15518,1,train
15519,1,train
15520,1,test
15521,1,calib
15522,1,calib
15523,1,train
15524,0,train
15525,1,train
15526,1,train
15527,1,test
15528,0,train
15529,1,train
15530,1,train
15531,1,test
15532,1,train
15533,1,train
15534,1,train
15535,1,calib
15536,1,train
15537,1,train
15538,0,calib
15539,1,train
15540,1,test
15541,1,train
15542,1,test
15543,0,train
15544,1,train
15545,1,train
15546,0,train
15547,1,train
15548,1,test
15549,1,calib
15550,1,train
15551,0,calib
15552,1,train
15553,0,train
15554,1,test
15555,0,train
15556,0,train
15557,1,calib
15558,0,train
15559,1,train
15560,1,train
15561,0,calib
15562,0,train
15563,1,train
15564,1,train
15565,0,train
15566,1,train
15567,0,train
15568,1,train
15569,1,calib
15570,1,test
15571,1,train
15572,1,train
15573,1,train
15574,1,train
15575,1,train
15576,0,train
15577,0,train
15578,1,calib
15579,0,test
15580,1,train
15581,0,test
15582,1,train
15583,1,test
15584,1,test
15585,1,test
15586,0,train
15587,1,test
15588,1,train
15589,1,train
15590,0,calib
15591,0,train
15592,0,test
15593,1,train
15594,1,test
15595,0,test
15596,1,train
15597,1,train
15598,1,test
15599,1,train
15600,1,train
15601,0,calib
15602,1,train
15603,1,train
15604,0,test
15605,1,calib
15606,1,train
15607,1,train
15608,0,train
15609,1,test
15610,1,test
15611,1,train
15612,0,train
15613,1,train
15614,1,train
15615,1,train
15616,1,train
15617,1,calib
15618,0,calib
15619,0,test
15620,1,test
15621,0,test
15622,1,calib
15623,1,calib
15624,1,train
15625,1,calib
15626,1,test
15627,0,train
15628,1,train
15629,0,train
15630,0,test
15631,0,train
15632,0,train
15633,0,train
15634,1,train
15635,1,test
15636,0,train
15637,1,train
15638,1,train
15639,1,train
15640,1,test
15641,1,calib
15642,0,train
15643,1,train
15644,0,train
15645,1,train
15646,1,train
15647,0,test
15648,1,test
15649,1,train
15650,1,calib
15651,0,test
15652,1,train
15653,1,train
15654,0,train
15655,1,test
15656,1,test
15657,1,calib
15658,1,calib
15659,1,train
15660,0,train
15661,1,train
15662,1,train
15663,1,train
15664,0,train
15665,1,test
15666,0,train
15667,1,train
15668,0,train
15669,0,train
15670,0,train
15671,1,calib
15672,1,train
15673,1,train
15674,1,test
15675,1,test
15676,1,test
15677,1,test
15678,1,calib
15679,0,calib
15680,1,test
15681,1,train
15682,1,train
15683,1,train
15684,1,train
15685,1,calib
15686,1,calib
15687,1,calib
15688,1,train
15689,0,calib
15690,1,calib
15691,0,train
15692,0,calib
15693,1,train
15694,1,train
15695,1,train
15696,1,test
15697,1,train
15698,1,train
15699,1,train
15700,1,train
15701,1,train
15702,1,calib
15703,1,test
15704,1,test
15705,1,calib
15706,1,train
15707,1,train
15708,0,calib
15709,1,calib
15710,0,test
15711,1,train
15712,0,test
15713,1,calib
15714,1,calib
15715,1,train
15716,1,train
15717,1,train
15718,0,calib
15719,1,train
15720,1,train
15721,1,train
15722,1,test
15723,1,calib
15724,1,calib
15725,1,test
15726,0,train
15727,0,test
15728,1,test
15729,1,train
15730,1,train
15731,0,calib
15732,1,train
15733,1,train
15734,1,test
15735,1,test
15736,1,train
15737,0,train
15738,0,train
15739,1,test
15740,1,test
15741,0,train
15742,1,calib
15743,1,train
15744,0,test
15745,0,test
15746,0,train
15747,1,train
15748,1,train
15749,0,calib
15750,1,train
15751,1,train
15752,1,calib
15753,1,test
15754,0,calib
15755,1,calib
15756,1,train
15757,0,train
15758,1,calib
15759,1,calib
15760,0,train
15761,1,test
15762,0,train
15763,1,test
15764,1,train
15765,1,train
15766,1,calib
15767,0,train
15768,0,train
15769,1,train
15770,1,train
15771,1,train
15772,1,train
15773,1,calib
15774,0,test
15775,0,calib
15776,1,train
15777,0,calib
15778,1,train
15779,1,calib
15780,1,calib
15781,1,test
15782,1,train
15783,0,calib
15784,1,train
15785,0,train
15786,1,calib
15787,0,train
15788,1,train
15789,1,train
15790,1,calib
15791,1,train
15792,1,train
15793,1,test
15794,1,train
15795,1,test
15796,1,train
15797,1,train
15798,1,calib
15799,1,train
15800,1,calib
15801,1,train
15802,1,test
15803,1,train
15804,0,train
15805,1,calib
15806,0,calib
15807,1,train
15808,1,train
15809,0,test
15810,1,train
15811,1,train
15812,0,train
15813,0,calib
15814,1,train
15815,1,train
15816,1,train
15817,0,train
15818,1,calib
15819,1,train
15820,1,train
15821,1,train
15822,1,train
15823,1,calib
15824,1,train
15825,1,test
15826,1,train
15827,1,calib
15828,1,test
15829,0,train
15830,0,train
15831,0,test
15832,0,calib
15833,1,test
15834,1,calib
15835,1,train
15836,1,train
15837,1,train
15838,1,train
15839,0,calib
15840,1,train
15841,1,train
15842,1,train
15843,1,train
15844,1,train
15845,1,test
15846,1,calib
15847,0,train
15848,1,calib
15849,1,train
15850,1,train
15851,1,train
15852,0,train
15853,1,train
15854,1,test
15855,1,calib
15856,1,calib
15857,0,calib
15858,1,calib
15859,1,calib
15860,0,train
15861,1,test
15862,1,train
15863,1,test
15864,1,test
15865,1,calib
15866,1,train
15867,1,test
15868,1,train
15869,0,calib
15870,0,train
15871,1,train
15872,1,train
15873,0,test
15874,1,calib
15875,0,train
15876,1,train
15877,1,train
15878,0,train
15879,1,test
15880,0,train
15881,1,train
15882,1,test
15883,1,train
15884,1,train
15885,1,test
15886,1,train
15887,0,train
15888,1,train
15889,1,test
15890,1,test
15891,0,train
15892,0,test
15893,1,train
15894,1,test
15895,1,train
15896,1,train
15897,1,test
15898,1,train
15899,1,train
15900,1,calib
15901,1,calib
15902,1,test
15903,1,train
15904,0,calib
15905,1,test
15906,1,train
15907,0,train
15908,1,test
15909,0,train
15910,1,test
15911,1,calib
15912,1,train
15913,1,train
15914,1,train
15915,0,calib
15916,1,calib
15917,1,calib
15918,1,train
15919,1,train
15920,0,test
15921,0,train
15922,1,calib
15923,0,train
15924,1,train
15925,1,train
15926,1,train
15927,1,test
15928,1,train
15929,1,train
15930,1,train
15931,1,train
15932,0,train
15933,1,train
15934,1,train
15935,1,train
15936,1,train
15937,1,test
15938,1,train
15939,1,train
15940,0,train
15941,1,train
15942,1,train
15943,1,train
15944,0,train
15945,1,train
15946,1,test
15947,1,train
15948,0,train
15949,1,train
15950,1,train
15951,1,train
15952,1,train
15953,1,train
15954,0,train
15955,0,test
15956,0,calib
15957,1,test
15958,1,test
15959,1,test
15960,1,test
15961,0,train
15962,1,train
15963,1,train
15964,1,train
15965,1,calib
15966,0,train
15967,1,calib
15968,0,train
15969,1,train
15970,1,train
15971,0,train
15972,1,train
15973,1,train
15974,1,train
15975,1,train
15976,1,train
15977,1,train
15978,1,train
15979,1,test
15980,1,train
15981,1,test
15982,1,test
15983,1,train
15984,1,train
15985,0,test
15986,1,train
15987,1,train
15988,1,calib
15989,1,train
15990,1,train
15991,1,train
15992,1,train
15993,1,train
15994,1,test
15995,1,train
15996,1,calib
15997,1,test
15998,0,test
15999,1,train
16000,0,train
16001,1,test
16002,1,train
16003,1,calib
16004,0,test
16005,1,calib
16006,1,calib
16007,1,train
16008,1,test
16009,1,train
16010,1,train
16011,1,train
16012,0,train
16013,1,test
16014,1,train
16015,1,calib
16016,1,train
16017,0,train
16018,0,train
16019,1,train
16020,1,train
16021,1,train
16022,1,test
16023,1,train
16024,1,train
16025,0,train
16026,1,test
16027,1,train
16028,1,train
16029,1,calib
16030,1,train
16031,1,train
16032,0,train
16033,1,train
16034,0,train
16035,1,train
16036,1,test
16037,1,test
16038,1,train
16039,0,train
16040,0,train
16041,1,train
16042,1,train
16043,1,train
16044,1,train
16045,1,train
16046,0,train
16047,1,train
16048,1,train
16049,1,train
16050,0,train
16051,1,test
16052,0,train
16053,0,train
16054,0,test
16055,1,train
16056,1,test
16057,1,test
16058,1,calib
16059,1,calib
16060,1,train
16061,1,train
16062,0,train
16063,1,train
16064,1,test
16065,1,calib
16066,1,calib
16067,1,train
16068,1,test
16069,1,train
16070,1,train
16071,1,test
16072,1,train
16073,1,train
16074,1,test
16075,1,train
16076,1,train
16077,1,train
16078,0,train
16079,0,train
16080,1,train
16081,0,train
16082,1,train
16083,1,train
16084,1,train
16085,1,train
16086,1,train
16087,1,calib
16088,1,train
16089,1,train
16090,1,test
16091,1,train
16092,0,train
16093,0,train
16094,0,calib
16095,1,calib
16096,1,train
16097,1,test
16098,1,train
16099,1,train
16100,1,train
16101,1,test
16102,0,train
16103,1,train
16104,1,train
16105,1,calib
16106,1,test
16107,1,train
16108,1,train
16109,0,train
16110,1,test
16111,1,train
16112,1,calib
16113,0,train
16114,1,calib
16115,1,test
16116,0,train
16117,0,calib
16118,1,train
16119,1,test
16120,1,train
16121,1,train
16122,1,train
16123,1,train
16124,1,train
16125,1,train
16126,0,train
16127,1,train
16128,1,train
16129,1,calib
16130,1,train
16131,1,train
16132,1,test
16133,1,test
16134,1,calib
16135,1,test
16136,1,test
16137,1,train
16138,1,train
16139,0,train
16140,1,train
16141,1,calib
16142,1,test
16143,1,train
16144,1,calib
16145,1,calib
16146,1,train
16147,1,calib
16148,1,train
16149,1,train
16150,1,train
16151,0,calib
16152,0,train
16153,1,train
16154,1,train
16155,1,calib
16156,1,test
16157,1,train
16158,1,train
16159,1,train
16160,1,train
16161,1,calib
16162,1,train
16163,1,calib
16164,0,train
16165,0,calib
16166,1,calib
16167,0,train
16168,0,train
16169,1,train
16170,0,train
16171,0,calib
16172,1,calib
16173,1,train
16174,0,train
16175,1,test
16176,0,calib
16177,0,calib
16178,1,test
16179,1,train
16180,0,train
16181,1,train
16182,0,calib
16183,1,test
16184,1,train
16185,1,train
16186,1,calib
16187,1,train
16188,0,train
16189,1,test
16190,0,test
16191,1,test
16192,1,calib
16193,1,calib
16194,1,calib
16195,1,train
16196,1,calib
16197,1,test
16198,1,calib
16199,1,train
16200,1,train
16201,1,train
16202,1,train
16203,1,train
16204,0,test
16205,0,train
16206,0,train
16207,1,test
16208,1,train
16209,1,test
16210,1,test
16211,1,calib
16212,1,train
16213,1,train
16214,1,train
16215,1,train
16216,1,test
16217,0,train
16218,1,calib
16219,1,train
16220,0,test
16221,1,train
16222,1,train
16223,1,test
16224,1,train
16225,0,train
16226,1,train
16227,0,calib
16228,1,calib
16229,1,calib
16230,1,test
16231,1,test
16232,1,test
16233,1,test
16234,0,calib
16235,1,train
16236,1,train
16237,1,test
16238,0,calib
16239,1,calib
16240,1,train
16241,0,test
16242,1,train
16243,1,test
16244,1,train
16245,1,train
16246,0,train
16247,1,train
16248,1,train
16249,1,train
16250,1,train
16251,1,train
16252,0,train
16253,1,calib
16254,1,train
16255,1,train
16256,1,train
16257,1,test
16258,1,calib
16259,0,train
16260,1,calib
16261,0,train
16262,1,train
16263,1,train
16264,0,test
16265,1,train
16266,1,test
16267,1,test
16268,0,calib
16269,0,train
16270,1,train
16271,1,train
16272,1,train
16273,1,train
16274,1,calib
16275,1,train
16276,1,test
16277,0,train
16278,1,train
16279,1,calib
16280,1,train
16281,1,calib
16282,0,train
16283,0,train
16284,0,train
16285,0,train
16286,1,test
16287,0,test
16288,1,train
16289,1,train
16290,1,train
16291,1,train
16292,1,test
16293,1,train
16294,1,train
16295,0,train
16296,1,train
16297,1,train
16298,1,train
16299,1,train
16300,1,train
16301,0,train
16302,1,train
16303,0,test
16304,1,calib
16305,1,train
16306,0,calib
16307,1,train
16308,1,train
16309,1,train
16310,0,train
16311,1,calib
16312,1,test
16313,1,calib
16314,1,train
16315,1,test
16316,1,train
16317,1,test
16318,1,train
16319,1,test
16320,0,test
16321,1,train
16322,1,test
16323,1,test
16324,1,train
16325,1,train
16326,0,train
16327,1,calib
16328,1,test
16329,1,train
16330,1,train
16331,0,test
16332,1,train
16333,1,train
16334,1,test
16335,1,train
16336,1,train
16337,0,train
16338,1,train
16339,1,test
16340,1,train
16341,1,train
16342,0,train
16343,1,train
16344,1,train
16345,0,train
16346,1,train
16347,1,test
16348,1,train
16349,1,test
16350,1,train
16351,1,test
16352,0,test
16353,1,train
16354,1,test
16355,1,train
16356,1,calib
16357,1,train
16358,1,test
16359,1,test
16360,1,train
16361,1,train
16362,1,train
16363,1,calib
16364,1,calib
16365,1,train
16366,1,train
16367,1,train
16368,1,train
16369,1,train
16370,1,test
16371,1,train
16372,0,train
16373,1,train
16374,1,calib
16375,1,train
16376,1,train
16377,1,test
16378,1,train
16379,1,train
16380,1,train
16381,1,train
16382,1,calib
16383,1,test
16384,1,train
16385,1,train
16386,1,train
16387,1,train
16388,1,test
16389,1,train
16390,0,train
16391,1,calib
16392,1,calib
16393,0,train
16394,1,train
16395,1,calib
16396,1,train
16397,1,test
16398,1,train
16399,1,calib
16400,1,train
16401,1,train
16402,1,train
16403,0,train
16404,0,train
16405,1,test
16406,1,train
16407,0,calib
16408,1,calib
16409,0,train
16410,1,test
16411,1,train
16412,1,train
16413,1,train
16414,1,test
16415,1,calib
16416,0,train
16417,1,calib
16418,0,train
16419,1,train
16420,1,train
16421,1,calib
16422,0,train
16423,1,calib
16424,1,calib
16425,1,train
16426,1,calib
16427,1,train
16428,0,train
16429,1,test
16430,0,train
16431,1,calib
16432,1,train
16433,1,train
16434,1,calib
16435,1,calib
16436,1,train
16437,1,train
16438,0,calib
16439,1,train
16440,1,train
16441,1,test
16442,1,train
16443,1,train
16444,1,train
16445,1,test
16446,1,train
16447,1,train
16448,1,train
16449,0,train
16450,1,train
16451,1,calib
16452,1,test
16453,1,test
16454,1,calib
16455,1,train
16456,1,train
16457,0,train
16458,1,calib
16459,1,train
16460,0,train
16461,1,test
16462,0,train
16463,1,calib
16464,1,calib
16465,1,train
16466,1,train
16467,1,train
16468,0,train
16469,1,test
16470,0,train
16471,1,test
16472,1,calib
16473,1,train
16474,0,train
16475,1,calib
16476,1,test
16477,1,train
16478,1,train
16479,1,calib
16480,1,test
16481,1,train
16482,0,test
16483,1,test
16484,0,train
16485,1,test
16486,1,calib
16487,1,test
16488,1,train
16489,0,calib
16490,1,train
16491,1,calib
16492,0,calib
16493,1,train
16494,1,train
16495,1,test
16496,0,calib
16497,1,calib
16498,1,train
16499,1,train
16500,0,train
16501,1,calib
16502,0,test
16503,1,train
16504,1,train
16505,1,train
16506,1,test
16507,1,calib
16508,1,train
16509,1,train
16510,1,train
16511,1,train
16512,1,train
16513,1,test
16514,1,calib
16515,1,train
16516,0,train
16517,1,train
16518,0,calib
16519,1,train
16520,1,train
16521,1,train
16522,1,train
16523,0,train
16524,1,train
16525,1,test
16526,1,calib
16527,0,train
16528,1,test
16529,1,train
16530,1,test
16531,1,train
16532,1,train
16533,1,train
16534,1,train
16535,1,test
16536,1,train
16537,1,train
16538,1,train
16539,0,train
16540,1,train
16541,1,train
16542,1,test
16543,0,test
16544,1,test
16545,1,train
16546,1,train
16547,1,train
16548,1,train
16549,1,calib
16550,1,calib
16551,1,test
16552,1,train
16553,0,calib
16554,1,calib
16555,1,test
16556,1,train
16557,0,train
16558,1,test
16559,1,train
16560,1,test
16561,1,test
16562,1,test
16563,1,train
16564,1,train
16565,1,train
16566,1,train
16567,1,calib
16568,1,train
16569,0,train
16570,1,train
16571,1,train
16572,1,test
16573,1,train
16574,1,test
16575,1,train
16576,0,calib
16577,1,test
16578,1,train
16579,1,test
16580,1,train
16581,1,test
16582,1,test
16583,1,calib
16584,1,train
16585,0,train
16586,1,calib
16587,1,train
16588,0,calib
16589,1,train
16590,1,train
16591,1,train
16592,1,train
16593,0,test
16594,1,train
16595,1,train
16596,0,test
16597,0,calib
16598,1,train
16599,1,train
16600,1,test
16601,0,train
16602,1,calib
16603,1,train
16604,0,train
16605,1,train
16606,1,train
16607,0,train
16608,0,test
16609,1,train
16610,1,train
16611,1,test
16612,1,train
16613,1,train
16614,1,calib
16615,1,train
16616,1,calib
16617,1,train
16618,1,test
16619,0,test
16620,1,test
16621,0,train
16622,0,train
16623,1,calib
16624,1,calib
16625,1,train
16626,1,train
16627,0,calib
16628,1,train
16629,1,train
16630,1,calib
16631,0,train
16632,1,train
16633,1,train
16634,1,train
16635,0,train
16636,1,train
16637,0,test
16638,1,train
16639,1,train
16640,1,test
16641,1,test
16642,1,train
16643,0,train
16644,1,train
16645,1,train
16646,1,test
16647,1,test
16648,1,test
16649,0,test
16650,1,train
16651,1,train
16652,1,calib
16653,1,train
16654,1,calib
16655,0,train
16656,0,test
16657,0,train
16658,1,train
16659,1,train
16660,1,calib
16661,1,train
16662,0,train
16663,0,train
16664,1,train
16665,1,calib
16666,1,train
16667,0,train
16668,0,train
16669,0,calib
16670,0,test
16671,1,train
16672,1,train
16673,0,calib
16674,1,calib
16675,1,train
16676,1,train
16677,1,train
16678,1,test
16679,1,train
16680,1,train
16681,1,train
16682,0,train
16683,0,train
16684,0,test
16685,0,train
16686,1,test
16687,1,train
16688,1,train
16689,0,train
16690,0,calib
16691,1,train
16692,1,train
16693,1,train
16694,0,calib
16695,1,train
16696,1,calib
16697,0,test
16698,1,calib
16699,0,train
16700,0,train
16701,0,calib
16702,0,train
16703,0,test
16704,1,calib
16705,1,train
16706,1,train
16707,1,calib
16708,1,test
16709,1,train
16710,1,train
16711,1,test
16712,1,train
16713,1,train
16714,1,train
16715,1,train
16716,0,train
16717,1,train
16718,1,train
16719,0,train
16720,1,train
16721,0,test
16722,1,train
16723,1,train
16724,1,train
16725,1,train
16726,1,test
16727,1,train
16728,1,train
16729,0,train
16730,1,calib
16731,1,train
16732,1,calib
16733,1,train
16734,1,calib
16735,1,train
16736,1,train
16737,1,train
16738,1,train
16739,1,test
16740,0,train
16741,1,calib
16742,0,test
16743,1,train
16744,1,train
16745,1,train
16746,1,test
16747,0,calib
16748,1,train
16749,1,train
16750,1,train
16751,1,test
16752,0,train
16753,1,train
16754,1,train
16755,1,test
16756,1,test
16757,0,train
16758,0,test
16759,0,train
16760,1,test
16761,1,test
16762,1,train
16763,0,train
16764,1,train
16765,0,calib
16766,1,test
16767,1,train
16768,1,train
16769,1,calib
16770,1,train
16771,1,train
16772,1,train
16773,1,train
16774,1,test
16775,1,calib
16776,1,test
16777,1,train
16778,0,calib
16779,1,test
16780,1,calib
16781,1,calib
16782,0,train
16783,1,test
16784,1,test
16785,0,train
16786,1,train
16787,1,train
16788,0,train
16789,0,test
16790,0,train
16791,1,train
16792,1,train
16793,1,train
16794,1,test
16795,1,train
16796,0,calib
16797,0,train
16798,1,test
16799,1,train
16800,1,train
16801,1,train
16802,1,train
16803,0,test
16804,1,train
16805,0,test
16806,0,calib
16807,1,test
16808,0,train
16809,1,train
16810,0,train
16811,0,train
16812,1,train
16813,1,test
16814,1,test
16815,1,train
16816,1,test
16817,1,calib
16818,0,train
16819,1,train
16820,1,train
16821,1,train
16822,1,calib
16823,0,train
16824,1,test
16825,1,train
16826,1,train
16827,1,train
16828,1,calib
16829,0,train
16830,1,test
16831,1,calib
16832,0,calib
16833,0,train
16834,1,train
16835,1,calib
16836,1,test
16837,1,train
16838,1,calib
16839,1,train
16840,1,train
16841,1,test
16842,1,train
16843,1,train
16844,1,calib
16845,1,train
16846,1,train
16847,0,train
16848,0,test
16849,1,train
16850,1,train
16851,1,train
16852,1,calib
16853,1,calib
16854,1,test
16855,1,train
16856,0,train
16857,1,train
16858,1,calib
16859,1,train
16860,1,test
16861,1,train
16862,0,calib
16863,1,train
16864,0,train
16865,0,calib
16866,1,test
16867,1,test
16868,1,test
16869,1,train
16870,0,calib
16871,1,calib
16872,1,train
16873,1,test
16874,0,train
16875,1,train
16876,1,train
16877,1,test
16878,1,train
16879,1,train
16880,1,train
16881,1,test
16882,1,calib
16883,1,test
16884,1,train
16885,1,train
16886,1,calib
16887,1,train
16888,1,calib
16889,1,train
16890,1,test
16891,1,train
16892,1,train
16893,1,train
16894,1,test
16895,1,test
16896,1,train
16897,0,train
16898,1,train
16899,1,train
16900,1,test
16901,1,train
16902,1,calib
16903,0,train
16904,1,train
16905,1,train
16906,0,calib
16907,1,calib
16908,0,train
16909,0,test
16910,0,train
16911,1,train
16912,1,train
16913,1,calib
16914,0,test
16915,1,test
16916,1,train
16917,1,test
16918,0,train
16919,0,train
16920,0,train
16921,1,calib
16922,0,train
16923,0,test
16924,0,calib
16925,1,train
16926,1,calib
16927,1,train
16928,1,test
16929,1,train
16930,0,train
16931,1,test
16932,1,train
16933,1,train
16934,1,train
16935,1,train
16936,0,test
16937,1,train
16938,0,calib
16939,1,train
16940,1,test
16941,1,test
16942,1,calib
16943,1,calib
16944,0,train
16945,0,train
16946,0,train
16947,1,train
16948,1,calib
16949,1,train
16950,1,calib
16951,1,train
16952,1,train
16953,0,train
16954,1,calib
16955,1,train
16956,1,train
16957,1,train
16958,1,train
16959,1,test
16960,0,calib
16961,0,train
16962,1,train
16963,1,train
16964,0,train
16965,0,test
16966,1,calib
16967,1,calib
16968,1,calib
16969,1,train
16970,0,train
16971,0,calib
16972,1,calib
16973,1,test
16974,0,calib
16975,1,train
16976,1,test
16977,1,train
16978,1,train
16979,0,train
16980,1,calib
16981,1,test
16982,1,train
16983,1,train
16984,1,train
16985,1,calib
16986,1,test
16987,0,calib
16988,1,train
16989,0,test
16990,1,train
16991,0,train
16992,1,train
16993,1,train
16994,1,test
16995,1,train
16996,1,test
16997,1,train
16998,0,train
16999,1,train
17000,0,calib
17001,0,train
17002,0,test
17003,0,train
17004,1,test
17005,1,test
17006,1,train
17007,1,train
17008,1,train
17009,1,calib
17010,1,train
17011,1,train
17012,1,train
17013,0,train
17014,1,train
17015,1,train
17016,1,train
17017,0,test
17018,0,train
17019,1,train
17020,1,train
17021,1,test
17022,0,train
17023,1,calib
17024,0,train
17025,1,train
17026,1,train
17027,0,train
17028,0,train
17029,1,train
17030,1,train
17031,1,train
17032,1,train
17033,1,train
17034,1,calib
17035,1,test
17036,1,train
17037,1,train
17038,1,calib
17039,1,train
17040,1,train
17041,1,train
17042,0,train
17043,1,calib
17044,1,train
17045,1,test
17046,1,train
17047,1,calib
17048,1,test
17049,0,test
17050,1,train
17051,0,calib
17052,0,train
17053,0,train
17054,0,train
17055,1,train
17056,1,train
17057,1,test
17058,0,train
17059,1,train
17060,1,test
17061,1,train
17062,1,test
17063,0,train
17064,1,train
17065,1,train
17066,1,train
17067,1,calib
17068,1,train
17069,1,test
17070,1,calib
17071,1,train
17072,1,train
17073,1,test
17074,1,test
17075,1,calib
17076,0,calib
17077,0,test
17078,1,train
17079,0,train
17080,1,test
17081,1,calib
17082,1,test
17083,1,calib
17084,1,train
17085,0,train
17086,1,train
17087,1,train
17088,0,train
17089,1,train
17090,1,train
17091,1,train
17092,0,train
17093,1,train
17094,1,test
17095,1,train
17096,1,calib
17097,1,test
17098,1,train
17099,1,calib
17100,1,calib
17101,1,calib
17102,1,train
17103,1,calib
17104,1,calib
17105,1,train
17106,1,train
17107,1,test
17108,1,calib
17109,1,train
17110,0,train
17111,1,test
17112,1,train
17113,1,train
17114,1,train
17115,0,calib
17116,0,test
17117,1,train
17118,1,test
17119,1,train
17120,0,train
17121,0,train
17122,0,calib
17123,1,calib
17124,1,train
17125,1,train
17126,0,test
17127,1,train
17128,1,train
17129,1,train
17130,0,train
17131,1,test
17132,1,train
17133,1,train
17134,0,test
17135,0,train
17136,0,calib
17137,1,test
17138,1,train
17139,1,train
17140,1,train
17141,1,train
17142,1,train
17143,1,train
17144,1,train
17145,1,train
17146,1,train
17147,1,train
17148,1,train
17149,1,test
17150,1,test
17151,1,train
17152,1,test
17153,0,train
17154,0,test
17155,1,train
17156,0,train
17157,1,train
17158,1,train
17159,1,test
17160,0,train
17161,1,train
17162,1,test
17163,0,train
17164,1,calib
17165,1,train
17166,1,test
17167,1,calib
17168,1,calib
17169,1,test
17170,1,train
17171,1,calib
17172,0,train
17173,0,test
17174,1,train
17175,1,train
17176,1,calib
17177,1,calib
17178,1,calib
17179,0,test
17180,1,train
17181,0,test
17182,1,test
17183,1,train
17184,1,train
17185,1,train
17186,0,train
17187,1,train
17188,1,train
17189,1,train
17190,1,calib
17191,1,test
17192,1,calib
17193,1,train
17194,1,train
17195,1,train
17196,0,train
17197,0,train
17198,0,train
17199,1,train
17200,0,train
17201,1,train
17202,1,calib
17203,1,train
17204,1,calib
17205,1,train
17206,0,train
17207,0,train
17208,1,calib
17209,0,train
17210,0,calib
17211,1,test
17212,1,train
17213,1,calib
17214,1,train
17215,1,train
17216,1,calib
17217,1,calib
17218,1,calib
17219,1,train
17220,1,test
17221,1,train
17222,1,test
17223,1,calib
17224,0,test
17225,1,train
17226,0,train
17227,0,train
17228,1,calib
17229,1,train
17230,1,train
17231,1,train
17232,1,calib
17233,1,test
17234,1,test
17235,1,train
17236,1,train
17237,1,train
17238,0,train
17239,1,calib
17240,1,train
17241,0,train
17242,1,calib
17243,1,calib
17244,1,train
17245,0,train
17246,1,train
17247,1,calib
17248,0,train
17249,1,train
17250,1,train
17251,1,train
17252,1,calib
17253,1,train
17254,0,train
17255,1,test
17256,1,test
17257,1,train
17258,1,train
17259,0,test
17260,1,train
17261,0,train
17262,1,calib
17263,1,train
17264,0,train
17265,0,calib
17266,1,test
17267,1,train
17268,1,calib
17269,1,train
17270,1,test
17271,0,train
17272,1,train
17273,1,train
17274,1,test
17275,1,train
17276,1,train
17277,0,train
17278,1,train
17279,0,calib
17280,1,train
17281,1,train
17282,1,test
17283,1,train
17284,1,test
17285,1,train
17286,0,test
17287,0,calib
17288,1,test
17289,1,train
17290,1,train
17291,1,calib
17292,1,train
17293,1,train
17294,1,train
17295,1,train
17296,1,train
17297,1,train
17298,1,calib
17299,1,test
17300,1,test
17301,1,test
17302,1,train
17303,1,test
17304,1,test
17305,1,test
17306,1,train
17307,0,train
17308,1,train
17309,1,test
17310,1,train
17311,1,test
17312,1,train
17313,1,test
17314,1,train
17315,0,train
17316,1,train
17317,1,train
17318,0,calib
17319,1,train
17320,1,train
17321,1,train
17322,1,train
17323,1,train
17324,1,train
17325,1,train
17326,1,test
17327,0,train
17328,1,train
17329,1,train
17330,0,calib
17331,0,train
17332,1,train
17333,1,calib
17334,1,calib
17335,0,train
17336,0,train
17337,0,train
17338,1,train
17339,0,train
17340,0,train
17341,1,test
17342,1,train
17343,1,train
17344,1,test
17345,1,train
17346,0,train
17347,1,train
17348,1,test
17349,1,test
17350,1,train
17351,0,train
17352,1,train
17353,1,train
17354,1,train
17355,1,train
17356,1,train
17357,1,calib
17358,1,train
17359,1,train
17360,0,train
17361,1,test
17362,1,test
17363,1,train
17364,0,train
17365,1,train
17366,0,calib
17367,0,calib
17368,0,calib
17369,1,train
17370,0,train
17371,1,test
17372,1,test
17373,1,test
17374,1,train
17375,1,calib
17376,1,train
17377,0,train
17378,1,calib
17379,1,train
17380,1,calib
17381,1,train
17382,1,calib
17383,1,train
17384,1,train
17385,1,train
17386,1,calib
17387,0,test
17388,0,train
17389,1,train
17390,1,train
17391,1,calib
17392,1,train
17393,0,train
17394,1,test
17395,1,train
17396,1,train
17397,0,test
17398,1,train
17399,1,train
17400,1,train
17401,1,train
17402,1,train
17403,1,train
17404,0,calib
17405,1,test
17406,1,calib
17407,1,train
17408,1,train
17409,0,train
17410,1,train
17411,1,test
17412,1,calib
17413,1,train
17414,1,calib
17415,0,train
17416,1,train
17417,1,train
17418,1,train
17419,1,train
17420,1,test
17421,0,calib
17422,0,calib
17423,1,calib
17424,1,calib
17425,1,test
17426,0,train
17427,1,calib
17428,1,test
17429,0,train
17430,1,calib
17431,1,test
17432,1,train
17433,1,test
17434,1,calib
17435,1,train
17436,0,train
17437,1,train
17438,0,calib
17439,1,train
17440,1,train
17441,1,train
17442,1,train
17443,1,train
17444,1,train
17445,1,test
17446,0,train
17447,1,calib
17448,1,train
17449,1,train
17450,1,calib
17451,1,train
17452,1,train
17453,1,calib
17454,0,calib
17455,1,train
17456,1,calib
17457,1,calib
17458,1,train
17459,1,train
17460,1,train
17461,1,test
17462,1,test
17463,0,train
17464,1,test
17465,1,train
17466,0,train
17467,1,calib
17468,1,calib
17469,1,train
17470,1,train
17471,1,train
17472,1,calib
17473,1,test
17474,1,train
17475,1,test
17476,1,train
17477,1,train
17478,1,train
17479,1,train
17480,1,calib
17481,1,train
17482,0,train
17483,1,calib
17484,1,calib
17485,0,train
17486,1,calib
17487,1,train
17488,1,train
17489,0,test
17490,1,train
17491,1,train
17492,0,train
17493,0,test
17494,1,train
17495,1,calib
17496,1,test
17497,1,train
17498,0,calib
17499,1,test
17500,0,train
17501,0,train
17502,0,calib
17503,1,calib
17504,1,train
17505,1,train
17506,1,train
17507,1,train
17508,0,calib
17509,1,calib
17510,0,test
17511,1,train
17512,1,calib
17513,0,calib
17514,1,train
17515,1,calib
17516,1,train
17517,1,calib
17518,0,train
17519,1,test
17520,1,train
17521,1,train
17522,1,train
17523,1,test
17524,1,calib
17525,1,train
17526,1,calib
17527,1,test
17528,1,calib
17529,1,train
17530,1,train
17531,1,train
17532,1,train
17533,1,train
17534,1,test
17535,1,train
17536,1,train
17537,1,train
17538,0,train
17539,0,train
17540,0,test
17541,1,train
17542,1,calib
17543,1,calib
17544,0,train
17545,1,test
17546,1,train
17547,1,train
17548,0,train
17549,1,test
17550,1,calib
17551,0,test
17552,1,train
17553,1,train
17554,0,train
17555,1,train
17556,1,train
17557,1,train
17558,1,test
17559,1,train
17560,1,train
17561,1,train
17562,1,train
17563,0,train
17564,1,calib
17565,1,train
17566,0,train
17567,0,test
17568,1,test
17569,1,calib
17570,1,train
17571,1,calib
17572,1,calib
17573,0,train
17574,1,train
17575,1,test
17576,1,calib
17577,0,calib
17578,0,train
17579,1,train
17580,1,calib
17581,1,train
17582,1,train
17583,1,calib
17584,1,train
17585,1,calib
17586,1,train
17587,1,train
17588,1,train
17589,1,train
17590,1,train
17591,0,train
17592,1,train
17593,1,train
17594,1,train
17595,1,train
17596,1,test
17597,0,train
17598,1,train
17599,1,test
17600,1,test
17601,1,train
17602,1,test
17603,1,train
17604,0,train
17605,1,train
17606,1,train
17607,0,train
17608,1,train
17609,0,test
17610,1,train
17611,1,train
17612,0,test
17613,1,train
17614,0,test
17615,1,train
17616,1,test
17617,1,train
17618,1,train
17619,1,train
17620,0,test
17621,1,train
17622,0,train
17623,0,train
17624,1,train
17625,1,train
17626,0,train
17627,0,train
17628,1,train
17629,1,train
17630,1,train
17631,1,test
17632,1,train
17633,1,train
17634,1,calib
17635,1,calib
17636,1,train
17637,1,train
17638,0,train
17639,1,train
17640,1,train
17641,1,calib
17642,0,test
17643,1,test
17644,0,train
17645,1,train
17646,0,train
17647,1,test
17648,0,calib
17649,1,test
17650,0,train
17651,1,train
17652,1,train
17653,0,train
17654,0,train
17655,1,train
17656,0,train
17657,1,train
17658,1,train
17659,1,calib
17660,1,train
17661,1,train
17662,1,train
17663,1,train
17664,1,train
17665,0,train
17666,1,train
17667,1,train
17668,1,train
17669,1,train
17670,1,train
17671,0,calib
17672,0,calib
17673,1,train
17674,1,train
17675,0,train
17676,1,train
17677,1,train
17678,1,train
17679,1,train
17680,1,test
17681,1,train
17682,1,train
17683,1,test
17684,1,train
17685,0,train
17686,1,train
17687,1,train
17688,1,calib
17689,0,test
17690,1,calib
17691,1,train
17692,0,train
17693,1,calib
17694,0,train
17695,1,test
17696,1,train
17697,1,train
17698,1,train
17699,1,test
17700,0,test
17701,0,train
17702,0,train
17703,1,train
17704,1,train
17705,1,train
17706,1,train
17707,1,calib
17708,1,train
17709,0,train
17710,1,calib
17711,1,train
17712,1,calib
17713,1,train
17714,0,train
17715,0,train
17716,1,train
17717,0,train
17718,1,calib
17719,1,train
17720,0,train
17721,1,train
17722,1,test
17723,1,train
17724,1,train
17725,1,train
17726,1,train
17727,1,calib
17728,0,train
17729,0,train
17730,1,train
17731,1,train
17732,0,train
17733,0,train
17734,1,calib
17735,1,train
17736,0,calib
17737,1,train
17738,1,calib
17739,1,train
17740,1,test
17741,0,train
17742,1,calib
17743,0,calib
17744,0,test
17745,0,train
17746,1,calib
17747,0,train
17748,1,calib
17749,1,train
17750,1,test
17751,1,train
17752,1,train
17753,1,test
17754,1,train
17755,0,test
17756,0,train
17757,0,test
17758,0,train
17759,1,train
17760,0,test
17761,0,train
17762,1,train
17763,1,train
17764,0,train
17765,1,calib
17766,0,test
17767,1,train
17768,1,test
17769,0,train
17770,1,train
17771,0,test
17772,1,test
17773,1,train
17774,1,train
17775,1,train
17776,1,train
17777,1,train
17778,0,calib
17779,1,train
17780,1,train
17781,1,test
17782,1,test
17783,1,test
17784,1,calib
17785,1,train
17786,0,train
17787,0,calib
17788,1,calib
17789,0,train
17790,0,train
17791,1,calib
17792,0,train
17793,1,train
17794,1,train
17795,1,train
17796,0,train
17797,1,calib
17798,1,test
17799,0,train
17800,1,train
17801,0,test
17802,1,calib
17803,1,train
17804,0,test
17805,1,train
17806,1,train
17807,1,calib
17808,1,calib
17809,0,test
17810,1,test
17811,1,calib
17812,0,test
17813,0,train
17814,1,train
17815,1,calib
17816,1,test
17817,1,test
17818,1,test
17819,1,test
17820,1,train
17821,1,calib
17822,1,train
17823,0,train
17824,1,test
17825,1,train
17826,1,test
17827,1,train
17828,1,train
17829,1,train
17830,1,test
17831,1,calib
17832,1,train
17833,1,train
17834,0,calib
17835,1,train
17836,1,test
17837,1,calib
17838,1,calib
17839,1,train
17840,0,train
17841,1,train
17842,0,train
17843,1,calib
17844,1,train
17845,0,train
17846,0,calib
17847,1,test
17848,1,test
17849,1,test
17850,1,test
17851,1,train
17852,1,train
17853,1,train
17854,1,calib
17855,0,train
17856,1,calib
17857,1,train
17858,1,calib
17859,1,calib
17860,1,calib
17861,1,test
17862,0,train
17863,1,calib
17864,1,test
17865,1,test
17866,1,train
17867,0,test
17868,0,train
17869,1,train
17870,1,train
17871,0,train
17872,1,calib
17873,1,train
17874,1,test
17875,1,train
17876,1,test
17877,1,calib
17878,1,train
17879,0,train
17880,1,test
17881,1,train
17882,1,train
17883,1,train
17884,0,train
17885,0,train
17886,1,train
17887,1,train
17888,1,train
17889,1,train
17890,1,calib
17891,1,calib
17892,1,train
17893,1,calib
17894,1,calib
17895,1,train
17896,1,train
17897,1,train
17898,1,test
17899,1,train
17900,1,test
17901,0,train
17902,1,train
17903,1,train
17904,1,train
17905,1,calib
17906,1,train
17907,1,train
17908,0,test
17909,1,test
17910,1,calib
17911,1,train
17912,1,calib
17913,1,train
17914,1,train
17915,1,train
17916,1,test
17917,1,test
17918,1,train
17919,1,train
17920,1,train
17921,0,train
17922,1,train
17923,1,calib
17924,1,train
17925,1,test
17926,1,train
17927,1,train
17928,1,calib
17929,1,train
17930,1,train
17931,1,test
17932,1,train
17933,1,train
17934,1,calib
17935,1,test
17936,0,train
17937,1,calib
17938,0,train
17939,1,train
17940,1,train
17941,1,test
17942,1,train
17943,1,train
17944,1,train
17945,0,train
17946,1,train
17947,1,train
17948,1,train
17949,1,train
17950,1,train
17951,1,train
17952,1,train
17953,1,test
17954,1,test
17955,1,calib
17956,1,test
17957,0,train
17958,1,test
17959,1,calib
17960,1,train
17961,1,test
17962,1,train
17963,1,train
17964,1,calib
17965,0,calib
17966,1,train
17967,1,train
17968,0,train
17969,0,train
17970,1,train
17971,1,train
17972,1,train
17973,1,train
17974,0,calib
17975,1,train
17976,1,train
17977,1,train
17978,1,train
17979,1,calib
17980,1,train
17981,1,train
17982,1,train
17983,1,train
17984,1,train
17985,1,train
17986,1,test
17987,1,test
17988,1,test
17989,1,test
17990,1,train
17991,0,train
17992,1,train
17993,1,train
17994,1,calib
17995,1,test
17996,1,train
17997,1,train
17998,1,train
17999,1,train
18000,1,train
18001,0,test
18002,1,test
18003,1,calib
18004,0,train
18005,0,train
18006,0,test
18007,1,train
18008,1,train
18009,0,train
18010,1,test
18011,1,train
18012,1,train
18013,0,test
18014,0,train
18015,0,train
18016,0,train
18017,1,train
18018,1,train
18019,1,train
18020,1,train
18021,0,test
18022,1,train
18023,1,calib
18024,1,test
18025,1,train
18026,1,train
18027,1,calib
18028,0,calib
18029,1,train
18030,1,train
18031,1,train
18032,1,test
18033,1,test
18034,1,test
18035,1,train
18036,1,train
18037,1,train
18038,1,test
18039,0,calib
18040,1,train
18041,1,train
18042,0,train
18043,0,calib
18044,0,calib
18045,1,train
18046,1,train
18047,1,train
18048,1,calib
18049,1,train
18050,0,test
18051,1,test
18052,1,test
18053,0,train
18054,0,train
18055,1,train
18056,1,calib
18057,1,test
18058,1,train
18059,1,test
18060,1,train
18061,1,calib
18062,0,calib
18063,1,train
18064,0,train
18065,1,calib
18066,0,train
18067,1,calib
18068,0,train
18069,1,train
18070,1,train
18071,1,calib
18072,1,train
18073,1,train
18074,0,calib
18075,1,test
18076,0,train
18077,1,train
18078,1,train
18079,1,calib
18080,0,train
18081,1,train
18082,1,train
18083,0,train
18084,1,train
18085,0,train
18086,1,train
18087,0,train
18088,1,calib
18089,1,train
18090,1,train
18091,0,train
18092,1,calib
18093,1,calib
18094,1,train
18095,1,train
18096,1,test
18097,1,calib
18098,1,train
18099,1,train
18100,1,train
18101,0,calib
18102,1,train
18103,1,test
18104,1,train
18105,1,test
18106,0,train
18107,1,test
18108,0,test
18109,1,train
18110,1,train
18111,0,train
18112,0,train
18113,1,train
18114,1,train
18115,1,train
18116,1,train
18117,1,test
18118,1,calib
18119,1,train
18120,1,calib
18121,0,train
18122,1,train
18123,0,train
18124,1,train
18125,1,train
18126,0,calib
18127,1,train
18128,1,calib
18129,0,test
18130,1,test
18131,1,train
18132,0,train
18133,1,train
18134,1,train
18135,1,train
18136,1,calib
18137,1,test
18138,1,calib
18139,1,test
18140,0,train
18141,0,train
18142,0,test
18143,0,train
18144,1,calib
18145,1,train
18146,0,train
18147,1,train
18148,1,calib
18149,0,calib
18150,1,train
18151,0,train
18152,1,train
18153,0,train
18154,1,train
18155,0,calib
18156,1,test
18157,1,train
18158,1,train
18159,0,train
18160,1,test
18161,1,train
18162,1,calib
18163,1,calib
18164,1,train
18165,1,train
18166,1,train
18167,0,calib
18168,1,train
18169,1,calib
18170,1,test
18171,1,calib
18172,1,train
18173,1,train
18174,1,train
18175,1,calib
18176,1,train
18177,1,test
18178,1,test
18179,1,train
18180,1,train
18181,1,train
18182,1,train
18183,0,train
18184,1,train
18185,1,calib
18186,1,calib
18187,1,test
18188,1,train
18189,0,test
18190,1,train
18191,1,train
18192,1,test
18193,0,train
18194,1,train
18195,1,test
18196,0,train
18197,1,calib
18198,1,calib
18199,1,calib
18200,1,train
18201,1,test
18202,1,test
18203,0,train
18204,1,train
18205,1,train
18206,0,train
18207,1,train
18208,1,train
18209,1,train
18210,0,train
18211,1,calib
18212,1,train
18213,1,test
18214,0,calib
18215,0,test
18216,1,train
18217,1,calib
18218,0,train
18219,0,test
18220,1,train
18221,1,calib
18222,1,calib
18223,1,test
18224,1,train
18225,1,test
18226,1,test
18227,1,test
18228,1,train
18229,1,train
18230,1,calib
18231,1,test
18232,1,train
18233,1,train
18234,0,train
18235,0,train
18236,1,test
18237,1,train
18238,1,test
18239,1,train
18240,0,train
18241,0,train
18242,1,train
18243,1,calib
18244,1,calib
18245,1,train
18246,1,train
18247,1,train
18248,0,train
18249,1,train
18250,0,calib
18251,0,calib
18252,0,train
18253,1,calib
18254,1,test
18255,1,train
18256,1,train
18257,1,train
18258,0,train
18259,1,test
18260,1,train
18261,1,train
18262,0,test
18263,1,train
18264,1,train
18265,0,test
18266,1,calib
18267,1,train
18268,1,test
18269,1,test
18270,0,train
18271,1,train
18272,1,train
18273,1,calib
18274,0,test
18275,0,train
18276,1,train
18277,1,train
18278,1,train
18279,1,calib
18280,1,train
18281,1,train
18282,1,train
18283,1,test
18284,0,calib
18285,0,test
18286,0,train
18287,0,train
18288,1,train
18289,1,test
18290,1,train
18291,1,calib
18292,1,test
18293,1,train
18294,1,train
18295,1,calib
18296,1,train
18297,0,calib
18298,1,test
18299,1,test
18300,0,test
18301,1,train
18302,1,train
18303,1,test
18304,0,test
18305,1,train
18306,1,train
18307,1,test
18308,1,train
18309,0,train
18310,1,train
18311,0,calib
18312,1,train
18313,1,train
18314,0,train
18315,0,train
18316,1,train
18317,1,test
18318,1,calib
18319,1,train
18320,1,train
18321,0,calib
18322,1,train
18323,0,train
18324,1,test
18325,1,calib
18326,1,train
18327,1,calib
18328,0,train
18329,1,calib
18330,1,calib
18331,1,train
18332,0,train
18333,1,train
18334,1,train
18335,1,test
18336,1,train
18337,0,test
18338,1,train
18339,1,calib
18340,1,train
18341,0,train
18342,1,train
18343,1,test
18344,1,test
18345,1,train
18346,1,train
18347,1,test
18348,1,train
18349,1,train
18350,0,calib
18351,1,calib
18352,0,train
18353,1,calib
18354,1,train
18355,1,calib
18356,1,calib
18357,0,test
18358,1,train
18359,1,calib
18360,1,train
18361,1,test
18362,1,train
18363,1,train
18364,0,calib
18365,1,train
18366,1,test
18367,1,train
18368,1,train
18369,1,train
18370,1,train
18371,1,train
18372,1,calib
18373,0,calib
18374,1,test
18375,1,calib
18376,1,train
18377,1,test
18378,0,train
18379,1,train
18380,1,test
18381,1,train
18382,1,test
18383,1,test
18384,1,train
18385,0,test
18386,1,train
18387,0,test
18388,1,train
18389,1,train
18390,1,train
18391,1,calib
18392,1,calib
18393,0,train
18394,0,test
18395,1,train
18396,1,test
18397,1,train
18398,1,train
18399,1,test
18400,1,calib
18401,0,train
18402,1,train
18403,0,train
18404,1,train
18405,0,test
18406,1,train
18407,1,train
18408,0,test
18409,0,test
18410,1,test
18411,1,train
18412,0,calib
18413,1,train
18414,0,train
18415,1,test
18416,1,train
18417,1,train
18418,0,train
18419,1,train
18420,1,calib
18421,1,train
18422,1,calib
18423,1,train
18424,1,calib
18425,1,train
18426,1,test
18427,1,train
18428,1,test
18429,1,calib
18430,0,train
18431,0,train
18432,1,train
18433,0,train
18434,1,test
18435,1,train
18436,1,test
18437,1,train
18438,1,train
18439,1,test
18440,0,calib
18441,1,train
18442,1,calib
18443,0,train
18444,1,train
18445,1,test
18446,1,train
18447,1,train
18448,0,train
18449,1,train
18450,0,train
18451,1,train
18452,0,test
18453,1,calib
18454,1,train
18455,0,train
18456,1,train
18457,0,train
18458,0,train
18459,0,train
18460,1,train
18461,1,calib
18462,0,calib
18463,0,train
18464,1,test
18465,1,train
18466,1,train
18467,1,test
18468,0,test
18469,1,test
18470,1,calib
18471,1,train
18472,1,train
18473,0,test
18474,1,test
18475,1,train
18476,1,calib
18477,1,train
18478,1,train
18479,0,test
18480,1,train
18481,0,train
18482,0,train
18483,1,calib
18484,1,train
18485,1,train
18486,1,train
18487,1,train
18488,1,train
18489,0,train
18490,1,test
18491,1,train
18492,1,train
18493,0,train
18494,0,calib
18495,1,train
18496,1,train
18497,0,train
18498,1,train
18499,1,train
18500,1,test
18501,1,train
18502,1,test
18503,1,calib
18504,1,calib
18505,1,test
18506,1,train
18507,1,train
18508,0,train
18509,1,train
18510,1,train
18511,0,train
18512,1,train
18513,1,calib
18514,1,train
18515,1,train
18516,1,test
18517,1,calib
18518,1,train
18519,0,train
18520,1,train
18521,1,train
18522,1,train
18523,1,calib
18524,1,calib
18525,1,calib
18526,1,train
18527,0,test
18528,0,test
18529,1,calib
18530,0,test
18531,0,test
18532,1,train
18533,1,train
18534,1,train
18535,0,test
18536,0,test
18537,1,train
18538,0,calib
18539,1,calib
18540,0,calib
18541,0,train
18542,0,calib
18543,1,train
18544,1,train
18545,1,train
18546,1,train
18547,1,test
18548,1,calib
18549,1,calib
18550,1,train
18551,1,calib
18552,1,train
18553,1,train
18554,1,train
18555,1,calib
18556,1,test
18557,1,calib
18558,1,train
18559,1,train
18560,1,train
18561,1,train
18562,1,train
18563,1,test
18564,1,train
18565,1,calib
18566,0,train
18567,1,test
18568,1,train
18569,1,calib
18570,1,train
18571,0,test
18572,1,calib
18573,0,train
18574,1,test
18575,0,test
18576,1,train
18577,1,train
18578,1,train
18579,1,train
18580,1,calib
18581,1,train
18582,1,train
18583,1,train
18584,1,test
18585,1,train
18586,0,train
18587,1,test
18588,0,train
18589,1,train
18590,1,train
18591,1,train
18592,1,test
18593,1,train
18594,1,train
18595,1,test
18596,1,test
18597,0,train
18598,0,train
18599,1,train
18600,1,test
18601,1,train
18602,0,calib
18603,1,train
18604,1,train
18605,1,calib
18606,1,train
18607,1,test
18608,1,test
18609,1,train
18610,1,train
18611,1,calib
18612,0,train
18613,1,train
18614,1,train
18615,0,test
18616,1,train
18617,1,calib
18618,1,test
18619,1,calib
18620,1,train
18621,1,test
18622,1,train
18623,0,train
18624,0,train
18625,1,train
18626,1,test
18627,1,train
18628,1,train
18629,1,test
18630,1,train
18631,1,train
18632,0,train
18633,0,train
18634,1,train
18635,1,train
18636,1,train
18637,0,train
18638,1,train
18639,1,calib
18640,1,train
18641,1,train
18642,1,train
18643,0,train
18644,1,calib
18645,1,calib
18646,1,train
18647,1,train
18648,0,train
18649,1,train
18650,1,train
18651,0,calib
18652,1,train
18653,0,calib
18654,0,calib
18655,1,train
18656,1,train
18657,0,calib
18658,1,train
18659,1,test
18660,0,test
18661,1,train
18662,0,train
18663,1,train
18664,1,train
18665,0,train
18666,1,train
18667,1,calib
18668,1,train
18669,0,calib
18670,1,test
18671,1,test
18672,1,test
18673,0,calib
18674,1,train
18675,0,train
18676,1,train
18677,1,train
18678,0,test
18679,1,train
18680,0,train
18681,0,calib
18682,1,train
18683,1,train
18684,0,train
18685,1,calib
18686,1,test
18687,1,train
18688,1,test
18689,1,train
18690,1,train
18691,1,train
18692,1,test
18693,1,train
18694,1,train
18695,0,train
18696,1,test
18697,1,train
18698,1,train
18699,1,test
18700,1,test
18701,1,test
18702,0,train
18703,1,train
18704,1,train
18705,1,test
18706,1,test
18707,0,test
18708,1,calib
18709,0,calib
18710,1,test
18711,1,train
18712,1,calib
18713,1,train
18714,1,train
18715,0,test
18716,1,train
18717,1,train
18718,0,train
18719,1,train
18720,1,train
18721,1,calib
18722,1,train
18723,1,test
18724,1,calib
18725,1,train
18726,1,test
18727,1,test
18728,1,calib
18729,0,train
18730,1,train
18731,1,calib
18732,1,test
18733,0,calib
18734,1,train
18735,1,calib
18736,1,train
18737,1,calib
18738,1,test
18739,0,train
18740,1,calib
18741,1,train
18742,1,calib
18743,1,train
18744,1,test
18745,1,train
18746,1,test
18747,1,train
18748,1,train
18749,1,train
18750,1,train
18751,1,train
18752,1,test
18753,1,calib
18754,1,train
18755,1,train
18756,1,train
18757,1,test
18758,1,train
18759,1,calib
18760,1,train
18761,1,train
18762,1,train
18763,0,calib
18764,1,calib
18765,1,train
18766,1,test
18767,1,train
18768,1,train
18769,1,train
18770,1,train
18771,1,train
18772,1,train
18773,0,train
18774,1,train
18775,1,train
18776,1,calib
18777,0,test
18778,0,test
18779,0,train
18780,1,train
18781,1,train
18782,1,train
18783,1,test
18784,1,train
18785,1,train
18786,1,test
18787,1,train
18788,1,calib
18789,1,train
18790,1,calib
18791,1,calib
18792,1,train
18793,1,train
18794,1,train
18795,1,calib
18796,1,train
18797,0,train
18798,1,train
18799,1,test
18800,1,test
18801,1,test
18802,1,train
18803,1,calib
18804,1,test
18805,1,test
18806,1,train
18807,1,calib
18808,1,train
18809,0,train
18810,1,train
18811,1,train
18812,0,train
18813,1,train
18814,0,train
18815,1,test
18816,1,train
18817,0,calib
18818,1,train
18819,1,train
18820,1,train
18821,1,train
18822,1,train
18823,1,train
18824,1,test
18825,0,train
18826,0,train
18827,0,calib
18828,0,train
18829,1,test
18830,1,test
18831,1,test
18832,1,calib
18833,1,train
18834,1,train
18835,0,calib
18836,1,calib
18837,1,train
18838,1,train
18839,1,train
18840,1,train
18841,1,test
18842,1,calib
18843,1,train
18844,1,train
18845,1,train
18846,1,train
18847,0,test
18848,1,test
18849,1,train
18850,1,train
18851,1,train
18852,0,train
18853,0,test
18854,1,train
18855,1,calib
18856,1,train
18857,1,train
18858,1,calib
18859,1,train
18860,0,calib
18861,1,calib
18862,1,test
18863,1,train
18864,1,train
18865,1,calib
18866,1,train
18867,1,train
18868,0,train
18869,1,test
18870,1,train
18871,0,train
18872,1,calib
18873,0,calib
18874,1,test
18875,1,train
18876,1,train
18877,1,train
18878,0,test
18879,0,train
18880,1,train
18881,1,train
18882,0,train
18883,0,train
18884,1,train
18885,1,calib
18886,1,train
18887,0,test
18888,0,train
18889,1,train
18890,0,train
18891,1,calib
18892,0,train
18893,0,train
18894,1,train
18895,0,calib
18896,1,train
18897,1,train
18898,0,train
18899,0,test
18900,1,train
18901,1,calib
18902,1,train
18903,1,test
18904,1,test
18905,1,train
18906,0,train
18907,1,train
18908,1,train
18909,1,train
18910,0,calib
18911,1,train
18912,1,calib
18913,0,test
18914,0,train
18915,1,test
18916,0,train
18917,0,train
18918,0,calib
18919,1,train
18920,1,train
18921,1,calib
18922,1,train
18923,0,train
18924,1,calib
18925,1,train
18926,1,test
18927,0,calib
18928,1,calib
18929,1,train
18930,0,test
18931,1,train
18932,0,train
18933,1,calib
18934,1,train
18935,0,calib
18936,1,test
18937,1,train
18938,0,train
18939,1,calib
18940,1,test
18941,0,train
18942,1,train
18943,0,train
18944,1,train
18945,1,train
18946,1,train
18947,0,test
18948,0,train
18949,1,test
18950,1,calib
18951,1,train
18952,1,train
18953,1,train
18954,1,train
18955,0,train
18956,1,train
18957,1,train
18958,1,train
18959,1,test
18960,0,calib
18961,0,train
18962,0,train
18963,1,test
18964,1,train
18965,1,calib
18966,1,train
18967,1,train
18968,1,train
18969,1,train
18970,1,train
18971,0,train
18972,1,train
18973,1,train
18974,1,train
18975,1,train
18976,1,calib
18977,1,train
18978,1,calib
18979,1,train
18980,0,calib
18981,1,test
18982,1,calib
18983,1,test
18984,1,train
18985,1,train
18986,1,train
18987,0,train
18988,1,train
18989,1,calib
18990,0,calib
18991,1,train
18992,1,train
18993,1,train
18994,1,train
18995,1,calib
18996,1,train
18997,1,train
18998,0,train
18999,0,test
19000,1,train
19001,0,train
19002,0,test
19003,1,test
19004,1,test
19005,0,train
19006,0,calib
19007,1,calib
19008,1,train
19009,1,train
19010,1,train
19011,1,test
19012,1,calib
19013,1,test
19014,0,train
19015,1,train
19016,1,calib
19017,1,calib
19018,1,train
19019,1,train
19020,1,test
19021,1,test
19022,0,train
19023,0,test
19024,1,train
19025,0,test
19026,1,calib
19027,0,train
19028,0,train
19029,0,train
19030,1,calib
19031,0,train
19032,1,train
19033,1,calib
19034,1,train
19035,1,calib
19036,0,train
19037,0,train
19038,1,train
19039,1,calib
19040,1,calib
19041,0,test
19042,1,train
19043,1,test
19044,1,train
19045,1,train
19046,1,train
19047,1,train
19048,1,test
19049,1,train
19050,1,train
19051,1,test
19052,1,test
19053,1,train
19054,1,train
19055,1,test
19056,1,test
19057,1,train
19058,1,train
19059,1,train
19060,1,train
19061,1,train
19062,0,calib
19063,1,train
19064,1,train
19065,1,calib
19066,1,calib
19067,1,train
19068,0,train
19069,0,calib
19070,1,train
19071,1,calib
19072,0,train
19073,1,train
19074,1,calib
19075,0,test
19076,1,calib
19077,1,test
19078,0,train
19079,1,train
19080,0,train
19081,1,train
19082,1,calib
19083,1,train
19084,0,train
19085,1,train
19086,1,calib
19087,1,train
19088,0,calib
19089,1,calib
19090,1,train
19091,1,train
19092,1,calib
19093,1,train
19094,1,train
19095,1,train
19096,1,test
19097,1,train
19098,1,train
19099,1,calib
19100,1,calib
19101,1,test
19102,1,train
19103,1,train
19104,1,calib
19105,0,test
19106,1,train
19107,1,train
19108,1,test
19109,1,calib
19110,1,train
19111,1,train
19112,1,test
19113,1,train
19114,1,calib
19115,1,test
19116,0,calib
19117,1,train
19118,1,train
19119,1,test
19120,0,train
19121,0,test
19122,1,train
19123,1,train
19124,1,train
19125,1,train
19126,1,calib
19127,1,test
19128,1,calib
19129,1,train
19130,0,train
19131,1,train
19132,1,calib
19133,0,train
19134,1,train
19135,1,test
19136,1,train
19137,1,train
19138,1,train
19139,1,train
19140,0,train
19141,1,calib
19142,1,test
19143,0,train
19144,1,train
19145,1,train
19146,1,train
19147,1,train
19148,1,train
19149,1,calib
19150,1,calib
19151,1,test
19152,1,test
19153,1,train
19154,0,calib
19155,1,calib
19156,0,train
19157,1,train
19158,1,calib
19159,1,train
19160,1,train
19161,1,calib
19162,1,train
19163,1,train
19164,1,train
19165,1,train
19166,0,train
19167,1,calib
19168,1,calib
19169,1,train
19170,1,train
19171,1,calib
19172,1,train
19173,1,train
19174,1,calib
19175,1,calib
19176,1,train
19177,1,train
19178,1,train
19179,1,train
19180,1,train
19181,1,train
19182,0,train
19183,1,calib
19184,1,train
19185,1,calib
19186,1,train
19187,0,train
19188,1,train
19189,1,train
19190,1,calib
19191,1,train
19192,1,train
19193,0,test
19194,1,calib
19195,1,train
19196,1,calib
19197,1,train
19198,0,train
19199,1,test
19200,1,train
19201,1,train
19202,0,calib
19203,1,calib
19204,0,train
19205,1,train
19206,1,calib
19207,1,train
19208,0,train
19209,1,calib
19210,1,train
19211,1,test
19212,1,train
19213,1,train
19214,0,train
19215,1,train
19216,1,train
19217,1,calib
19218,1,calib
19219,0,train
19220,1,train
19221,1,train
19222,1,calib
19223,1,train
19224,1,calib
19225,0,calib
19226,1,train
19227,1,train
19228,1,test
19229,1,calib
19230,1,train
19231,1,train
19232,1,test
19233,1,train
19234,1,calib
19235,1,test
19236,1,test
19237,1,train
19238,1,calib
19239,1,calib
19240,1,train
19241,1,calib
19242,1,calib
19243,1,train
19244,1,calib
19245,1,test
19246,1,train
19247,0,test
19248,1,test
19249,0,train
19250,0,train
19251,1,train
19252,0,train
19253,1,train
19254,0,test
19255,1,test
19256,1,calib
19257,1,train
19258,1,train
19259,1,train
19260,1,calib
19261,1,train
19262,1,train
19263,1,calib
19264,0,test
19265,1,train
19266,1,calib
19267,1,train
19268,1,test
19269,1,train
19270,0,calib
19271,1,train
19272,0,calib
19273,1,train
19274,1,train
19275,1,test
19276,1,calib
19277,1,train
19278,1,calib
19279,1,test
19280,0,train
19281,0,calib
19282,0,test
19283,1,test
19284,1,train
19285,1,train
19286,1,test
19287,1,train
19288,1,train
19289,1,train
19290,1,train
19291,0,train
19292,0,train
19293,1,train
19294,0,train
19295,1,train
19296,1,train
19297,1,train
19298,0,train
19299,1,train
19300,1,train
19301,1,train
19302,1,calib
19303,1,train
19304,1,train
19305,1,train
19306,1,train
19307,1,train
19308,1,train
19309,1,test
19310,0,calib
19311,1,train
19312,1,calib
19313,1,calib
19314,0,train
19315,1,test
19316,1,test
19317,1,calib
19318,1,train
19319,1,test
19320,1,train
19321,1,calib
19322,1,train
19323,0,test
19324,1,train
19325,0,train
19326,0,train
19327,1,test
19328,1,train
19329,1,calib
19330,1,train
19331,1,test
19332,1,calib
19333,0,train
19334,1,calib
19335,0,train
19336,1,calib
19337,1,train
19338,1,train
19339,1,train
19340,1,train
19341,0,calib
19342,1,calib
19343,1,train
19344,1,test
19345,0,train
19346,0,train
19347,0,calib
19348,0,train
19349,1,test
19350,1,train
19351,1,test
19352,1,train
19353,0,train
19354,0,train
19355,0,calib
19356,0,train
19357,1,test
19358,1,train
19359,1,train
19360,1,train
19361,1,test
19362,1,train
19363,0,train
19364,0,calib
19365,1,test
19366,1,train
19367,0,calib
19368,0,calib
19369,0,train
19370,0,train
19371,1,test
19372,1,train
19373,1,train
19374,1,train
19375,1,train
19376,1,test
19377,1,train
19378,0,train
19379,1,train
19380,1,test
19381,1,calib
19382,0,test
19383,1,train
19384,1,train
19385,1,test
19386,1,test
19387,0,calib
19388,1,train
19389,1,train
19390,1,calib
19391,1,calib
19392,1,train
19393,1,train
19394,1,train
19395,0,train
19396,1,calib
19397,1,train
19398,1,train
19399,1,train
19400,1,test
19401,1,train
19402,1,train
19403,1,test
19404,1,train
19405,1,train
19406,1,train
19407,1,train
19408,1,train
19409,1,train
19410,0,calib
19411,1,train
19412,1,test
19413,1,train
19414,0,test
19415,1,train
19416,0,train
19417,0,train
19418,1,train
19419,0,calib
19420,1,train
19421,1,calib
19422,1,test
19423,1,train
19424,1,train
19425,1,train
19426,1,train
19427,1,calib
19428,1,calib
19429,1,train
19430,1,train
19431,1,train
19432,1,calib
19433,1,train
19434,0,test
19435,1,train
19436,0,calib
19437,0,train
19438,0,train
19439,1,calib
19440,1,test
19441,1,train
19442,1,train
19443,1,train
19444,0,train
19445,0,calib
19446,1,calib
19447,1,train
19448,1,test
19449,1,train
19450,0,train
19451,0,train
19452,1,test
19453,1,train
19454,0,train
19455,1,calib
19456,1,calib
19457,1,calib
19458,1,train
19459,0,train
19460,1,train
19461,1,train
19462,1,test
19463,1,train
19464,0,train
19465,1,train
19466,0,train
19467,1,train
19468,1,calib
19469,1,train
19470,0,train
19471,1,train
19472,1,train
19473,1,calib
19474,0,train
19475,1,train
19476,0,test
19477,1,calib
19478,1,train
19479,0,train
19480,0,train
19481,1,train
19482,1,calib
19483,0,test
19484,1,train
19485,1,train
19486,0,calib
19487,0,train
19488,1,train
19489,1,test
19490,1,train
19491,1,test
19492,1,test
19493,1,train
19494,0,train
19495,1,train
19496,1,train
19497,0,train
19498,1,train
19499,0,train
19500,1,test
19501,0,test
19502,0,train
19503,1,calib
19504,0,test
19505,1,calib
19506,0,train
19507,0,calib
19508,1,test
19509,1,train
19510,1,train
19511,1,calib
19512,1,train
19513,1,train
19514,1,train
19515,1,train
19516,1,calib
19517,1,calib
19518,1,train
19519,1,test
19520,1,calib
19521,1,train
19522,1,train
19523,1,calib
19524,1,test
19525,0,test
19526,1,test
19527,1,test
19528,1,train
19529,1,test
19530,1,train
19531,0,calib
19532,1,train
19533,1,calib
19534,1,train
19535,1,calib
19536,1,test
19537,1,test
19538,1,train
19539,1,train
19540,1,test
19541,1,train
19542,1,test
19543,0,calib
19544,1,calib
19545,1,train
19546,1,train
19547,1,test
19548,1,test
19549,0,train
19550,0,train
19551,1,train
19552,1,train
19553,1,test
19554,1,train
19555,0,train
19556,1,train
19557,0,train
19558,1,train
19559,0,train
19560,1,train
19561,1,test
19562,1,calib
19563,0,test
19564,1,calib
19565,1,train
19566,1,train
19567,0,train
19568,0,train
19569,0,calib
19570,1,train
19571,1,train
19572,1,train
19573,1,test
19574,0,calib
19575,1,train
19576,0,test
19577,0,train
19578,1,calib
19579,1,train
19580,1,train
19581,1,train
19582,1,train
19583,1,train
19584,1,train
19585,0,train
19586,1,train
19587,1,train
19588,1,train
19589,1,train
19590,1,test
19591,1,test
19592,1,train
19593,1,train
19594,1,train
19595,0,calib
19596,1,train
19597,1,calib
19598,1,calib
19599,1,calib
19600,1,train
19601,1,train
19602,1,calib
19603,1,train
19604,1,test
19605,1,test
19606,1,train
19607,0,train
19608,1,train
19609,1,train
19610,1,calib
19611,1,calib
19612,1,train
19613,1,test
19614,1,train
19615,0,train
19616,1,train
19617,0,test
19618,1,train
19619,1,train
19620,1,train
19621,1,train
19622,1,test
19623,0,train
19624,1,train
19625,1,train
19626,1,test
19627,0,test
19628,1,test
19629,1,train
19630,1,train
19631,0,train
19632,1,test
19633,1,test
19634,1,train
19635,0,train
19636,0,train
19637,1,train
19638,1,train
19639,1,test
19640,1,train
19641,1,test
19642,1,test
19643,0,test
19644,0,train
19645,1,test
19646,1,calib
19647,1,calib
19648,1,calib
19649,1,test
19650,0,calib
19651,1,calib
19652,1,train
19653,1,train
19654,1,train
19655,0,test
19656,1,calib
19657,1,test
19658,1,train
19659,1,train
19660,0,train
19661,1,train
19662,1,train
19663,1,train
19664,1,train
19665,1,test
19666,1,calib
19667,1,train
19668,1,train
19669,1,test
19670,1,train
19671,1,train
19672,1,train
19673,1,train
19674,1,test
19675,1,train
19676,1,train
19677,1,calib
19678,1,train
19679,1,train
19680,1,train
19681,1,calib
19682,1,calib
19683,1,train
19684,1,train
19685,1,test
19686,1,calib
19687,1,calib
19688,1,train
19689,1,train
19690,1,train
19691,0,test
19692,1,calib
19693,1,calib
19694,1,train
19695,0,test
19696,1,train
19697,1,train
19698,1,train
19699,0,train
19700,1,calib
19701,0,train
19702,0,train
19703,1,test
19704,1,train
19705,1,calib
19706,1,test
19707,0,test
19708,1,train
19709,0,train
19710,1,train
19711,1,train
19712,1,calib
19713,1,train
19714,1,test
19715,1,calib
19716,0,train
19717,1,calib
19718,1,test
19719,1,train
19720,1,train
19721,1,train
19722,0,train
19723,1,calib
19724,1,train
19725,0,train
19726,0,train
19727,0,calib
19728,1,train
19729,0,train
19730,1,train
19731,1,calib
19732,1,calib
19733,0,test
19734,1,train
19735,1,test
19736,1,train
19737,1,calib
19738,1,train
19739,1,train
19740,0,train
19741,1,train
19742,1,train
19743,0,train
19744,1,train
19745,0,train
19746,1,train
19747,1,calib
19748,1,train
19749,1,train
19750,1,train
19751,1,train
19752,1,train
19753,0,train
19754,1,calib
19755,1,calib
19756,1,calib
19757,1,train
19758,1,calib
19759,1,test
19760,0,train
19761,1,train
19762,1,test
19763,0,test
19764,1,train
19765,0,calib
19766,1,train
19767,1,train
19768,0,train
19769,1,test
19770,1,train
19771,1,train
19772,0,calib
19773,1,train
19774,1,train
19775,1,train
19776,1,test
19777,0,train
19778,1,test
19779,1,train
19780,1,train
19781,1,test
19782,1,test
19783,1,calib
19784,1,train
19785,1,calib
19786,1,train
19787,1,calib
19788,1,train
19789,0,train
19790,1,test
19791,0,train
19792,1,train
19793,0,train
19794,0,train
19795,1,calib
19796,1,test
19797,0,test
19798,1,train
19799,1,calib
19800,1,train
19801,1,train
19802,1,train
19803,1,train
19804,0,test
19805,0,train
19806,1,train
19807,0,train
19808,1,train
19809,0,train
19810,0,train
19811,1,calib
19812,1,train
19813,0,train
19814,1,train
19815,1,test
19816,1,calib
19817,0,test
19818,1,calib
19819,1,train
19820,1,train
19821,1,test
19822,0,test
19823,1,train
19824,1,test
19825,1,train
19826,1,train
19827,1,calib
19828,1,train
19829,0,train
19830,1,train
19831,1,train
19832,1,calib
19833,1,train
19834,1,train
19835,1,calib
19836,1,calib
19837,1,calib
19838,1,test
19839,1,train
19840,1,test
19841,1,test
19842,0,calib
19843,1,train
19844,1,train
19845,1,calib
19846,1,train
19847,1,train
19848,1,train
19849,0,train
19850,0,test
19851,1,train
19852,1,train
19853,1,train
19854,0,test
19855,1,calib
19856,0,train
19857,1,train
19858,1,train
19859,0,train
19860,1,test
19861,0,train
19862,1,train
19863,1,test
19864,1,train
19865,1,train
19866,0,train
19867,1,train
19868,1,train
19869,1,test
19870,1,test
19871,1,test
19872,1,test
19873,1,train
19874,1,train
19875,1,calib
19876,1,train
19877,1,train
19878,1,train
19879,1,train
19880,1,calib
19881,1,calib
19882,1,train
19883,1,train
19884,1,calib
19885,1,train
19886,1,train
19887,0,test
19888,1,calib
19889,1,train
19890,1,test
19891,0,test
19892,1,train
19893,0,train
19894,1,train
19895,0,train
19896,0,calib
19897,1,train
19898,0,train
19899,1,train
19900,0,train
19901,0,test
19902,1,test
19903,1,train
19904,0,test
19905,1,train
19906,1,train
19907,1,train
19908,1,calib
19909,1,train
19910,1,train
19911,1,calib
19912,1,test
19913,1,calib
19914,1,calib
19915,1,train
19916,1,test
19917,1,train
19918,1,train
19919,0,train
19920,0,train
19921,1,calib
19922,1,calib
19923,0,train
19924,1,train
19925,0,train
19926,1,train
19927,1,train
19928,1,calib
19929,1,calib
19930,1,test
19931,0,train
19932,1,calib
19933,1,train
19934,1,train
19935,1,train
19936,1,train
19937,1,train
19938,0,calib
19939,1,train
19940,1,train
19941,1,train
19942,1,train
19943,1,train
19944,0,test
19945,0,train
19946,1,test
19947,1,train
19948,1,test
19949,1,test
19950,0,train
19951,1,train
19952,1,test
19953,1,train
19954,1,calib
19955,1,train
19956,1,calib
19957,1,train
19958,1,train
19959,1,test
19960,1,train
19961,1,train
19962,1,calib
19963,1,train
19964,0,train
19965,1,test
19966,1,calib
19967,1,train
19968,0,train
19969,1,train
19970,1,calib
19971,1,calib
19972,1,train
19973,1,train
19974,1,train
19975,1,train
19976,1,test
19977,1,calib
19978,1,train
19979,1,test
19980,1,test
19981,1,train
19982,1,train
19983,1,train
19984,1,train
19985,1,train
19986,1,train
19987,1,train
19988,0,test
19989,1,test
19990,1,train
19991,1,calib
19992,1,train
19993,1,calib
19994,1,calib
19995,0,calib
19996,1,train
19997,1,calib
19998,0,train
19999,0,train
20000,1,train
20001,0,calib
20002,1,train
20003,1,test
20004,1,calib
20005,0,train
20006,1,train
20007,1,train
20008,0,test
20009,1,test
20010,0,train
20011,1,train
20012,1,calib
20013,1,train
20014,1,train
20015,1,train
20016,1,calib
20017,1,test
20018,1,train
20019,1,train
20020,1,test
20021,1,calib
20022,1,train
20023,1,train
20024,1,train
20025,0,calib
20026,1,test
20027,1,train
20028,0,calib
20029,1,train
20030,1,calib
20031,1,train
20032,1,train
20033,1,test
20034,1,test
20035,1,train
20036,1,train
20037,1,calib
20038,1,train
20039,0,calib
20040,1,train
20041,1,test
20042,0,train
20043,1,train
20044,1,train
20045,1,train
20046,0,train
20047,0,train
20048,1,calib
20049,1,train
20050,1,test
20051,0,train
20052,0,train
20053,1,train
20054,1,test
20055,0,train
20056,1,train
20057,0,train
20058,1,test
20059,1,train
20060,1,train
20061,1,train
20062,1,test
20063,1,test
20064,1,test
20065,1,train
20066,1,test
20067,1,calib
20068,1,train
20069,1,train
20070,0,calib
20071,0,train
20072,0,train
20073,1,train
20074,0,train
20075,1,train
20076,0,test
20077,1,train
20078,1,train
20079,0,train
20080,1,train
20081,1,train
20082,1,train
20083,1,test
20084,1,train
20085,1,train
20086,1,train
20087,1,test
20088,0,train
20089,0,calib
20090,1,calib
20091,0,calib
20092,1,calib
20093,0,test
20094,1,train
20095,1,train
20096,0,test
20097,1,calib
20098,0,train
20099,1,train
20100,1,calib
20101,1,calib
20102,1,test
20103,1,train
20104,1,test
20105,0,test
20106,0,calib
20107,1,calib
20108,1,train
20109,1,train
20110,1,calib
20111,1,train
20112,1,calib
20113,1,train
20114,1,calib
20115,1,test
20116,1,train
20117,1,train
20118,1,train
20119,1,test
20120,0,train
20121,1,test
20122,1,train
20123,1,calib
20124,1,train
20125,1,train
20126,0,train
20127,0,train
20128,1,calib
20129,0,calib
20130,1,calib
20131,1,calib
20132,0,train
20133,1,calib
20134,0,train
20135,0,train
20136,0,calib
20137,0,train
20138,1,train
20139,1,calib
20140,0,train
20141,1,train
20142,0,test
20143,1,train
20144,0,calib
20145,1,train
20146,1,train
20147,0,train
20148,1,train
20149,1,train
20150,1,train
20151,1,test
20152,0,train
20153,1,calib
20154,1,train
20155,1,train
20156,1,calib
20157,1,test
20158,1,train
20159,1,train
20160,0,train
20161,1,calib
20162,0,train
20163,0,test
20164,0,calib
20165,0,train
20166,1,train
20167,1,train
20168,1,test
20169,0,calib
20170,0,test
20171,1,calib
20172,1,train
20173,1,test
20174,1,test
20175,1,train
20176,1,calib
20177,1,calib
20178,1,test
20179,1,train
20180,1,train
20181,1,test
20182,1,train
20183,1,train
20184,1,train
20185,1,calib
20186,1,test
20187,1,calib
20188,1,train
20189,1,train
20190,1,test
20191,1,test
20192,1,train
20193,0,train
20194,1,train
20195,1,test
20196,1,train
20197,1,test
20198,1,test
20199,0,train
20200,0,train
20201,0,train
20202,1,calib
20203,1,test
20204,1,test
20205,0,test
20206,1,test
20207,1,train
20208,1,calib
20209,1,train
20210,0,train
20211,1,calib
20212,0,train
20213,1,test
20214,1,test
20215,1,train
20216,0,train
20217,1,train
20218,1,train
20219,1,calib
20220,1,train
20221,1,train
20222,1,train
20223,1,train
20224,0,calib
20225,1,calib
20226,0,train
20227,1,train
20228,1,train
20229,0,test
20230,1,test
20231,1,train
20232,1,train
20233,1,test
20234,1,test
20235,1,calib
20236,1,train
20237,1,calib
20238,1,train
20239,1,calib
20240,0,calib
20241,0,calib
20242,0,train
20243,0,calib
20244,1,train
20245,1,train
20246,1,calib
20247,1,train
20248,0,train
20249,1,test
20250,1,train
20251,0,train
20252,0,calib
20253,1,calib
20254,1,test
20255,0,test
20256,1,test
20257,0,train
20258,0,calib
20259,1,train
20260,1,train
20261,1,train
20262,0,train
20263,1,train
20264,1,train
20265,1,test
20266,1,test
20267,1,test
20268,0,train
20269,1,train
20270,1,test
20271,1,train
20272,1,calib
20273,0,train
20274,1,train
20275,1,train
20276,0,train
20277,0,train
20278,0,train
20279,1,test
20280,1,train
20281,1,train
20282,1,train
20283,0,calib
20284,1,train
20285,0,train
20286,1,train
20287,1,test
20288,0,train
20289,1,train
20290,0,train
20291,1,train
20292,0,train
20293,1,train
20294,1,train
20295,1,test
20296,1,train
20297,0,test
20298,0,train
20299,1,train
20300,1,train
20301,1,train
20302,1,train
20303,1,train
20304,1,train
20305,0,train
20306,1,calib
20307,0,test
20308,1,train
20309,0,train
20310,1,train
20311,0,test
20312,1,test
20313,1,calib
20314,1,train
20315,1,calib
20316,1,train
20317,1,train
20318,1,train
20319,1,train
20320,1,calib
20321,0,train
20322,1,train
20323,1,train
20324,1,test
20325,1,train
20326,1,train
20327,1,train
20328,1,calib
20329,1,train
20330,1,train
20331,1,train
20332,1,train
20333,1,train
20334,1,test
20335,0,calib
20336,1,calib
20337,1,train
20338,1,test
20339,1,calib
20340,0,train
20341,1,train
20342,1,train
20343,0,train
20344,1,train
20345,1,train
20346,0,train
20347,1,test
20348,1,test
20349,1,test
20350,1,test
20351,1,test
20352,1,train
20353,0,test
20354,1,test
20355,0,train
20356,1,test
20357,1,calib
20358,1,train
20359,1,calib
20360,1,train
20361,1,calib
20362,0,train
20363,0,train
20364,1,calib
20365,1,train
20366,0,train
20367,1,calib
20368,0,train
20369,1,calib
20370,1,train
20371,1,train
20372,1,test
20373,1,calib
20374,1,train
20375,1,train
20376,0,train
20377,0,calib
20378,1,train
20379,0,train
20380,1,train
20381,0,test
20382,0,train
20383,1,train
20384,1,train
20385,1,test
20386,0,calib
20387,0,calib
20388,1,train
20389,1,test
20390,0,train
20391,0,train
20392,1,train
20393,0,test
20394,1,train
20395,1,calib
20396,1,test
20397,1,train
20398,1,train
20399,1,test
20400,1,calib
20401,1,train
20402,1,calib
20403,1,train
20404,1,test
20405,1,test
20406,1,test
20407,0,test
20408,1,train
20409,1,train
20410,1,test
20411,1,train
20412,1,train
20413,1,test
20414,1,test
20415,1,train
20416,1,calib
20417,0,train
20418,1,train
20419,1,train
20420,1,train
20421,1,test
20422,0,train
20423,0,test
20424,1,train
20425,1,test
20426,1,calib
20427,1,test
20428,1,test
20429,1,train
20430,1,calib
20431,1,train
20432,0,train
20433,1,train
20434,1,train
20435,0,train
20436,1,train
20437,1,test
20438,1,train
20439,1,train
20440,1,train
20441,0,calib
20442,0,train
20443,1,train
20444,0,calib
20445,1,test
20446,1,calib
20447,1,train
20448,1,train
20449,1,train
20450,1,train
20451,1,calib
20452,0,test
20453,1,train
20454,1,test
20455,1,train
20456,0,calib
20457,1,train
20458,1,test
20459,1,test
20460,1,test
20461,1,test
20462,1,calib
20463,1,calib
20464,1,calib
20465,0,train
20466,1,train
20467,0,train
20468,1,train
20469,1,train
20470,1,train
20471,0,calib
20472,1,calib
20473,1,train
20474,0,train
20475,1,train
20476,1,calib
20477,0,train
20478,1,train
20479,1,calib
20480,1,train
20481,1,test
20482,1,train
20483,1,train
20484,0,train
20485,1,train
20486,0,train
20487,1,train
20488,0,train
20489,1,test
20490,0,train
20491,0,train
20492,1,train
20493,0,train
20494,0,train
20495,1,test
20496,1,calib
20497,1,test
20498,1,train
20499,1,train
20500,1,train
20501,1,calib
20502,1,train
20503,1,train
20504,1,calib
20505,1,test
20506,1,train
20507,0,calib
20508,1,calib
20509,1,calib
20510,0,calib
20511,1,train
20512,0,test
20513,0,train
20514,1,train
20515,1,calib
20516,1,train
20517,1,calib
20518,0,train
20519,1,calib
20520,1,calib
20521,1,calib
20522,0,train
20523,0,train
20524,1,train
20525,1,test
20526,1,train
20527,0,train
20528,1,test
20529,0,test
20530,1,calib
20531,1,calib
20532,1,train
20533,1,train
20534,1,train
20535,0,train
20536,1,train
20537,0,train
20538,1,test
20539,1,train
20540,1,train
20541,1,train
20542,1,calib
20543,0,calib
20544,1,train
20545,0,train
20546,0,calib
20547,1,train
20548,1,calib
20549,0,train
20550,1,train
20551,1,train
20552,0,train
20553,1,train
20554,1,test
20555,0,train
20556,1,train
20557,0,train
20558,1,train
20559,1,train
20560,1,train
20561,1,train
20562,1,train
20563,0,train
20564,1,train
20565,1,train
20566,1,calib
20567,1,calib
20568,0,train
20569,0,test
20570,1,train
20571,1,train
20572,0,train
20573,1,test
20574,1,train
20575,1,train
20576,1,calib
20577,1,test
20578,0,calib
20579,0,calib
20580,1,train
20581,1,train
20582,1,train
20583,1,train
20584,1,train
20585,1,calib
20586,1,train
20587,1,calib
20588,1,train
20589,1,train
20590,1,train
20591,1,train
20592,0,train
20593,0,train
20594,1,calib
20595,1,train
20596,1,train
20597,1,train
20598,0,train
20599,0,test
20600,0,train
20601,1,train
20602,0,train
20603,0,train
20604,1,train
20605,1,test
20606,1,train
20607,0,calib
20608,1,test
20609,0,calib
20610,0,test
20611,1,train
20612,1,calib
20613,0,calib
20614,1,test
20615,1,train
20616,1,test
20617,1,train
20618,1,train
20619,1,train
20620,1,calib
20621,1,calib
20622,1,train
20623,1,test
20624,1,test
20625,1,test
20626,1,test
20627,1,test
20628,1,train
20629,0,train
20630,1,calib
20631,1,train
20632,1,test
20633,1,calib
20634,1,test
20635,1,calib
20636,1,train
20637,1,train
20638,0,train
20639,0,train
20640,1,calib
20641,0,train
20642,0,train
20643,1,train
20644,1,train
20645,0,train
20646,1,calib
20647,1,train
20648,1,test
20649,0,train
20650,1,train
20651,0,train
20652,1,train
20653,1,calib
20654,1,train
20655,1,train
20656,1,train
20657,1,test
20658,1,train
20659,0,train
20660,1,test
20661,0,train
20662,0,calib
20663,1,train
20664,1,train
20665,1,train
20666,1,calib
20667,1,train
20668,1,train
20669,1,train
20670,1,train
20671,1,train
20672,1,test
20673,1,calib
20674,1,test
20675,1,calib
20676,1,test
20677,1,train
20678,1,train
20679,1,calib
20680,1,train
20681,1,calib
20682,1,calib
20683,0,calib
20684,0,train
20685,1,train
20686,1,train
20687,1,test
20688,1,train
20689,1,train
20690,0,train
20691,1,train
20692,1,test
20693,1,train
20694,0,train
20695,1,train
20696,1,train
20697,1,test
20698,1,calib
20699,0,train
20700,1,calib
20701,1,train
20702,0,train
20703,1,train
20704,0,train
20705,1,train
20706,1,train
20707,1,train
20708,1,train
20709,1,train
20710,1,test
20711,1,train
20712,1,train
20713,1,test
20714,1,test
20715,1,train
20716,1,test
20717,1,calib
20718,1,train
20719,1,train
20720,1,train
20721,1,calib
20722,1,train
20723,0,train
20724,1,train
20725,0,calib
20726,1,calib
20727,1,test
20728,1,train
20729,1,calib
20730,1,calib
20731,0,calib
20732,1,train
20733,1,test
20734,1,train
20735,0,train
20736,0,train
20737,1,test
20738,1,train
20739,1,train
20740,1,train
20741,1,train
20742,1,train
20743,1,train
20744,1,train
20745,1,train
20746,1,train
20747,1,train
20748,1,train
20749,1,train
20750,1,calib
20751,1,train
20752,1,train
20753,1,train
20754,1,train
20755,1,test
20756,1,train
20757,1,test
20758,1,train
20759,1,calib
20760,1,train
20761,0,calib
20762,1,train
20763,1,test
20764,1,train
20765,1,calib
20766,1,train
20767,1,train
20768,0,train
20769,1,test
20770,1,train
20771,1,test
20772,1,train
20773,1,test
20774,1,train
20775,1,train
20776,1,train
20777,1,train
20778,1,test
20779,1,calib
20780,0,calib
20781,1,train
20782,1,calib
20783,1,test
20784,1,test
20785,1,train
20786,0,test
20787,1,train
20788,1,train
20789,1,train
20790,1,train
20791,1,train
20792,1,calib
20793,1,test
20794,1,calib
20795,0,test
20796,1,train
20797,1,train
20798,1,test
20799,0,train
20800,0,train
20801,1,train
20802,1,train
20803,0,train
20804,0,train
20805,1,test
20806,0,calib
20807,1,train
20808,1,train
20809,1,train
20810,1,calib
20811,0,calib
20812,1,train
20813,1,calib
20814,1,calib
20815,1,test
20816,0,train
20817,0,train
20818,1,train
20819,0,train
20820,0,test
20821,1,train
20822,1,train
20823,0,train
20824,1,train
20825,1,test
20826,1,train
20827,1,test
20828,1,train
20829,0,train
20830,1,train
20831,1,train
20832,1,train
20833,1,train
20834,0,train
20835,1,train
20836,0,train
20837,1,train
20838,1,train
20839,1,train
20840,1,train
20841,1,calib
20842,1,test
20843,0,calib
20844,1,train
20845,1,train
20846,1,train
20847,1,train
20848,0,calib
20849,1,train
20850,0,train
20851,1,train
20852,1,test
20853,0,test
20854,0,calib
20855,1,train
20856,1,test
20857,1,train
20858,1,calib
20859,1,train
20860,0,calib
20861,1,train
20862,0,train
20863,1,train
20864,0,test
20865,0,train
20866,1,train
20867,0,train
20868,1,calib
20869,0,train
20870,1,calib
20871,1,train
20872,1,test
20873,1,test
20874,1,test
20875,1,test
20876,0,calib
20877,1,test
20878,1,calib
20879,0,train
20880,1,calib
20881,1,train
20882,1,train
20883,1,train
20884,0,test
20885,1,train
20886,1,calib
20887,1,test
20888,0,test
20889,0,train
20890,0,train
20891,1,train
20892,1,test
20893,0,train
20894,1,test
20895,1,train
20896,1,train
20897,1,train
20898,1,train
20899,1,train
20900,0,train
20901,1,test
20902,1,train
20903,1,calib
20904,1,train
20905,1,train
20906,0,train
20907,1,train
20908,1,calib
20909,1,calib
20910,0,train
20911,0,train
20912,1,calib
20913,1,train
20914,1,calib
20915,1,calib
20916,1,test
20917,1,train
20918,0,test
20919,1,train
20920,1,train
20921,1,test
20922,1,test
20923,0,test
20924,1,train
20925,1,train
20926,1,train
20927,1,test
20928,0,calib
20929,0,train
20930,1,calib
20931,1,calib
20932,1,train
20933,1,train
20934,1,test
20935,1,train
20936,1,calib
20937,0,test
20938,1,calib
20939,1,train
20940,1,test
20941,1,calib
20942,1,test
20943,1,test
20944,1,train
20945,1,train
20946,0,calib
20947,1,train
20948,1,train
20949,1,calib
20950,1,calib
20951,1,train
20952,1,test
20953,1,train
20954,1,train
20955,1,test
20956,1,calib
20957,1,train
20958,1,calib
20959,1,train
20960,1,test
20961,1,test
20962,1,train
20963,1,train
20964,0,train
20965,1,test
20966,1,calib
20967,1,train
20968,1,train
20969,1,test
20970,1,train
20971,1,train
20972,1,train
20973,1,calib
20974,1,calib
20975,1,calib
20976,1,train
20977,1,train
20978,0,train
20979,1,calib
20980,0,train
20981,1,train
20982,1,calib
20983,1,train
20984,0,calib
20985,1,test
20986,1,test
20987,0,train
20988,1,train
20989,1,test
20990,1,test
20991,1,train
20992,0,train
20993,1,test
20994,1,train
20995,1,train
20996,0,train
20997,1,test
20998,1,test
20999,1,calib
21000,1,train
21001,1,calib
21002,1,train
21003,1,train
21004,1,train
21005,0,test
21006,1,train
21007,1,train
21008,1,calib
21009,1,calib
21010,1,train
21011,1,calib
21012,1,train
21013,0,test
21014,0,calib
21015,0,calib
21016,0,calib
21017,1,calib
21018,1,train
21019,0,train
21020,1,train
21021,1,calib
21022,1,train
21023,0,train
21024,0,calib
21025,1,calib
21026,1,train
21027,0,test
21028,1,train
21029,0,train
21030,1,calib
21031,1,train
21032,1,train
21033,0,calib
21034,1,calib
21035,1,train
21036,1,calib
21037,0,train
21038,0,calib
21039,1,train
21040,0,test
21041,1,train
21042,1,train
21043,1,test
21044,0,calib
21045,1,calib
21046,1,calib
21047,1,train
21048,1,calib
21049,1,test
21050,0,train
21051,1,test
21052,1,train
21053,1,test
21054,1,calib
21055,1,test
21056,1,train
21057,1,train
21058,0,test
21059,1,train
21060,1,train
21061,1,train
21062,1,train
21063,0,train
21064,1,train
21065,0,train
21066,1,train
21067,0,test
21068,0,train
21069,1,calib
21070,1,calib
21071,1,train
21072,1,train
21073,1,train
21074,1,calib
21075,1,train
21076,1,train
21077,0,train
21078,1,train
21079,0,train
21080,1,train
21081,1,train
21082,1,calib
21083,1,train
21084,1,test
21085,1,train
21086,0,test
21087,1,train
21088,1,train
21089,0,test
21090,1,train
21091,1,train
21092,1,train
21093,1,train
21094,1,train
21095,1,train
21096,1,train
21097,0,train
21098,1,train
21099,1,calib
21100,1,calib
21101,1,calib
21102,1,train
21103,1,calib
21104,0,calib
21105,1,train
21106,1,calib
21107,1,train
21108,1,train
21109,0,train
21110,1,calib
21111,1,train
21112,1,calib
21113,1,test
21114,1,train
21115,1,calib
21116,0,train
21117,1,calib
21118,1,train
21119,1,train
21120,1,train
21121,1,test
21122,1,train
21123,1,train
21124,0,calib
21125,1,train
21126,1,calib
21127,1,train
21128,0,train
21129,1,train
21130,1,train
21131,1,train
21132,0,train
21133,1,calib
21134,1,calib
21135,0,train
21136,1,train
21137,1,calib
21138,1,train
21139,1,calib
21140,1,calib
21141,1,train
21142,1,train
21143,1,train
21144,1,train
21145,1,calib
21146,0,train
21147,0,calib
21148,1,train
21149,1,test
21150,0,train
21151,1,calib
21152,1,calib
21153,1,calib
21154,1,train
21155,1,train
21156,0,calib
21157,1,calib
21158,1,train
21159,0,train
21160,1,train
21161,1,calib
21162,1,train
21163,0,train
21164,1,calib
21165,1,train
21166,1,train
21167,1,test
21168,1,test
21169,1,test
21170,1,train
21171,1,train
21172,0,train
21173,1,calib
21174,1,calib
21175,1,train
21176,1,train
21177,0,test
21178,1,calib
21179,1,train
21180,0,train
21181,0,train
21182,1,calib
21183,1,train
21184,1,train
21185,1,train
21186,1,train
21187,1,train
21188,0,train
21189,0,train
21190,0,train
21191,0,calib
21192,1,train
21193,0,train
21194,1,train
21195,1,train
21196,1,test
21197,1,calib
21198,0,train
21199,1,test
21200,1,test
21201,0,train
21202,1,train
21203,0,train
21204,1,test
21205,0,train
21206,0,train
21207,1,calib
21208,1,calib
21209,0,train
21210,0,train
21211,1,test
21212,1,train
21213,0,calib
21214,0,calib
21215,0,calib
21216,0,test
21217,1,train
21218,1,calib
21219,0,calib
21220,1,calib
21221,1,train
21222,1,calib
21223,0,train
21224,0,train
21225,1,train
21226,0,calib
21227,1,test
21228,1,test
21229,1,train
21230,1,train
21231,1,train
21232,1,calib
21233,1,train
21234,0,train
21235,1,train
21236,1,train
21237,1,calib
21238,1,train
21239,1,calib
21240,0,train
21241,0,train
21242,1,train
21243,1,calib
21244,0,test
21245,0,calib
21246,1,calib
21247,1,train
21248,1,test
21249,0,calib
21250,0,test
21251,1,train
21252,0,train
21253,1,train
21254,1,train
21255,0,calib
21256,1,test
21257,1,train
21258,0,train
21259,1,calib
21260,0,train
21261,0,train
21262,1,train
21263,1,train
21264,1,calib
21265,1,calib
21266,1,train
21267,1,train
21268,1,train
21269,1,calib
21270,1,calib
21271,0,train
21272,1,calib
21273,1,calib
21274,0,train
21275,1,calib
21276,1,train
21277,1,train
21278,1,calib
21279,0,train
21280,0,train
21281,0,calib
21282,0,test
21283,0,train
21284,1,train
21285,1,calib
21286,1,train
21287,1,test
21288,1,calib
21289,1,calib
21290,1,train
21291,0,calib
21292,1,test
21293,1,test
21294,1,train
21295,1,train
21296,1,calib
21297,1,train
21298,1,train
21299,1,test
21300,1,calib
21301,0,train
21302,1,test
21303,1,train
21304,1,train
21305,1,train
21306,1,train
21307,0,test
21308,1,calib
21309,1,train
21310,1,train
21311,0,train
21312,1,train
21313,1,test
21314,0,test
21315,0,train
21316,0,train
21317,1,train
21318,1,train
21319,1,test
21320,0,train
21321,1,test
21322,1,train
21323,1,train
21324,1,calib
21325,0,train
21326,1,train
21327,1,test
21328,0,test
21329,1,train
21330,1,train
21331,1,test
21332,1,train
21333,0,train
21334,1,train
21335,1,train
21336,1,train
21337,1,calib
21338,0,train
21339,1,train
21340,1,train
21341,1,calib
21342,1,train
21343,1,train
21344,0,train
21345,1,calib
21346,1,train
21347,0,train
21348,1,test
21349,1,train
21350,1,calib
21351,0,calib
21352,1,train
21353,1,train
21354,1,test
21355,1,train
21356,1,train
21357,0,train
21358,0,calib
21359,1,train
21360,1,train
21361,1,train
21362,1,train
21363,1,test
21364,1,train
21365,1,train
21366,1,test
21367,1,train
21368,1,calib
21369,1,train
21370,1,test
21371,1,train
21372,1,train
21373,1,train
21374,0,test
21375,0,train
21376,1,calib
21377,1,train
21378,1,test
21379,1,train
21380,1,calib
21381,1,train
21382,1,test
21383,1,calib
21384,1,test
21385,0,train
21386,1,calib
21387,1,test
21388,1,train
21389,1,train
21390,0,train
21391,1,train
21392,0,train
21393,1,train
21394,1,train
21395,1,train
21396,1,calib
21397,1,test
21398,0,train
21399,1,train
21400,1,calib
21401,0,test
21402,1,train
21403,1,train
21404,1,test
21405,1,train
21406,1,test
21407,1,train
21408,0,calib
21409,1,test
21410,1,test
21411,1,train
21412,1,train
21413,1,train
21414,0,test
21415,1,train
21416,1,train
21417,1,train
21418,1,train
21419,1,train
21420,1,test
21421,0,train
21422,1,train
21423,1,test
21424,0,train
21425,1,calib
21426,1,train
21427,0,test
21428,1,train
21429,0,train
21430,0,train
21431,1,train
21432,1,train
21433,0,calib
21434,1,calib
21435,0,test
21436,1,train
21437,1,train
21438,1,calib
21439,1,train
21440,1,calib
21441,1,test
21442,1,train
21443,1,test
21444,1,calib
21445,1,test
21446,1,train
21447,1,calib
21448,0,train
21449,0,test
21450,1,train
21451,0,train
21452,1,calib
21453,0,test
21454,1,test
21455,1,train
21456,0,test
21457,1,train
21458,1,test
21459,1,train
21460,1,test
21461,1,calib
21462,1,train
21463,1,train
21464,0,test
21465,1,calib
21466,1,calib
21467,0,test
21468,0,train
21469,1,train
21470,1,train
21471,1,calib
21472,1,calib
21473,0,calib
21474,1,train
21475,0,train
21476,0,train
21477,1,calib
21478,1,train
21479,1,calib
21480,1,calib
21481,0,train
21482,0,test
21483,1,train
21484,1,train
21485,1,train
21486,1,train
21487,0,train
21488,1,train
21489,0,train
21490,1,train
21491,1,train
21492,1,train
21493,1,calib
21494,1,train
21495,1,train
21496,1,calib
21497,0,train
21498,1,calib
21499,1,train
21500,1,train
21501,0,train
21502,1,train
21503,1,test
21504,0,test
21505,0,train
21506,1,train
21507,1,train
21508,1,test
21509,1,train
21510,0,test
21511,1,test
21512,0,train
21513,1,train
21514,0,test
21515,1,train
21516,1,train
21517,0,train
21518,1,calib
21519,1,train
21520,1,train
21521,1,train
21522,1,calib
21523,0,calib
21524,1,train
21525,1,calib
21526,1,calib
21527,0,train
21528,1,test
21529,0,calib
21530,0,train
21531,1,train
21532,1,test
21533,1,test
21534,1,train
21535,1,train
21536,1,train
21537,1,train
21538,1,train
21539,1,calib
21540,0,train
21541,1,train
21542,1,train
21543,1,train
21544,1,calib
21545,1,train
21546,1,train
21547,1,calib
21548,0,calib
21549,1,train
21550,1,calib
21551,0,test
21552,1,test
21553,1,test
21554,0,train
21555,1,calib
21556,1,train
21557,0,train
21558,1,train
21559,1,train
21560,1,train
21561,1,calib
21562,1,train
21563,1,train
21564,0,calib
21565,1,train
21566,0,train
21567,1,test
21568,1,train
21569,0,train
21570,1,calib
21571,1,test
21572,1,train
21573,0,train
21574,1,test
21575,1,calib
21576,1,train
21577,1,test
21578,0,calib
21579,1,train
21580,1,calib
21581,1,train
21582,0,train
21583,1,train
21584,1,train
21585,1,calib
21586,1,test
21587,0,calib
21588,0,train
21589,0,train
21590,0,calib
21591,1,train
21592,1,train
21593,1,test
21594,1,train
21595,1,calib
21596,1,test
21597,0,train
21598,1,train
21599,0,train
21600,0,calib
21601,1,test
21602,0,test
21603,1,train
21604,1,train
21605,0,calib
21606,0,train
21607,1,train
21608,1,train
21609,1,test
21610,0,train
21611,1,test
21612,1,train
21613,1,test
21614,0,train
21615,1,test
21616,1,calib
21617,1,calib
21618,1,calib
21619,1,train
21620,1,test
21621,0,calib
21622,1,train
21623,1,train
21624,0,train
21625,1,test
21626,1,train
21627,1,train
21628,1,train
21629,1,train
21630,1,train
21631,1,train
21632,1,calib
21633,1,train
21634,1,test
21635,1,train
21636,1,test
21637,1,train
21638,1,test
21639,1,test
21640,1,train
21641,0,train
21642,1,train
21643,1,calib
21644,1,train
21645,1,test
21646,1,train
21647,0,train
21648,1,calib
21649,0,calib
21650,1,train
21651,1,calib
21652,0,test
21653,1,test
21654,1,train
21655,1,train
21656,1,train
21657,0,calib
21658,0,train
21659,1,test
21660,1,calib
21661,1,train
21662,1,train
21663,1,train
21664,1,train
21665,1,train
21666,1,calib
21667,1,train
21668,0,train
21669,0,train
21670,1,train
21671,1,train
21672,1,train
21673,1,calib
21674,1,train
21675,1,train
21676,1,calib
21677,1,calib
21678,1,calib
21679,1,calib
21680,0,train
21681,0,train
21682,1,train
21683,1,train
21684,1,test
21685,1,calib
21686,1,train
21687,1,train
21688,1,train
21689,1,calib
21690,1,train
21691,1,train
21692,1,train
21693,0,train
21694,1,test
21695,1,train
21696,1,train
21697,1,calib
21698,1,train
21699,1,calib
21700,1,calib
21701,0,calib
21702,1,train
21703,1,test
21704,1,train
21705,0,train
21706,0,train
21707,1,test
21708,1,train
21709,1,train
21710,0,train
21711,1,train
21712,1,calib
21713,1,train
21714,1,train
21715,0,train
21716,1,train
21717,1,test
21718,1,test
21719,1,test
21720,1,test
21721,1,calib
21722,1,train
21723,0,train
21724,0,train
21725,1,calib
21726,1,train
21727,1,calib
21728,1,calib
21729,0,calib
21730,1,train
21731,1,test
21732,0,test
21733,0,train
21734,1,test
21735,0,test
21736,1,train
21737,1,test
21738,1,train
21739,1,test
21740,1,train
21741,1,test
21742,0,train
21743,1,calib
21744,0,train
21745,1,train
21746,1,test
21747,1,train
21748,1,calib
21749,1,train
21750,1,test
21751,1,train
21752,0,train
21753,1,test
21754,0,train
21755,1,train
21756,1,train
21757,1,test
21758,1,train
21759,1,test
21760,1,train
21761,1,train
21762,1,train
21763,1,train
21764,1,train
21765,1,train
21766,1,train
21767,1,calib
21768,0,train
21769,1,test
21770,1,calib
21771,1,calib
21772,1,train
21773,1,train
21774,1,test
21775,1,train
21776,1,train
21777,1,calib
21778,1,train
21779,0,test
21780,1,train
21781,1,train
21782,1,train
21783,1,train
21784,1,train
21785,0,calib
21786,1,calib
21787,1,train
21788,1,train
21789,1,train
21790,1,train
21791,1,train
21792,0,train
21793,1,calib
21794,1,train
21795,1,train
21796,0,test
21797,1,test
21798,1,train
21799,1,train
21800,1,calib
21801,1,test
21802,1,test
21803,1,calib
21804,1,train
21805,1,train
21806,0,calib
21807,1,test
21808,1,test
21809,1,test
21810,1,calib
21811,1,calib
21812,1,test
21813,1,train
21814,1,train
21815,1,test
21816,0,calib
21817,1,train
21818,1,test
21819,1,train
21820,1,calib
21821,1,test
21822,1,calib
21823,1,train
21824,1,test
21825,1,calib
21826,0,train
21827,1,test
21828,0,train
21829,1,train
21830,1,train
21831,0,test
21832,1,test
21833,0,calib
21834,0,train
21835,1,train
21836,1,train
21837,1,train
21838,1,train
21839,1,test
21840,1,calib
21841,1,train
21842,1,train
21843,1,test
21844,1,test
21845,1,train
21846,1,train
21847,1,calib
21848,1,train
21849,1,train
21850,1,train
21851,1,calib
21852,1,train
21853,1,train
21854,1,calib
21855,0,calib
21856,1,train
21857,1,train
21858,1,train
21859,1,train
21860,1,train
21861,1,calib
21862,0,train
21863,1,train
21864,1,train
21865,1,calib
21866,0,train
21867,1,calib
21868,0,train
21869,1,train
21870,1,train
21871,1,calib
21872,1,test
21873,1,train
21874,0,calib
21875,1,train
21876,0,test
21877,1,train
21878,1,test
21879,1,calib
21880,1,calib
21881,1,train
21882,1,test
21883,0,calib
21884,0,test
21885,0,test
21886,1,train
21887,0,calib
21888,1,test
21889,1,calib
21890,1,train
21891,0,test
21892,0,train
21893,1,calib
21894,0,train
21895,1,train
21896,1,train
21897,1,test
21898,1,train
21899,1,train
21900,0,test
21901,1,test
21902,0,calib
21903,1,train
21904,1,test
21905,1,train
21906,1,test
21907,1,calib
21908,0,test
21909,1,test
21910,1,train
21911,1,train
21912,0,test
21913,1,train
21914,1,train
21915,1,train
21916,1,calib
21917,1,train
21918,1,test
21919,1,train
21920,1,calib
21921,1,calib
21922,1,train
21923,1,train
21924,1,train
21925,1,train
21926,1,test
21927,0,test
21928,1,train
21929,1,test
21930,1,train
21931,1,calib
21932,1,test
21933,1,train
21934,1,calib
21935,1,train
21936,1,test
21937,1,train
21938,0,calib
21939,1,train
21940,1,test
21941,1,train
21942,1,train
21943,1,train
21944,1,train
21945,0,train
21946,1,test
21947,1,train
21948,1,train
21949,0,train
21950,0,calib
21951,1,calib
21952,1,train
21953,1,train
21954,1,train
21955,1,train
21956,0,train
21957,1,train
21958,1,test
21959,1,train
21960,0,train
21961,1,train
21962,1,train
21963,1,train
21964,1,test
21965,1,train
21966,1,test
21967,1,train
21968,1,train
21969,1,train
21970,1,train
21971,1,train
21972,1,train
21973,1,train
21974,1,train
21975,1,train
21976,0,train
21977,1,train
21978,0,test
21979,1,train
21980,1,train
21981,1,calib
21982,1,train
21983,0,train
21984,1,train
21985,1,test
21986,0,calib
21987,1,calib
21988,1,calib
21989,1,train
21990,1,train
21991,1,test
21992,0,train
21993,0,test
21994,1,train
21995,1,train
21996,1,test
21997,1,test
21998,0,test
21999,1,train
22000,0,train
22001,1,test
22002,1,train
22003,1,train
22004,1,calib
22005,0,train
22006,1,train
22007,1,train
22008,0,train
22009,1,train
22010,0,train
22011,1,calib
22012,1,train
22013,1,test
22014,1,calib
22015,1,calib
22016,0,calib
22017,0,test
22018,1,calib
22019,1,train
22020,1,train
22021,1,train
22022,1,train
22023,1,test
22024,1,train
22025,1,calib
22026,0,train
22027,1,train
22028,1,train
22029,1,train
22030,0,train
22031,1,train
22032,1,train
22033,1,train
22034,1,train
22035,0,train
22036,1,train
22037,1,train
22038,1,train
22039,1,train
22040,0,test
22041,0,train
22042,1,train
22043,1,calib
22044,1,train
22045,1,train
22046,0,train
22047,1,train
22048,1,test
22049,0,train
22050,0,train
22051,1,train
22052,1,test
22053,1,train
22054,1,test
22055,1,train
22056,1,train
22057,0,train
22058,1,calib
22059,1,train
22060,1,train
22061,1,train
22062,1,train
22063,0,calib
22064,1,test
22065,1,calib
22066,1,calib
22067,1,train
22068,1,train
22069,1,train
22070,1,train
22071,0,calib
22072,1,train
22073,1,test
22074,1,train
22075,1,train
22076,1,train
22077,1,train
22078,0,calib
22079,1,test
22080,1,train
22081,1,train
22082,1,calib
22083,1,train
22084,1,test
22085,0,train
22086,1,train
22087,0,train
22088,1,train
22089,1,test
22090,1,test
22091,1,test
22092,1,calib
22093,1,test
22094,1,test
22095,1,train
22096,1,calib
22097,1,test
22098,1,train
22099,1,train
22100,1,calib
22101,1,calib
22102,1,train
22103,1,train
22104,1,test
22105,1,test
22106,1,test
22107,1,train
22108,1,train
22109,1,train
22110,1,train
22111,0,train
22112,1,test
22113,1,train
22114,1,calib
22115,1,train
22116,1,calib
22117,1,train
22118,1,train
22119,1,train
22120,0,calib
22121,1,train
22122,1,train
22123,0,train
22124,1,calib
22125,1,calib
22126,1,calib
22127,1,train
22128,0,train
22129,0,train
22130,1,train
22131,1,train
22132,0,train
22133,1,train
22134,1,train
22135,1,train
22136,1,train
22137,0,train
22138,1,train
22139,1,test
22140,0,train
22141,0,test
22142,0,train
22143,1,train
22144,1,train
22145,0,train
22146,0,test
22147,1,train
22148,1,train
22149,1,calib
22150,1,test
22151,1,test
22152,0,train
22153,0,calib
22154,1,calib
22155,1,train
22156,0,test
22157,1,train
22158,0,calib
22159,1,train
22160,1,calib
22161,1,train
22162,1,train
22163,1,train
22164,0,calib
22165,1,train
22166,1,train
22167,1,train
22168,1,train
22169,0,train
22170,1,test
22171,0,train
22172,1,calib
22173,1,train
22174,0,calib
22175,1,train
22176,1,train
22177,1,train
22178,1,train
22179,1,calib
22180,1,train
22181,0,train
22182,1,train
22183,1,train
22184,1,train
22185,1,train
22186,1,train
22187,1,train
22188,1,test
22189,0,train
22190,1,test
22191,1,calib
22192,1,calib
22193,0,train
22194,0,train
22195,1,test
22196,1,calib
22197,0,train
22198,1,test
22199,1,test
22200,1,test
22201,1,train
22202,1,train
22203,1,train
22204,0,train
22205,1,train
22206,1,train
22207,1,test
22208,0,calib
22209,1,calib
22210,0,calib
22211,1,calib
22212,1,train
22213,1,test
22214,0,train
22215,1,train
22216,1,train
22217,1,test
22218,1,calib
22219,1,train
22220,1,test
22221,1,train
22222,1,train
22223,0,train
22224,1,train
22225,0,train
22226,1,test
22227,0,test
22228,0,test
22229,1,calib
22230,1,calib
22231,1,train
22232,1,calib
22233,1,test
22234,1,train
22235,1,train
22236,1,train
22237,1,train
22238,1,test
22239,1,train
22240,1,train
22241,1,calib
22242,1,train
22243,1,train
22244,1,calib
22245,1,test
22246,0,calib
22247,1,calib
22248,1,train
22249,1,train
22250,1,train
22251,0,test
22252,0,calib
22253,1,train
22254,0,train
22255,1,test
22256,1,calib
22257,0,test
22258,1,test
22259,1,calib
22260,1,test
22261,1,train
22262,1,calib
22263,1,test
22264,1,train
22265,1,train
22266,0,calib
22267,1,train
22268,1,train
22269,1,train
22270,1,train
22271,1,train
22272,0,train
22273,1,train
22274,1,test
22275,0,train
22276,0,test
22277,1,train
22278,1,test
22279,0,train
22280,0,test
22281,1,test
22282,0,train
22283,1,test
22284,0,train
22285,0,train
22286,1,test
22287,1,calib
22288,0,train
22289,0,train
22290,1,test
22291,1,train
22292,1,calib
22293,0,train
22294,1,calib
22295,1,train
22296,1,train
22297,1,calib
22298,1,test
22299,1,train
22300,1,train
22301,0,train
22302,1,train
22303,1,test
22304,1,train
22305,1,calib
22306,0,train
22307,1,calib
22308,1,train
22309,0,train
22310,1,test
22311,1,test
22312,1,calib
22313,1,train
22314,1,test
22315,1,train
22316,1,train
22317,0,train
22318,1,train
22319,1,train
22320,1,test
22321,1,calib
22322,1,test
22323,0,train
22324,1,calib
22325,1,train
22326,1,train
22327,1,train
22328,0,train
22329,0,train
22330,1,train
22331,0,train
22332,0,test
22333,1,train
22334,0,test
22335,0,test
22336,1,calib
22337,0,train
22338,0,train
22339,1,train
22340,1,train
22341,1,calib
22342,1,test
22343,1,calib
22344,1,train
22345,1,calib
22346,1,train
22347,1,train
22348,1,train
22349,1,train
22350,1,train
22351,1,train
22352,1,train
22353,1,train
22354,1,train
22355,1,train
22356,1,train
22357,1,train
22358,1,train
22359,1,test
22360,1,train
22361,0,train
22362,1,train
22363,1,calib
22364,1,train
22365,1,train
22366,1,train
22367,1,train
22368,1,test
22369,0,calib
22370,1,train
22371,1,train
22372,1,test
22373,1,train
22374,1,train
22375,0,train
22376,1,test
22377,1,test
22378,1,calib
22379,1,train
22380,1,train
22381,1,train
22382,1,train
22383,1,train
22384,0,train
22385,0,train
22386,1,train
22387,1,train
22388,0,train
22389,0,train
22390,0,train
22391,1,train
22392,1,test
22393,1,test
22394,0,train
22395,1,train
22396,1,train
22397,1,train
22398,0,train
22399,0,train
22400,1,train
22401,1,train
22402,0,calib
22403,1,train
22404,1,test
22405,1,train
22406,1,calib
22407,0,train
22408,1,train
22409,1,train
22410,1,train
22411,1,train
22412,1,train
22413,1,train
22414,0,train
22415,1,train
22416,1,test
22417,1,calib
22418,0,calib
22419,1,test
22420,0,train
22421,0,calib
22422,1,train
22423,1,train
22424,0,calib
22425,1,calib
22426,1,calib
22427,0,train
22428,0,train
22429,1,train
22430,0,train
22431,1,train
22432,0,calib
22433,1,test
22434,1,calib
22435,1,calib
22436,1,train
22437,1,test
22438,1,train
22439,0,train
22440,1,train
22441,0,calib
22442,1,test
22443,0,test
22444,1,train
22445,1,test
22446,1,train
22447,0,calib
22448,0,calib
22449,0,train
22450,1,train
22451,0,train
22452,0,calib
22453,1,calib
22454,1,train
22455,0,train
22456,0,calib
22457,1,train
22458,0,train
22459,1,train
22460,1,calib
22461,1,train
22462,0,train
22463,1,train
22464,1,test
22465,1,train
22466,1,train
22467,0,train
22468,1,calib
22469,1,train
22470,0,train
22471,1,train
22472,1,train
22473,1,train
22474,1,test
22475,0,test
22476,1,test
22477,1,calib
22478,1,train
22479,1,train
22480,1,train
22481,1,train
22482,1,train
22483,1,calib
22484,1,calib
22485,1,train
22486,0,train
22487,1,calib
22488,1,train
22489,1,calib
22490,1,train
22491,0,train
22492,1,train
22493,1,train
22494,1,train
22495,1,test
22496,1,calib
22497,1,train
22498,1,train
22499,1,train
22500,1,calib
22501,1,train
22502,1,test
22503,0,test
22504,1,train
22505,0,train
22506,0,train
22507,1,train
22508,1,test
22509,1,test
22510,1,train
22511,1,train
22512,1,train
22513,0,train
22514,1,test
22515,0,test
22516,0,train
22517,1,train
22518,0,train
22519,0,calib
22520,1,test
22521,0,calib
22522,1,train
22523,1,train
22524,1,test
22525,1,calib
22526,0,train
22527,0,calib
22528,1,train
22529,1,test
22530,1,train
22531,1,train
22532,1,train
22533,1,train
22534,1,train
22535,1,train
22536,0,train
22537,0,test
22538,1,train
22539,1,test
22540,1,calib
22541,1,calib
22542,1,train
22543,0,test
22544,0,test
22545,1,test
22546,0,calib
22547,0,train
22548,1,train
22549,1,calib
22550,1,train
22551,1,calib
22552,1,calib
22553,1,train
22554,1,train
22555,0,test
22556,1,train
22557,1,calib
22558,1,train
22559,1,train
22560,1,train
22561,1,calib
22562,1,test
22563,1,train
22564,0,calib
22565,1,test
22566,1,train
22567,1,test
22568,1,train
22569,0,train
22570,0,calib
22571,1,train
22572,1,train
22573,0,train
22574,0,test
22575,1,train
22576,1,calib
22577,1,calib
22578,0,calib
22579,1,train
22580,0,test
22581,1,train
22582,1,train
22583,1,train
22584,1,train
22585,1,train
22586,0,train
22587,1,train
22588,1,train
22589,1,train
22590,0,train
22591,0,train
22592,0,train
22593,1,test
22594,1,test
22595,1,calib
22596,0,train
22597,1,train
22598,1,train
22599,1,test
22600,1,train
22601,1,calib
22602,1,train
22603,1,train
22604,1,calib
22605,1,train
22606,1,test
22607,1,calib
22608,0,train
22609,1,calib
22610,1,train
22611,0,train
22612,1,test
22613,0,train
22614,1,train
22615,1,train
22616,1,train
22617,1,train
22618,1,train
22619,1,test
22620,0,calib
22621,1,test
22622,1,train
22623,1,test
22624,1,test
22625,1,train
22626,1,test
22627,1,test
22628,1,train
22629,1,calib
22630,0,train
22631,0,train
22632,1,calib
22633,1,train
22634,0,test
22635,1,train
22636,1,calib
22637,0,train
22638,1,train
22639,1,train
22640,0,train
22641,1,train
22642,1,calib
22643,0,calib
22644,0,train
22645,1,train
22646,1,train
22647,1,train
22648,1,train
22649,1,train
22650,1,test
22651,1,calib
22652,1,train
22653,1,train
22654,1,train
22655,0,train
22656,1,test
22657,1,train
22658,1,test
22659,1,train
22660,1,train
22661,1,train
22662,1,train
22663,1,train
22664,1,test
22665,0,train
22666,1,train
22667,0,train
22668,0,train
22669,1,calib
22670,1,train
22671,0,train
22672,1,test
22673,1,train
22674,1,train
22675,0,test
22676,1,test
22677,1,train
22678,1,test
22679,1,train
22680,1,train
22681,1,train
22682,1,train
22683,1,train
22684,0,calib
22685,1,train
22686,1,train
22687,1,train
22688,1,train
22689,1,train
22690,1,train
22691,0,calib
22692,1,calib
22693,1,train
22694,1,train
22695,1,calib
22696,0,test
22697,0,train
22698,1,train
22699,1,train
22700,1,calib
22701,1,calib
22702,1,train
22703,0,train
22704,0,calib
22705,1,calib
22706,1,train
22707,1,calib
22708,0,train
22709,1,calib
22710,0,train
22711,1,calib
22712,1,train
22713,0,train
22714,1,train
22715,1,train
22716,0,train
22717,1,train
22718,0,train
22719,1,train
22720,0,train
22721,1,train
22722,0,train
22723,0,train
22724,1,calib
22725,1,train
22726,1,train
22727,1,test
22728,1,test
22729,1,test
22730,0,train
22731,1,calib
22732,0,train
22733,0,test
22734,1,train
22735,0,calib
22736,1,train
22737,0,train
22738,0,train
22739,1,calib
22740,1,test
22741,1,train
22742,1,train
22743,1,test
22744,1,calib
22745,1,calib
22746,1,train
22747,1,test
22748,0,train
22749,0,train
22750,1,calib
22751,1,test
22752,1,test
22753,1,test
22754,1,train
22755,1,train
22756,1,train
22757,1,calib
22758,1,test
22759,1,train
22760,1,train
22761,0,test
22762,0,calib
22763,1,train
22764,1,train
22765,1,train
22766,1,calib
22767,0,train
22768,1,train
22769,1,test
22770,1,train
22771,1,test
22772,1,test
22773,1,calib
22774,1,train
22775,1,train
22776,1,train
22777,1,train
22778,1,train
22779,1,train
22780,0,train
22781,1,test
22782,0,test
22783,1,train
22784,1,train
22785,1,train
22786,1,train
22787,1,train
22788,1,train
22789,1,train
22790,1,train
22791,0,test
22792,1,calib
22793,0,test
22794,1,train
22795,1,calib
22796,1,test
22797,1,test
22798,1,test
22799,1,train
22800,0,train
22801,1,test
22802,1,calib
22803,1,train
22804,1,train
22805,1,train
22806,0,train
22807,1,test
22808,1,train
22809,1,train
22810,1,test
22811,0,calib
22812,0,train
22813,1,test
22814,1,train
22815,1,train
22816,1,test
22817,0,test
22818,1,train
22819,1,train
22820,1,test
22821,0,test
22822,1,test
22823,1,calib
22824,1,train
22825,1,train
22826,1,train
22827,0,calib
22828,1,train
22829,0,test
22830,1,calib
22831,1,test
22832,1,calib
22833,1,train
22834,1,calib
22835,1,train
22836,1,test
22837,1,calib
22838,1,train
22839,1,train
22840,0,train
22841,1,train
22842,1,calib
22843,1,train
22844,1,calib
22845,0,train
22846,0,test
22847,0,test
22848,1,train
22849,1,calib
22850,0,train
22851,1,train
22852,1,test
22853,0,train
22854,1,train
22855,1,train
22856,1,test
22857,1,test
22858,1,train
22859,1,test
22860,1,train
22861,0,train
22862,1,train
22863,1,train
22864,1,train
22865,1,train
22866,1,train
22867,0,train
22868,0,test
22869,1,train
22870,0,train
22871,1,test
22872,1,train
22873,1,calib
22874,1,train
22875,1,train
22876,1,train
22877,1,train
22878,1,test
22879,1,train
22880,1,train
22881,1,train
22882,0,train
22883,1,train
22884,1,train
22885,1,test
22886,1,test
22887,1,train
22888,1,train
22889,1,calib
22890,0,train
22891,1,train
22892,1,train
22893,1,test
22894,1,train
22895,1,train
22896,1,train
22897,1,train
22898,1,train
22899,1,test
22900,1,train
22901,1,test
22902,1,calib
22903,1,calib
22904,1,train
22905,0,train
22906,0,test
22907,1,train
22908,1,test
22909,1,train
22910,0,train
22911,1,test
22912,0,train
22913,0,train
22914,1,train
22915,1,train
22916,1,train
22917,1,train
22918,1,test
22919,0,test
22920,1,train
22921,1,train
22922,1,train
22923,1,test
22924,0,train
22925,0,calib
22926,1,train
22927,1,train
22928,1,train
22929,1,train
22930,1,train
22931,0,test
22932,1,train
22933,0,train
22934,1,train
22935,1,train
22936,1,calib
22937,0,train
22938,1,train
22939,1,train
22940,1,train
22941,1,test
22942,1,calib
22943,0,train
22944,1,train
22945,1,calib
22946,1,train
22947,0,train
22948,0,calib
22949,1,train
22950,1,calib
22951,1,train
22952,1,test
22953,0,train
22954,1,calib
22955,1,test
22956,1,train
22957,1,calib
22958,1,test
22959,1,calib
22960,1,calib
22961,1,train
22962,1,train
22963,1,calib
22964,0,calib
22965,1,train
22966,1,train
22967,1,train
22968,0,test
22969,0,calib
22970,0,calib
22971,0,calib
22972,1,test
22973,1,train
22974,1,train
22975,1,train
22976,1,test
22977,1,train
22978,0,calib
22979,1,train
22980,1,train
22981,1,train
22982,1,train
22983,1,test
22984,0,train
22985,0,train
22986,1,test
22987,0,train
22988,1,calib
22989,1,train
22990,1,train
22991,0,calib
22992,1,train
22993,1,train
22994,1,train
22995,0,train
22996,1,train
22997,1,train
22998,1,test
22999,1,test
23000,1,train
23001,1,calib
23002,0,calib
23003,1,test
23004,1,test
23005,0,test
23006,1,train
23007,1,test
23008,0,train
23009,1,train
23010,0,test
23011,0,test
23012,1,calib
23013,1,test
23014,1,test
23015,0,train
23016,0,train
23017,1,test
23018,0,train
23019,1,calib
23020,1,calib
23021,1,calib
23022,1,calib
23023,1,calib
23024,1,train
23025,1,calib
23026,1,train
23027,1,train
23028,0,train
23029,0,test
23030,1,train
23031,1,calib
23032,1,train
23033,1,test
23034,1,test
23035,0,train
23036,1,calib
23037,1,test
23038,1,calib
23039,1,calib
23040,0,calib
23041,0,calib
23042,1,train
23043,1,train
23044,1,calib
23045,0,test
23046,1,calib
23047,1,train
23048,1,train
23049,1,train
23050,1,train
23051,1,train
23052,0,train
23053,1,train
23054,1,calib
23055,0,test
23056,1,calib
23057,1,train
23058,1,train
23059,1,calib
23060,1,train
23061,0,calib
23062,1,test
23063,1,train
23064,1,calib
23065,1,train
23066,1,calib
23067,1,train
23068,1,train
23069,1,train
23070,1,test
23071,1,train
23072,1,train
23073,1,train
23074,1,test
23075,1,test
23076,1,calib
23077,1,test
23078,0,train
23079,1,train
23080,0,calib
23081,1,train
23082,1,calib
23083,1,test
23084,1,train
23085,1,calib
23086,1,train
23087,0,train
23088,1,calib
23089,0,calib
23090,1,test
23091,1,calib
23092,1,train
23093,1,test
23094,1,train
23095,1,train
23096,1,test
23097,1,train
23098,1,train
23099,1,train
23100,1,test
23101,0,train
23102,1,train
23103,0,train
23104,1,train
23105,1,train
23106,0,train
23107,1,calib
23108,1,test
23109,1,train
23110,0,train
23111,1,calib
23112,1,train
23113,1,calib
23114,1,test
23115,1,test
23116,1,calib
23117,1,calib
23118,1,train
23119,1,train
23120,1,train
23121,1,train
23122,1,train
23123,1,train
23124,1,test
23125,1,train
23126,0,test
23127,1,calib
23128,1,train
23129,1,test
23130,1,test
23131,0,train
23132,1,train
23133,1,train
23134,1,train
23135,1,train
23136,1,train
23137,1,test
23138,1,train
23139,1,test
23140,1,test
23141,1,train
23142,1,train
23143,1,train
23144,1,test
23145,1,train
23146,1,calib
23147,1,test
23148,1,calib
23149,1,train
23150,1,train
23151,1,test
23152,1,calib
23153,0,train
23154,1,train
23155,1,train
23156,1,train
23157,1,train
23158,1,train
23159,1,train
23160,1,test
23161,1,train
23162,1,calib
23163,1,calib
23164,0,train
23165,1,calib
23166,1,test
23167,1,test
23168,1,test
23169,1,test
23170,1,calib
23171,1,calib
23172,0,train
23173,1,test
23174,1,train
23175,1,test
23176,1,train
23177,0,train
23178,1,train
23179,1,train
23180,1,train
23181,0,test
23182,1,calib
23183,0,train
23184,1,calib
23185,1,test
23186,1,train
23187,1,train
23188,1,train
23189,1,train
23190,0,train
23191,0,train
23192,1,train
23193,1,test
23194,1,test
23195,1,train
23196,0,calib
23197,1,train
23198,1,train
23199,1,train
23200,1,calib
23201,1,train
23202,1,train
23203,1,train
23204,1,train
23205,0,train
23206,1,train
23207,1,calib
23208,1,train
23209,0,train
23210,1,test
23211,1,train
23212,1,train
23213,1,train
23214,1,calib
23215,1,calib
23216,1,calib
23217,1,calib
23218,1,train
23219,1,test
23220,1,test
23221,1,test
23222,0,train
23223,1,calib
23224,0,calib
23225,1,train
23226,1,train
23227,1,train
23228,1,train
23229,1,train
23230,1,train
23231,0,test
23232,1,train
23233,1,train
23234,1,train
23235,1,train
23236,0,train
23237,1,train
23238,1,train
23239,1,test
23240,1,train
23241,1,test
23242,1,calib
23243,1,calib
23244,0,train
23245,1,train
23246,1,train
23247,1,test
23248,1,train
23249,0,test
23250,1,test
23251,1,train
23252,1,train
23253,1,test
23254,1,train
23255,0,train
23256,0,train
23257,1,calib
23258,1,train
23259,1,train
23260,0,train
23261,1,train
23262,0,test
23263,1,train
23264,1,calib
23265,1,train
23266,0,train
23267,1,calib
23268,1,train
23269,1,train
23270,1,test
23271,1,calib
23272,1,train
23273,0,calib
23274,0,train
23275,1,train
23276,1,train
23277,1,test
23278,0,train
23279,0,train
23280,0,train
23281,1,train
23282,1,train
23283,1,train
23284,1,train
23285,0,calib
23286,1,train
23287,1,train
23288,1,train
23289,1,train
23290,0,test
23291,1,train
23292,1,train
23293,1,calib
23294,1,train
23295,0,test
23296,1,train
23297,1,train
23298,1,train
23299,1,train
23300,1,train
23301,0,test
23302,1,calib
23303,0,train
23304,0,train
23305,0,test
23306,1,test
23307,1,calib
23308,0,train
23309,1,calib
23310,0,train
23311,1,train
23312,0,train
23313,0,train
23314,1,train
23315,1,train
23316,1,train
23317,0,test
23318,0,test
23319,0,train
23320,1,calib
23321,1,train
23322,1,train
23323,1,train
23324,0,train
23325,1,train
23326,1,calib
23327,1,train
23328,1,calib
23329,1,calib
23330,1,train
23331,1,train
23332,1,train
23333,1,calib
23334,0,train
23335,1,calib
23336,1,train
23337,1,train
23338,1,train
23339,1,test
23340,1,calib
23341,0,train
23342,1,test
23343,0,test
23344,0,train
23345,1,train
23346,1,train
23347,1,train
23348,1,calib
23349,1,test
23350,1,calib
23351,1,train
23352,1,calib
23353,1,calib
23354,0,calib
23355,1,test
23356,1,train
23357,0,train
23358,0,train
23359,1,train
23360,1,test
23361,0,train
23362,1,calib
23363,1,test
23364,1,train
23365,1,calib
23366,0,train
23367,1,train
23368,0,train
23369,1,train
23370,0,train
23371,1,train
23372,1,calib
23373,1,train
23374,1,calib
23375,1,calib
23376,1,calib
23377,0,train
23378,1,calib
23379,1,calib
23380,0,train
23381,0,train
23382,0,test
23383,1,train
23384,0,train
23385,1,train
23386,1,train
23387,1,train
23388,1,train
23389,0,train
23390,1,test
23391,0,test
23392,1,calib
23393,1,train
23394,1,train
23395,1,test
23396,1,train
23397,1,train
23398,1,calib
23399,1,calib
23400,1,train
23401,1,train
23402,0,calib
23403,0,train
23404,0,calib
23405,1,train
23406,1,train
23407,1,train
23408,1,calib
23409,1,train
23410,1,train
23411,0,test
23412,1,train
23413,1,train
23414,1,train
23415,1,train
23416,0,train
23417,0,calib
23418,1,calib
23419,0,test
23420,0,test
23421,0,train
23422,0,calib
23423,0,train
23424,1,test
23425,1,train
23426,1,train
23427,1,calib
23428,1,test
23429,0,test
23430,1,train
23431,1,train
23432,1,test
23433,1,train
23434,1,calib
23435,1,train
23436,1,train
23437,1,train
23438,1,train
23439,0,train
23440,1,test
23441,0,train
23442,1,train
23443,1,train
23444,1,calib
23445,1,train
23446,0,calib
23447,1,calib
23448,1,train
23449,1,test
23450,1,train
23451,1,train
23452,0,train
23453,1,train
23454,1,train
23455,1,train
23456,1,train
23457,1,calib
23458,1,train
23459,0,test
23460,0,train
23461,1,calib
23462,1,test
23463,1,train
23464,0,train
23465,1,train
23466,1,train
23467,0,calib
23468,1,test
23469,1,test
23470,1,test
23471,0,train
23472,1,test
23473,1,train
23474,0,train
23475,1,train
23476,1,train
23477,1,train
23478,1,test
23479,1,train
23480,1,train
23481,1,train
23482,1,train
23483,1,train
23484,1,calib
23485,1,train
23486,1,train
23487,1,train
23488,1,calib
23489,0,train
23490,1,train
23491,0,train
23492,1,calib
23493,1,train
23494,1,train
23495,1,train
23496,1,calib
23497,1,calib
23498,0,test
23499,1,train
23500,1,calib
23501,0,train
23502,1,train
23503,1,train
23504,0,train
23505,0,train
23506,1,train
23507,1,train
23508,1,calib
23509,0,train
23510,1,calib
23511,0,train
23512,1,calib
23513,1,train
23514,1,train
23515,1,train
23516,1,calib
23517,1,test
23518,1,train
23519,0,test
23520,1,calib
23521,1,train
23522,1,train
23523,0,test
23524,1,calib
23525,1,train
23526,1,train
23527,0,train
23528,0,train
23529,1,calib
23530,1,test
23531,1,test
23532,1,train
23533,1,train
23534,1,train
23535,0,train
23536,1,train
23537,1,calib
23538,1,train
23539,1,train
23540,1,train
23541,1,train
23542,1,train
23543,0,train
23544,1,train
23545,0,calib
23546,1,train
23547,1,train
23548,0,calib
23549,0,train
23550,0,calib
23551,1,train
23552,0,calib
23553,0,train
23554,0,calib
23555,1,train
23556,1,test
23557,1,test
23558,1,test
23559,1,calib
23560,1,train
23561,1,train
23562,0,train
23563,0,train
23564,1,test
23565,1,train
23566,1,train
23567,0,test
23568,0,train
23569,0,calib
23570,0,calib
23571,0,train
23572,1,calib
23573,1,calib
23574,1,train
23575,1,train
23576,1,train
23577,1,train
23578,0,test
23579,1,calib
23580,1,calib
23581,1,train
23582,0,train
23583,1,train
23584,1,calib
23585,0,calib
23586,1,train
23587,0,test
23588,1,train
23589,0,train
23590,0,test
23591,1,train
23592,0,test
23593,1,test
23594,1,train
23595,1,train
23596,1,test
23597,1,train
23598,0,train
23599,0,train
23600,0,train
23601,1,test
23602,1,test
23603,1,train
23604,1,calib
23605,1,train
23606,1,train
23607,1,test
23608,1,test
23609,1,calib
23610,1,train
23611,1,train
23612,1,train
23613,0,train
23614,1,test
23615,1,test
23616,1,test
23617,1,train
23618,0,calib
23619,0,test
23620,1,train
23621,1,train
23622,1,train
23623,1,train
23624,1,train
23625,1,train
23626,1,calib
23627,0,calib
23628,1,test
23629,1,train
23630,1,train
23631,1,test
23632,1,train
23633,1,train
23634,1,train
23635,1,calib
23636,0,train
23637,1,test
23638,1,train
23639,1,train
23640,1,train
23641,0,calib
23642,1,train
23643,1,calib
23644,1,train
23645,1,test
23646,1,calib
23647,1,train
23648,1,train
23649,0,test
23650,1,train
23651,0,train
23652,1,train
23653,1,train
23654,1,train
23655,1,train
23656,1,test
23657,1,calib
23658,1,train
23659,1,train
23660,1,test
23661,0,calib
23662,1,calib
23663,1,train
23664,0,test
23665,1,train
23666,1,train
23667,1,train
23668,1,test
23669,1,calib
23670,1,train
23671,0,calib
23672,0,calib
23673,1,test
23674,1,test
23675,1,test
23676,1,test
23677,1,test
23678,0,train
23679,1,test
23680,1,train
23681,0,train
23682,0,calib
23683,1,train
23684,1,train
23685,0,train
23686,0,calib
23687,1,calib
23688,1,calib
23689,0,test
23690,1,calib
23691,1,train
23692,1,test
23693,1,train
23694,1,train
23695,1,train
23696,1,train
23697,1,calib
23698,1,calib
23699,1,train
23700,1,train
23701,0,train
23702,1,train
23703,1,train
23704,1,test
23705,1,test
23706,0,train
23707,1,train
23708,0,train
23709,0,train
23710,1,train
23711,1,calib
23712,1,train
23713,1,test
23714,1,calib
23715,0,train
23716,0,train
23717,1,calib
23718,1,test
23719,1,test
23720,1,train
23721,0,train
23722,1,train
23723,1,train
23724,1,train
23725,0,calib
23726,0,train
23727,1,train
23728,1,train
23729,1,calib
23730,1,train
23731,1,train
23732,1,train
23733,0,calib
23734,1,calib
23735,0,train
23736,0,calib
23737,1,train
23738,1,train
23739,1,train
23740,1,train
23741,0,train
23742,1,train
23743,1,train
23744,1,test
23745,0,train
23746,1,train
23747,1,train
23748,1,test
23749,1,calib
23750,1,train
23751,1,train
23752,0,train
23753,1,test
23754,1,test
23755,1,train
23756,0,train
23757,1,train
23758,1,calib
23759,1,calib
23760,0,train
23761,1,calib
23762,1,train
23763,0,train
23764,1,train
23765,1,train
23766,1,train
23767,1,train
23768,1,train
23769,0,train
23770,1,test
23771,1,test
23772,1,train
23773,1,train
23774,1,train
23775,1,train
23776,1,train
23777,1,train
23778,1,train
23779,1,calib
23780,1,test
23781,1,train
23782,0,calib
23783,0,calib
23784,0,train
23785,1,calib
23786,1,train
23787,1,train
23788,1,calib
23789,0,train
23790,1,calib
23791,1,calib
23792,0,train
23793,1,train
23794,1,calib
23795,1,test
23796,1,calib
23797,1,calib
23798,1,train
23799,1,calib
23800,1,train
23801,1,calib
23802,1,train
23803,1,train
23804,1,train
23805,1,calib
23806,1,train
23807,1,calib
23808,1,train
23809,1,train
23810,1,test
23811,1,train
23812,1,test
23813,1,calib
23814,1,train
23815,0,train
23816,1,train
23817,1,calib
23818,1,train
23819,1,train
23820,1,calib
23821,1,train
23822,1,test
23823,1,train
23824,1,test
23825,1,calib
23826,1,test
23827,1,train
23828,1,test
23829,0,train
23830,1,train
23831,1,train
23832,1,calib
23833,1,train
23834,1,train
23835,0,train
23836,1,test
23837,1,test
23838,1,test
23839,0,calib
23840,0,train
23841,0,calib
23842,1,test
23843,1,calib
23844,0,train
23845,0,train
23846,1,test
23847,1,train
23848,1,train
23849,0,train
23850,1,train
23851,1,calib
23852,0,train
23853,0,calib
23854,0,train
23855,1,calib
23856,1,train
23857,0,calib
23858,1,test
23859,1,calib
23860,1,train
23861,1,train
23862,1,train
23863,1,train
23864,1,train
23865,1,train
23866,1,train
23867,0,train
23868,1,train
23869,1,train
23870,1,calib
23871,1,train
23872,0,train
23873,1,train
23874,0,train
23875,1,train
23876,1,calib
23877,0,test
23878,0,train
23879,0,train
23880,1,train
23881,1,calib
23882,1,test
23883,1,test
23884,1,train
23885,1,train
23886,1,calib
23887,1,train
23888,1,train
23889,0,train
23890,0,test
23891,1,calib
23892,1,train
23893,1,calib
23894,0,train
23895,0,train
23896,0,train
23897,0,train
23898,1,calib
23899,1,train
23900,1,train
23901,1,test
23902,1,train
23903,1,test
23904,0,train
23905,1,train
23906,1,train
23907,1,train
23908,1,test
23909,1,train
23910,1,train
23911,1,test
23912,1,train
23913,0,calib
23914,1,calib
23915,1,train
23916,0,calib
23917,1,test
23918,1,train
23919,0,train
23920,1,train
23921,1,train
23922,1,test
23923,1,train
23924,1,train
23925,0,train
23926,0,train
23927,1,test
23928,1,train
23929,1,calib
23930,1,test
23931,1,train
23932,0,calib
23933,1,train
23934,0,train
23935,1,train
23936,1,train
23937,1,train
23938,0,train
23939,1,test
23940,1,train
23941,1,calib
23942,0,test
23943,1,calib
23944,1,train
23945,1,train
23946,1,train
23947,1,train
23948,1,train
23949,1,train
23950,1,test
23951,1,train
23952,0,calib
23953,1,test
23954,1,train
23955,0,train
23956,1,calib
23957,0,train
23958,0,test
23959,1,train
23960,1,test
23961,0,train
23962,0,train
23963,1,train
23964,1,train
23965,0,train
23966,1,train
23967,0,train
23968,0,train
23969,1,train
23970,0,train
23971,1,train
23972,1,train
23973,0,train
23974,1,calib
23975,0,calib
23976,1,train
23977,0,train
23978,1,calib
23979,1,calib
23980,1,test
23981,1,test
23982,0,train
23983,0,calib
23984,1,calib
23985,1,train
23986,0,test
23987,0,test
23988,0,train
23989,1,train
23990,0,calib
23991,1,calib
23992,1,calib
23993,1,train
23994,0,train
23995,0,train
23996,1,train
23997,1,test
23998,0,test
23999,0,calib
24000,1,train
24001,1,calib
24002,1,test
24003,1,train
24004,1,test
24005,1,train
24006,1,train
24007,0,train
24008,0,train
24009,1,calib
24010,0,train
24011,1,train
24012,1,train
24013,1,calib
24014,0,train
24015,0,train
24016,1,train
24017,1,train
24018,0,calib
24019,1,calib
24020,1,train
24021,1,train
24022,1,test
24023,0,train
24024,1,test
24025,0,train
24026,0,train
24027,1,calib
24028,0,calib
24029,1,train
24030,1,train
24031,0,train
24032,1,calib
24033,1,calib
24034,0,test
24035,1,test
24036,0,calib
24037,0,calib
24038,0,train
24039,1,train
24040,1,train
24041,1,test
24042,1,test
24043,1,calib
24044,0,train
24045,1,train
24046,1,train
24047,1,train
24048,0,train
24049,0,train
24050,1,test
24051,1,train
24052,1,train
24053,1,calib
24054,1,train
24055,1,train
24056,1,train
24057,1,train
24058,1,train
24059,1,test
24060,0,train
24061,1,train
24062,0,train
24063,0,calib
24064,0,test
24065,0,train
24066,1,train
24067,0,calib
24068,1,test
24069,1,calib
24070,1,train
24071,0,test
24072,0,train
24073,1,train
24074,1,train
24075,1,test
24076,1,train
24077,1,train
24078,1,train
24079,1,train
24080,1,train
24081,1,calib
24082,1,train
24083,1,calib
24084,1,train
24085,1,train
24086,1,train
24087,1,train
24088,1,train
24089,0,train
24090,1,calib
24091,1,train
24092,1,test
24093,1,test
24094,1,train
24095,1,train
24096,1,test
24097,1,calib
24098,1,train
24099,1,test
24100,0,train
24101,0,calib
24102,1,train
24103,1,train
24104,0,train
24105,0,train
24106,1,train
24107,0,calib
24108,0,train
24109,1,train
24110,1,train
24111,1,calib
24112,1,train
24113,0,train
24114,1,train
24115,1,train
24116,1,test
24117,1,train
24118,1,train
24119,1,train
24120,0,train
24121,1,train
24122,0,train
24123,0,calib
24124,1,test
24125,0,calib
24126,1,test
24127,1,calib
24128,0,train
24129,1,train
24130,1,train
24131,0,train
24132,1,train
24133,1,calib
24134,0,train
24135,1,train
24136,0,train
24137,1,train
24138,1,train
24139,1,calib
24140,0,train
24141,1,train
24142,0,train
24143,1,train
24144,1,train
24145,1,train
24146,1,train
24147,0,train
24148,0,train
24149,1,train
24150,1,test
24151,1,train
24152,1,train
24153,1,train
24154,0,train
24155,1,train
24156,0,train
24157,1,train
24158,1,train
24159,1,train
24160,0,train
24161,1,test
24162,1,train
24163,1,test
24164,0,test
24165,1,train
24166,0,train
24167,1,test
24168,1,calib
24169,1,train
24170,0,train
24171,0,calib
24172,1,calib
24173,1,train
24174,1,train
24175,1,train
24176,1,calib
24177,1,calib
24178,1,train
24179,1,train
24180,0,train
24181,1,train
24182,1,calib
24183,1,calib
24184,1,train
24185,1,calib
24186,0,train
24187,1,train
24188,0,calib
24189,1,train
24190,1,train
24191,0,train
24192,1,train
24193,1,train
24194,1,calib
24195,1,calib
24196,0,train
24197,1,test
24198,1,calib
24199,0,train
24200,0,test
24201,0,test
24202,1,train
24203,0,train
24204,1,calib
24205,1,train
24206,1,train
24207,1,train
24208,1,calib
24209,0,test
24210,1,train
24211,1,calib
24212,1,train
24213,1,test
24214,1,train
24215,1,calib
24216,1,train
24217,1,train
24218,1,train
24219,1,train
24220,0,calib
24221,1,test
24222,1,train
24223,0,calib
24224,1,train
24225,1,train
24226,1,test
24227,1,train
24228,1,train
24229,0,train
24230,0,train
24231,1,calib
24232,1,train
24233,1,train
24234,1,train
24235,1,calib
24236,1,train
24237,1,calib
24238,1,calib
24239,1,test
24240,1,train
24241,1,train
24242,1,train
24243,1,train
24244,1,train
24245,1,test
24246,1,train
24247,0,test
24248,1,train
24249,1,train
24250,0,train
24251,1,test
24252,1,train
24253,1,train
24254,1,train
24255,1,train
24256,0,train
24257,0,train
24258,1,test
24259,1,train
24260,0,test
24261,1,test
24262,1,train
24263,1,test
24264,1,train
24265,1,calib
24266,1,train
24267,0,train
24268,1,calib
24269,1,train
24270,0,train
24271,0,train
24272,0,test
24273,1,train
24274,0,train
24275,1,train
24276,1,train
24277,1,calib
24278,1,train
24279,0,test
24280,1,test
24281,0,test
24282,0,train
24283,1,test
24284,1,test
24285,0,test
24286,1,train
24287,1,train
24288,1,calib
24289,0,train
24290,1,test
24291,1,train
24292,1,train
24293,1,calib
24294,1,train
24295,0,train
24296,1,train
24297,0,train
24298,1,calib
24299,0,train
24300,0,test
24301,1,train
24302,1,train
24303,1,test
24304,1,train
24305,1,test
24306,0,train
24307,1,calib
24308,1,train
24309,0,train
24310,1,train
24311,1,calib
24312,1,train
24313,0,train
24314,1,train
24315,0,train
24316,0,train
24317,0,calib
24318,1,test
24319,0,test
24320,0,test
24321,0,train
24322,1,train
24323,0,train
24324,1,test
24325,1,train
24326,1,train
24327,0,calib
24328,1,calib
24329,0,calib
24330,0,train
24331,1,train
24332,1,train
24333,1,test
24334,0,train
24335,1,train
24336,1,test
24337,1,calib
24338,1,train
24339,0,train
24340,1,test
24341,1,calib
24342,1,calib
24343,1,calib
24344,1,train
24345,1,train
24346,1,train
24347,1,test
24348,0,train
24349,1,calib
24350,1,calib
24351,1,test
24352,1,test
24353,1,calib
24354,1,test
24355,1,train
24356,0,train
24357,1,test
24358,1,train
24359,1,train
24360,1,train
24361,1,test
24362,0,calib
24363,0,train
24364,0,calib
24365,1,train
24366,0,train
24367,1,train
24368,1,train
24369,1,train
24370,1,calib
24371,1,train
24372,1,train
24373,1,train
24374,1,train
24375,1,train
24376,0,train
24377,1,train
24378,0,test
24379,0,test
24380,0,test
24381,0,test
24382,1,train
24383,1,calib
24384,0,test
24385,1,calib
24386,0,train
24387,1,calib
24388,1,train
24389,1,test
24390,1,train
24391,1,test
24392,1,test
24393,1,train
24394,0,train
24395,0,train
24396,1,calib
24397,1,test
24398,1,train
24399,1,train
24400,0,train
24401,0,train
24402,1,calib
24403,1,train
24404,1,train
24405,1,train
24406,1,train
24407,0,train
24408,1,train
24409,0,test
24410,1,test
24411,1,train
24412,1,calib
24413,1,train
24414,1,train
24415,0,train
24416,1,train
24417,1,train
24418,1,train
24419,0,calib
24420,1,train
24421,1,test
24422,1,calib
24423,1,calib
24424,0,train
24425,1,train
24426,1,train
24427,0,train
24428,1,calib
24429,1,train
24430,1,train
24431,1,train
24432,1,train
24433,1,train
24434,1,train
24435,0,train
24436,0,train
24437,1,train
24438,1,train
24439,1,test
24440,0,calib
24441,0,train
24442,0,train
24443,1,train
24444,1,train
24445,1,train
24446,1,train
24447,1,train
24448,1,calib
24449,1,test
24450,0,train
24451,1,calib
24452,0,train
24453,0,train
24454,0,calib
24455,1,calib
24456,0,train
24457,1,test
24458,1,test
24459,1,train
24460,1,train
24461,1,train
24462,1,train
24463,1,train
24464,1,calib
24465,0,train
24466,1,test
24467,1,train
24468,1,train
24469,1,train
24470,0,train
24471,0,train
24472,0,train
24473,1,train
24474,1,calib
24475,1,test
24476,0,test
24477,0,train
24478,1,train
24479,1,train
24480,1,calib
24481,0,train
24482,0,calib
24483,0,calib
24484,1,test
24485,0,train
24486,1,train
24487,1,test
24488,1,train
24489,1,train
24490,1,train
24491,1,calib
24492,1,train
24493,0,test
24494,1,train
24495,1,train
24496,1,train
24497,0,test
24498,1,train
24499,1,train
24500,1,train
24501,1,train
24502,1,train
24503,1,train
24504,0,test
24505,1,train
24506,1,test
24507,1,train
24508,1,train
24509,1,train
24510,0,train
24511,0,test
24512,1,train
24513,1,test
24514,0,train
24515,1,calib
24516,1,train
24517,1,calib
24518,1,train
24519,1,train
24520,1,train
24521,1,train
24522,0,train
24523,0,test
24524,1,calib
24525,1,train
24526,0,test
24527,1,test
24528,1,train
24529,1,test
24530,1,train
24531,1,train
24532,1,train
24533,0,train
24534,0,calib
24535,1,test
24536,0,train
24537,1,train
24538,1,train
24539,1,train
24540,1,test
24541,0,train
24542,1,train
24543,1,train
24544,1,train
24545,1,test
24546,1,train
24547,0,test
24548,1,train
24549,0,calib
24550,1,test
24551,1,train
24552,1,train
24553,1,train
24554,0,test
24555,1,train
24556,0,calib
24557,1,test
24558,1,test
24559,1,train
24560,0,test
24561,1,test
24562,1,train
24563,1,train
24564,1,calib
24565,0,test
24566,1,train
24567,0,test
24568,1,train
24569,0,train
24570,1,train
24571,0,train
24572,1,train
24573,1,train
24574,1,train
24575,1,test
24576,0,calib
24577,1,calib
24578,1,calib
24579,1,train
24580,1,train
24581,1,train
24582,1,train
24583,1,train
24584,1,train
24585,1,train
24586,1,train
24587,1,train
24588,1,train
24589,1,test
24590,0,test
24591,1,test
24592,1,calib
24593,1,train
24594,1,train
24595,1,calib
24596,1,calib
24597,0,train
24598,1,train
24599,0,train
24600,0,test
24601,0,train
24602,0,train
24603,0,train
24604,1,calib
24605,0,test
24606,0,test
24607,1,test
24608,1,train
24609,1,test
24610,0,calib
24611,1,train
24612,1,train
24613,1,train
24614,0,calib
24615,1,calib
24616,0,test
24617,1,calib
24618,1,train
24619,1,calib
24620,1,test
24621,1,test
24622,1,train
24623,1,test
24624,1,calib
24625,0,calib
24626,1,calib
24627,1,train
24628,1,train
24629,1,train
24630,0,calib
24631,0,calib
24632,1,train
24633,1,train
24634,1,train
24635,1,train
24636,1,train
24637,1,test
24638,0,train
24639,1,calib
24640,1,test
24641,0,train
24642,1,train
24643,0,train
24644,1,train
24645,1,test
24646,1,train
24647,1,train
24648,1,train
24649,1,train
24650,1,train
24651,0,train
24652,1,train
24653,1,train
24654,0,train
24655,1,calib
24656,1,train
24657,1,test
24658,1,test
24659,0,train
24660,1,train
24661,1,train
24662,0,train
24663,1,train
24664,1,calib
24665,0,train
24666,0,calib
24667,1,train
24668,1,test
24669,0,train
24670,1,calib
24671,1,train
24672,1,calib
24673,0,test
24674,1,calib
24675,1,test
24676,0,train
24677,1,calib
24678,1,train
24679,0,train
24680,1,train
24681,1,calib
24682,1,train
24683,0,train
24684,1,train
24685,1,train
24686,1,train
24687,1,train
24688,1,train
24689,0,train
24690,1,train
24691,1,train
24692,1,train
24693,1,train
24694,1,train
24695,0,calib
24696,1,test
24697,1,train
24698,1,train
24699,1,test
24700,1,test
24701,0,train
24702,1,test
24703,1,train
24704,1,train
24705,1,train
24706,1,train
24707,1,test
24708,1,train
24709,0,train
24710,1,calib
24711,1,train
24712,1,train
24713,0,calib
24714,1,test
24715,1,train
24716,1,train
24717,1,train
24718,1,train
24719,1,train
24720,1,test
24721,1,train
24722,0,test
24723,1,train
24724,1,train
24725,1,test
24726,1,calib
24727,0,train
24728,1,calib
24729,0,calib
24730,1,train
24731,1,test
24732,0,train
24733,1,train
24734,0,test
24735,1,test
24736,1,train
24737,1,test
24738,0,calib
24739,1,calib
24740,1,calib
24741,0,test
24742,0,test
24743,1,train
24744,0,train
24745,1,test
24746,0,train
24747,1,test
24748,1,train
24749,0,train
24750,1,test
24751,1,train
24752,1,train
24753,1,train
24754,1,train
24755,1,train
24756,1,test
24757,1,train
24758,1,train
24759,1,train
24760,1,calib
24761,1,train
24762,1,train
24763,1,test
24764,1,train
24765,1,train
24766,1,train
24767,1,train
24768,1,train
24769,1,calib
24770,0,calib
24771,1,train
24772,1,calib
24773,1,test
24774,1,calib
24775,1,train
24776,1,train
24777,1,calib
24778,0,train
24779,1,test
24780,0,train
24781,1,test
24782,1,train
24783,1,train
24784,1,train
24785,1,train
24786,1,train
24787,1,train
24788,1,train
24789,1,train
24790,0,calib
24791,1,calib
24792,1,calib
24793,1,train
24794,1,train
24795,1,calib
24796,1,test
24797,1,train
24798,1,train
24799,1,test
24800,0,calib
24801,1,calib
24802,1,train
24803,1,calib
24804,1,test
24805,1,test
24806,1,train
24807,1,train
24808,1,test
24809,1,train
24810,0,train
24811,1,train
24812,1,train
24813,1,calib
24814,1,train
24815,0,train
24816,1,train
24817,1,train
24818,1,test
24819,1,train
24820,1,train
24821,1,calib
24822,1,test
24823,1,train
24824,1,train
24825,1,train
24826,0,test
24827,1,test
24828,1,train
24829,1,test
24830,1,calib
24831,1,train
24832,1,train
24833,1,test
24834,1,train
24835,0,train
24836,1,train
24837,1,train
24838,1,train
24839,0,train
24840,0,train
24841,1,test
24842,1,train
24843,1,test
24844,1,train
24845,1,calib
24846,1,train
24847,0,train
24848,1,train
24849,1,calib
24850,0,train
24851,1,test
24852,1,test
24853,1,calib
24854,1,test
24855,1,train
24856,1,train
24857,1,calib
24858,0,train
24859,0,train
24860,1,train
24861,1,train
24862,1,train
24863,1,train
24864,0,train
24865,1,train
24866,0,train
24867,1,train
24868,1,test
24869,1,train
24870,1,calib
24871,1,train
24872,1,calib
24873,1,train
24874,0,test
24875,1,calib
24876,1,calib
24877,1,train
24878,1,train
24879,1,train
24880,1,train
24881,1,train
24882,1,test
24883,1,train
24884,1,train
24885,1,train
24886,1,test
24887,1,calib
24888,0,test
24889,1,train
24890,1,train
24891,0,train
24892,1,calib
24893,1,calib
24894,0,train
24895,0,train
24896,1,train
24897,1,test
24898,1,train
24899,1,train
24900,0,calib
24901,1,train
24902,0,train
24903,1,test
24904,1,test
24905,1,train
24906,0,test
24907,0,train
24908,1,train
24909,1,train
24910,1,train
24911,1,test
24912,1,train
24913,1,train
24914,1,train
24915,1,train
24916,1,train
24917,1,train
24918,1,train
24919,0,train
24920,1,train
24921,1,train
24922,1,train
24923,1,train
24924,1,test
24925,0,train
24926,1,train
24927,1,test
24928,1,test
24929,1,calib
24930,1,test
24931,0,test
24932,1,train
24933,0,test
24934,1,calib
24935,1,train
24936,0,test
24937,0,train
24938,1,test
24939,1,train
24940,0,test
24941,1,train
24942,1,train
24943,0,train
24944,1,train
24945,1,train
24946,1,calib
24947,1,test
24948,1,calib
24949,1,train
24950,1,train
24951,1,train
24952,1,train
24953,1,test
24954,1,test
24955,1,test
24956,1,train
24957,1,test
24958,1,test
24959,0,train
24960,1,train
24961,0,calib
24962,1,train
24963,1,train
24964,1,train
24965,1,train
24966,1,train
24967,1,train
24968,0,train
24969,1,train
24970,1,train
24971,1,train
24972,1,train
24973,1,train
24974,1,train
24975,0,train
24976,1,train
24977,1,train
24978,1,calib
24979,1,calib
24980,1,train
24981,1,calib
24982,1,test
24983,0,train
24984,1,train
24985,1,train
24986,1,train
24987,1,train
24988,1,train
24989,0,calib
24990,1,train
24991,1,calib
24992,1,train
24993,0,test
24994,1,train
24995,1,train
24996,1,train
24997,1,train
24998,1,train
24999,1,train
25000,1,test
25001,1,train
25002,1,train
25003,1,train
25004,1,train
25005,1,test
25006,0,test
25007,1,test
25008,1,train
25009,1,train
25010,1,calib
25011,1,calib
25012,0,test
25013,1,train
25014,1,train
25015,1,train
25016,1,train
25017,1,test
25018,1,test
25019,0,calib
25020,1,test
25021,1,train
25022,0,test
25023,0,train
25024,1,train
25025,1,test
25026,1,train
25027,1,train
25028,1,train
25029,1,train
25030,1,train
25031,1,train
25032,1,test
25033,1,calib
25034,1,calib
25035,0,train
25036,1,train
25037,0,train
25038,1,train
25039,0,train
25040,1,train
25041,1,train
25042,1,train
25043,1,test
25044,1,train
25045,1,calib
25046,1,calib
25047,1,train
25048,1,calib
25049,1,calib
25050,1,train
25051,1,calib
25052,1,train
25053,1,train
25054,1,train
25055,0,calib
25056,1,train
25057,0,train
25058,1,calib
25059,1,train
25060,1,train
25061,0,train
25062,1,train
25063,0,train
25064,1,calib
25065,0,calib
25066,1,test
25067,1,calib
25068,1,calib
25069,0,train
25070,1,train
25071,1,train
25072,0,train
25073,1,calib
25074,1,train
25075,1,train
25076,1,test
25077,1,calib
25078,1,train
25079,0,train
25080,1,train
25081,1,calib
25082,0,calib
25083,1,train
25084,0,train
25085,1,train
25086,1,train
25087,0,test
25088,0,train
25089,1,calib
25090,1,train
25091,1,train
25092,1,train
25093,1,train
25094,1,train
25095,1,test
25096,1,calib
25097,1,train
25098,1,test
25099,1,train
25100,1,calib
25101,1,test
25102,1,train
25103,1,test
25104,0,test
25105,1,train
25106,1,train
25107,1,train
25108,0,train
25109,1,train
25110,0,train
25111,1,train
25112,1,calib
25113,1,calib
25114,1,test
25115,1,test
25116,1,calib
25117,1,train
25118,1,train
25119,0,test
25120,0,test
25121,0,train
25122,1,train
25123,1,train
25124,1,train
25125,1,train
25126,1,test
25127,1,calib
25128,1,train
25129,0,train
25130,1,train
25131,1,test
25132,1,train
25133,1,train
25134,1,test
25135,0,train
25136,1,train
25137,0,test
25138,1,train
25139,0,train
25140,1,train
25141,0,train
25142,1,calib
25143,1,train
25144,1,train
25145,1,train
25146,1,test
25147,0,test
25148,1,test
25149,0,train
25150,0,train
25151,0,calib
25152,1,train
25153,1,test
25154,1,calib
25155,1,calib
25156,1,calib
25157,1,train
25158,0,test
25159,1,train
25160,0,train
25161,1,train
25162,1,train
25163,0,train
25164,1,train
25165,1,train
25166,1,train
25167,1,calib
25168,1,train
25169,1,test
25170,1,test
25171,1,calib
25172,0,train
25173,1,calib
25174,0,train
25175,1,train
25176,1,train
25177,1,train
25178,0,test
25179,1,train
25180,0,calib
25181,1,train
25182,1,test
25183,1,test
25184,1,train
25185,1,calib
25186,1,test
25187,1,calib
25188,1,train
25189,1,calib
25190,0,train
25191,1,train
25192,1,train
25193,1,train
25194,1,test
25195,0,train
25196,1,train
25197,1,train
25198,1,train
25199,1,train
25200,1,test
25201,1,test
25202,1,train
25203,1,train
25204,1,train
25205,1,train
25206,1,test
25207,1,test
25208,1,calib
25209,0,train
25210,1,calib
25211,0,calib
25212,1,calib
25213,1,train
25214,1,train
25215,0,test
25216,1,train
25217,1,calib
25218,1,train
25219,1,test
25220,1,train
25221,1,train
25222,0,calib
25223,1,train
25224,1,train
25225,1,calib
25226,0,train
25227,1,train
25228,1,train
25229,1,train
25230,1,train
25231,1,train
25232,1,train
25233,1,train
25234,1,calib
25235,1,train
25236,0,test
25237,1,train
25238,1,train
25239,1,test
25240,1,train
25241,1,calib
25242,1,test
25243,0,calib
25244,1,train
25245,1,calib
25246,1,train
25247,1,test
25248,1,calib
25249,0,calib
25250,0,test
25251,1,test
25252,1,train
25253,1,train
25254,1,train
25255,0,calib
25256,1,train
25257,1,calib
25258,1,train
25259,0,train
25260,0,train
25261,0,train
25262,1,train
25263,1,calib
25264,1,test
25265,1,train
25266,1,calib
25267,1,test
25268,1,train
25269,1,train
25270,1,train
25271,0,calib
25272,1,train
25273,1,calib
25274,0,train
25275,0,calib
25276,1,calib
25277,1,test
25278,1,train
25279,1,test
25280,0,test
25281,0,train
25282,1,train
25283,0,train
25284,1,train
25285,1,train
25286,1,calib
25287,0,test
25288,0,train
25289,1,test
25290,0,test
25291,1,calib
25292,1,train
25293,1,train
25294,1,train
25295,1,calib
25296,1,train
25297,1,train
25298,1,train
25299,1,test
25300,1,train
25301,1,train
25302,0,test
25303,1,train
25304,1,train
25305,1,train
25306,0,train
25307,1,train
25308,1,test
25309,1,train
25310,1,train
25311,0,train
25312,0,calib
25313,0,train
25314,1,train
25315,0,test
25316,0,calib
25317,1,test
25318,1,train
25319,0,test
25320,0,train
25321,1,train
25322,1,train
25323,1,train
25324,0,train
25325,1,train
25326,1,train
25327,0,train
25328,1,train
25329,1,calib
25330,1,train
25331,1,train
25332,0,calib
25333,1,train
25334,1,train
25335,0,train
25336,0,test
25337,1,train
25338,1,test
25339,1,train
25340,1,train
25341,1,train
25342,1,train
25343,1,train
25344,1,train
25345,1,train
25346,1,train
25347,1,train
25348,1,train
25349,1,train
25350,1,train
25351,1,train
25352,1,train
25353,1,train
25354,1,train
25355,1,calib
25356,0,train
25357,1,train
25358,1,train
25359,0,test
25360,0,test
25361,1,train
25362,1,test
25363,1,calib
25364,0,train
25365,1,test
25366,1,train
25367,1,train
25368,1,test
25369,0,test
25370,1,test
25371,1,train
25372,0,train
25373,1,train
25374,1,train
25375,1,train
25376,1,test
25377,1,test
25378,0,train
25379,1,train
25380,1,test
25381,0,calib
25382,1,train
25383,0,calib
25384,1,train
25385,1,train
25386,1,train
25387,1,train
25388,1,train
25389,1,calib
25390,1,test
25391,1,train
25392,1,calib
25393,1,test
25394,0,train
25395,1,test
25396,1,test
25397,1,train
25398,1,train
25399,0,calib
25400,1,train
25401,1,test
25402,1,train
25403,1,train
25404,1,train
25405,1,train
25406,1,calib
25407,1,train
25408,1,calib
25409,1,test
25410,1,calib
25411,0,train
25412,1,train
25413,1,train
25414,0,train
25415,1,test
25416,0,calib
25417,1,train
25418,1,test
25419,1,test
25420,1,train
25421,1,train
25422,0,train
25423,0,train
25424,0,train
25425,0,train
25426,0,train
25427,1,train
25428,1,calib
25429,0,train
25430,1,train
25431,1,test
25432,1,train
25433,1,test
25434,0,train
25435,1,calib
25436,0,train
25437,0,test
25438,0,train
25439,0,train
25440,1,train
25441,1,train
25442,1,train
25443,1,train
25444,1,test
25445,1,train
25446,1,test
25447,1,train
25448,1,calib
25449,0,test
25450,1,calib
25451,1,test
25452,1,train
25453,1,calib
25454,1,calib
25455,1,calib
25456,0,train
25457,1,calib
25458,1,calib
25459,1,train
25460,0,test
25461,1,train
25462,1,train
25463,1,test
25464,1,train
25465,0,test
25466,1,calib
25467,1,train
25468,1,train
25469,1,train
25470,1,test
25471,0,test
25472,1,train
25473,1,train
25474,1,test
25475,1,train
25476,0,calib
25477,1,test
25478,1,train
25479,1,calib
25480,1,calib
25481,0,calib
25482,0,train
25483,1,test
25484,1,calib
25485,1,calib
25486,1,test
25487,1,train
25488,1,train
25489,1,train
25490,1,calib
25491,0,test
25492,1,train
25493,1,test
25494,1,train
25495,1,train
25496,1,train
25497,1,train
25498,1,calib
25499,1,train
25500,1,test
25501,0,calib
25502,1,train
25503,0,calib
25504,1,train
25505,1,train
25506,1,test
25507,1,test
25508,1,calib
25509,0,train
25510,1,train
25511,1,test
25512,1,train
25513,1,train
25514,1,test
25515,1,train
25516,1,train
25517,1,train
25518,1,test
25519,1,test
25520,1,train
25521,1,calib
25522,1,train
25523,1,train
25524,1,train
25525,1,test
25526,0,train
25527,0,train
25528,1,calib
25529,1,train
25530,1,train
25531,1,train
25532,0,calib
25533,1,train
25534,1,test
25535,1,test
25536,1,train
25537,1,test
25538,1,train
25539,1,calib
25540,0,test
25541,1,calib
25542,1,train
25543,1,train
25544,1,test
25545,1,train
25546,1,test
25547,1,train
25548,0,calib
25549,1,train
25550,1,train
25551,1,train
25552,1,test
25553,0,train
25554,0,train
25555,1,train
25556,1,train
25557,1,train
25558,1,test
25559,1,train
25560,1,test
25561,1,test
25562,1,train
25563,1,train
25564,1,train
25565,1,calib
25566,1,train
25567,1,calib
25568,1,train
25569,1,train
25570,1,train
25571,1,train
25572,1,train
25573,1,train
25574,1,train
25575,0,train
25576,0,train
25577,1,calib
25578,1,calib
25579,0,test
25580,1,train
25581,0,train
25582,1,train
25583,1,train
25584,1,train
25585,1,train
25586,0,train
25587,1,train
25588,1,calib
25589,1,test
25590,1,train
25591,1,test
25592,1,train
25593,1,train
25594,1,train
25595,0,train
25596,1,calib
25597,1,train
25598,1,train
25599,1,calib
25600,1,test
25601,0,train
25602,1,train
25603,1,test
25604,0,calib
25605,1,calib
25606,0,train
25607,1,train
25608,1,test
25609,1,calib
25610,0,test
25611,0,calib
25612,1,train
25613,0,train
25614,1,train
25615,1,calib
25616,1,train
25617,1,train
25618,0,train
25619,1,test
25620,0,train
25621,1,train
25622,0,train
25623,0,test
25624,1,train
25625,0,test
25626,1,test
25627,0,calib
25628,1,test
25629,0,train
25630,1,test
25631,1,train
25632,0,train
25633,0,test
25634,0,train
25635,1,train
25636,0,train
25637,1,train
25638,1,calib
25639,1,test
25640,0,calib
25641,0,test
25642,1,train
25643,1,train
25644,1,train
25645,1,train
25646,0,train
25647,1,train
25648,1,calib
25649,1,calib
25650,1,train
25651,0,train
25652,1,train
25653,1,train
25654,1,calib
25655,1,train
25656,1,calib
25657,0,train
25658,1,train
25659,1,test
25660,0,test
25661,0,train
25662,1,train
25663,1,train
25664,1,train
25665,1,test
25666,1,train
25667,1,train
25668,1,train
25669,1,train
25670,1,train
25671,1,calib
25672,1,train
25673,0,train
25674,0,test
25675,1,train
25676,1,calib
25677,1,train
25678,1,train
25679,1,train
25680,0,train
25681,1,test
25682,1,calib
25683,1,calib
25684,1,test
25685,1,test
25686,1,test
25687,1,calib
25688,1,train
25689,1,train
25690,1,test
25691,1,train
25692,1,train
25693,1,train
25694,0,calib
25695,1,calib
25696,1,train
25697,1,train
25698,0,test
25699,0,train
25700,1,calib
25701,1,train
25702,1,train
25703,1,train
25704,1,train
25705,1,train
25706,1,calib
25707,0,train
25708,0,train
25709,0,calib
25710,1,train
25711,1,train
25712,1,train
25713,0,calib
25714,1,train
25715,0,train
25716,1,test
25717,1,calib
25718,0,test
25719,1,calib
25720,1,test
25721,1,train
25722,0,train
25723,1,calib
25724,1,test
25725,0,train
25726,1,test
25727,1,test
25728,1,train
25729,1,train
25730,1,train
25731,1,calib
25732,0,test
25733,0,calib
25734,1,test
25735,1,train
25736,1,train
25737,1,calib
25738,0,test
25739,0,train
25740,1,train
25741,1,train
25742,0,calib
25743,0,train
25744,1,train
25745,1,test
25746,1,train
25747,1,calib
25748,1,calib
25749,0,calib
25750,1,train
25751,0,train
25752,1,calib
25753,1,calib
25754,1,train
25755,1,train
25756,1,test
25757,1,train
25758,1,calib
25759,1,calib
25760,0,train
25761,1,train
25762,0,test
25763,1,calib
25764,0,calib
25765,0,train
25766,0,train
25767,1,train
25768,1,train
25769,1,train
25770,0,train
25771,1,test
25772,1,train
25773,1,train
25774,1,train
25775,1,test
25776,1,train
25777,0,train
25778,1,calib
25779,1,train
25780,1,train
25781,1,train
25782,0,train
25783,1,train
25784,1,train
25785,0,train
25786,1,train
25787,1,train
25788,1,train
25789,0,test
25790,1,calib
25791,1,train
25792,1,train
25793,1,test
25794,0,test
25795,1,train
25796,0,train
25797,1,train
25798,1,train
25799,0,calib
25800,0,train
25801,1,train
25802,0,train
25803,0,train
25804,1,test
25805,1,train
25806,1,calib
25807,1,train
25808,0,calib
25809,0,train
25810,1,calib
25811,1,test
25812,1,train
25813,1,train
25814,1,calib
25815,0,train
25816,1,train
25817,0,calib
25818,1,test
25819,1,train
25820,1,test
25821,1,calib
25822,1,calib
25823,1,test
25824,1,train
25825,0,calib
25826,1,train
25827,1,calib
25828,0,train
25829,1,test
25830,1,calib
25831,0,test
25832,1,train
25833,1,test
25834,1,calib
25835,1,train
25836,1,train
25837,1,test
25838,0,train
25839,1,train
25840,0,calib
25841,0,train
25842,1,test
25843,1,train
25844,1,train
25845,1,calib
25846,1,calib
25847,0,test
25848,1,train
25849,1,calib
25850,0,train
25851,0,train
25852,0,train
25853,1,calib
25854,1,calib
25855,0,calib
25856,1,calib
25857,0,test
25858,0,calib
25859,0,calib
25860,1,train
25861,1,calib
25862,0,train
25863,1,train
25864,1,test
25865,1,train
25866,1,train
25867,1,test
25868,1,calib
25869,1,calib
25870,1,train
25871,1,calib
25872,1,train
25873,1,test
25874,1,train
25875,1,train
25876,1,train
25877,1,calib
25878,1,test
25879,1,test
25880,1,calib
25881,1,train
25882,0,train
25883,1,train
25884,1,calib
25885,0,train
25886,1,train
25887,1,test
25888,0,calib
25889,1,train
25890,0,train
25891,1,calib
25892,1,calib
25893,0,train
25894,0,test
25895,1,calib
25896,1,calib
25897,1,test
25898,1,train
25899,1,train
25900,1,calib
25901,1,test
25902,1,train
25903,1,train
25904,0,train
25905,1,train
25906,0,train
25907,1,calib
25908,0,test
25909,0,train
25910,1,train
25911,0,calib
25912,1,train
25913,0,test
25914,0,train
25915,0,train
25916,1,train
25917,0,train
25918,1,test
25919,1,train
25920,1,train
25921,1,train
25922,1,calib
25923,1,calib
25924,1,train
25925,1,calib
25926,0,train
25927,1,train
25928,1,train
25929,1,train
25930,1,calib
25931,1,train
25932,1,calib
25933,0,train
25934,1,train
25935,1,train
25936,1,train
25937,1,train
25938,1,calib
25939,1,train
25940,0,train
25941,1,calib
25942,1,train
25943,1,calib
25944,1,train
25945,1,test
25946,1,train
25947,0,train
25948,0,train
25949,1,train
25950,1,test
25951,1,calib
25952,1,train
25953,0,calib
25954,1,calib
25955,1,test
25956,1,train
25957,1,test
25958,1,calib
25959,1,train
25960,1,test
25961,1,train
25962,1,train
25963,0,calib
25964,1,test
25965,1,train
25966,0,test
25967,0,train
25968,1,calib
25969,1,train
25970,1,train
25971,1,train
25972,0,train
25973,0,train
25974,1,train
25975,1,test
25976,1,train
25977,1,train
25978,1,train
25979,1,test
25980,1,calib
25981,1,train
25982,0,train
25983,1,train
25984,1,test
25985,1,train
25986,1,calib
25987,1,train
25988,1,test
25989,0,calib
25990,1,train
25991,0,train
25992,0,test
25993,1,calib
25994,1,train
25995,0,train
25996,1,train
25997,0,test
25998,1,test
25999,1,calib
26000,1,train
26001,1,test
26002,1,train
26003,0,train
26004,0,calib
26005,1,test
26006,1,train
26007,1,train
26008,1,train
26009,1,train
26010,0,train
26011,0,calib
26012,1,calib
26013,1,train
26014,1,calib
26015,1,test
26016,1,test
26017,0,test
26018,1,train
26019,1,train
26020,1,train
26021,0,train
26022,1,test
26023,0,calib
26024,1,calib
26025,1,train
26026,1,train
26027,0,calib
26028,1,test
26029,1,test
26030,1,train
26031,0,calib
26032,1,test
26033,0,train
26034,0,train
26035,1,train
26036,1,calib
26037,0,train
26038,0,calib
26039,1,train
26040,1,train
26041,1,train
26042,1,train
26043,1,test
26044,1,train
26045,1,train
26046,1,train
26047,0,train
26048,1,train
26049,1,calib
26050,0,train
26051,1,test
26052,1,test
26053,1,train
26054,1,calib
26055,1,train
26056,1,test
26057,1,calib
26058,1,test
26059,1,calib
26060,0,train
26061,1,train
26062,1,train
26063,1,calib
26064,1,test
26065,0,train
26066,1,train
26067,1,train
26068,1,train
26069,0,train
26070,1,calib
26071,1,train
26072,1,test
26073,0,calib
26074,0,test
26075,1,train
26076,0,train
26077,1,train
26078,1,train
26079,1,calib
26080,0,train
26081,1,train
26082,1,test
26083,0,train
26084,1,calib
26085,0,test
26086,1,train
26087,1,train
26088,1,train
26089,0,train
26090,1,test
26091,1,train
26092,1,calib
26093,0,test
26094,1,calib
26095,1,train
26096,0,train
26097,1,train
26098,0,train
26099,1,train
26100,0,train
26101,0,train
26102,1,train
26103,1,train
26104,1,test
26105,0,train
26106,1,calib
26107,1,train
26108,1,test
26109,1,train
26110,0,train
26111,1,calib
26112,1,train
26113,1,train
26114,1,test
26115,1,train
26116,1,calib
26117,1,train
26118,0,train
26119,1,train
26120,1,calib
26121,0,train
26122,0,train
26123,0,train
26124,0,calib
26125,1,test
26126,1,train
26127,1,test
26128,0,train
26129,0,test
26130,0,train
26131,1,train
26132,1,train
26133,1,train
26134,1,train
26135,1,train
26136,1,train
26137,1,test
26138,1,test
26139,1,train
26140,1,test
26141,1,test
26142,1,train
26143,1,calib
26144,1,test
26145,1,train
26146,1,train
26147,1,test
26148,1,calib
26149,1,train
26150,0,test
26151,0,calib
26152,1,test
26153,1,train
26154,1,train
26155,0,calib
26156,1,train
26157,1,train
26158,1,test
26159,1,test
26160,1,train
26161,0,calib
26162,1,train
26163,1,train
26164,1,test
26165,1,train
26166,1,calib
26167,1,train
26168,0,calib
26169,1,train
26170,0,train
26171,1,test
26172,0,calib
26173,0,calib
26174,1,calib
26175,1,train
26176,1,train
26177,1,train
26178,0,train
26179,1,train
26180,0,train
26181,1,test
26182,0,train
26183,1,train
26184,1,calib
26185,1,train
26186,0,train
26187,1,test
26188,0,calib
26189,1,calib
26190,0,test
26191,1,test
26192,1,train
26193,0,train
26194,1,test
26195,1,train
26196,1,train
26197,1,train
26198,1,calib
26199,0,test
26200,1,train
26201,1,train
26202,0,test
26203,1,calib
26204,1,test
26205,1,test
26206,0,train
26207,0,train
26208,1,calib
26209,0,train
26210,1,calib
26211,1,test
26212,1,test
26213,1,train
26214,1,test
26215,1,test
26216,1,calib
26217,0,train
26218,1,calib
26219,1,train
26220,1,test
26221,1,calib
26222,0,test
26223,1,train
26224,1,train
26225,1,train
26226,1,test
26227,1,train
26228,1,train
26229,1,test
26230,0,train
26231,1,train
26232,1,train
26233,1,calib
26234,0,test
26235,1,calib
26236,0,test
26237,1,calib
26238,1,test
26239,1,train
26240,1,train
26241,1,train
26242,0,train
26243,0,train
26244,1,train
26245,1,test
26246,1,train
26247,0,train
26248,1,calib
26249,0,test
26250,1,train
26251,1,test
26252,1,train
26253,0,train
26254,1,train
26255,1,train
26256,1,test
26257,0,calib
26258,1,calib
26259,1,test
26260,1,train
26261,0,test
26262,1,train
26263,1,calib
26264,1,train
26265,1,train
26266,1,train
26267,1,train
26268,0,test
26269,0,calib
26270,1,test
26271,1,test
26272,1,train
26273,1,train
26274,1,train
26275,0,train
26276,1,train
26277,0,calib
26278,1,train
26279,1,train
26280,1,test
26281,0,train
26282,1,test
26283,1,train
26284,0,train
26285,1,train
26286,1,train
26287,1,train
26288,1,train
26289,0,train
26290,1,train
26291,1,train
26292,1,train
26293,1,train
26294,1,test
26295,1,calib
26296,1,train
26297,0,calib
26298,1,train
26299,1,test
26300,0,calib
26301,1,test
26302,1,train
26303,1,train
26304,1,train
26305,0,calib
26306,1,test
26307,1,calib
26308,1,train
26309,1,test
26310,1,test
26311,1,test
26312,1,train
26313,1,train
26314,1,train
26315,1,train
26316,1,test
26317,0,calib
26318,1,test
26319,1,test
26320,1,train
26321,1,calib
26322,1,train
26323,0,train
26324,1,train
26325,1,train
26326,1,train
26327,0,test
26328,1,train
26329,1,train
26330,1,train
26331,1,calib
26332,0,test
26333,1,calib
26334,1,calib
26335,1,calib
26336,0,calib
26337,0,train
26338,1,train
26339,0,train
26340,1,train
26341,1,train
26342,1,train
26343,0,train
26344,1,test
26345,1,calib
26346,0,test
26347,0,calib
26348,0,train
26349,1,test
26350,0,calib
26351,1,test
26352,0,train
26353,0,calib
26354,1,calib
26355,1,train
26356,0,calib
26357,1,test
26358,1,train
26359,1,calib
26360,1,calib
26361,1,calib
26362,1,train
26363,0,train
26364,1,train
26365,0,train
26366,0,test
26367,1,test
26368,0,test
26369,0,test
26370,0,test
26371,1,train
26372,1,train
26373,1,test
26374,1,calib
26375,1,train
26376,1,train
26377,1,train
26378,1,test
26379,1,train
26380,1,train
26381,1,test
26382,0,train
26383,1,test
26384,1,train
26385,1,train
26386,1,calib
26387,1,train
26388,1,test
26389,1,train
26390,1,train
26391,1,calib
26392,1,calib
26393,1,train
26394,1,calib
26395,1,train
26396,0,calib
26397,1,calib
26398,1,train
26399,1,test
26400,0,calib
26401,1,test
26402,1,train
26403,1,train
26404,1,train
26405,0,train
26406,1,train
26407,1,train
26408,1,train
26409,1,calib
26410,1,train
26411,1,train
26412,1,test
26413,1,test
26414,0,train
26415,0,calib
26416,1,train
26417,1,calib
26418,0,calib
26419,0,train
26420,1,train
26421,1,train
26422,1,train
26423,1,calib
26424,1,calib
26425,1,train
26426,0,calib
26427,0,calib
26428,1,calib
26429,0,train
26430,1,test
26431,1,test
26432,1,train
26433,1,train
26434,1,train
26435,1,test
26436,1,train
26437,0,train
26438,1,test
26439,1,train
26440,0,test
26441,1,calib
26442,0,train
26443,1,train
26444,1,test
26445,1,train
26446,1,calib
26447,1,train
26448,1,train
26449,1,train
26450,1,train
26451,1,test
26452,1,train
26453,1,train
26454,1,test
26455,1,train
26456,1,train
26457,0,train
26458,1,train
26459,1,test
26460,1,train
26461,0,train
26462,1,train
26463,1,train
26464,1,train
26465,0,train
26466,1,train
26467,0,calib
26468,0,test
26469,1,test
26470,0,train
26471,1,train
26472,1,train
26473,1,calib
26474,1,calib
26475,1,test
26476,0,train
26477,0,train
26478,0,train
26479,1,calib
26480,1,train
26481,1,train
26482,1,train
26483,1,train
26484,1,train
26485,1,train
26486,1,calib
26487,1,test
26488,0,train
26489,1,train
26490,0,train
26491,1,train
26492,0,test
26493,0,train
26494,1,train
26495,0,calib
26496,1,test
26497,1,train
26498,0,train
26499,1,test
26500,1,train
26501,1,train
26502,1,train
26503,1,test
26504,1,calib
26505,0,train
26506,1,train
26507,1,train
26508,1,test
26509,1,train
26510,1,train
26511,1,train
26512,1,train
26513,1,test
26514,1,test
26515,1,train
26516,1,calib
26517,1,calib
26518,1,train
26519,1,train
26520,1,train
26521,1,test
26522,1,train
26523,1,train
26524,0,calib
26525,1,test
26526,0,train
26527,1,train
26528,1,train
26529,1,calib
26530,1,test
26531,1,calib
26532,1,test
26533,1,train
26534,0,train
26535,1,test
26536,1,train
26537,1,train
26538,1,calib
26539,1,train
26540,1,train
26541,0,calib
26542,1,test
26543,1,train
26544,1,train
26545,0,train
26546,1,train
26547,1,train
26548,1,test
26549,1,train
26550,1,train
26551,0,train
26552,1,train
26553,1,calib
26554,0,train
26555,1,train
26556,1,train
26557,1,train
26558,0,train
26559,0,train
26560,0,calib
26561,1,train
26562,1,train
26563,1,test
26564,1,train
26565,1,train
26566,1,train
26567,0,calib
26568,1,calib
26569,1,test
26570,0,train
26571,1,train
26572,1,test
26573,1,train
26574,1,train
26575,1,train
26576,0,train
26577,1,train
26578,1,train
26579,1,train
26580,1,train
26581,0,train
26582,1,calib
26583,1,train
26584,0,train
26585,1,calib
26586,1,test
26587,1,calib
26588,1,calib
26589,1,calib
26590,1,train
26591,0,calib
26592,0,train
26593,0,test
26594,1,train
26595,1,train
26596,0,train
26597,1,train
26598,1,train
26599,1,train
26600,0,train
26601,1,train
26602,1,train
26603,0,train
26604,1,train
26605,1,test
26606,1,calib
26607,1,train
26608,1,test
26609,1,calib
26610,1,train
26611,1,calib
26612,1,train
26613,1,calib
26614,0,train
26615,1,train
26616,1,train
26617,1,calib
26618,1,train
26619,1,calib
26620,0,train
26621,1,calib
26622,1,train
26623,1,train
26624,0,calib
26625,1,train
26626,1,train
26627,0,train
26628,1,test
26629,1,calib
26630,1,train
26631,1,train
26632,0,train
26633,1,test
26634,1,calib
26635,1,calib
26636,1,train
26637,0,train
26638,1,calib
26639,0,test
26640,1,calib
26641,1,train
26642,1,calib
26643,0,calib
26644,1,test
26645,1,train
26646,0,train
26647,0,train
26648,1,train
26649,1,test
26650,0,train
26651,1,train
26652,1,train
26653,1,train
26654,0,test
26655,1,calib
26656,1,train
26657,1,test
26658,1,train
26659,1,train
26660,1,test
26661,1,test
26662,1,calib
26663,1,train
26664,1,train
26665,1,calib
26666,1,calib
26667,1,train
26668,1,calib
26669,1,train
26670,1,train
26671,1,train
26672,1,calib
26673,1,train
26674,1,train
26675,0,test
26676,1,calib
26677,0,train
26678,1,train
26679,1,test
26680,1,calib
26681,0,calib
26682,1,train
26683,0,train
26684,1,train
26685,1,test
26686,1,train
26687,1,test
26688,1,train
26689,1,train
26690,1,test
26691,1,train
26692,1,test
26693,1,train
26694,1,train
26695,1,train
26696,1,test
26697,1,train
26698,1,train
26699,1,train
26700,1,train
26701,1,train
26702,1,calib
26703,1,train
26704,0,train
26705,1,train
26706,1,train
26707,0,train
26708,1,calib
26709,1,train
26710,0,calib
26711,1,calib
26712,1,train
26713,1,calib
26714,1,calib
26715,0,train
26716,0,train
26717,1,train
26718,1,train
26719,1,train
26720,1,test
26721,1,train
26722,1,test
26723,1,train
26724,1,train
26725,0,test
26726,0,train
26727,0,calib
26728,1,train
26729,0,calib
26730,1,train
26731,1,train
26732,1,train
26733,1,train
26734,1,train
26735,1,test
26736,1,test
26737,1,test
26738,1,train
26739,1,test
26740,1,train
26741,1,train
26742,1,calib
26743,1,test
26744,1,test
26745,1,train
26746,1,calib
26747,1,test
26748,0,train
26749,1,calib
26750,1,train
26751,1,train
26752,0,calib
26753,1,test
26754,1,calib
26755,1,train
26756,0,calib
26757,1,calib
26758,1,train
26759,1,train
26760,1,train
26761,1,calib
26762,1,train
26763,1,train
26764,1,train
26765,0,train
26766,1,train
26767,1,train
26768,1,train
26769,0,calib
26770,0,train
26771,1,calib
26772,1,train
26773,1,test
26774,1,calib
26775,1,test
26776,1,test
26777,1,train
26778,1,train
26779,1,train
26780,0,calib
26781,1,calib
26782,1,train
26783,1,calib
26784,1,test
26785,1,train
26786,1,train
26787,1,train
26788,1,train
26789,1,calib
26790,1,train
26791,1,train
26792,1,train
26793,1,train
26794,0,test
26795,0,calib
26796,0,train
26797,0,train
26798,1,test
26799,0,test
26800,1,train
26801,0,train
26802,1,train
26803,0,test
26804,1,calib
26805,1,calib
26806,0,calib
26807,1,test
26808,1,calib
26809,1,train
26810,0,test
26811,1,train
26812,1,train
26813,1,train
26814,1,train
26815,1,test
26816,0,train
26817,1,train
26818,1,test
26819,1,train
26820,1,train
26821,1,train
26822,0,test
26823,1,test
26824,1,train
26825,0,train
26826,0,test
26827,1,train
26828,1,train
26829,1,test
26830,1,test
26831,1,train
26832,0,train
26833,1,train
26834,1,train
26835,1,train
26836,1,train
26837,1,train
26838,1,calib
26839,1,calib
26840,0,calib
26841,0,test
26842,1,train
26843,0,train
26844,1,train
26845,1,train
26846,0,train
26847,1,train
26848,1,train
26849,1,calib
26850,1,train
26851,1,calib
26852,1,test
26853,1,train
26854,1,train
26855,1,train
26856,1,test
26857,0,calib
26858,1,calib
26859,1,train
26860,0,test
26861,1,calib
26862,1,calib
26863,1,train
26864,1,train
26865,0,test
26866,1,train
26867,1,train
26868,1,train
26869,1,test
26870,1,train
26871,0,test
26872,1,train
26873,0,train
26874,1,test
26875,1,train
26876,0,test
26877,1,train
26878,1,test
26879,1,train
26880,0,calib
26881,1,train
26882,0,calib
26883,1,test
26884,1,calib
26885,1,calib
26886,0,train
26887,0,train
26888,1,train
26889,0,train
26890,0,train
26891,0,train
26892,1,train
26893,1,train
26894,1,calib
26895,1,train
26896,1,train
26897,1,train
26898,1,train
26899,0,train
26900,1,train
26901,1,calib
26902,1,calib
26903,0,train
26904,1,train
26905,0,calib
26906,0,train
26907,1,train
26908,1,train
26909,0,train
26910,1,train
26911,1,train
26912,1,test
26913,1,test
26914,1,train
26915,1,train
26916,1,train
26917,1,calib
26918,1,test
26919,1,train
26920,0,train
26921,1,train
26922,1,train
26923,0,train
26924,1,train
26925,1,calib
26926,0,train
26927,1,train
26928,1,train
26929,0,train
26930,0,train
26931,1,train
26932,1,calib
26933,1,test
26934,0,calib
26935,1,train
26936,0,train
26937,1,test
26938,0,test
26939,1,test
26940,1,calib
26941,1,train
26942,1,calib
26943,0,train
26944,1,train
26945,1,train
26946,0,test
26947,1,train
26948,1,test
26949,0,train
26950,0,train
26951,1,test
26952,1,train
26953,0,test
26954,1,train
26955,1,test
26956,1,test
26957,0,train
26958,1,train
26959,1,train
26960,1,train
26961,1,calib
26962,1,train
26963,0,test
26964,0,train
26965,1,calib
26966,1,calib
26967,0,train
26968,1,train
26969,1,train
26970,1,test
26971,1,test
26972,1,test
26973,0,train
26974,0,train
26975,0,train
26976,1,train
26977,0,train
26978,1,calib
26979,1,calib
26980,0,train
26981,0,train
26982,0,test
26983,0,test
26984,1,train
26985,0,train
26986,1,calib
26987,0,train
26988,0,train
26989,1,test
26990,1,train
26991,1,train
26992,1,calib
26993,0,train
26994,1,train
26995,1,test
26996,1,train
26997,1,train
26998,1,train
26999,1,train
27000,1,calib
27001,1,calib
27002,0,train
27003,0,train
27004,1,train
27005,1,train
27006,1,train
27007,0,test
27008,1,train
27009,1,calib
27010,0,calib
27011,1,test
27012,1,train
27013,1,train
27014,0,train
27015,1,calib
27016,0,train
27017,1,train
27018,1,train
27019,1,calib
27020,1,test
27021,1,test
27022,0,train
27023,0,train
27024,1,train
27025,1,calib
27026,1,calib
27027,1,train
27028,0,train
27029,1,train
27030,1,train
27031,1,train
27032,0,train
27033,1,calib
27034,1,calib
27035,1,train
27036,1,train
27037,0,train
27038,1,calib
27039,0,train
27040,1,calib
27041,0,train
27042,1,test
27043,1,test
27044,0,calib
27045,1,calib
27046,1,train
27047,0,test
27048,1,calib
27049,0,calib
27050,1,calib
27051,1,calib
27052,0,train
27053,1,train
27054,1,train
27055,1,train
27056,1,train
27057,1,train
27058,1,calib
27059,1,train
27060,0,calib
27061,1,train
27062,1,train
27063,1,train
27064,1,train
27065,1,calib
27066,1,train
27067,0,train
27068,1,train
27069,1,test
27070,1,calib
27071,0,train
27072,1,test
27073,0,train
27074,1,train
27075,0,calib
27076,1,calib
27077,0,train
27078,1,test
27079,0,calib
27080,1,train
27081,1,calib
27082,1,train
27083,1,train
27084,1,train
27085,1,calib
27086,1,calib
27087,1,calib
27088,1,test
27089,1,test
27090,1,train
27091,1,test
27092,1,train
27093,1,test
27094,1,test
27095,1,train
27096,1,train
27097,1,train
27098,1,test
27099,1,calib
27100,0,train
27101,1,calib
27102,1,calib
27103,1,train
27104,1,train
27105,0,calib
27106,1,train
27107,1,calib
27108,1,test
27109,1,train
27110,0,test
27111,1,train
27112,0,train
27113,1,calib
27114,1,test
27115,1,train
27116,0,train
27117,1,test
27118,0,train
27119,1,calib
27120,0,test
27121,1,test
27122,0,calib
27123,1,train
27124,0,train
27125,1,calib
27126,1,test
27127,1,train
27128,1,train
27129,1,calib
27130,1,test
27131,1,calib
27132,0,train
27133,1,train
27134,1,train
27135,1,train
27136,1,train
27137,1,calib
27138,1,train
27139,1,train
27140,0,train
27141,1,train
27142,0,test
27143,0,train
27144,1,train
27145,1,train
27146,1,calib
27147,1,train
27148,1,calib
27149,0,train
27150,0,test
27151,1,train
27152,1,test
27153,1,calib
27154,0,train
27155,1,train
27156,0,train
27157,1,train
27158,1,train
27159,0,train
27160,0,calib
27161,0,calib
27162,1,train
27163,1,test
27164,1,calib
27165,0,train
27166,0,train
27167,1,train
27168,0,calib
27169,0,test
27170,1,train
27171,1,train
27172,1,calib
27173,1,test
27174,1,train
27175,1,train
27176,1,train
27177,1,test
27178,1,test
27179,1,test
27180,1,train
27181,1,test
27182,0,train
27183,1,train
27184,1,test
27185,1,train
27186,1,train
27187,1,calib
27188,0,train
27189,1,calib
27190,1,calib
27191,1,calib
27192,0,calib
27193,1,test
27194,1,test
27195,1,calib
27196,1,train
27197,1,train
27198,1,train
27199,1,train
27200,1,train
27201,1,train
27202,1,calib
27203,1,train
27204,1,test
27205,1,test
27206,1,calib
27207,1,train
27208,1,test
27209,1,train
27210,0,test
27211,1,train
27212,0,train
27213,0,calib
27214,0,train
27215,1,calib
27216,0,calib
27217,0,train
27218,0,calib
27219,1,train
27220,0,train
27221,0,train
27222,1,test
27223,1,test
27224,1,calib
27225,1,train
27226,0,test
27227,1,train
27228,1,train
27229,1,train
27230,1,train
27231,1,test
27232,0,test
27233,1,train
27234,1,train
27235,0,train
27236,1,test
27237,1,train
27238,1,train
27239,1,calib
27240,0,train
27241,1,train
27242,1,train
27243,1,train
27244,1,calib
27245,0,test
27246,1,train
27247,0,test
27248,1,train
27249,1,calib
27250,1,train
27251,1,train
27252,1,train
27253,1,train
27254,0,train
27255,1,train
27256,1,train
27257,0,train
27258,1,train
27259,1,test
27260,1,calib
27261,1,train
27262,1,train
27263,1,train
27264,1,train
27265,1,train
27266,1,train
27267,1,train
27268,1,test
27269,1,calib
27270,1,train
27271,1,train
27272,1,train
27273,1,calib
27274,1,train
27275,1,calib
27276,1,train
27277,1,train
27278,1,train
27279,1,train
27280,1,train
27281,1,test
27282,0,calib
27283,1,train
27284,1,train
27285,0,train
27286,1,train
27287,1,train
27288,1,test
27289,1,train
27290,0,train
27291,1,test
27292,1,test
27293,1,train
27294,0,calib
27295,1,train
27296,1,train
27297,1,train
27298,1,train
27299,1,train
27300,0,train
27301,1,train
27302,1,train
27303,1,train
27304,1,test
27305,1,train
27306,1,train
27307,1,train
27308,1,train
27309,1,train
27310,1,train
27311,1,train
27312,1,train
27313,1,train
27314,0,train
27315,1,test
27316,0,train
27317,0,train
27318,1,test
27319,1,test
27320,1,test
27321,1,train
27322,0,train
27323,1,test
27324,0,train
27325,1,train
27326,1,train
27327,1,train
27328,1,test
27329,0,train
27330,1,train
27331,0,test
27332,0,train
27333,1,train
27334,0,train
27335,1,train
27336,1,train
27337,1,calib
27338,1,train
27339,1,train
27340,1,calib
27341,1,train
27342,1,test
27343,1,train
27344,1,test
27345,1,calib
27346,1,train
27347,0,calib
27348,1,test
27349,1,calib
27350,1,train
27351,1,calib
27352,1,train
27353,1,train
27354,1,train
27355,1,test
27356,1,train
27357,1,train
27358,0,calib
27359,1,train
27360,1,train
27361,1,calib
27362,1,calib
27363,0,train
27364,1,train
27365,0,train
27366,1,train
27367,1,train
27368,0,train
27369,1,calib
27370,1,calib
27371,0,calib
27372,1,train
27373,1,calib
27374,1,train
27375,1,train
27376,1,train
27377,1,train
27378,0,train
27379,1,train
27380,1,test
27381,1,train
27382,1,train
27383,1,train
27384,1,train
27385,1,train
27386,0,test
27387,1,train
27388,1,calib
27389,1,train
27390,0,train
27391,1,test
27392,1,calib
27393,1,train
27394,1,train
27395,1,calib
27396,1,test
27397,1,train
27398,1,calib
27399,0,test
27400,1,calib
27401,1,train
27402,1,train
27403,1,train
27404,1,test
27405,1,test
27406,0,train
27407,1,train
27408,1,calib
27409,1,train
27410,1,train
27411,0,test
27412,1,calib
27413,0,train
27414,1,test
27415,1,test
27416,1,train
27417,1,train
27418,0,train
27419,1,test
27420,1,calib
27421,1,test
27422,1,calib
27423,1,test
27424,1,train
27425,1,train
27426,1,train
27427,0,train
27428,0,calib
27429,1,train
27430,1,train
27431,1,test
27432,0,train
27433,1,train
27434,0,train
27435,0,train
27436,1,train
27437,0,test
27438,1,train
27439,0,train
27440,0,calib
27441,1,train
27442,0,train
27443,1,calib
27444,1,train
27445,1,train
27446,1,calib
27447,0,train
27448,1,train
27449,1,train
27450,0,train
27451,1,train
27452,1,train
27453,1,train
27454,1,test
27455,1,train
27456,0,train
27457,1,train
27458,0,test
27459,1,train
27460,1,train
27461,1,train
27462,1,calib
27463,1,calib
27464,0,train
27465,1,train
27466,1,train
27467,1,train
27468,1,calib
27469,1,calib
27470,0,calib
27471,0,train
27472,1,train
27473,1,train
27474,1,calib
27475,1,calib
27476,1,calib
27477,1,train
27478,1,calib
27479,1,calib
27480,0,test
27481,1,calib
27482,1,train
27483,1,test
27484,0,train
27485,1,calib
27486,1,train
27487,1,train
27488,1,calib
27489,1,train
27490,0,test
27491,1,calib
27492,1,train
27493,1,calib
27494,1,train
27495,0,calib
27496,1,train
27497,1,train
27498,1,train
27499,0,train
27500,1,test
27501,1,calib
27502,1,train
27503,1,train
27504,1,train
27505,1,train
27506,1,train
27507,1,calib
27508,0,train
27509,1,train
27510,1,test
27511,1,test
27512,1,calib
27513,1,train
27514,1,train
27515,1,test
27516,1,train
27517,0,test
27518,0,train
27519,1,train
27520,0,train
27521,1,calib
27522,1,calib
27523,1,train
27524,1,train
27525,0,test
27526,1,calib
27527,0,calib
27528,1,calib
27529,1,train
27530,1,calib
27531,1,test
27532,0,calib
27533,1,train
27534,1,test
27535,1,train
27536,1,test
27537,1,test
27538,1,calib
27539,1,test
27540,1,train
27541,1,train
27542,1,test
27543,1,calib
27544,1,train
27545,1,train
27546,1,test
27547,0,train
27548,1,train
27549,1,train
27550,0,test
27551,1,train
27552,1,calib
27553,0,train
27554,1,train
27555,1,calib
27556,1,train
27557,1,train
27558,1,train
27559,1,train
27560,1,test
27561,1,train
27562,1,test
27563,1,train
27564,1,test
27565,1,train
27566,1,train
27567,0,train
27568,1,train
27569,1,train
27570,1,train
27571,1,test
27572,1,train
27573,1,test
27574,1,calib
27575,1,train
27576,1,train
27577,0,train
27578,1,train
27579,1,train
27580,1,train
27581,1,train
27582,0,train
27583,1,calib
27584,1,test
27585,0,train
27586,0,train
27587,1,calib
27588,1,train
27589,1,calib
27590,1,test
27591,1,train
27592,0,train
27593,0,train
27594,1,test
27595,0,train
27596,0,train
27597,1,calib
27598,1,train
27599,1,calib
27600,0,train
27601,1,train
27602,0,train
27603,0,train
27604,1,test
27605,0,train
27606,1,train
27607,1,train
27608,1,train
27609,1,calib
27610,0,train
27611,1,train
27612,1,test
27613,1,train
27614,1,test
27615,1,train
27616,1,test
27617,1,train
27618,1,train
27619,0,test
27620,1,test
27621,1,test
27622,0,train
27623,1,train
27624,1,calib
27625,1,train
27626,1,train
27627,1,calib
27628,1,train
27629,1,train
27630,1,train
27631,1,train
27632,1,train
27633,0,train
27634,1,test
27635,0,calib
27636,1,test
27637,0,calib
27638,1,test
27639,0,train
27640,0,train
27641,0,train
27642,1,train
27643,1,calib
27644,0,test
27645,0,train
27646,0,train
27647,1,train
27648,1,train
27649,1,train
27650,1,train
27651,0,test
27652,1,train
27653,1,train
27654,1,train
27655,0,train
27656,1,calib
27657,1,train
27658,1,train
27659,1,train
27660,1,train
27661,1,train
27662,0,test
27663,0,train
27664,1,train
27665,1,test
27666,1,train
27667,1,train
27668,1,test
27669,1,train
27670,0,test
27671,1,calib
27672,1,train
27673,1,test
27674,1,train
27675,1,train
27676,1,train
27677,1,train
27678,0,calib
27679,1,train
27680,0,test
27681,1,test
27682,1,train
27683,1,test
27684,1,train
27685,1,train
27686,1,train
27687,0,train
27688,1,calib
27689,1,test
27690,1,train
27691,1,test
27692,0,train
27693,1,test
27694,1,train
27695,1,test
27696,1,test
27697,1,test
27698,1,train
27699,1,train
27700,1,train
27701,1,train
27702,1,calib
27703,1,train
27704,1,calib
27705,1,calib
27706,1,calib
27707,1,train
27708,1,test
27709,0,train
27710,0,train
27711,1,train
27712,1,train
27713,1,calib
27714,1,train
27715,1,calib
27716,1,train
27717,1,train
27718,1,train
27719,1,train
27720,1,train
27721,1,calib
27722,0,calib
27723,1,train
27724,0,train
27725,1,calib
27726,1,test
27727,0,test
27728,1,train
27729,1,train
27730,1,calib
27731,1,train
27732,1,train
27733,1,calib
27734,1,test
27735,0,train
27736,0,train
27737,1,train
27738,0,train
27739,1,test
27740,1,calib
27741,1,train
27742,1,train
27743,1,test
27744,1,train
27745,1,train
27746,1,test
27747,1,test
27748,1,train
27749,1,calib
27750,0,calib
27751,1,test
27752,1,test
27753,0,calib
27754,1,test
27755,1,test
27756,1,train
27757,0,test
27758,0,calib
27759,1,test
27760,1,calib
27761,1,train
27762,1,calib
27763,1,calib
27764,1,train
27765,1,train
27766,1,train
27767,1,test
27768,1,train
27769,0,test
27770,1,train
27771,0,test
27772,0,train
27773,1,train
27774,1,test
27775,1,train
27776,1,train
27777,1,train
27778,1,calib
27779,1,train
27780,0,train
27781,0,calib
27782,1,test
27783,1,calib
27784,1,calib
27785,1,test
27786,1,train
27787,1,calib
27788,1,test
27789,0,train
27790,1,calib
27791,1,test
27792,1,calib
27793,1,train
27794,1,train
27795,1,test
27796,0,train
27797,1,train
27798,1,train
27799,1,calib
27800,1,train
27801,1,calib
27802,1,train
27803,1,test
27804,1,train
27805,0,train
27806,1,train
27807,1,calib
27808,1,train
27809,1,train
27810,1,calib
27811,0,train
27812,1,calib
27813,0,calib
27814,1,train
27815,1,train
27816,0,test
27817,1,train
27818,1,train
27819,1,calib
27820,1,train
27821,0,train
27822,1,calib
27823,1,train
27824,1,train
27825,0,train
27826,1,calib
27827,1,train
27828,1,train
27829,1,train
27830,1,train
27831,0,train
27832,0,train
27833,1,train
27834,1,train
27835,1,test
27836,1,calib
27837,0,calib
27838,0,calib
27839,1,train
27840,0,train
27841,0,train
27842,1,test
27843,0,train
27844,1,train
27845,1,calib
27846,1,test
27847,1,train
27848,1,train
27849,1,train
27850,1,train
27851,1,train
27852,1,test
27853,1,train
27854,1,train
27855,0,train
27856,0,train
27857,1,train
27858,1,train
27859,0,train
27860,1,calib
27861,0,train
27862,0,train
27863,0,test
27864,1,train
27865,0,test
27866,1,test
27867,1,calib
27868,1,train
27869,1,test
27870,1,calib
27871,1,test
27872,0,train
27873,1,calib
27874,1,train
27875,1,test
27876,0,train
27877,1,train
27878,0,train
27879,1,train
27880,1,train
27881,1,train
27882,1,train
27883,1,train
27884,1,train
27885,1,train
27886,0,calib
27887,1,test
27888,1,calib
27889,1,train
27890,1,test
27891,1,train
27892,0,test
27893,1,test
27894,1,train
27895,1,calib
27896,1,train
27897,0,train
27898,1,train
27899,1,train
27900,1,train
27901,1,train
27902,1,calib
27903,1,test
27904,1,train
27905,1,train
27906,0,test
27907,1,calib
27908,0,test
27909,1,test
27910,1,train
27911,1,test
27912,1,train
27913,1,test
27914,1,train
27915,1,test
27916,0,train
27917,1,calib
27918,1,calib
27919,1,train
27920,1,test
27921,1,calib
27922,1,train
27923,0,calib
27924,1,train
27925,0,train
27926,0,train
27927,1,train
27928,0,calib
27929,1,train
27930,1,test
27931,1,test
27932,1,calib
27933,1,calib
27934,1,calib
27935,1,calib
27936,1,test
27937,1,train
27938,1,train
27939,0,test
27940,1,train
27941,1,train
27942,0,test
27943,1,train
27944,1,calib
27945,1,train
27946,1,test
27947,1,train
27948,0,train
27949,1,calib
27950,0,test
27951,0,test
27952,1,test
27953,0,train
27954,0,train
27955,1,calib
27956,1,calib
27957,1,train
27958,1,train
27959,1,test
27960,1,train
27961,1,train
27962,1,train
27963,1,train
27964,1,train
27965,1,train
27966,1,calib
27967,0,train
27968,1,calib
27969,1,train
27970,0,test
27971,1,calib
27972,0,test
27973,0,train
27974,1,train
27975,1,calib
27976,0,train
27977,1,test
27978,0,train
27979,0,test
27980,0,test
27981,1,train
27982,1,train
27983,1,train
27984,1,train
27985,1,train
27986,1,train
27987,1,calib
27988,0,train
27989,1,train
27990,1,train
27991,1,test
27992,1,train
27993,1,train
27994,0,calib
27995,1,train
27996,1,train
27997,1,train
27998,1,train
27999,1,train
28000,1,test
28001,0,test
28002,0,train
28003,1,calib
28004,1,train
28005,1,train
28006,1,train
28007,1,train
28008,1,train
28009,1,train
28010,1,calib
28011,1,calib
28012,1,calib
28013,1,calib
28014,1,calib
28015,1,train
28016,1,train
28017,1,calib
28018,1,train
28019,1,test
28020,1,train
28021,1,train
28022,0,train
28023,1,calib
28024,1,train
28025,1,calib
28026,1,calib
28027,0,train
28028,1,test
28029,1,train
28030,1,calib
28031,1,calib
28032,1,train
28033,1,test
28034,1,calib
28035,1,train
28036,1,train
28037,1,train
28038,1,train
28039,1,train
28040,1,train
28041,1,train
28042,1,test
28043,1,calib
28044,1,calib
28045,1,train
28046,1,train
28047,1,train
28048,1,train
28049,1,calib
28050,0,test
28051,1,train
28052,1,calib
28053,1,calib
28054,0,test
28055,1,train
28056,1,test
28057,1,test
28058,0,train
28059,0,train
28060,1,train
28061,1,calib
28062,0,train
28063,0,train
28064,0,calib
28065,1,train
28066,1,train
28067,1,train
28068,1,test
28069,0,train
28070,1,calib
28071,1,test
28072,0,train
28073,1,train
28074,1,test
28075,1,train
28076,0,test
28077,1,train
28078,1,train
28079,1,test
28080,1,train
28081,0,test
28082,0,calib
28083,1,train
28084,1,calib
28085,0,calib
28086,1,test
28087,0,train
28088,0,train
28089,1,train
28090,1,train
28091,1,train
28092,1,calib
28093,1,train
28094,0,calib
28095,1,test
28096,1,test
28097,1,train
28098,1,train
28099,0,calib
28100,1,train
28101,1,train
28102,1,test
28103,0,train
28104,1,test
28105,1,train
28106,1,calib
28107,0,test
28108,1,test
28109,1,train
28110,1,test
28111,0,train
28112,1,train
28113,1,train
28114,1,train
28115,0,train
28116,0,train
28117,1,train
28118,1,calib
28119,1,train
28120,1,test
28121,1,train
28122,1,train
28123,0,calib
28124,1,train
28125,1,train
28126,0,calib
28127,1,train
28128,1,train
28129,1,train
28130,1,train
28131,1,train
28132,1,calib
28133,1,calib
28134,0,train
28135,1,train
28136,0,train
28137,1,train
28138,1,train
28139,0,train
28140,1,calib
28141,1,train
28142,1,train
28143,0,train
28144,1,train
28145,1,train
28146,1,test
28147,1,test
28148,1,test
28149,1,train
28150,1,test
28151,1,test
28152,1,calib
28153,0,test
28154,1,train
28155,0,train
28156,1,test
28157,1,train
28158,1,train
28159,0,calib
28160,0,train
28161,0,train
28162,1,train
28163,1,train
28164,0,test
28165,1,train
28166,1,train
28167,1,train
28168,1,test
28169,1,train
28170,1,calib
28171,1,calib
28172,0,test
28173,0,test
28174,0,test
28175,1,calib
28176,0,train
28177,1,train
28178,1,calib
28179,1,train
28180,1,train
28181,1,train
28182,1,train
28183,1,train
28184,1,calib
28185,0,train
28186,1,calib
28187,1,train
28188,1,train
28189,1,train
28190,1,train
28191,1,test
28192,1,test
28193,1,train
28194,1,train
28195,1,test
28196,1,train
28197,0,train
28198,1,test
28199,1,calib
28200,1,train
28201,0,train
28202,0,test
28203,1,train
28204,0,train
28205,1,train
28206,1,calib
28207,1,train
28208,0,train
28209,0,calib
28210,1,train
28211,1,train
28212,1,test
28213,1,train
28214,0,calib
28215,1,train
28216,1,calib
28217,1,train
28218,1,train
28219,1,train
28220,1,test
28221,1,calib
28222,1,train
28223,1,train
28224,0,test
28225,1,train
28226,1,calib
28227,1,test
28228,1,train
28229,0,test
28230,1,train
28231,0,calib
28232,1,calib
28233,0,train
28234,0,calib
28235,1,train
28236,1,calib
28237,1,test
28238,1,train
28239,1,train
28240,1,test
28241,1,test
28242,1,test
28243,0,test
28244,0,calib
28245,0,test
28246,0,train
28247,1,train
28248,1,train
28249,1,test
28250,1,train
28251,1,train
28252,1,train
28253,1,test
28254,1,train
28255,0,calib
28256,0,test
28257,1,train
28258,0,train
28259,1,train
28260,1,calib
28261,0,train
28262,1,test
28263,1,test
28264,0,train
28265,1,train
28266,0,test
28267,0,train
28268,1,test
28269,1,calib
28270,0,test
28271,1,train
28272,0,test
28273,1,calib
28274,1,test
28275,1,test
28276,1,calib
28277,1,train
28278,1,train
28279,1,train
28280,1,train
28281,1,train
28282,1,train
28283,1,train
28284,1,calib
28285,1,train
28286,0,train
28287,1,train
28288,0,train
28289,1,test
28290,1,calib
28291,1,train
28292,1,train
28293,1,train
28294,0,calib
28295,1,test
28296,1,test
28297,1,train
28298,0,calib
28299,1,test
28300,0,train
28301,0,train
28302,1,train
28303,1,train
28304,1,train
28305,1,train
28306,1,train
28307,1,train
28308,0,calib
28309,1,test
28310,0,train
28311,1,train
28312,0,test
28313,1,test
28314,1,train
28315,0,test
28316,1,train
28317,1,train
28318,0,train
28319,1,train
28320,0,calib
28321,1,train
28322,0,calib
28323,1,train
28324,1,train
28325,0,test
28326,1,train
28327,1,train
28328,1,train
28329,0,train
28330,1,test
28331,1,calib
28332,1,train
28333,1,train
28334,1,calib
28335,1,train
28336,1,train
28337,0,calib
28338,1,test
28339,0,train
28340,1,test
28341,1,calib
28342,0,calib
28343,1,train
28344,1,train
28345,1,test
28346,0,train
28347,1,train
28348,0,test
28349,0,train
28350,1,calib
28351,1,calib
28352,1,test
28353,1,test
28354,0,test
28355,1,calib
28356,1,calib
28357,1,train
28358,1,train
28359,0,calib
28360,1,train
28361,1,train
28362,0,train
28363,0,train
28364,1,train
28365,1,train
28366,0,train
28367,1,test
28368,1,train
28369,1,train
28370,1,calib
28371,0,calib
28372,1,test
28373,1,test
28374,1,train
28375,1,test
28376,1,calib
28377,1,calib
28378,0,train
28379,0,calib
28380,1,train
28381,1,test
28382,1,test
28383,1,train
28384,1,train
28385,1,test
28386,1,train
28387,1,train
28388,1,train
28389,0,test
28390,1,calib
28391,1,train
28392,1,train
28393,0,test
28394,1,test
28395,1,calib
28396,1,train
28397,0,train
28398,1,test
28399,1,test
28400,1,train
28401,1,test
28402,1,train
28403,1,train
28404,1,test
28405,1,test
28406,1,train
28407,1,test
28408,1,train
28409,1,train
28410,1,calib
28411,1,test
28412,1,train
28413,1,test
28414,1,train
28415,1,calib
28416,1,train
28417,0,train
28418,1,train
28419,0,calib
28420,1,test
28421,1,train
28422,1,test
28423,1,calib
28424,1,train
28425,1,test
28426,1,train
28427,1,train
28428,0,train
28429,1,train
28430,1,train
28431,1,calib
28432,1,calib
28433,0,test
28434,1,train
28435,1,test
28436,1,test
28437,1,test
28438,1,train
28439,1,train
28440,1,train
28441,1,test
28442,1,test
28443,1,calib
28444,1,calib
28445,1,test
28446,0,calib
28447,0,train
28448,1,train
28449,1,train
28450,1,train
28451,1,train
28452,0,test
28453,0,train
28454,0,test
28455,1,test
28456,1,train
28457,0,train
28458,1,test
28459,0,train
28460,1,train
28461,1,calib
28462,1,test
28463,1,train
28464,1,train
28465,1,calib
28466,1,train
28467,1,test
28468,1,train
28469,0,train
28470,0,train
28471,0,train
28472,1,train
28473,1,train
28474,1,test
28475,0,train
28476,1,train
28477,1,calib
28478,1,calib
28479,1,calib
28480,1,train
28481,1,train
28482,1,train
28483,1,train
28484,1,train
28485,1,train
28486,1,train
28487,1,train
28488,1,calib
28489,0,calib
28490,1,train
28491,1,train
28492,1,train
28493,1,train
28494,1,train
28495,1,train
28496,1,calib
28497,1,test
28498,1,test
28499,1,train
28500,1,test
28501,1,train
28502,1,test
28503,1,test
28504,1,train
28505,1,train
28506,0,train
28507,1,train
28508,1,train
28509,1,train
28510,0,train
28511,0,train
28512,1,train
28513,1,calib
28514,1,test
28515,1,train
28516,1,train
28517,1,calib
28518,1,calib
28519,0,test
28520,1,train
28521,1,calib
28522,0,calib
28523,0,train
28524,1,train
28525,1,train
28526,1,train
28527,1,train
28528,0,train
28529,1,calib
28530,0,calib
28531,1,test
28532,1,test
28533,1,train
28534,1,train
28535,1,test
28536,0,train
28537,0,train
28538,0,train
28539,1,train
28540,1,test
28541,1,train
28542,1,train
28543,0,test
28544,1,train
28545,0,train
28546,1,train
28547,1,calib
28548,1,test
28549,1,calib
28550,0,train
28551,0,test
28552,1,train
28553,0,calib
28554,1,train
28555,1,train
28556,1,train
28557,0,test
28558,1,calib
28559,1,test
28560,1,train
28561,0,train
28562,0,calib
28563,0,train
28564,1,calib
28565,1,train
28566,1,train
28567,1,train
28568,1,train
28569,1,test
28570,0,test
28571,1,train
28572,1,train
28573,1,test
28574,1,calib
28575,1,test
28576,1,train
28577,1,calib
28578,1,test
28579,1,train
28580,1,train
28581,1,calib
28582,1,train
28583,1,calib
28584,1,train
28585,1,train
28586,1,test
28587,1,calib
28588,1,train
28589,1,train
28590,1,train
28591,1,test
28592,1,test
28593,1,train
28594,0,test
28595,1,calib
28596,0,train
28597,1,train
28598,1,calib
28599,1,calib
28600,1,train
28601,0,train
28602,1,train
28603,1,train
28604,1,calib
28605,1,calib
28606,1,train
28607,0,train
28608,1,train
28609,1,train
28610,0,train
28611,1,test
28612,1,train
28613,0,calib
28614,1,test
28615,1,train
28616,0,train
28617,1,train
28618,1,train
28619,1,train
28620,1,test
28621,1,test
28622,1,test
28623,1,calib
28624,1,train
28625,1,train
28626,0,train
28627,1,test
28628,0,train
28629,0,train
28630,1,train
28631,0,train
28632,1,train
28633,1,train
28634,1,train
28635,1,calib
28636,1,calib
28637,1,train
28638,1,train
28639,1,test
28640,1,calib
28641,1,train
28642,0,train
28643,1,test
28644,1,train
28645,0,train
28646,1,train
28647,1,test
28648,1,train
28649,1,test
28650,0,train
28651,0,train
28652,0,calib
28653,1,train
28654,1,train
28655,1,train
28656,1,test
28657,1,train
28658,0,train
28659,1,test
28660,1,train
28661,1,train
28662,1,test
28663,1,calib
28664,1,train
28665,1,calib
28666,1,train
28667,1,train
28668,1,train
28669,0,test
28670,1,calib
28671,0,calib
28672,1,train
28673,1,calib
28674,1,train
28675,0,calib
28676,1,train
28677,1,train
28678,0,train
28679,1,train
28680,0,train
28681,1,train
28682,1,test
28683,1,calib
28684,1,test
28685,1,train
28686,1,train
28687,0,test
28688,1,train
28689,1,train
28690,0,test
28691,1,test
28692,1,train
28693,1,train
28694,1,train
28695,1,train
28696,1,train
28697,1,train
28698,0,train
28699,1,train
28700,0,train
28701,1,train
28702,0,test
28703,0,train
28704,0,calib
28705,0,train
28706,0,train
28707,1,train
28708,1,calib
28709,1,test
28710,1,test
28711,1,train
28712,1,test
28713,1,test
28714,1,train
28715,1,train
28716,1,test
28717,0,test
28718,0,train
28719,1,train
28720,0,train
28721,1,calib
28722,1,calib
28723,0,train
28724,0,train
28725,1,train
28726,1,test
28727,1,test
28728,0,train
28729,0,test
28730,0,train
28731,1,train
28732,0,test
28733,1,calib
28734,1,train
28735,0,train
28736,1,train
28737,1,calib
28738,0,test
28739,1,test
28740,0,train
28741,1,test
28742,1,test
28743,1,train
28744,1,train
28745,0,test
28746,0,calib
28747,0,train
28748,0,train
28749,1,calib
28750,1,test
28751,1,calib
28752,1,test
28753,1,train
28754,1,calib
28755,0,test
28756,1,train
28757,1,test
28758,1,train
28759,0,train
28760,1,train
28761,1,train
28762,1,train
28763,1,calib
28764,0,train
28765,1,train
28766,1,train
28767,1,calib
28768,1,train
28769,1,calib
28770,1,calib
28771,1,train
28772,1,train
28773,1,train
28774,1,calib
28775,1,calib
28776,0,train
28777,1,calib
28778,0,train
28779,1,train
28780,1,calib
28781,1,train
28782,1,train
28783,1,test
28784,1,train
28785,1,train
28786,1,train
28787,1,calib
28788,0,train
28789,1,train
28790,0,train
28791,1,calib
28792,1,train
28793,1,calib
28794,1,train
28795,1,calib
28796,0,train
28797,1,train
28798,0,train
28799,0,train
28800,1,train
28801,0,test
28802,1,train
28803,0,train
28804,1,calib
28805,0,test
28806,1,train
28807,1,train
28808,1,train
28809,1,train
28810,1,train
28811,1,train
28812,0,calib
28813,1,test
28814,0,train
28815,1,calib
28816,1,train
28817,0,calib
28818,1,train
28819,0,train
28820,1,train
28821,1,train
28822,1,test
28823,1,train
28824,0,train
28825,1,calib
28826,1,train
28827,1,calib
28828,1,test
28829,1,test
28830,0,train
28831,1,calib
28832,0,calib
28833,0,calib
28834,1,calib
28835,1,train
28836,1,calib
28837,1,train
28838,1,train
28839,1,train
28840,1,train
28841,1,calib
28842,1,test
28843,1,train
28844,1,train
28845,1,train
28846,1,test
28847,1,calib
28848,1,train
28849,1,test
28850,0,train
28851,0,calib
28852,1,train
28853,1,train
28854,1,train
28855,1,train
28856,1,train
28857,1,train
28858,1,calib
28859,1,train
28860,1,calib
28861,1,train
28862,1,train
28863,1,train
28864,1,train
28865,0,train
28866,0,train
28867,1,calib
28868,0,test
28869,1,train
28870,0,calib
28871,1,test
28872,1,calib
28873,1,calib
28874,1,train
28875,0,calib
28876,1,calib
28877,0,calib
28878,1,calib
28879,1,calib
28880,0,train
28881,0,test
28882,1,train
28883,1,train
28884,1,train
28885,1,train
28886,1,test
28887,0,train
28888,1,calib
28889,1,train
28890,0,calib
28891,1,calib
28892,1,train
28893,1,train
28894,1,calib
28895,0,train
28896,0,train
28897,1,test
28898,1,train
28899,0,calib
28900,0,test
28901,1,train
28902,1,calib
28903,0,test
28904,1,train
28905,1,train
28906,1,train
28907,1,calib
28908,0,calib
28909,0,train
28910,0,train
28911,1,calib
28912,0,test
28913,1,train
28914,1,train
28915,1,train
28916,1,train
28917,1,train
28918,0,train
28919,0,calib
28920,1,train
28921,1,calib
28922,1,train
28923,1,train
28924,0,train
28925,0,train
28926,0,calib
28927,1,train
28928,0,calib
28929,0,calib
28930,1,train
28931,1,test
28932,1,calib
28933,1,train
28934,1,train
28935,0,train
28936,1,train
28937,0,train
28938,1,train
28939,1,train
28940,0,test
28941,1,test
28942,1,test
28943,1,train
28944,0,train
28945,1,train
28946,0,calib
28947,1,test
28948,1,calib
28949,1,train
28950,1,calib
28951,1,train
28952,0,test
28953,1,calib
28954,0,train
28955,1,test
28956,1,train
28957,1,test
28958,1,calib
28959,1,test
28960,1,train
28961,1,calib
28962,1,train
28963,0,test
28964,1,train
28965,1,train
28966,0,train
28967,1,calib
28968,1,train
28969,0,test
28970,0,test
28971,1,train
28972,1,calib
28973,1,calib
28974,1,calib
28975,1,test
28976,1,train
28977,0,train
28978,0,train
28979,0,calib
28980,0,calib
28981,1,train
28982,1,train
28983,1,train
28984,1,calib
28985,1,train
28986,1,test
28987,1,test
28988,1,train
28989,0,calib
28990,1,test
28991,1,train
28992,1,train
28993,1,train
28994,1,test
28995,0,train
28996,0,test
28997,0,test
28998,1,train
28999,0,train
29000,1,calib
29001,1,train
29002,0,test
29003,1,test
29004,0,train
29005,0,calib
29006,0,train
29007,1,calib
29008,0,train
29009,0,train
29010,1,train
29011,0,test
29012,1,calib
29013,1,train
29014,1,train
29015,1,train
29016,1,test
29017,0,test
29018,1,calib
29019,1,train
29020,1,calib
29021,1,train
29022,1,calib
29023,1,train
29024,1,test
29025,1,train
29026,1,train
29027,1,test
29028,1,train
29029,1,calib
29030,0,test
29031,1,test
29032,0,test
29033,1,calib
29034,1,train
29035,1,calib
29036,1,test
29037,1,calib
29038,0,train
29039,0,calib
29040,1,test
29041,1,train
29042,1,train
29043,1,test
29044,1,test
29045,1,train
29046,0,calib
29047,1,train
29048,1,train
29049,1,train
29050,1,test
29051,1,test
29052,1,calib
29053,0,calib
29054,1,test
29055,0,train
29056,0,train
29057,0,train
29058,1,train
29059,1,test
29060,0,train
29061,0,train
29062,1,test
29063,1,train
29064,1,train
29065,1,train
29066,1,test
29067,1,test
29068,1,test
29069,1,train
29070,1,train
29071,1,train
29072,1,train
29073,1,train
29074,1,test
29075,1,train
29076,1,train
29077,0,test
29078,1,train
29079,1,test
29080,1,test
29081,1,calib
29082,1,train
29083,1,test
29084,1,train
29085,1,train
29086,1,train
29087,0,train
29088,1,calib
29089,1,train
29090,1,train
29091,1,test
29092,1,train
29093,0,train
29094,1,calib
29095,1,train
29096,1,train
29097,1,train
29098,0,train
29099,1,train
29100,1,calib
29101,1,train
29102,1,calib
29103,0,train
29104,1,test
29105,1,calib
29106,1,train
29107,1,train
29108,1,test
29109,1,train
29110,1,train
29111,1,calib
29112,0,train
29113,0,train
29114,1,train
29115,1,train
29116,1,train
29117,0,train
29118,1,calib
29119,1,train
29120,1,train
29121,0,train
29122,1,train
29123,0,train
29124,0,calib
29125,1,test
29126,1,train
29127,0,train
29128,1,test
29129,1,train
29130,1,train
29131,0,train
29132,1,train
29133,1,train
29134,1,test
29135,1,train
29136,1,calib
29137,1,train
29138,0,test
29139,0,calib
29140,1,test
29141,1,calib
29142,1,calib
29143,1,test
29144,0,calib
29145,0,train
29146,1,test
29147,0,calib
29148,1,test
29149,1,calib
29150,1,train
29151,1,train
29152,1,calib
29153,1,train
29154,0,test
29155,1,train
29156,1,calib
29157,0,train
29158,1,test
29159,1,train
29160,1,train
29161,1,train
29162,1,test
29163,1,calib
29164,1,train
29165,0,train
29166,1,train
29167,1,test
29168,0,train
29169,0,train
29170,1,train
29171,0,train
29172,1,train
29173,0,train
29174,1,train
29175,1,calib
29176,0,test
29177,1,train
29178,1,train
29179,1,test
29180,1,train
29181,1,train
29182,0,train
29183,0,train
29184,1,train
29185,0,train
29186,1,train
29187,0,test
29188,0,calib
29189,1,train
29190,1,test
29191,1,train
29192,0,test
29193,1,train
29194,1,calib
29195,1,calib
29196,1,train
29197,1,train
29198,1,train
29199,1,train
29200,1,train
29201,1,train
29202,1,train
29203,1,test
29204,1,calib
29205,1,train
29206,1,calib
29207,1,train
29208,1,train
29209,1,train
29210,1,train
29211,1,calib
29212,1,calib
29213,0,test
29214,1,train
29215,1,train
29216,1,test
29217,1,train
29218,1,calib
29219,1,train
29220,1,calib
29221,1,train
29222,1,train
29223,1,calib
29224,1,train
29225,1,train
29226,1,train
29227,1,calib
29228,0,train
29229,1,train
29230,0,train
29231,1,calib
29232,1,train
29233,1,train
29234,1,test
29235,1,calib
29236,0,calib
29237,1,test
29238,1,test
29239,0,train
29240,1,train
29241,0,test
29242,1,train
29243,0,train
29244,1,train
29245,1,train
29246,1,train
29247,1,calib
29248,0,calib
29249,0,train
29250,1,test
29251,0,train
29252,1,calib
29253,0,test
29254,1,train
29255,0,train
29256,1,train
29257,1,train
29258,1,train
29259,1,train
29260,1,train
29261,0,calib
29262,1,train
29263,1,test
29264,0,calib
29265,0,train
29266,0,train
29267,1,train
29268,0,train
29269,1,calib
29270,1,test
29271,1,train
29272,1,train
29273,0,calib
29274,0,test
29275,1,train
29276,1,test
29277,1,train
29278,1,train
29279,1,train
29280,1,train
29281,1,train
29282,1,train
29283,1,calib
29284,1,train
29285,0,test
29286,1,train
29287,1,train
29288,1,test
29289,0,calib
29290,1,test
29291,0,calib
29292,0,train
29293,1,train
29294,1,train
29295,1,train
29296,0,test
29297,1,test
29298,1,train
29299,1,test
29300,1,test
29301,1,train
29302,1,calib
29303,0,train
29304,1,train
29305,1,train
29306,1,test
29307,1,train
29308,1,test
29309,1,test
29310,1,train
29311,1,train
29312,1,train
29313,0,calib
29314,1,test
29315,1,train
29316,0,calib
29317,1,train
29318,1,train
29319,0,train
29320,1,calib
29321,1,train
29322,0,train
29323,1,train
29324,1,train
29325,1,calib
29326,1,test
29327,1,test
29328,0,calib
29329,1,calib
29330,1,train
29331,1,test
29332,1,calib
29333,1,train
29334,1,train
29335,1,calib
29336,1,calib
29337,1,calib
29338,1,train
29339,1,train
29340,1,calib
29341,0,train
29342,1,test
29343,1,test
29344,1,train
29345,1,train
29346,1,test
29347,1,calib
29348,1,calib
29349,1,train
29350,1,train
29351,0,train
29352,0,train
29353,1,calib
29354,1,train
29355,1,train
29356,0,calib
29357,0,train
29358,0,test
29359,1,test
29360,1,train
29361,1,train
29362,0,train
29363,0,train
29364,1,train
29365,1,test
29366,1,test
29367,1,train
29368,1,train
29369,1,train
29370,1,train
29371,1,train
29372,1,calib
29373,1,train
29374,1,train
29375,1,calib
29376,1,train
29377,1,calib
29378,1,test
29379,1,train
29380,1,train
29381,1,calib
29382,1,train
29383,1,train
29384,0,train
29385,1,test
29386,1,calib
29387,1,train
29388,1,train
29389,1,train
29390,1,train
29391,1,train
29392,0,train
29393,1,train
29394,1,train
29395,1,train
29396,1,calib
29397,0,train
29398,0,train
29399,1,calib
29400,1,train
29401,0,train
29402,1,train
29403,1,train
29404,1,train
29405,1,train
29406,0,calib
29407,0,test
29408,1,test
29409,0,calib
29410,1,train
29411,0,train
29412,1,train
29413,1,calib
29414,1,calib
29415,0,train
29416,1,test
29417,1,train
29418,1,train
29419,1,train
29420,1,calib
29421,0,train
29422,1,test
29423,1,train
29424,1,train
29425,1,test
29426,0,calib
29427,1,calib
29428,1,train
29429,1,test
29430,0,calib
29431,0,test
29432,1,train
29433,1,train
29434,0,calib
29435,0,train
29436,1,train
29437,1,test
29438,1,train
29439,1,calib
29440,0,train
29441,1,train
29442,1,test
29443,1,train
29444,1,test
29445,1,train
29446,1,test
29447,1,train
29448,1,train
29449,1,train
29450,1,train
29451,1,train
29452,1,train
29453,1,calib
29454,0,train
29455,1,test
29456,1,train
29457,1,calib
29458,1,train
29459,0,calib
29460,0,train
29461,0,calib
29462,1,train
29463,1,test
29464,1,calib
29465,1,test
29466,1,train
29467,0,train
29468,1,calib
29469,1,test
29470,0,calib
29471,0,train
29472,1,test
29473,1,train
29474,1,calib
29475,1,train
29476,1,train
29477,1,calib
29478,1,train
29479,1,calib
29480,1,calib
29481,1,train
29482,1,test
29483,1,test
29484,1,calib
29485,1,train
29486,1,train
29487,1,train
29488,1,train
29489,1,train
29490,1,train
29491,1,train
29492,1,train
29493,1,train
29494,1,calib
29495,1,calib
29496,1,test
29497,1,train
29498,1,test
29499,1,train
29500,1,calib
29501,0,train
29502,1,test
29503,1,train
29504,0,train
29505,1,calib
29506,1,calib
29507,1,train
29508,1,calib
29509,1,train
29510,0,train
29511,1,train
29512,1,train
29513,1,train
29514,1,calib
29515,1,calib
29516,1,calib
29517,1,train
29518,1,test
29519,1,test
29520,1,train
29521,1,train
29522,0,train
29523,0,train
29524,1,train
29525,0,test
29526,0,test
29527,1,test
29528,1,calib
29529,1,train
29530,1,calib
29531,1,train
29532,1,train
29533,1,train
29534,1,train
29535,0,train
29536,1,train
29537,1,train
29538,1,train
29539,1,test
29540,1,train
29541,0,train
29542,1,train
29543,1,train
29544,0,train
29545,1,test
29546,1,train
29547,0,calib
29548,0,calib
29549,0,train
29550,1,calib
29551,1,train
29552,1,test
29553,0,test
29554,1,train
29555,0,calib
29556,1,test
29557,1,train
29558,0,train
29559,1,test
29560,0,calib
29561,1,train
29562,1,train
29563,1,train
29564,1,train
29565,1,train
29566,1,train
29567,0,train
29568,1,test
29569,1,train
29570,1,calib
29571,1,train
29572,1,test
29573,1,test
29574,1,calib
29575,1,train
29576,0,calib
29577,1,train
29578,0,train
29579,1,train
29580,1,train
29581,1,train
29582,1,train
29583,1,train
29584,1,calib
29585,0,test
29586,1,test
29587,0,train
29588,1,train
29589,1,test
29590,1,train
29591,0,train
29592,0,train
29593,0,train
29594,1,train
29595,1,train
29596,1,train
29597,1,test
29598,1,calib
29599,1,train
29600,1,train
29601,1,test
29602,1,calib
29603,1,train
29604,1,train
29605,1,test
29606,1,calib
29607,1,test
29608,0,train
29609,0,train
29610,1,train
29611,1,calib
29612,1,train
29613,1,train
29614,1,calib
29615,1,test
29616,1,calib
29617,1,train
29618,0,train
29619,0,train
29620,1,train
29621,1,train
29622,0,train
29623,1,calib
29624,1,train
29625,1,train
29626,0,train
29627,0,train
29628,1,train
29629,1,train
29630,1,train
29631,1,train
29632,1,train
29633,1,calib
29634,1,test
29635,0,train
29636,0,calib
29637,1,calib
29638,0,train
29639,1,train
29640,1,train
29641,1,test
29642,0,calib
29643,1,calib
29644,0,train
29645,1,test
29646,1,train
29647,1,train
29648,1,calib
29649,1,train
29650,1,test
29651,1,calib
29652,1,train
29653,0,train
29654,0,train
29655,0,calib
29656,1,train
29657,0,train
29658,1,train
29659,1,train
29660,1,calib
29661,1,train
29662,1,train
29663,0,calib
29664,0,train
29665,1,train
29666,1,test
29667,1,calib
29668,0,test
29669,1,train
29670,1,test
29671,1,test
29672,1,calib
29673,1,test
29674,0,train
29675,1,train
29676,0,calib
29677,1,calib
29678,1,test
29679,1,train
29680,1,test
29681,0,train
29682,1,calib
29683,0,train
29684,1,train
29685,1,test
29686,1,train
29687,1,train
29688,0,train
29689,1,calib
29690,1,train
29691,1,train
29692,1,calib
29693,1,calib
29694,1,train
29695,1,calib
29696,0,train
29697,1,test
29698,1,train
29699,0,calib
29700,1,train
29701,1,train
29702,1,train
29703,1,calib
29704,1,train
29705,1,train
29706,1,test
29707,1,test
29708,0,train
29709,1,train
29710,1,calib
29711,1,test
29712,1,train
29713,1,train
29714,1,test
29715,1,train
29716,1,train
29717,0,calib
29718,0,train
29719,0,train
29720,1,test
29721,1,test
29722,0,train
29723,0,calib
29724,0,test
29725,1,calib
29726,1,train
29727,1,train
29728,1,train
29729,1,calib
29730,1,train
29731,1,train
29732,1,train
29733,0,test
29734,1,train
29735,1,test
29736,1,test
29737,1,train
29738,1,train
29739,1,train
29740,1,train
29741,0,calib
29742,1,train
29743,1,train
29744,0,train
29745,1,train
29746,1,test
29747,1,train
29748,1,calib
29749,1,calib
29750,1,train
29751,1,train
29752,1,train
29753,1,train
29754,1,test
29755,0,train
29756,1,calib
29757,1,train
29758,1,train
29759,0,test
29760,1,train
29761,1,train
29762,1,calib
29763,0,test
29764,1,calib
29765,1,test
29766,1,train
29767,1,calib
29768,1,train
29769,0,train
29770,1,train
29771,0,train
29772,0,train
29773,0,train
29774,0,test
29775,1,train
29776,1,calib
29777,1,calib
29778,0,train
29779,1,test
29780,0,train
29781,1,train
29782,1,train
29783,0,train
29784,0,calib
29785,1,train
29786,0,train
29787,0,train
29788,1,calib
29789,0,train
29790,0,test
29791,1,calib
29792,1,train
29793,1,train
29794,1,calib
29795,1,train
29796,1,calib
29797,1,train
29798,1,train
29799,1,train
29800,0,train
29801,1,train
29802,1,train
29803,0,train
29804,1,test
29805,1,train
29806,0,calib
29807,1,train
29808,1,calib
29809,1,train
29810,1,calib
29811,1,train
29812,1,test
29813,1,test
29814,1,calib
29815,1,calib
29816,1,train
29817,1,train
29818,1,test
29819,1,calib
29820,1,train
29821,1,train
29822,1,train
29823,1,train
29824,1,calib
29825,1,train
29826,0,train
29827,1,train
29828,1,calib
29829,0,train
29830,0,test
29831,1,train
29832,0,test
29833,1,train
29834,1,test
29835,1,train
29836,1,train
29837,1,train
29838,1,train
29839,0,train
29840,0,train
29841,1,calib
29842,1,train
29843,0,calib
29844,1,train
29845,1,train
29846,1,train
29847,0,train
29848,1,train
29849,1,test
29850,1,train
29851,1,calib
29852,0,train
29853,1,test
29854,1,train
29855,1,train
29856,1,calib
29857,0,train
29858,1,test
29859,1,train
29860,0,test
29861,0,train
29862,1,train
29863,1,train
29864,1,test
29865,0,train
29866,1,train
29867,0,calib
29868,1,train
29869,1,test
29870,1,test
29871,0,train
29872,0,test
29873,0,test
29874,1,train
29875,1,train
29876,1,test
29877,1,train
29878,0,train
29879,1,test
29880,1,train
29881,1,test
29882,1,test
29883,0,test
29884,1,train
29885,1,calib
29886,1,calib
29887,1,train
29888,1,test
29889,0,train
29890,1,train
29891,0,train
29892,0,train
29893,1,test
29894,1,calib
29895,1,train
29896,1,train
29897,1,train
29898,1,train
29899,0,train
29900,0,train
29901,0,train
29902,1,train
29903,1,test
29904,1,calib
29905,1,test
29906,1,calib
29907,1,test
29908,1,train
29909,0,train
29910,1,train
29911,1,train
29912,1,test
29913,1,test
29914,1,test
29915,1,test
29916,1,train
29917,1,test
29918,0,train
29919,0,train
29920,1,train
29921,1,calib
29922,1,calib
29923,1,train
29924,1,train
29925,1,train
29926,1,test
29927,1,test
29928,1,test
29929,1,calib
29930,1,calib
29931,1,train
29932,1,test
29933,1,calib
29934,0,train
29935,1,train
29936,1,train
29937,1,test
29938,1,train
29939,1,calib
29940,1,train
29941,0,test
29942,1,train
29943,1,calib
29944,0,train
29945,1,test
29946,1,train
29947,1,calib
29948,1,train
29949,0,calib
29950,1,train
29951,1,train
29952,1,train
29953,1,train
29954,0,train
29955,0,train
29956,0,train
29957,1,test
29958,0,test
29959,1,train
29960,1,train
29961,1,train
29962,1,test
29963,1,train
29964,1,train
29965,0,train
29966,1,train
29967,1,calib
29968,1,train
29969,1,train
29970,1,calib
29971,0,train
29972,1,calib
29973,1,train
29974,1,calib
29975,1,train
29976,0,test
29977,0,test
29978,1,train
29979,0,train
29980,1,test
29981,0,calib
29982,1,calib
29983,0,train
29984,1,train
29985,1,calib
29986,1,train
29987,1,train
29988,1,train
29989,0,train
29990,1,train
29991,1,train
29992,1,train
29993,1,train
29994,1,train
29995,1,train
29996,0,train
29997,1,calib
29998,1,train
29999,1,test
30000,1,train
30001,1,train
30002,1,train
30003,1,train
30004,1,calib
30005,1,test
30006,0,train
30007,1,train
30008,1,train
30009,1,test
30010,1,train
30011,0,train
30012,0,train
30013,1,train
30014,0,train
30015,1,test
30016,0,train
30017,1,train
30018,1,train
30019,1,calib
30020,1,calib
30021,0,calib
30022,1,train
30023,1,train
30024,1,train
30025,1,train
30026,1,train
30027,0,test
30028,1,train
30029,1,calib
30030,1,test
30031,0,train
30032,1,calib
30033,1,test
30034,0,train
30035,1,train
30036,0,test
30037,1,train
30038,1,test
30039,1,train
30040,1,train
30041,1,train
30042,1,train
30043,0,calib
30044,1,train
30045,1,calib
30046,1,test
30047,1,train
30048,1,test
30049,1,train
30050,1,train
30051,1,train
30052,0,train
30053,1,train
30054,1,test
30055,1,train
30056,1,train
30057,1,train
30058,0,train
30059,1,train
30060,1,train
30061,1,train
30062,1,test
30063,0,train
30064,1,test
30065,1,train
30066,0,train
30067,0,train
30068,1,train
30069,1,calib
30070,1,test
30071,1,test
30072,0,test
30073,1,train
30074,1,train
30075,1,train
30076,0,train
30077,0,train
30078,0,test
30079,0,train
30080,1,test
30081,1,train
30082,1,train
30083,1,calib
30084,1,calib
30085,1,train
30086,1,calib
30087,1,train
30088,1,train
30089,1,calib
30090,0,train
30091,1,train
30092,1,test
30093,0,train
30094,1,train
30095,1,train
30096,1,calib
30097,1,calib
30098,1,train
30099,0,calib
30100,1,test
30101,1,train
30102,1,train
30103,0,calib
30104,0,calib
30105,1,train
30106,0,test
30107,1,train
30108,1,train
30109,1,train
30110,0,calib
30111,0,calib
30112,1,calib
30113,1,test
30114,1,train
30115,0,train
30116,1,calib
30117,1,train
30118,0,calib
30119,1,train
30120,1,train
30121,1,test
30122,1,calib
30123,0,test
30124,1,calib
30125,1,train
30126,1,train
30127,0,train
30128,1,train
30129,0,train
30130,1,test
30131,1,train
30132,1,train
30133,1,train
30134,1,train
30135,1,calib
30136,1,calib
30137,1,test
30138,0,train
30139,1,train
30140,1,train
30141,1,test
30142,1,test
30143,0,test
30144,1,calib
30145,1,train
30146,1,train
30147,1,train
30148,1,test
30149,0,train
30150,1,train
30151,1,train
30152,0,train
30153,1,train
30154,1,train
30155,1,calib
30156,1,train
30157,1,train
30158,1,train
30159,1,test
30160,1,train
30161,1,calib
30162,1,test
30163,1,train
30164,1,train
30165,1,train
30166,1,train
30167,1,test
30168,1,test
30169,1,train
30170,1,test
30171,1,test
30172,1,calib
30173,1,train
30174,0,train
30175,1,train
30176,1,calib
30177,1,train
30178,1,train
30179,1,train
30180,1,train
30181,1,calib
30182,0,calib
30183,1,train
30184,1,train
30185,1,train
30186,1,train
30187,1,train
30188,0,train
30189,1,calib
30190,1,train
30191,1,test
30192,0,train
30193,1,calib
30194,0,train
30195,1,train
30196,1,train
30197,1,train
30198,1,calib
30199,1,train
30200,1,train
30201,1,train
30202,1,train
30203,0,train
30204,1,train
30205,0,test
30206,1,calib
30207,1,train
30208,1,train
30209,1,train
30210,1,train
30211,1,test
30212,0,train
30213,1,test
30214,1,calib
30215,0,train
30216,0,train
30217,0,train
30218,1,test
30219,1,test
30220,1,train
30221,1,calib
30222,1,calib
30223,1,train
30224,1,train
30225,1,calib
30226,1,train
30227,0,test
30228,1,train
30229,1,calib
30230,1,train
30231,1,train
30232,1,train
30233,1,train
30234,0,train
30235,0,train
30236,1,train
30237,1,calib
30238,1,train
30239,0,train
30240,1,train
30241,1,train
30242,1,train
30243,1,calib
30244,0,train
30245,1,train
30246,0,calib
30247,1,train
30248,0,calib
30249,0,train
30250,1,train
30251,1,train
30252,1,test
30253,1,test
30254,0,train
30255,1,calib
30256,1,train
30257,1,test
30258,0,train
30259,0,train
30260,1,calib
30261,1,calib
30262,1,test
30263,1,calib
30264,1,train
30265,1,train
30266,0,train
30267,1,test
30268,1,calib
30269,1,train
30270,1,calib
30271,1,train
30272,1,test
30273,0,train
30274,1,train
30275,1,test
30276,1,train
30277,0,calib
30278,1,train
30279,1,train
30280,1,calib
30281,1,calib
30282,1,train
30283,0,train
30284,0,train
30285,1,train
30286,1,test
30287,1,test
30288,1,train
30289,1,train
30290,0,train
30291,1,train
30292,1,train
30293,1,train
30294,1,train
30295,1,test
30296,1,train
30297,0,calib
30298,1,train
30299,1,train
30300,1,train
30301,1,train
30302,0,train
30303,0,calib
30304,1,train
30305,1,calib
30306,0,train
30307,1,calib
30308,1,test
30309,1,train
30310,1,train
30311,1,train
30312,1,calib
30313,1,test
30314,1,train
30315,0,train
30316,1,train
30317,1,train
30318,0,test
30319,1,calib
30320,0,train
30321,1,train
30322,1,train
30323,1,calib
30324,1,calib
30325,0,test
30326,1,train
30327,1,train
30328,1,train
30329,0,train
30330,0,calib
30331,1,test
30332,1,train
30333,1,train
30334,1,train
30335,1,train
30336,1,train
30337,0,train
30338,1,calib
30339,0,test
30340,1,test
30341,1,test
30342,0,calib
30343,0,train
30344,1,train
30345,1,train
30346,1,calib
30347,1,train
30348,0,calib
30349,1,calib
30350,1,train
30351,1,train
30352,0,train
30353,1,test
30354,1,train
30355,1,test
30356,1,train
30357,1,calib
30358,1,train
30359,1,test
30360,1,calib
30361,1,train
30362,1,train
30363,0,train
30364,1,train
30365,0,train
30366,1,train
30367,1,train
30368,1,train
30369,1,train
30370,1,train
30371,1,train
30372,0,train
30373,0,train
30374,1,train
30375,0,calib
30376,1,train
30377,1,train
30378,1,calib
30379,1,train
30380,1,train
30381,1,calib
30382,1,train
30383,0,train
30384,1,train
30385,1,train
30386,1,train
30387,1,test
30388,1,test
30389,1,test
30390,1,train
30391,0,test
30392,1,calib
30393,0,train
30394,1,train
30395,1,test
30396,1,train
30397,0,train
30398,1,train
30399,1,train
30400,1,train
30401,0,train
30402,1,train
30403,1,calib
30404,0,calib
30405,0,train
30406,1,calib
30407,1,test
30408,1,train
30409,1,calib
30410,1,test
30411,1,train
30412,1,train
30413,1,calib
30414,0,calib
30415,1,train
30416,1,calib
30417,1,test
30418,1,train
30419,1,test
30420,0,train
30421,1,calib
30422,0,calib
30423,1,train
30424,0,train
30425,1,train
30426,0,train
30427,1,train
30428,1,test
30429,0,train
30430,0,train
30431,1,train
30432,0,train
30433,1,train
30434,1,test
30435,1,train
30436,1,test
30437,1,train
30438,0,train
30439,1,train
30440,1,calib
30441,1,train
30442,1,train
30443,1,test
30444,1,calib
30445,1,train
30446,1,test
30447,1,train
30448,1,train
30449,1,train
30450,1,train
30451,0,train
30452,1,train
30453,1,train
30454,1,train
30455,1,train
30456,1,calib
30457,1,calib
30458,1,train
30459,1,train
30460,1,calib
30461,1,train
30462,1,train
30463,1,test
30464,1,test
30465,1,calib
30466,1,train
30467,1,train
30468,1,train
30469,0,train
30470,0,test
30471,1,test
30472,1,train
30473,1,train
30474,1,calib
30475,1,calib
30476,0,train
30477,0,train
30478,1,calib
30479,1,calib
30480,1,train
30481,0,train
30482,0,train
30483,1,test
30484,0,calib
30485,0,train
30486,1,train
30487,1,train
30488,1,train
30489,1,train
30490,0,train
30491,1,train
30492,1,train
30493,1,train
30494,1,train
30495,1,train
30496,0,test
30497,1,test
30498,1,train
30499,1,train
30500,1,train
30501,1,train
30502,1,train
30503,1,train
30504,0,calib
30505,1,train
30506,0,train
30507,1,test
30508,1,calib
30509,1,train
30510,1,train
30511,1,train
30512,1,train
30513,1,train
30514,1,test
30515,1,calib
30516,1,test
30517,1,test
30518,1,train
30519,0,test
30520,1,train
30521,0,train
30522,0,calib
30523,1,train
30524,1,train
30525,0,calib
30526,1,calib
30527,1,train
30528,1,train
30529,1,test
30530,1,train
30531,1,train
30532,1,calib
30533,1,calib
30534,1,train
30535,1,train
30536,0,train
30537,1,train
30538,1,train
30539,0,train
30540,1,train
30541,1,calib
30542,1,train
30543,1,calib
30544,1,train
30545,0,train
30546,0,train
30547,1,calib
30548,1,train
30549,0,test
30550,1,train
30551,1,test
30552,1,calib
30553,1,test
30554,1,train
30555,1,calib
30556,0,train
30557,1,train
30558,1,test
30559,1,train
30560,0,test
30561,1,calib
30562,1,train
30563,1,train
30564,0,train
30565,1,calib
30566,1,train
30567,1,train
30568,1,train
30569,1,train
30570,1,test
30571,0,train
30572,0,test
30573,1,train
30574,1,train
30575,1,train
30576,1,train
30577,1,train
30578,0,test
30579,1,train
30580,1,train
30581,1,train
30582,1,calib
30583,1,train
30584,1,test
30585,0,calib
30586,1,train
30587,1,train
30588,1,calib
30589,1,train
30590,0,calib
30591,1,test
30592,1,train
30593,1,train
30594,1,train
30595,1,train
30596,0,calib
30597,1,test
30598,1,calib
30599,1,test
30600,1,train
30601,1,train
30602,1,train
30603,1,calib
30604,1,train
30605,1,train
30606,0,test
30607,1,calib
30608,1,train
30609,0,train
30610,0,test
30611,1,train
30612,1,test
30613,1,train
30614,1,test
30615,1,train
30616,1,calib
30617,0,test
30618,1,calib
30619,1,train
30620,0,test
30621,0,calib
30622,1,train
30623,1,calib
30624,1,train
30625,1,train
30626,0,train
30627,1,train
30628,0,train
30629,1,train
30630,0,calib
30631,1,calib
30632,0,train
30633,1,calib
30634,1,train
30635,1,train
30636,1,test
30637,1,train
30638,1,train
30639,0,train
30640,1,train
30641,1,train
30642,1,train
30643,1,calib
30644,1,train
30645,0,train
30646,1,train
30647,1,train
30648,1,test
30649,0,train
30650,1,train
30651,0,train
30652,1,test
30653,1,train
30654,1,train
30655,1,test
30656,1,train
30657,0,calib
30658,1,test
30659,1,test
30660,1,test
30661,0,train
30662,1,calib
30663,1,calib
30664,1,train
30665,0,train
30666,1,calib
30667,0,calib
30668,1,test
30669,0,train
30670,1,train
30671,1,calib
30672,0,train
30673,1,train
30674,1,train
30675,1,train
30676,1,calib
30677,1,train
30678,1,train
30679,1,calib
30680,1,calib
30681,0,train
30682,1,calib
30683,0,calib
30684,0,calib
30685,1,train
30686,1,train
30687,1,train
30688,0,calib
30689,1,calib
30690,0,train
30691,1,train
30692,1,calib
30693,1,train
30694,1,train
30695,0,train
30696,1,train
30697,1,test
30698,1,train
30699,1,test
30700,0,train
30701,0,calib
30702,1,train
30703,1,train
30704,1,calib
30705,1,train
30706,1,train
30707,1,train
30708,1,calib
30709,1,calib
30710,1,train
30711,1,train
30712,1,train
30713,1,train
30714,1,test
30715,1,train
30716,1,test
30717,1,train
30718,1,test
30719,1,test
30720,1,train
30721,1,test
30722,0,train
30723,1,calib
30724,0,train
30725,1,calib
30726,1,train
30727,1,train
30728,1,train
30729,1,train
30730,0,test
30731,1,calib
30732,1,train
30733,1,train
30734,0,train
30735,0,calib
30736,0,train
30737,1,train
30738,1,train
30739,1,train
30740,0,train
30741,1,train
30742,1,train
30743,1,test
30744,1,calib
30745,1,train
30746,1,calib
30747,1,calib
30748,0,test
30749,0,train
30750,1,calib
30751,1,calib
30752,1,test
30753,0,train
30754,1,train
30755,1,test
30756,1,calib
30757,1,test
30758,1,test
30759,0,train
30760,1,train
30761,1,test
30762,1,train
30763,1,train
30764,1,train
30765,1,calib
30766,0,train
30767,1,test
30768,0,train
30769,0,train
30770,1,test
30771,1,train
30772,1,train
30773,0,calib
30774,1,train
30775,1,train
30776,1,train
30777,1,train
30778,0,train
30779,1,train
30780,1,test
30781,1,train
30782,1,train
30783,0,train
30784,1,train
30785,1,test
30786,1,test
30787,0,test
30788,0,train
30789,1,calib
30790,1,calib
30791,1,train
30792,0,calib
30793,1,train
30794,1,calib
30795,1,train
30796,1,train
30797,1,train
30798,1,calib
30799,0,train
30800,1,calib
30801,0,train
30802,0,test
30803,1,train
30804,1,test
30805,0,train
30806,1,test
30807,0,calib
30808,1,test
30809,1,train
30810,1,test
30811,1,calib
30812,1,train
30813,1,test
30814,1,train
30815,0,train
30816,1,test
30817,1,train
30818,1,train
30819,1,train
30820,0,train
30821,1,train
30822,1,calib
30823,1,train
30824,0,train
30825,1,calib
30826,1,calib
30827,1,test
30828,1,test
30829,1,test
30830,1,test
30831,0,calib
30832,1,test
30833,0,calib
30834,1,train
30835,0,train
30836,1,train
30837,1,train
30838,1,calib
30839,0,train
30840,0,train
30841,1,calib
30842,1,test
30843,0,train
30844,1,train
30845,1,calib
30846,1,calib
30847,1,test
30848,1,train
30849,1,test
30850,1,train
30851,1,train
30852,0,test
30853,1,train
30854,1,train
30855,1,train
30856,1,train
30857,1,train
30858,0,calib
30859,1,train
30860,1,test
30861,1,calib
30862,1,calib
30863,1,calib
30864,0,train
30865,1,test
30866,1,train
30867,1,train
30868,1,train
30869,0,test
30870,0,calib
30871,1,test
30872,1,train
30873,0,train
30874,1,train
30875,1,train
30876,1,train
30877,1,train
30878,1,test
30879,1,train
30880,0,train
30881,1,train
30882,1,train
30883,1,train
30884,0,calib
30885,0,train
30886,1,test
30887,1,train
30888,0,test
30889,1,train
30890,0,calib
30891,1,test
30892,1,test
30893,1,train
30894,1,calib
30895,1,calib
30896,1,train
30897,1,train
30898,1,train
30899,1,train
30900,1,calib
30901,0,test
30902,1,test
30903,1,test
30904,1,train
30905,1,train
30906,1,train
30907,1,test
30908,1,test
30909,1,train
30910,0,train
30911,1,train
30912,1,train
30913,0,train
30914,1,train
30915,1,test
30916,1,train
30917,1,calib
30918,0,train
30919,1,train
30920,1,train
30921,0,train
30922,0,calib
30923,1,test
30924,1,test
30925,1,test
30926,1,train
30927,1,calib
30928,0,train
30929,1,train
30930,1,train
30931,1,calib
30932,0,train
30933,1,calib
30934,1,train
30935,1,train
30936,0,test
30937,1,train
30938,1,train
30939,1,train
30940,1,train
30941,0,calib
30942,1,calib
30943,1,test
30944,1,train
30945,0,calib
30946,1,train
30947,1,train
30948,0,train
30949,1,train
30950,0,train
30951,0,train
30952,1,train
30953,1,calib
30954,0,test
30955,1,train
30956,1,train
30957,0,train
30958,1,train
30959,1,train
30960,0,test
30961,0,train
30962,1,train
30963,1,calib
30964,0,train
30965,1,train
30966,1,calib
30967,1,test
30968,1,train
30969,0,train
30970,0,calib
30971,0,train
30972,1,train
30973,0,test
30974,1,train
30975,0,test
30976,1,test
30977,1,train
30978,1,train
30979,0,test
30980,0,train
30981,0,test
30982,0,calib
30983,1,calib
30984,1,test
30985,1,train
30986,1,test
30987,1,test
30988,1,calib
30989,1,train
30990,1,test
30991,1,train
30992,1,train
30993,1,calib
30994,1,train
30995,1,train
30996,1,train
30997,1,train
30998,1,train
30999,0,train
31000,0,test
31001,1,train
31002,1,calib
31003,0,train
31004,1,calib
31005,1,train
31006,0,train
31007,1,train
31008,0,calib
31009,1,calib
31010,1,train
31011,0,train
31012,1,train
31013,0,train
31014,1,train
31015,0,train
31016,0,train
31017,1,train
31018,1,calib
31019,1,test
31020,1,train
31021,1,train
31022,1,test
31023,1,calib
31024,1,train
31025,1,test
31026,1,calib
31027,1,calib
31028,0,train
31029,1,test
31030,1,train
31031,1,test
31032,1,calib
31033,1,test
31034,1,test
31035,1,train
31036,1,train
31037,1,train
31038,1,calib
31039,1,train
31040,1,train
31041,1,test
31042,0,test
31043,1,test
31044,1,train
31045,1,train
31046,1,test
31047,1,train
31048,1,train
31049,1,train
31050,0,train
31051,1,train
31052,1,train
31053,1,test
31054,0,test
31055,1,calib
31056,0,train
31057,1,train
31058,1,train
31059,1,train
31060,0,train
31061,1,train
31062,1,test
31063,1,train
31064,1,train
31065,0,calib
31066,1,train
31067,0,train
31068,1,train
31069,1,calib
31070,0,train
31071,0,train
31072,1,train
31073,1,train
31074,1,test
31075,1,calib
31076,1,train
31077,0,train
31078,1,calib
31079,1,calib
31080,0,test
31081,1,train
31082,0,test
31083,1,train
31084,0,train
31085,1,train
31086,1,train
31087,1,calib
31088,1,test
31089,1,train
31090,1,train
31091,1,calib
31092,1,train
31093,0,train
31094,1,test
31095,0,calib
31096,0,train
31097,0,calib
31098,1,train
31099,1,calib
31100,1,calib
31101,1,train
31102,1,train
31103,1,calib
31104,0,test
31105,1,calib
31106,0,calib
31107,1,train
31108,1,train
31109,1,train
31110,0,calib
31111,0,train
31112,1,calib
31113,1,train
31114,1,train
31115,1,calib
31116,1,train
31117,1,train
31118,1,calib
31119,1,test
31120,1,train
31121,1,train
31122,1,test
31123,1,train
31124,1,calib
31125,0,calib
31126,0,train
31127,1,train
31128,0,train
31129,1,train
31130,0,test
31131,1,test
31132,1,train
31133,1,train
31134,1,train
31135,1,test
31136,0,train
31137,1,train
31138,1,train
31139,0,train
31140,1,test
31141,1,calib
31142,1,test
31143,1,train
31144,1,train
31145,1,train
31146,1,train
31147,1,train
31148,0,train
31149,0,train
31150,1,train
31151,0,train
31152,1,calib
31153,1,train
31154,1,train
31155,1,calib
31156,1,train
31157,1,calib
31158,1,train
31159,0,train
31160,1,train
31161,0,test
31162,0,train
31163,1,train
31164,0,train
31165,1,calib
31166,1,calib
31167,1,train
31168,1,calib
31169,1,test
31170,1,train
31171,0,train
31172,1,train
31173,1,train
31174,1,train
31175,1,train
31176,1,train
31177,1,calib
31178,0,train
31179,1,train
31180,0,test
31181,1,calib
31182,0,train
31183,1,calib
31184,1,calib
31185,0,train
31186,1,train
31187,1,calib
31188,0,train
31189,0,test
31190,1,test
31191,1,train
31192,1,train
31193,1,test
31194,1,train
31195,1,calib
31196,1,train
31197,1,test
31198,0,test
31199,1,calib
31200,0,calib
31201,1,train
31202,1,train
31203,1,test
31204,0,train
31205,1,train
31206,0,train
31207,0,train
31208,1,train
31209,1,calib
31210,1,train
31211,1,train
31212,1,test
31213,1,train
31214,1,train
31215,1,calib
31216,0,test
31217,1,train
31218,1,train
31219,1,train
31220,1,train
31221,1,calib
31222,1,test
31223,1,train
31224,1,calib
31225,1,train
31226,0,train
31227,0,calib
31228,1,calib
31229,0,train
31230,1,train
31231,0,calib
31232,0,train
31233,1,calib
31234,1,train
31235,0,calib
31236,1,train
31237,1,train
31238,1,train
31239,1,train
31240,1,train
31241,1,train
31242,1,train
31243,0,train
31244,0,calib
31245,0,test
31246,1,train
31247,1,train
31248,1,train
31249,1,calib
31250,0,train
31251,1,train
31252,0,calib
31253,1,calib
31254,0,train
31255,1,train
31256,0,train
31257,1,train
31258,1,calib
31259,1,train
31260,1,train
31261,1,train
31262,1,test
31263,1,test
31264,1,calib
31265,1,train
31266,0,train
31267,0,train
31268,1,calib
31269,1,test
31270,1,test
31271,0,test
31272,0,train
31273,1,train
31274,0,train
31275,1,train
31276,1,test
31277,0,train
31278,1,train
31279,1,train
31280,0,train
31281,1,calib
31282,0,train
31283,1,train
31284,1,train
31285,1,train
31286,1,train
31287,1,calib
31288,0,train
31289,1,train
31290,1,test
31291,1,train
31292,1,calib
31293,0,train
31294,1,train
31295,0,train
31296,1,train
31297,1,calib
31298,1,train
31299,1,calib
31300,1,train
31301,0,test
31302,0,test
31303,1,train
31304,1,test
31305,1,train
31306,0,test
31307,1,train
31308,1,calib
31309,1,train
31310,1,train
31311,0,calib
31312,1,train
31313,1,train
31314,1,train
31315,1,train
31316,1,train
31317,1,calib
31318,1,calib
31319,1,train
31320,1,calib
31321,0,train
31322,0,train
31323,1,train
31324,1,train
31325,1,test
31326,1,calib
31327,0,train
31328,1,calib
31329,1,train
31330,1,train
31331,0,train
31332,1,train
31333,0,test
31334,1,calib
31335,0,train
31336,1,train
31337,1,test
31338,0,train
31339,1,train
31340,1,train
31341,1,train
31342,1,train
31343,1,train
31344,1,train
31345,1,train
31346,0,test
31347,1,train
31348,1,train
31349,1,test
31350,1,train
31351,1,train
31352,1,train
31353,1,train
31354,0,train
31355,0,calib
31356,1,train
31357,0,test
31358,1,test
31359,1,train
31360,1,test
31361,0,test
31362,1,calib
31363,1,train
31364,0,calib
31365,0,test
31366,1,train
31367,0,train
31368,0,calib
31369,1,train
31370,0,calib
31371,1,calib
31372,1,train
31373,1,train
31374,1,train
31375,0,test
31376,1,train
31377,1,test
31378,1,calib
31379,1,train
31380,0,calib
31381,1,train
31382,1,test
31383,1,train
31384,1,train
31385,1,test
31386,1,train
31387,0,train
31388,0,test
31389,1,test
31390,0,train
31391,0,train
31392,1,train
31393,1,train
31394,1,train
31395,1,train
31396,1,test
31397,1,test
31398,0,train
31399,1,train
31400,1,train
31401,0,test
31402,1,test
31403,1,train
31404,1,train
31405,0,train
31406,0,calib
31407,1,train
31408,1,train
31409,1,calib
31410,1,train
31411,0,train
31412,0,train
31413,1,train
31414,1,test
31415,1,train
31416,1,test
31417,0,calib
31418,1,train
31419,1,test
31420,0,train
31421,1,train
31422,1,train
31423,1,test
31424,1,train
31425,0,train
31426,1,test
31427,1,train
31428,1,train
31429,1,calib
31430,0,train
31431,0,train
31432,1,train
31433,1,test
31434,0,train
31435,0,train
31436,1,train
31437,1,train
31438,1,test
31439,1,test
31440,1,train
31441,1,train
31442,0,train
31443,1,train
31444,1,train
31445,1,train
31446,1,train
31447,0,train
31448,0,test
31449,0,calib
31450,0,train
31451,0,train
31452,0,train
31453,0,train
31454,0,calib
31455,1,test
31456,0,train
31457,0,test
31458,1,train
31459,1,train
31460,1,train
31461,0,train
31462,1,test
31463,1,train
31464,1,train
31465,1,train
31466,1,test
31467,1,train
31468,0,train
31469,0,train
31470,1,train
31471,1,train
31472,1,test
31473,0,calib
31474,1,train
31475,0,train
31476,1,train
31477,1,train
31478,1,calib
31479,1,train
31480,1,train
31481,0,train
31482,1,train
31483,0,train
31484,1,train
31485,1,test
31486,0,test
31487,1,calib
31488,1,test
31489,0,test
31490,1,test
31491,0,train
31492,1,test
31493,1,calib
31494,1,train
31495,1,train
31496,0,train
31497,1,calib
31498,1,calib
31499,1,calib
31500,1,calib
31501,1,calib
31502,0,train
31503,0,test
31504,1,train
31505,0,test
31506,1,train
31507,0,train
31508,1,train
31509,1,test
31510,0,test
31511,1,test
31512,0,test
31513,0,train
31514,1,calib
31515,0,test
31516,0,train
31517,1,calib
31518,1,train
31519,0,train
31520,1,test
31521,1,train
31522,1,test
31523,0,calib
31524,0,train
31525,1,calib
31526,1,train
31527,1,test
31528,1,train
31529,1,test
31530,1,calib
31531,0,test
31532,1,train
31533,0,test
31534,0,train
31535,1,calib
31536,1,calib
31537,1,calib
31538,1,train
31539,1,train
31540,1,calib
31541,1,calib
31542,0,train
31543,1,train
31544,1,train
31545,1,calib
31546,1,test
31547,1,calib
31548,1,train
31549,1,train
31550,1,train
31551,1,calib
31552,1,train
31553,1,test
31554,1,train
31555,1,train
31556,1,calib
31557,1,calib
31558,1,calib
31559,0,train
31560,1,test
31561,0,train
31562,1,train
31563,1,train
31564,0,test
31565,1,train
31566,1,train
31567,1,calib
31568,1,train
31569,1,train
31570,1,train
31571,1,train
31572,1,test
31573,0,train
31574,1,train
31575,1,test
31576,0,train
31577,1,train
31578,0,train
31579,1,calib
31580,0,test
31581,0,train
31582,1,test
31583,1,train
31584,1,train
31585,1,train
31586,1,train
31587,0,train
31588,0,test
31589,1,calib
31590,1,train
31591,0,train
31592,1,train
31593,1,calib
31594,1,test
31595,1,train
31596,0,train
31597,1,test
31598,1,calib
31599,1,train
31600,1,train
31601,1,calib
31602,1,train
31603,1,train
31604,0,train
31605,1,train
31606,1,train
31607,1,train
31608,0,train
31609,0,train
31610,1,train
31611,1,calib
31612,1,test
31613,0,train
31614,1,train
31615,1,train
31616,1,calib
31617,1,train
31618,0,train
31619,1,train
31620,0,calib
31621,1,train
31622,1,train
31623,0,test
31624,1,calib
31625,1,train
31626,1,test
31627,1,train
31628,0,calib
31629,1,train
31630,1,train
31631,1,train
31632,1,calib
31633,0,train
31634,1,test
31635,1,test
31636,1,train
31637,1,calib
31638,1,train
31639,0,test
31640,1,train
31641,1,train
31642,1,train
31643,1,train
31644,1,train
31645,0,test
31646,0,train
31647,1,train
31648,0,train
31649,1,calib
31650,1,train
31651,1,train
31652,0,train
31653,0,train
31654,0,train
31655,0,train
31656,1,train
31657,1,train
31658,1,train
31659,1,train
31660,1,test
31661,1,train
31662,1,train
31663,1,test
31664,1,test
31665,1,test
31666,1,train
31667,1,train
31668,1,calib
31669,0,train
31670,0,train
31671,0,train
31672,1,calib
31673,0,test
31674,0,train
31675,1,train
31676,1,test
31677,1,train
31678,1,test
31679,1,test
31680,0,train
31681,0,train
31682,1,train
31683,1,test
31684,0,calib
31685,1,test
31686,1,train
31687,1,train
31688,0,train
31689,1,train
31690,0,train
31691,1,calib
31692,1,calib
31693,1,train
31694,1,train
31695,1,train
31696,0,train
31697,0,train
31698,1,test
31699,1,train
31700,1,calib
31701,1,test
31702,1,test
31703,0,train
31704,1,test
31705,1,train
31706,1,test
31707,1,train
31708,1,train
31709,1,calib
31710,1,train
31711,1,train
31712,1,calib
31713,1,calib
31714,0,train
31715,1,train
31716,1,test
31717,1,train
31718,1,train
31719,1,test
31720,1,train
31721,1,train
31722,1,train
31723,1,test
31724,1,test
31725,1,test
31726,1,train
31727,0,train
31728,1,train
31729,0,train
31730,0,train
31731,1,train
31732,1,test
31733,0,train
31734,1,test
31735,1,test
31736,1,train
31737,1,train
31738,1,train
31739,1,train
31740,1,calib
31741,1,test
31742,0,calib
31743,0,calib
31744,0,test
31745,0,calib
31746,1,train
31747,0,train
31748,0,calib
31749,1,test
31750,0,train
31751,1,train
31752,0,train
31753,1,train
31754,1,train
31755,1,train
31756,1,train
31757,1,train
31758,1,train
31759,1,train
31760,1,train
31761,0,test
31762,1,train
31763,0,train
31764,0,test
31765,1,calib
31766,1,test
31767,1,test
31768,1,test
31769,1,train
31770,1,test
31771,1,train
31772,1,train
31773,0,test
31774,1,test
31775,0,test
31776,0,train
31777,1,test
31778,1,train
31779,1,calib
31780,1,train
31781,1,train
31782,1,test
31783,0,train
31784,1,train
31785,1,train
31786,0,test
31787,1,train
31788,0,train
31789,1,calib
31790,1,train
31791,1,calib
31792,1,test
31793,1,train
31794,0,train
31795,0,train
31796,1,train
31797,1,train
31798,1,train
31799,0,train
31800,1,calib
31801,1,test
31802,0,train
31803,1,train
31804,1,train
31805,1,calib
31806,1,train
31807,0,train
31808,1,train
31809,0,train
31810,1,test
31811,1,train
31812,1,train
31813,1,calib
31814,1,test
31815,0,train
31816,0,calib
31817,1,train
31818,1,train
31819,0,train
31820,1,train
31821,1,train
31822,1,test
31823,1,train
31824,1,calib
31825,0,train
31826,0,train
31827,1,train
31828,0,test
31829,1,calib
31830,0,test
31831,0,train
31832,1,calib
31833,1,calib
31834,1,train
31835,1,train
31836,1,train
31837,1,train
31838,1,train
31839,1,test
31840,0,test
31841,1,train
31842,0,train
31843,1,train
31844,1,train
31845,0,test
31846,1,train
31847,1,train
31848,0,calib
31849,1,train
31850,1,calib
31851,0,calib
31852,1,train
31853,1,calib
31854,1,train
31855,1,test
31856,1,train
31857,1,train
31858,1,train
31859,1,test
31860,1,test
31861,1,test
31862,1,train
31863,1,calib
31864,1,train
31865,1,train
31866,1,train
31867,1,train
31868,1,calib
31869,0,test
31870,1,train
31871,1,test
31872,0,calib
31873,1,train
31874,1,calib
31875,1,calib
31876,1,train
31877,1,test
31878,0,train
31879,1,train
31880,1,test
31881,0,calib
31882,1,test
31883,1,train
31884,0,train
31885,1,test
31886,1,test
31887,1,train
31888,1,calib
31889,1,train
31890,1,calib
31891,1,train
31892,1,test
31893,1,calib
31894,0,train
31895,0,test
31896,1,train
31897,1,train
31898,0,test
31899,1,train
31900,1,test
31901,1,train
31902,1,test
31903,0,test
31904,1,train
31905,1,train
31906,0,train
31907,0,train
31908,1,calib
31909,1,train
31910,1,calib
31911,0,train
31912,1,train
31913,1,train
31914,0,train
31915,1,train
31916,1,train
31917,1,test
31918,0,train
31919,1,train
31920,1,train
31921,1,train
31922,1,test
31923,1,train
31924,1,calib
31925,1,train
31926,1,calib
31927,1,train
31928,1,train
31929,1,train
31930,1,calib
31931,1,test
31932,1,calib
31933,1,train
31934,1,calib
31935,1,calib
31936,1,calib
31937,1,train
31938,0,train
31939,0,train
31940,1,train
31941,1,test
31942,1,train
31943,1,train
31944,1,train
31945,1,calib
31946,0,train
31947,1,train
31948,1,train
31949,1,train
31950,0,train
31951,1,test
31952,1,train
31953,0,train
31954,1,train
31955,1,train
31956,1,calib
31957,1,train
31958,0,train
31959,1,train
31960,1,train
31961,1,calib
31962,1,test
31963,1,train
31964,1,calib
31965,1,calib
31966,0,train
31967,0,train
31968,0,train
31969,1,train
31970,1,test
31971,1,train
31972,0,calib
31973,1,train
31974,1,train
31975,1,train
31976,1,train
31977,0,train
31978,0,test
31979,1,train
31980,1,test
31981,1,train
31982,1,train
31983,1,calib
31984,1,train
31985,1,train
31986,0,calib
31987,1,train
31988,1,train
31989,1,train
31990,0,train
31991,1,train
31992,0,calib
31993,1,train
31994,1,train
31995,1,train
31996,0,calib
31997,0,calib
31998,0,train
31999,1,train
32000,1,train
32001,0,train
32002,1,test
32003,1,train
32004,0,test
32005,0,test
32006,1,test
32007,1,train
32008,1,train
32009,1,test
32010,1,test
32011,1,train
32012,0,test
32013,1,train
32014,1,calib
32015,1,train
32016,0,train
32017,1,train
32018,1,train
32019,1,train
32020,1,train
32021,1,train
32022,1,test
32023,1,train
32024,0,train
32025,0,train
32026,1,train
32027,0,test
32028,0,train
32029,0,train
32030,1,train
32031,1,train
32032,1,train
32033,1,calib
32034,1,test
32035,1,train
32036,1,test
32037,1,train
32038,0,test
32039,1,test
32040,1,train
32041,1,train
32042,1,train
32043,1,test
32044,1,train
32045,1,train
32046,0,train
32047,1,train
32048,1,test
32049,0,train
32050,1,calib
32051,1,train
32052,0,test
32053,1,train
32054,1,train
32055,1,test
32056,1,test
32057,1,calib
32058,1,train
32059,1,test
32060,1,train
32061,1,calib
32062,1,test
32063,0,train
32064,1,test
32065,1,train
32066,1,train
32067,0,train
32068,1,test
32069,1,train
32070,1,train
32071,1,train
32072,1,train
32073,1,train
32074,1,train
32075,1,train
32076,0,calib
32077,0,test
32078,1,test
32079,0,train
32080,1,train
32081,0,test
32082,1,calib
32083,1,train
32084,0,train
32085,1,train
32086,1,train
32087,1,test
32088,1,test
32089,1,train
32090,0,calib
32091,1,train
32092,0,train
32093,1,train
32094,1,train
32095,1,train
32096,1,train
32097,1,calib
32098,0,calib
32099,1,train
32100,1,train
32101,1,train
32102,0,train
32103,1,train
32104,1,train
32105,1,train
32106,1,train
32107,1,test
32108,1,train
32109,0,test
32110,1,calib
32111,1,train
32112,1,train
32113,1,test
32114,0,test
32115,0,train
32116,1,train
32117,0,train
32118,1,train
32119,0,train
32120,1,train
32121,1,train
32122,1,calib
32123,0,calib
32124,1,calib
32125,0,test
32126,1,train
32127,1,train
32128,1,train
32129,0,train
32130,0,calib
32131,0,train
32132,1,calib
32133,0,calib
32134,1,calib
32135,0,test
32136,1,train
32137,1,train
32138,0,test
32139,0,test
32140,1,train
32141,1,train
32142,1,test
32143,1,calib
32144,1,calib
32145,1,train
32146,1,train
32147,1,train
32148,1,train
32149,1,calib
32150,1,test
32151,1,train
32152,1,train
32153,1,train
32154,1,train
32155,1,test
32156,0,train
32157,1,calib
32158,1,train
32159,1,calib
32160,1,train
32161,0,test
32162,1,test
32163,1,train
32164,0,train
32165,1,train
32166,1,train
32167,1,train
32168,1,test
32169,1,train
32170,1,test
32171,1,test
32172,1,test
32173,0,train
32174,1,train
32175,1,train
32176,1,train
32177,1,train
32178,1,test
32179,0,train
32180,1,train
32181,0,train
32182,1,train
32183,0,calib
32184,1,train
32185,0,calib
32186,1,train
32187,1,train
32188,1,train
32189,1,calib
32190,1,calib
32191,1,train
32192,1,test
32193,1,train
32194,1,train
32195,0,train
32196,1,train
32197,1,train
32198,0,train
32199,0,train
32200,1,train
32201,1,train
32202,1,test
32203,0,train
32204,1,test
32205,1,test
32206,1,train
32207,1,train
32208,1,train
32209,1,calib
32210,1,calib
32211,1,train
32212,1,train
32213,1,train
32214,0,calib
32215,1,test
32216,0,test
32217,1,test
32218,1,test
32219,1,train
32220,1,calib
32221,0,train
32222,0,train
32223,1,test
32224,1,train
32225,1,test
32226,1,train
32227,1,calib
32228,0,train
32229,1,calib
32230,0,train
32231,1,train
32232,1,train
32233,1,calib
32234,0,calib
32235,1,calib
32236,0,test
32237,1,test
32238,0,train
32239,1,calib
32240,1,train
32241,1,train
32242,1,train
32243,1,train
32244,1,train
32245,0,train
32246,0,calib
32247,0,train
32248,1,train
32249,0,train
32250,0,train
32251,1,calib
32252,1,test
32253,1,train
32254,0,train
32255,1,train
32256,0,calib
32257,1,train
32258,0,train
32259,1,test
32260,0,test
32261,1,train
32262,1,train
32263,1,train
32264,1,train
32265,0,calib
32266,0,test
32267,0,test
32268,1,test
32269,1,train
32270,1,train
32271,0,train
32272,0,train
32273,1,train
32274,1,calib
32275,1,train
32276,1,train
32277,1,test
32278,1,train
32279,1,train
32280,1,train
32281,1,calib
32282,1,train
32283,1,train
32284,1,train
32285,1,train
32286,1,test
32287,0,train
32288,1,calib
32289,1,train
32290,1,train
32291,1,train
32292,0,train
32293,1,train
32294,1,train
32295,0,train
32296,1,test
32297,0,train
32298,1,train
32299,1,train
32300,1,train
32301,1,train
32302,0,calib
32303,1,train
32304,1,train
32305,0,train
32306,1,calib
32307,0,train
32308,0,train
32309,1,train
32310,1,calib
32311,0,train
32312,1,test
32313,1,train
32314,1,train
32315,1,calib
32316,1,train
32317,1,train
32318,0,calib
32319,1,calib
32320,1,train
32321,1,train
32322,1,test
32323,1,train
32324,1,train
32325,1,train
32326,0,train
32327,1,train
32328,1,train
32329,1,calib
32330,1,train
32331,1,train
32332,1,train
32333,0,calib
32334,1,train
32335,1,train
32336,1,train
32337,1,test
32338,1,test
32339,1,train
32340,1,train
32341,0,calib
32342,1,calib
32343,1,train
32344,1,test
32345,1,test
32346,1,test
32347,0,calib
32348,1,test
32349,1,train
32350,1,test
32351,1,train
32352,1,calib
32353,1,train
32354,1,calib
32355,1,train
32356,1,train
32357,1,test
32358,0,train
32359,1,train
32360,1,test
32361,1,train
32362,1,train
32363,1,test
32364,1,calib
32365,0,train
32366,1,train
32367,1,test
32368,1,train
32369,1,test
32370,0,calib
32371,0,train
32372,0,test
32373,1,train
32374,1,calib
32375,0,train
32376,1,train
32377,1,test
32378,1,test
32379,1,test
32380,1,train
32381,1,train
32382,1,test
32383,1,train
32384,1,train
32385,1,test
32386,0,test
32387,1,test
32388,1,test
32389,0,train
32390,1,calib
32391,1,train
32392,1,test
32393,1,train
32394,1,train
32395,1,train
32396,1,calib
32397,1,train
32398,1,train
32399,0,test
32400,0,train
32401,1,train
32402,0,train
32403,1,test
32404,1,calib
32405,1,calib
32406,1,train
32407,1,calib
32408,1,test
32409,1,train
32410,1,test
32411,1,calib
32412,1,train
32413,1,train
32414,1,train
32415,0,train
32416,0,calib
32417,1,train
32418,1,calib
32419,0,train
32420,1,calib
32421,1,train
32422,1,train
32423,1,test
32424,1,train
32425,1,train
32426,1,train
32427,1,train
32428,1,train
32429,0,train
32430,1,train
32431,1,calib
32432,1,train
32433,1,calib
32434,1,train
32435,1,train
32436,0,train
32437,1,test
32438,0,train
32439,1,test
32440,0,train
32441,0,calib
32442,1,test
32443,1,train
32444,1,train
32445,1,train
32446,1,calib
32447,1,calib
32448,1,calib
32449,0,train
32450,1,train
32451,1,train
32452,1,train
32453,0,calib
32454,1,train
32455,0,train
32456,1,test
32457,0,train
32458,0,train
32459,1,calib
32460,1,train
32461,1,test
32462,0,train
32463,1,train
32464,0,train
32465,1,train
32466,0,train
32467,1,test
32468,1,train
32469,1,test
32470,1,train
32471,1,test
32472,1,train
32473,1,train
32474,0,train
32475,1,train
32476,1,train
32477,1,test
32478,1,train
32479,1,train
32480,0,train
32481,1,train
32482,1,calib
32483,1,train
32484,1,test
32485,1,train
32486,1,test
32487,1,calib
32488,1,train
32489,1,train
32490,1,train
32491,1,train
32492,1,train
32493,1,train
32494,1,train
32495,1,train
32496,1,train
32497,1,train
32498,1,test
32499,1,train
32500,1,calib
32501,1,train
32502,1,test
32503,1,test
32504,0,train
32505,1,test
32506,0,train
32507,1,calib
32508,1,train
32509,1,calib
32510,0,train
32511,1,train
32512,1,train
32513,0,train
32514,1,calib
32515,1,calib
32516,1,train
32517,1,test
32518,0,train
32519,0,train
32520,1,train
32521,1,calib
32522,1,train
32523,1,train
32524,1,train
32525,1,train
32526,1,train
32527,1,calib
32528,1,train
32529,1,train
32530,0,train
32531,1,calib
32532,0,calib
32533,0,train
32534,1,train
32535,1,calib
32536,0,train
32537,1,calib
32538,0,calib
32539,0,train
32540,1,train
32541,1,train
32542,1,train
32543,1,calib
32544,1,test
32545,0,test
32546,1,train
32547,1,test
32548,1,calib
32549,1,test
32550,1,train
32551,1,train
32552,1,train
32553,1,calib
32554,0,train
32555,1,calib
32556,1,test
32557,0,train
32558,1,test
32559,1,calib
32560,0,calib
32561,1,train
32562,1,train
32563,0,train
32564,0,calib
32565,1,train
32566,1,train
32567,1,train
32568,0,train
32569,1,calib
32570,1,calib
32571,0,calib
32572,1,calib
32573,1,train
32574,1,train
32575,0,train
32576,0,calib
32577,1,train
32578,1,train
32579,1,calib
32580,0,test
32581,0,train
32582,1,train
32583,1,train
32584,1,calib
32585,1,test
32586,0,train
32587,1,train
32588,1,train
32589,1,test
32590,1,train
32591,0,test
32592,1,test
32593,1,test
32594,1,test
32595,1,train
32596,1,train
32597,0,train
32598,1,test
32599,1,test
32600,1,train
32601,0,train
32602,0,calib
32603,1,train
32604,1,train
32605,1,train
32606,0,calib
32607,1,train
32608,1,test
32609,1,train
32610,1,train
32611,1,train
32612,1,train
32613,1,train
32614,0,train
32615,1,train
32616,1,train
32617,1,train
32618,0,train
32619,0,train
32620,1,test
32621,1,train
32622,1,train
32623,1,train
32624,1,calib
32625,1,test
32626,1,test
32627,0,train
32628,1,train
32629,1,test
32630,1,train
32631,0,test
32632,1,train
32633,1,calib
32634,1,train
32635,1,calib
32636,1,train
32637,1,calib
32638,1,train
32639,1,train
32640,1,calib
32641,1,train
32642,1,train
32643,1,test
32644,0,train
32645,1,calib
32646,1,calib
32647,1,test
32648,0,train
32649,1,calib
32650,0,test
32651,1,test
32652,1,calib
32653,0,train
32654,1,train
32655,1,calib
32656,1,train
32657,1,train
32658,1,calib
32659,0,train
32660,1,train
32661,1,train
32662,1,train
32663,1,train
32664,1,calib
32665,1,test
32666,1,train
32667,1,train
32668,1,calib
32669,1,calib
32670,1,calib
32671,1,test
32672,1,train
32673,0,train
32674,1,train
32675,1,calib
32676,1,train
32677,1,train
32678,1,calib
32679,1,train
32680,0,calib
32681,1,train
32682,1,train
32683,1,test
32684,1,calib
32685,1,calib
32686,1,train
32687,0,test
32688,1,test
32689,0,train
32690,0,test
32691,1,calib
32692,1,train
32693,1,train
32694,0,train
32695,1,train
32696,1,train
32697,0,test
32698,1,calib
32699,1,train
32700,1,calib
32701,1,train
32702,1,calib
32703,0,train
32704,0,train
32705,1,train
32706,1,test
32707,1,train
32708,0,train
32709,0,train
32710,1,train
32711,1,train
32712,1,train
32713,1,train
32714,1,train
32715,0,calib
32716,1,train
32717,1,test
32718,1,train
32719,1,test
32720,1,test
32721,1,train
32722,1,train
32723,1,calib
32724,1,train
32725,0,calib
32726,0,test
32727,0,train
32728,1,train
32729,1,train
32730,1,calib
32731,0,calib
32732,1,test
32733,1,train
32734,1,test
32735,1,train
32736,0,calib
32737,1,test
32738,1,train
32739,0,test
32740,0,train
32741,1,calib
32742,0,test
32743,0,train
32744,1,train
32745,1,test
32746,1,train
32747,1,calib
32748,1,train
32749,1,train
32750,1,train
32751,0,calib
32752,0,calib
32753,1,test
32754,1,train
32755,1,calib
32756,1,train
32757,1,test
32758,0,calib
32759,1,test
32760,0,calib
32761,0,train
32762,1,test
32763,1,calib
32764,1,test
32765,0,train
32766,1,calib
32767,1,train
32768,1,calib
32769,0,calib
32770,0,train
32771,1,test
32772,1,test
32773,1,train
32774,1,test
32775,1,train
32776,1,train
32777,1,calib
32778,1,train
32779,1,test
32780,1,calib
32781,1,calib
32782,1,test
32783,1,calib
32784,0,train
32785,0,test
32786,1,train
32787,0,train
32788,1,calib
32789,1,calib
32790,1,test
32791,1,calib
32792,1,train
32793,1,train
32794,0,train
32795,1,calib
32796,1,train
32797,1,train
32798,1,calib
32799,1,train
32800,1,calib
32801,1,train
32802,1,calib
32803,1,train
32804,1,calib
32805,1,train
32806,1,test
32807,1,train
32808,1,train
32809,0,calib
32810,1,train
32811,1,train
32812,1,train
32813,0,calib
32814,1,calib
32815,1,train
32816,1,train
32817,1,calib
32818,1,test
32819,1,train
32820,1,train
32821,1,train
32822,1,train
32823,1,calib
32824,1,train
32825,1,test
32826,0,train
32827,1,train
32828,1,train
32829,1,train
32830,1,test
32831,1,train
32832,0,train
32833,0,calib
32834,1,train
32835,0,train
32836,1,train
32837,1,train
32838,1,calib
32839,0,train
32840,1,train
32841,0,test
32842,0,train
32843,1,calib
32844,1,train
32845,1,test
32846,1,train
32847,1,calib
32848,0,calib
32849,1,test
32850,1,calib
32851,0,calib
32852,1,train
32853,1,train
32854,1,calib
32855,1,train
32856,1,train
32857,0,train
32858,1,train
32859,0,calib
32860,1,train
32861,0,train
32862,1,train
32863,1,train
32864,1,train
32865,1,train
32866,1,calib
32867,1,test
32868,1,calib
32869,0,calib
32870,1,train
32871,0,train
32872,1,test
32873,1,train
32874,0,calib
32875,1,train
32876,0,train
32877,1,calib
32878,1,train
32879,0,calib
32880,0,train
32881,1,train
32882,1,train
32883,1,train
32884,1,calib
32885,1,test
32886,1,train
32887,1,train
32888,1,train
32889,0,train
32890,0,train
32891,1,train
32892,1,train
32893,0,calib
32894,1,train
32895,0,calib
32896,1,train
32897,1,train
32898,1,train
32899,1,train
32900,1,train
32901,0,calib
32902,1,train
32903,1,train
32904,0,test
32905,0,train
32906,0,train
32907,0,test
32908,0,calib
32909,1,train
32910,1,test
32911,1,calib
32912,1,train
32913,1,train
32914,0,train
32915,0,train
32916,0,train
32917,1,calib
32918,0,train
32919,1,train
32920,1,train
32921,1,train
32922,1,test
32923,1,train
32924,1,train
32925,0,train
32926,0,calib
32927,1,test
32928,0,train
32929,1,train
32930,1,calib
32931,1,train
32932,1,test
32933,1,calib
32934,1,train
32935,1,train
32936,0,calib
32937,1,test
32938,1,test
32939,1,train
32940,1,test
32941,0,train
32942,1,train
32943,0,train
32944,1,train
32945,0,train
32946,1,train
32947,1,train
32948,1,train
32949,1,train
32950,0,calib
32951,0,train
32952,1,test
32953,1,train
32954,1,train
32955,1,train
32956,1,train
32957,0,test
32958,1,train
32959,1,test
32960,1,train
32961,1,calib
32962,1,train
32963,1,test
32964,1,train
32965,1,train
32966,1,train
32967,1,train
32968,1,test
32969,1,test
32970,0,train
32971,1,train
32972,0,train
32973,1,test
32974,1,train
32975,1,train
32976,0,train
32977,1,train
32978,1,train
32979,0,train
32980,1,test
32981,1,calib
32982,1,calib
32983,1,train
32984,1,train
32985,1,train
32986,0,test
32987,1,train
32988,1,train
32989,1,train
32990,1,train
32991,1,train
32992,1,train
32993,0,train
32994,1,train
32995,1,test
32996,1,test
32997,0,train
32998,1,calib
32999,1,train
33000,0,train
33001,1,calib
33002,1,train
33003,1,train
33004,1,test
33005,1,train
33006,0,test
33007,1,test
33008,1,test
33009,1,train
33010,1,train
33011,1,calib
33012,1,test
33013,0,calib
33014,1,calib
33015,1,calib
33016,1,train
33017,1,calib
33018,0,calib
33019,1,train
33020,1,test
33021,1,train
33022,1,train
33023,1,test
33024,1,train
33025,1,train
33026,1,test
33027,0,calib
33028,1,train
33029,1,calib
33030,1,test
33031,1,train
33032,1,test
33033,1,test
33034,0,calib
33035,1,calib
33036,1,calib
33037,1,train
33038,1,train
33039,1,train
33040,1,train
33041,1,train
33042,1,train
33043,1,train
33044,0,train
33045,1,train
33046,1,train
33047,1,train
33048,1,calib
33049,1,test
33050,1,train
33051,1,train
33052,1,calib
33053,1,calib
33054,1,train
33055,1,train
33056,1,train
33057,1,train
33058,1,test
33059,1,train
33060,1,calib
33061,0,train
33062,1,train
33063,1,train
33064,1,train
33065,1,calib
33066,0,test
33067,1,calib
33068,0,train
33069,1,test
33070,0,calib
33071,1,test
33072,1,train
33073,1,calib
33074,1,train
33075,1,train
33076,1,calib
33077,1,train
33078,1,train
33079,1,train
33080,1,test
33081,1,train
33082,0,train
33083,1,train
33084,1,train
33085,1,calib
33086,1,train
33087,1,train
33088,1,calib
33089,1,calib
33090,0,train
33091,1,train
33092,1,train
33093,1,train
33094,1,train
33095,1,test
33096,1,train
33097,1,calib
33098,0,train
33099,0,train
33100,1,train
33101,1,test
33102,0,calib
33103,0,train
33104,1,test
33105,0,calib
33106,1,train
33107,1,train
33108,1,test
33109,1,train
33110,0,train
33111,1,train
33112,1,train
33113,1,train
33114,0,train
33115,1,calib
33116,0,train
33117,1,calib
33118,0,calib
33119,1,train
33120,1,test
33121,1,calib
33122,1,train
33123,0,test
33124,1,train
33125,1,train
33126,1,test
33127,0,train
33128,1,calib
33129,1,test
33130,1,train
33131,1,train
33132,1,test
33133,1,train
33134,1,train
33135,0,calib
33136,0,train
33137,1,test
33138,1,calib
33139,0,test
33140,0,test
33141,0,train
33142,0,calib
33143,0,train
33144,1,train
33145,0,train
33146,1,test
33147,1,train
33148,1,calib
33149,1,train
33150,1,test
33151,1,calib
33152,0,test
33153,1,train
33154,1,calib
33155,0,test
33156,1,train
33157,1,train
33158,1,calib
33159,1,train
33160,1,train
33161,0,calib
33162,1,calib
33163,1,test
33164,1,test
33165,1,train
33166,1,train
33167,1,test
33168,1,train
33169,1,train
33170,1,train
33171,1,train
33172,0,test
33173,1,calib
33174,1,test
33175,1,test
33176,1,calib
33177,1,train
33178,1,test
33179,1,calib
33180,0,train
33181,1,train
33182,1,train
33183,1,calib
33184,1,train
33185,1,train
33186,0,train
33187,1,train
33188,0,calib
33189,1,test
33190,1,train
33191,1,train
33192,1,train
33193,1,test
33194,1,train
33195,1,train
33196,0,train
33197,1,train
33198,1,train
33199,0,calib
33200,1,calib
33201,1,calib
33202,1,test
33203,0,test
33204,0,train
33205,1,train
33206,1,calib
33207,1,train
33208,1,test
33209,1,train
33210,1,calib
33211,1,train
33212,1,train
33213,0,train
33214,1,train
33215,0,train
33216,1,test
33217,0,train
33218,1,train
33219,1,train
33220,1,train
33221,0,test
33222,1,test
33223,1,calib
33224,1,calib
33225,1,train
33226,0,train
33227,1,train
33228,1,test
33229,1,train
33230,1,calib
33231,1,test
33232,1,train
33233,1,train
33234,0,train
33235,1,train
33236,1,train
33237,1,train
33238,1,train
33239,1,calib
33240,0,train
33241,1,calib
33242,1,train
33243,1,test
33244,1,train
33245,1,train
33246,1,test
33247,0,train
33248,1,test
33249,1,train
33250,1,train
33251,0,train
33252,1,calib
33253,0,train
33254,1,calib
33255,1,train
33256,1,train
33257,1,calib
33258,1,calib
33259,0,test
33260,0,train
33261,1,train
33262,1,train
33263,0,train
33264,1,train
33265,1,train
33266,1,train
33267,1,train
33268,1,train
33269,0,test
33270,1,train
33271,1,calib
33272,0,train
33273,0,train
33274,1,train
33275,0,train
33276,1,train
33277,0,test
33278,1,calib
33279,0,train
33280,0,train
33281,1,train
33282,1,test
33283,1,train
33284,1,test
33285,1,train
33286,1,train
33287,0,train
33288,1,train
33289,1,train
33290,1,train
33291,1,train
33292,1,test
33293,0,train
33294,1,test
33295,1,train
33296,1,train
33297,0,train
33298,0,train
33299,1,calib
33300,1,test
33301,1,train
33302,1,calib
33303,1,train
33304,1,train
33305,1,train
33306,1,calib
33307,1,train
33308,0,test
33309,0,train
33310,1,test
33311,0,calib
33312,1,test
33313,1,calib
33314,1,train
33315,0,calib
33316,0,train
33317,1,train
33318,1,train
33319,1,train
33320,1,test
33321,1,train
33322,0,train
33323,0,test
33324,1,test
33325,1,test
33326,1,test
33327,1,calib
33328,1,train
33329,1,train
33330,0,train
33331,1,train
33332,1,train
33333,1,train
33334,1,train
33335,1,calib
33336,1,calib
33337,0,train
33338,1,train
33339,1,train
33340,1,calib
33341,1,test
33342,0,train
33343,1,train
33344,1,train
33345,1,train
33346,0,calib
33347,1,calib
33348,0,test
33349,0,train
33350,1,train
33351,1,calib
33352,1,train
33353,1,calib
33354,1,train
33355,1,train
33356,0,train
33357,1,train
33358,1,train
33359,1,calib
33360,0,train
33361,1,train
33362,1,test
33363,0,train
33364,1,calib
33365,1,train
33366,1,calib
33367,1,train
33368,0,train
33369,1,train
33370,0,train
33371,1,train
33372,1,train
33373,1,test
33374,0,calib
33375,1,train
33376,0,train
33377,1,train
33378,1,calib
33379,1,calib
33380,1,train
33381,1,train
33382,1,train
33383,1,train
33384,1,calib
33385,1,calib
33386,1,train
33387,1,test
33388,1,train
33389,0,train
33390,0,train
33391,1,calib
33392,1,calib
33393,1,train
33394,0,test
33395,1,train
33396,1,train
33397,1,train
33398,1,train
33399,1,train
33400,1,train
33401,1,train
33402,1,test
33403,1,train
33404,0,train
33405,1,train
33406,1,train
33407,0,train
33408,1,calib
33409,1,train
33410,1,calib
33411,1,test
33412,0,train
33413,1,test
33414,1,train
33415,1,calib
33416,1,train
33417,0,train
33418,1,test
33419,0,train
33420,1,calib
33421,1,calib
33422,1,calib
33423,1,train
33424,1,train
33425,1,train
33426,1,train
33427,1,train
33428,1,train
33429,1,calib
33430,1,train
33431,1,train
33432,1,train
33433,0,train
33434,1,calib
33435,1,train
33436,0,calib
33437,1,train
33438,1,test
33439,0,train
33440,0,calib
33441,1,calib
33442,1,train
33443,0,train
33444,1,train
33445,0,train
33446,1,calib
33447,1,train
33448,0,test
33449,1,calib
33450,1,test
33451,0,test
33452,1,train
33453,1,test
33454,1,train
33455,0,train
33456,1,train
33457,1,train
33458,0,test
33459,1,calib
33460,0,test
33461,0,calib
33462,0,calib
33463,1,train
33464,1,train
33465,1,test
33466,1,train
33467,0,test
33468,1,train
33469,0,train
33470,1,train
33471,1,test
33472,1,train
33473,1,calib
33474,1,train
33475,0,test
33476,1,calib
33477,1,test
33478,0,train
33479,0,calib
33480,1,train
33481,1,test
33482,0,train
33483,1,calib
33484,1,test
33485,1,train
33486,1,train
33487,1,calib
33488,1,train
33489,1,train
33490,1,train
33491,1,train
33492,1,train
33493,1,train
33494,1,calib
33495,1,train
33496,1,calib
33497,1,train
33498,0,test
33499,1,test
33500,1,train
33501,1,test
33502,0,test
33503,1,test
33504,1,test
33505,1,train
33506,0,train
33507,1,train
33508,1,test
33509,1,train
33510,1,calib
33511,1,train
33512,1,calib
33513,1,train
33514,1,calib
33515,1,calib
33516,1,calib
33517,1,calib
33518,0,train
33519,0,train
33520,1,train
33521,1,test
33522,1,train
33523,1,train
33524,1,calib
33525,0,train
33526,1,test
33527,1,test
33528,0,train
33529,1,train
33530,1,train
33531,1,train
33532,0,train
33533,1,train
33534,1,train
33535,1,train
33536,0,train
33537,1,train
33538,0,calib
33539,0,train
33540,0,calib
33541,0,calib
33542,1,test
33543,1,train
33544,0,calib
33545,0,train
33546,1,train
33547,0,calib
33548,1,test
33549,1,train
33550,1,calib
33551,1,train
33552,1,train
33553,0,train
33554,1,test
33555,0,train
33556,1,train
33557,1,train
33558,1,train
33559,1,train
33560,1,test
33561,1,test
33562,0,calib
33563,1,calib
33564,1,train
33565,1,test
33566,0,train
33567,1,test
33568,1,calib
33569,0,train
33570,1,train
33571,1,train
33572,1,test
33573,0,calib
33574,1,train
33575,1,train
33576,0,train
33577,1,train
33578,1,calib
33579,1,train
33580,1,test
33581,1,test
33582,1,calib
33583,1,calib
33584,1,test
33585,1,train
33586,0,test
33587,1,train
33588,1,calib
33589,1,train
33590,1,calib
33591,1,test
33592,0,train
33593,1,train
33594,1,test
33595,1,test
33596,1,train
33597,0,train
33598,1,train
33599,1,train
33600,1,train
33601,0,test
33602,0,train
33603,1,test
33604,1,train
33605,1,calib
33606,0,train
33607,1,train
33608,1,train
33609,1,train
33610,1,calib
33611,0,calib
33612,0,train
33613,0,test
33614,1,calib
33615,1,train
33616,0,test
33617,1,calib
33618,0,train
33619,1,train
33620,1,train
33621,1,train
33622,1,train
33623,1,train
33624,1,test
33625,1,train
33626,1,test
33627,1,test
33628,0,train
33629,1,test
33630,0,train
33631,1,calib
33632,1,test
33633,1,train
33634,1,train
33635,0,train
33636,0,train
33637,1,train
33638,1,train
33639,0,train
33640,1,train
33641,1,calib
33642,1,test
33643,0,train
33644,1,train
33645,1,train
33646,1,calib
33647,0,train
33648,1,train
33649,1,calib
33650,0,train
33651,0,calib
33652,1,train
33653,1,train
33654,1,train
33655,1,train
33656,1,train
33657,1,calib
33658,0,test
33659,1,calib
33660,1,train
33661,1,train
33662,1,train
33663,0,calib
33664,1,train
33665,1,train
33666,0,test
33667,1,train
33668,1,train
33669,1,calib
33670,1,test
33671,0,train
33672,0,train
33673,0,train
33674,0,train
33675,1,train
33676,1,calib
33677,1,calib
33678,1,train
33679,0,train
33680,0,test
33681,1,train
33682,1,train
33683,0,train
33684,1,train
33685,1,test
33686,0,test
33687,1,test
33688,0,calib
33689,1,calib
33690,1,calib
33691,1,train
33692,0,train
33693,0,train
33694,1,train
33695,1,calib
33696,1,train
33697,1,calib
33698,1,calib
33699,1,train
33700,1,train
33701,0,train
33702,0,calib
33703,1,test
33704,1,calib
33705,1,train
33706,1,calib
33707,1,train
33708,1,train
33709,1,test
33710,1,train
33711,1,test
33712,0,calib
33713,1,train
33714,0,train
33715,0,train
33716,1,train
33717,1,test
33718,0,calib
33719,1,calib
33720,1,train
33721,1,calib
33722,1,test
33723,1,train
33724,1,test
33725,1,train
33726,1,train
33727,1,train
33728,1,train
33729,1,train
33730,0,train
33731,0,test
33732,1,test
33733,1,train
33734,1,train
33735,1,train
33736,1,train
33737,1,train
33738,1,train
33739,1,train
33740,1,train
33741,1,train
33742,0,train
33743,0,train
33744,1,test
33745,0,train
33746,1,test
33747,1,train
33748,0,test
33749,1,train
33750,1,calib
33751,0,train
33752,1,test
33753,1,test
33754,1,test
33755,1,train
33756,1,calib
33757,1,train
33758,1,test
33759,1,calib
33760,0,calib
33761,1,calib
33762,1,train
33763,0,train
33764,1,train
33765,0,train
33766,1,test
33767,0,calib
33768,1,test
33769,1,train
33770,1,train
33771,1,train
33772,0,train
33773,1,calib
33774,1,test
33775,0,train
33776,1,calib
33777,1,train
33778,1,test
33779,0,train
33780,1,train
33781,1,test
33782,0,test
33783,0,train
33784,1,train
33785,1,train
33786,1,train
33787,0,calib
33788,0,train
33789,1,calib
33790,0,train
33791,1,train
33792,1,calib
33793,1,calib
33794,1,train
33795,1,test
33796,1,test
33797,0,train
33798,0,calib
33799,0,train
33800,1,train
33801,0,test
33802,0,train
33803,1,train
33804,1,train
33805,1,train
33806,1,train
33807,1,test
33808,1,train
33809,1,train
33810,0,test
33811,1,train
33812,1,train
33813,1,train
33814,1,calib
33815,0,train
33816,1,train
33817,1,test
33818,1,train
33819,1,train
33820,1,train
33821,1,train
33822,0,train
33823,1,test
33824,0,test
33825,1,train
33826,1,train
33827,0,calib
33828,1,test
33829,0,train
33830,1,calib
33831,0,train
33832,1,train
33833,1,train
33834,0,train
33835,1,train
33836,1,calib
33837,1,test
33838,0,train
33839,1,train
33840,1,train
33841,1,train
33842,0,train
33843,1,test
33844,1,train
33845,1,train
33846,1,test
33847,1,train
33848,1,train
33849,1,calib
33850,0,test
33851,0,train
33852,1,train
33853,1,train
33854,1,train
33855,0,train
33856,1,test
33857,0,train
33858,1,test
33859,1,train
33860,1,train
33861,1,train
33862,1,calib
33863,1,train
33864,1,train
33865,1,train
33866,1,train
33867,1,calib
33868,1,train
33869,1,test
33870,1,test
33871,1,train
33872,1,test
33873,1,calib
33874,1,train
33875,0,test
33876,1,calib
33877,1,calib
33878,1,train
33879,1,test
33880,1,train
33881,0,train
33882,1,train
33883,1,calib
33884,0,train
33885,1,test
33886,1,train
33887,0,train
33888,1,calib
33889,1,calib
33890,1,train
33891,0,test
33892,0,train
33893,1,train
33894,1,calib
33895,1,train
33896,1,calib
33897,0,train
33898,1,test
33899,1,calib
33900,1,train
33901,0,train
33902,1,train
33903,1,calib
33904,0,train
33905,1,test
33906,0,test
33907,0,calib
33908,1,train
33909,1,train
33910,1,train
33911,1,train
33912,1,test
33913,1,train
33914,1,train
33915,0,calib
33916,1,train
33917,1,train
33918,1,train
33919,1,test
33920,0,test
33921,0,calib
33922,1,train
33923,1,train
33924,0,train
33925,0,train
33926,1,train
33927,0,test
33928,0,train
33929,1,calib
33930,1,test
33931,1,test
33932,1,calib
33933,1,train
33934,1,train
33935,1,test
33936,1,calib
33937,0,test
33938,1,train
33939,0,train
33940,0,test
33941,0,test
33942,1,test
33943,1,train
33944,1,train
33945,0,train
33946,1,train
33947,1,train
33948,0,calib
33949,1,train
33950,0,calib
33951,1,train
33952,1,train
33953,1,train
33954,1,train
33955,1,test
33956,1,train
33957,1,test
33958,1,train
33959,1,test
33960,0,train
33961,0,train
33962,1,train
33963,0,train
33964,1,train
33965,1,calib
33966,1,test
33967,1,train
33968,1,calib
33969,1,calib
33970,0,calib
33971,1,calib
33972,1,train
33973,0,train
33974,0,test
33975,1,train
33976,1,train
33977,1,train
33978,1,train
33979,1,calib
33980,1,train
33981,1,test
33982,1,train
33983,1,test
33984,1,train
33985,1,calib
33986,0,train
33987,1,train
33988,1,test
33989,0,train
33990,0,train
33991,1,train
33992,1,train
33993,1,train
33994,1,train
33995,1,train
33996,1,train
33997,1,train
33998,0,calib
33999,1,train
34000,1,train
34001,1,train
34002,1,train
34003,0,train
34004,0,train
34005,1,train
34006,1,train
34007,1,calib
34008,0,train
34009,0,train
34010,0,train
34011,0,train
34012,1,train
34013,1,test
34014,1,train
34015,1,train
34016,1,train
34017,0,test
34018,1,train
34019,1,calib
34020,0,test
34021,0,calib
34022,1,train
34023,1,train
34024,1,train
34025,0,train
34026,1,train
34027,1,calib
34028,1,test
34029,1,calib
34030,1,calib
34031,1,train
34032,1,train
34033,1,calib
34034,1,train
34035,1,train
34036,1,train
34037,1,test
34038,0,train
34039,0,train
34040,1,calib
34041,1,train
34042,1,train
34043,1,train
34044,0,train
34045,1,train
34046,1,calib
34047,0,train
34048,1,calib
34049,0,train
34050,1,train
34051,1,train
34052,1,calib
34053,1,test
34054,1,train
34055,1,calib
34056,1,train
34057,0,train
34058,0,train
34059,1,calib
34060,0,calib
34061,1,train
34062,1,calib
34063,1,train
34064,1,calib
34065,0,train
34066,1,test
34067,0,calib
34068,1,train
34069,0,test
34070,1,calib
34071,1,calib
34072,1,train
34073,1,calib
34074,0,train
34075,1,train
34076,1,train
34077,1,test
34078,1,train
34079,1,train
34080,1,test
34081,1,test
34082,1,train
34083,1,train
34084,1,train
34085,1,train
34086,1,train
34087,0,calib
34088,1,train
34089,1,train
34090,1,train
34091,1,train
34092,1,train
34093,1,train
34094,1,train
34095,1,calib
34096,1,train
34097,0,calib
34098,1,train
34099,0,train
34100,1,train
34101,1,train
34102,1,train
34103,1,test
34104,1,train
34105,1,calib
34106,1,test
34107,1,train
34108,1,test
34109,1,calib
34110,1,train
34111,1,train
34112,1,train
34113,1,train
34114,1,test
34115,1,test
34116,1,train
34117,0,train
34118,0,train
34119,0,train
34120,1,train
34121,0,train
34122,1,train
34123,1,train
34124,0,train
34125,1,test
34126,0,test
34127,0,train
34128,1,test
34129,1,train
34130,1,train
34131,1,test
34132,1,calib
34133,1,train
34134,1,train
34135,1,train
34136,1,train
34137,0,train
34138,1,train
34139,1,train
34140,1,train
34141,1,train
34142,1,train
34143,1,calib
34144,1,train
34145,1,test
34146,1,train
34147,1,train
34148,1,test
34149,1,train
34150,1,test
34151,0,train
34152,1,train
34153,0,train
34154,1,test
34155,1,calib
34156,1,calib
34157,1,train
34158,1,calib
34159,1,train
34160,1,calib
34161,0,test
34162,1,train
34163,1,train
34164,1,train
34165,1,calib
34166,1,train
34167,1,train
34168,1,calib
34169,1,train
34170,1,calib
34171,1,train
34172,1,train
34173,1,test
34174,0,test
34175,1,train
34176,0,train
34177,1,train
34178,1,test
34179,1,calib
34180,1,calib
34181,0,test
34182,1,train
34183,0,calib
34184,1,train
34185,1,calib
34186,1,train
34187,1,train
34188,1,train
34189,1,test
34190,0,test
34191,1,calib
34192,0,train
34193,1,calib
34194,1,train
34195,1,train
34196,1,test
34197,1,test
34198,1,calib
34199,1,train
34200,1,calib
34201,1,calib
34202,1,train
34203,1,train
34204,1,train
34205,1,test
34206,1,test
34207,1,train
34208,1,train
34209,1,calib
34210,1,calib
34211,1,train
34212,1,train
34213,1,calib
34214,1,train
34215,0,test
34216,0,calib
34217,0,train
34218,1,calib
34219,1,train
34220,1,train
34221,1,train
34222,1,calib
34223,1,calib
34224,1,calib
34225,1,train
34226,1,train
34227,1,train
34228,0,calib
34229,1,train
34230,1,test
34231,1,calib
34232,0,train
34233,1,train
34234,0,train
34235,1,calib
34236,0,train
34237,0,train
34238,1,test
34239,1,train
34240,0,train
34241,0,train
34242,1,train
34243,1,test
34244,1,train
34245,1,train
34246,1,train
34247,1,train
34248,1,calib
34249,1,test
34250,1,train
34251,1,test
34252,1,train
34253,0,train
34254,1,train
34255,1,train
34256,1,train
34257,1,test
34258,1,train
34259,1,calib
34260,0,train
34261,1,train
34262,1,test
34263,1,train
34264,1,train
34265,1,train
34266,0,train
34267,0,train
34268,1,train
34269,0,train
34270,0,calib
34271,1,calib
34272,1,train
34273,1,test
34274,0,train
34275,1,train
34276,1,train
34277,0,test
34278,1,test
34279,1,train
34280,0,train
34281,0,train
34282,1,train
34283,1,train
34284,1,calib
34285,1,train
34286,1,train
34287,1,train
34288,1,train
34289,0,calib
34290,1,train
34291,1,calib
34292,0,test
34293,1,train
34294,1,calib
34295,1,train
34296,1,test
34297,1,train
34298,1,calib
34299,1,train
34300,1,train
34301,0,test
34302,1,test
34303,1,calib
34304,1,calib
34305,1,train
34306,1,test
34307,0,train
34308,1,test
34309,0,train
34310,1,train
34311,1,train
34312,1,train
34313,1,train
34314,1,train
34315,1,train
34316,1,train
34317,1,train
34318,1,calib
34319,0,train
34320,0,train
34321,1,test
34322,1,train
34323,1,test
34324,1,train
34325,1,calib
34326,0,calib
34327,1,train
34328,1,train
34329,1,train
34330,0,train
34331,1,train
34332,1,train
34333,1,train
34334,1,train
34335,1,train
34336,1,calib
34337,1,train
34338,1,test
34339,1,calib
34340,1,test
34341,1,train
34342,1,train
34343,1,train
34344,1,train
34345,1,calib
34346,0,train
34347,1,test
34348,1,train
34349,1,train
34350,1,train
34351,1,train
34352,1,test
34353,1,train
34354,1,calib
34355,1,train
34356,0,train
34357,1,train
34358,1,test
34359,0,train
34360,1,test
34361,0,train
34362,1,train
34363,1,test
34364,1,test
34365,0,calib
34366,1,calib
34367,1,calib
34368,1,train
34369,0,train
34370,1,train
34371,1,calib
34372,1,train
34373,1,train
34374,1,calib
34375,0,calib
34376,1,train
34377,1,calib
34378,1,test
34379,1,train
34380,0,train
34381,1,train
34382,0,test
34383,0,test
34384,1,train
34385,0,test
34386,1,calib
34387,1,test
34388,1,test
34389,1,test
34390,0,test
34391,0,calib
34392,0,train
34393,1,train
34394,1,train
34395,1,train
34396,1,train
34397,1,test
34398,1,test
34399,0,train
34400,1,train
34401,0,test
34402,1,train
34403,1,train
34404,1,train
34405,0,calib
34406,1,train
34407,0,train
34408,1,calib
34409,0,train
34410,1,train
34411,1,train
34412,1,train
34413,1,train
34414,1,train
34415,1,train
34416,1,train
34417,1,train
34418,1,calib
34419,1,calib
34420,1,calib
34421,1,train
34422,1,train
34423,0,train
34424,1,test
34425,1,calib
34426,1,calib
34427,1,train
34428,1,train
34429,0,train
34430,1,train
34431,1,train
34432,1,train
34433,1,train
34434,1,test
34435,0,train
34436,0,train
34437,1,train
34438,1,calib
34439,1,train
34440,1,calib
34441,1,train
34442,1,train
34443,0,train
34444,1,test
34445,0,train
34446,1,test
34447,1,calib
34448,1,train
34449,1,train
34450,1,train
34451,0,train
34452,1,train
34453,0,train
34454,1,train
34455,1,train
34456,1,train
34457,0,train
34458,1,train
34459,1,calib
34460,1,calib
34461,0,train
34462,1,train
34463,0,train
34464,1,test
34465,0,train
34466,1,test
34467,1,calib
34468,0,test
34469,1,train
34470,1,test
34471,0,train
34472,1,train
34473,1,train
34474,1,calib
34475,1,test
34476,0,test
34477,0,train
34478,1,train
34479,1,train
34480,1,train
34481,0,train
34482,1,train
34483,1,calib
34484,1,train
34485,0,train
34486,1,calib
34487,1,train
34488,0,test
34489,1,train
34490,1,test
34491,1,train
34492,0,test
34493,0,train
34494,0,train
34495,1,train
34496,1,calib
34497,1,train
34498,0,train
34499,1,test
34500,1,test
34501,1,calib
34502,1,train
34503,1,train
34504,1,calib
34505,1,test
34506,0,test
34507,0,test
34508,1,train
34509,1,test
34510,1,train
34511,0,train
34512,1,calib
34513,1,train
34514,1,train
34515,1,calib
34516,1,test
34517,1,calib
34518,1,train
34519,1,train
34520,1,train
34521,0,train
34522,1,train
34523,1,train
34524,1,train
34525,1,test
34526,1,train
34527,1,train
34528,0,train
34529,1,train
34530,1,test
34531,0,train
34532,1,train
34533,0,train
34534,1,train
34535,1,train
34536,1,calib
34537,0,test
34538,1,train
34539,0,train
34540,1,train
34541,0,train
34542,1,test
34543,1,test
34544,1,train
34545,1,test
34546,1,train
34547,1,train
34548,1,calib
34549,1,calib
34550,1,test
34551,1,calib
34552,1,train
34553,1,train
34554,1,train
34555,1,train
34556,1,train
34557,1,train
34558,1,calib
34559,1,train
34560,1,train
34561,1,calib
34562,1,train
34563,1,test
34564,1,calib
34565,0,train
34566,1,train
34567,1,train
34568,1,train
34569,0,train
34570,0,calib
34571,1,train
34572,1,train
34573,1,test
34574,1,calib
34575,1,test
34576,0,test
34577,0,train
34578,1,train
34579,1,calib
34580,1,calib
34581,1,calib
34582,1,calib
34583,0,test
34584,1,train
34585,1,train
34586,1,train
34587,1,test
34588,1,train
34589,1,test
34590,1,test
34591,1,train
34592,0,calib
34593,1,train
34594,1,train
34595,1,test
34596,1,train
34597,1,train
34598,1,train
34599,0,train
34600,1,train
34601,1,train
34602,0,test
34603,1,train
34604,1,train
34605,0,test
34606,0,train
34607,1,calib
34608,0,test
34609,1,test
34610,0,calib
34611,1,train
34612,1,train
34613,1,train
34614,1,train
34615,1,test
34616,1,test
34617,1,train
34618,1,train
34619,1,train
34620,1,train
34621,1,test
34622,1,train
34623,1,train
34624,0,test
34625,1,calib
34626,1,calib
34627,1,test
34628,1,calib
34629,1,train
34630,1,test
34631,1,train
34632,0,calib
34633,1,calib
34634,1,train
34635,1,train
34636,1,test
34637,1,test
34638,0,test
34639,0,train
34640,1,test
34641,1,train
34642,0,train
34643,0,train
34644,1,train
34645,0,train
34646,1,train
34647,1,test
34648,0,train
34649,1,calib
34650,1,train
34651,0,test
34652,1,calib
34653,1,calib
34654,1,test
34655,1,test
34656,1,train
34657,1,train
34658,1,train
34659,1,calib
34660,0,train
34661,1,train
34662,0,train
34663,1,calib
34664,1,calib
34665,1,train
34666,1,train
34667,1,calib
34668,1,train
34669,1,train
34670,0,calib
34671,1,calib
34672,1,train
34673,1,train
34674,1,train
34675,0,test
34676,1,test
34677,1,calib
34678,1,calib
34679,1,test
34680,1,train
34681,1,train
34682,0,train
34683,1,train
34684,1,train
34685,1,train
34686,1,train
34687,1,calib
34688,1,train
34689,1,train
34690,0,test
34691,1,train
34692,1,train
34693,1,calib
34694,1,train
34695,0,test
34696,1,train
34697,1,train
34698,1,train
34699,1,test
34700,1,train
34701,1,train
34702,1,train
34703,0,train
34704,1,train
34705,0,calib
34706,1,train
34707,1,train
34708,1,calib
34709,0,train
34710,1,train
34711,0,train
34712,0,train
34713,1,train
34714,0,calib
34715,1,test
34716,1,test
34717,1,calib
34718,1,test
34719,1,train
34720,1,train
34721,1,train
34722,1,test
34723,1,train
34724,1,train
34725,1,train
34726,1,train
34727,1,train
34728,0,calib
34729,0,train
34730,0,train
34731,1,train
34732,0,train
34733,0,train
34734,1,calib
34735,1,train
34736,1,calib
34737,1,test
34738,1,train
34739,1,train
34740,1,test
34741,1,train
34742,0,train
34743,1,train
34744,0,train
34745,1,train
34746,1,train
34747,0,test
34748,1,train
34749,1,train
34750,0,test
34751,1,train
34752,1,test
34753,1,train
34754,1,test
34755,1,test
34756,1,calib
34757,1,train
34758,0,test
34759,1,calib
34760,0,calib
34761,0,train
34762,1,train
34763,0,test
34764,1,test
34765,1,train
34766,1,train
34767,1,train
34768,1,train
34769,1,train
34770,1,calib
34771,1,train
34772,1,test
34773,1,calib
34774,1,train
34775,1,train
34776,1,calib
34777,0,test
34778,1,calib
34779,0,train
34780,1,train
34781,0,train
34782,1,train
34783,0,train
34784,1,train
34785,1,train
34786,0,train
34787,1,train
34788,1,train
34789,1,calib
34790,1,calib
34791,1,train
34792,1,train
34793,0,train
34794,0,train
34795,1,train
34796,0,train
34797,1,train
34798,1,train
34799,1,calib
34800,1,train
34801,0,train
34802,1,calib
34803,1,train
34804,0,train
34805,1,train
34806,0,train
34807,0,train
34808,1,train
34809,1,calib
34810,1,test
34811,1,test
34812,0,train
34813,1,calib
34814,1,train
34815,1,train
34816,1,calib
34817,1,test
34818,1,calib
34819,1,train
34820,1,train
34821,0,train
34822,1,test
34823,1,train
34824,1,train
34825,1,calib
34826,1,train
34827,0,train
34828,0,train
34829,1,train
34830,1,calib
34831,0,train
34832,1,train
34833,1,calib
34834,1,test
34835,0,test
34836,0,train
34837,1,train
34838,1,train
34839,0,calib
34840,1,train
34841,0,train
34842,1,train
34843,1,train
34844,1,train
34845,1,train
34846,0,test
34847,0,calib
34848,1,test
34849,1,train
34850,1,test
34851,0,train
34852,0,train
34853,1,train
34854,0,train
34855,0,train
34856,1,train
34857,1,train
34858,0,train
34859,0,train
34860,1,train
34861,1,train
34862,1,train
34863,1,calib
34864,1,train
34865,1,train
34866,0,calib
34867,0,calib
34868,1,train
34869,1,train
34870,1,train
34871,0,test
34872,1,train
34873,1,test
34874,1,train
34875,1,test
34876,1,test
34877,0,test
34878,1,test
34879,1,test
34880,1,train
34881,0,train
34882,1,train
34883,1,train
34884,1,calib
34885,0,train
34886,1,test
34887,1,train
34888,1,train
34889,0,calib
34890,0,train
34891,0,test
34892,1,train
34893,1,train
34894,1,train
34895,0,train
34896,1,test
34897,0,train
34898,1,calib
34899,1,train
34900,1,test
34901,0,test
34902,0,train
34903,1,test
34904,1,train
34905,1,test
34906,1,test
34907,1,train
34908,1,test
34909,1,train
34910,1,calib
34911,1,train
34912,0,calib
34913,1,train
34914,1,train
34915,1,test
34916,0,test
34917,1,train
34918,0,train
34919,1,train
34920,0,test
34921,1,calib
34922,1,train
34923,1,train
34924,1,train
34925,1,test
34926,1,train
34927,0,train
34928,1,calib
34929,0,train
34930,1,train
34931,1,train
34932,1,train
34933,0,test
34934,0,test
34935,1,calib
34936,1,train
34937,1,calib
34938,1,test
34939,1,train
34940,1,train
34941,1,calib
34942,1,test
34943,1,calib
34944,1,calib
34945,1,train
34946,1,test
34947,1,calib
34948,1,test
34949,1,train
34950,1,train
34951,0,train
34952,1,train
34953,1,train
34954,1,train
34955,1,train
34956,1,test
34957,0,train
34958,1,train
34959,1,calib
34960,1,train
34961,1,test
34962,0,train
34963,0,calib
34964,1,calib
34965,1,test
34966,1,calib
34967,1,train
34968,0,train
34969,1,train
34970,0,train
34971,1,calib
34972,1,train
34973,1,train
34974,1,train
34975,1,calib
34976,1,calib
34977,1,calib
34978,1,train
34979,1,train
34980,1,test
34981,1,train
34982,1,train
34983,1,train
34984,0,calib
34985,0,train
34986,0,train
34987,1,train
34988,0,calib
34989,1,calib
34990,0,train
34991,1,train
34992,1,train
34993,1,train
34994,1,test
34995,1,train
34996,1,test
34997,1,train
34998,0,train
34999,0,test
35000,0,train
35001,1,test
35002,0,calib
35003,1,test
35004,1,train
35005,1,train
35006,1,train
35007,1,train
35008,1,train
35009,1,train
35010,1,test
35011,1,train
35012,1,train
35013,1,calib
35014,1,train
35015,0,calib
35016,1,calib
35017,1,train
35018,1,test
35019,0,train
35020,1,train
35021,0,train
35022,1,train
35023,1,test
35024,1,calib
35025,1,train
35026,1,train
35027,0,calib
35028,1,train
35029,1,calib
35030,1,train
35031,1,train
35032,0,train
35033,0,train
35034,1,test
35035,0,test
35036,1,train
35037,1,train
35038,1,train
35039,1,train
35040,1,train
35041,0,calib
35042,1,train
35043,1,train
35044,0,calib
35045,1,train
35046,1,calib
35047,1,test
35048,1,train
35049,1,train
35050,1,train
35051,1,calib
35052,0,calib
35053,1,calib
35054,1,train
35055,1,calib
35056,1,test
35057,1,calib
35058,1,train
35059,1,train
35060,1,train
35061,1,test
35062,1,train
35063,1,train
35064,1,calib
35065,1,train
35066,1,calib
35067,1,train
35068,1,train
35069,1,test
35070,0,train
35071,1,calib
35072,1,test
35073,1,train
35074,1,train
35075,1,calib
35076,1,train
35077,1,train
35078,0,train
35079,1,train
35080,1,train
35081,1,calib
35082,1,train
35083,1,calib
35084,1,train
35085,0,train
35086,0,test
35087,1,calib
35088,1,test
35089,1,train
35090,0,test
35091,0,train
35092,1,train
35093,1,calib
35094,1,train
35095,0,test
35096,1,train
35097,1,train
35098,1,train
35099,1,test
35100,1,train
35101,1,calib
35102,1,calib
35103,1,train
35104,0,train
35105,1,train
35106,1,train
35107,1,train
35108,1,train
35109,1,train
35110,0,train
35111,1,train
35112,1,train
35113,0,train
35114,1,test
35115,0,train
35116,1,test
35117,1,calib
35118,1,train
35119,1,train
35120,1,calib
35121,1,calib
35122,1,test
35123,1,calib
35124,0,test
35125,1,train
35126,0,train
35127,1,train
35128,1,train
35129,1,train
35130,1,calib
35131,1,train
35132,1,train
35133,1,calib
35134,1,test
35135,0,train
35136,1,calib
35137,0,test
35138,1,train
35139,1,train
35140,1,train
35141,1,train
35142,0,train
35143,1,test
35144,0,test
35145,1,calib
35146,0,train
35147,1,train
35148,1,calib
35149,1,train
35150,1,train
35151,1,calib
35152,1,train
35153,0,train
35154,1,calib
35155,1,train
35156,0,test
35157,1,train
35158,1,train
35159,1,calib
35160,0,train
35161,1,train
35162,1,train
35163,1,calib
35164,1,train
35165,1,train
35166,1,train
35167,0,test
35168,1,train
35169,1,train
35170,1,train
35171,1,train
35172,1,train
35173,1,train
35174,1,calib
35175,1,train
35176,1,calib
35177,1,train
35178,1,test
35179,0,train
35180,0,calib
35181,0,test
35182,0,test
35183,1,test
35184,1,train
35185,1,train
35186,0,calib
35187,0,calib
35188,1,train
35189,0,train
35190,1,train
35191,1,calib
35192,1,train
35193,1,train
35194,1,test
35195,1,calib
35196,0,train
35197,1,test
35198,1,calib
35199,1,train
35200,0,calib
35201,0,train
35202,0,train
35203,1,train
35204,1,train
35205,1,train
35206,1,train
35207,1,train
35208,1,train
35209,1,test
35210,1,train
35211,1,train
35212,1,test
35213,0,train
35214,1,train
35215,1,test
35216,1,calib
35217,1,train
35218,1,train
35219,1,train
35220,1,test
35221,1,test
35222,0,train
35223,1,train
35224,1,train
35225,0,train
35226,1,test
35227,1,calib
35228,1,train
35229,1,train
35230,0,calib
35231,0,train
35232,1,train
35233,1,train
35234,0,train
35235,0,train
35236,1,train
35237,0,train
35238,0,train
35239,1,calib
35240,1,train
35241,1,train
35242,1,train
35243,1,train
35244,1,train
35245,1,train
35246,1,test
35247,1,train
35248,1,train
35249,0,test
35250,1,train
35251,0,train
35252,1,train
35253,1,train
35254,1,train
35255,0,train
35256,1,test
35257,1,test
35258,1,calib
35259,1,calib
35260,0,train
35261,1,train
35262,1,train
35263,1,train
35264,1,test
35265,1,test
35266,1,test
35267,1,calib
35268,1,train
35269,0,train
35270,1,train
35271,1,calib
35272,0,test
35273,1,train
35274,1,train
35275,1,train
35276,1,calib
35277,0,calib
35278,1,train
35279,1,train
35280,1,test
35281,0,calib
35282,1,test
35283,1,train
35284,1,train
35285,0,train
35286,1,calib
35287,1,test
35288,1,train
35289,1,train
35290,0,test
35291,1,test
35292,1,test
35293,0,train
35294,1,calib
35295,1,calib
35296,1,calib
35297,0,calib
35298,1,train
35299,0,calib
35300,1,test
35301,1,calib
35302,1,train
35303,0,train
35304,1,train
35305,1,train
35306,1,train
35307,1,calib
35308,1,test
35309,1,train
35310,0,train
35311,0,train
35312,1,train
35313,1,test
35314,0,calib
35315,1,calib
35316,1,train
35317,1,test
35318,0,train
35319,1,train
35320,1,test
35321,1,test
35322,1,train
35323,0,train
35324,1,test
35325,1,train
35326,0,train
35327,0,train
35328,1,calib
35329,0,calib
35330,1,test
35331,1,train
35332,1,calib
35333,1,calib
35334,1,train
35335,1,calib
35336,1,train
35337,0,test
35338,1,test
35339,1,train
35340,1,train
35341,1,test
35342,1,calib
35343,1,test
35344,0,train
35345,1,train
35346,1,train
35347,1,test
35348,0,train
35349,1,test
35350,1,train
35351,1,test
35352,1,train
35353,1,train
35354,1,train
35355,0,train
35356,1,test
35357,1,train
35358,1,train
35359,0,test
35360,1,calib
35361,1,train
35362,1,train
35363,1,train
35364,1,train
35365,1,test
35366,1,test
35367,1,test
35368,0,train
35369,1,train
35370,0,train
35371,1,train
35372,1,train
35373,0,train
35374,1,train
35375,1,train
35376,0,train
35377,1,train
35378,1,test
35379,0,train
35380,1,calib
35381,1,train
35382,1,train
35383,0,train
35384,1,test
35385,1,train
35386,0,test
35387,0,train
35388,1,train
35389,1,test
35390,1,train
35391,1,train
35392,1,train
35393,1,train
35394,0,calib
35395,1,calib
35396,1,train
35397,1,train
35398,1,train
35399,1,train
35400,1,test
35401,0,train
35402,1,train
35403,1,test
35404,1,train
35405,1,test
35406,1,test
35407,1,train
35408,1,test
35409,1,train
35410,1,train
35411,1,train
35412,0,train
35413,1,calib
35414,1,calib
35415,1,train
35416,1,calib
35417,1,train
35418,1,test
35419,1,train
35420,1,train
35421,0,train
35422,1,train
35423,1,calib
35424,1,train
35425,1,train
35426,1,train
35427,1,calib
35428,1,train
35429,1,train
35430,1,train
35431,0,train
35432,0,test
35433,1,train
35434,1,calib
35435,1,calib
35436,1,train
35437,0,train
35438,1,test
35439,0,train
35440,1,train
35441,0,calib
35442,1,train
35443,1,train
35444,1,train
35445,1,train
35446,0,train
35447,1,train
35448,1,train
35449,1,train
35450,0,train
35451,0,calib
35452,1,train
35453,0,calib
35454,1,train
35455,0,train
35456,1,train
35457,1,train
35458,1,test
35459,1,train
35460,1,test
35461,1,train
35462,0,train
35463,1,train
35464,0,test
35465,1,train
35466,0,test
35467,0,test
35468,0,test
35469,1,test
35470,1,train
35471,1,calib
35472,1,test
35473,0,train
35474,1,train
35475,0,calib
35476,1,test
35477,0,test
35478,1,test
35479,1,train
35480,1,train
35481,1,test
35482,1,calib
35483,0,train
35484,1,train
35485,0,test
35486,1,test
35487,1,train
35488,1,train
35489,1,test
35490,0,calib
35491,0,train
35492,1,calib
35493,1,test
35494,1,test
35495,1,train
35496,1,train
35497,1,test
35498,1,train
35499,1,train
35500,1,calib
35501,1,calib
35502,1,calib
35503,1,test
35504,0,test
35505,0,calib
35506,0,train
35507,1,train
35508,0,train
35509,1,train
35510,1,train
35511,1,train
35512,0,train
35513,1,train
35514,0,train
35515,1,calib
35516,0,test
35517,1,test
35518,1,train
35519,1,test
35520,1,test
35521,1,train
35522,0,test
35523,1,test
35524,1,train
35525,1,calib
35526,1,train
35527,0,calib
35528,0,train
35529,1,test
35530,1,train
35531,1,train
35532,1,train
35533,0,test
35534,1,train
35535,1,test
35536,0,test
35537,0,calib
35538,1,test
35539,0,calib
35540,1,train
35541,1,train
35542,1,train
35543,1,train
35544,1,test
35545,0,train
35546,0,calib
35547,1,test
35548,0,train
35549,1,train
35550,1,train
35551,1,train
35552,1,train
35553,0,calib
35554,1,train
35555,1,calib
35556,1,train
35557,1,calib
35558,1,train
35559,1,train
35560,1,train
35561,1,test
35562,0,calib
35563,1,train
35564,1,train
35565,1,train
35566,1,calib
35567,1,train
35568,1,calib
35569,1,train
35570,1,train
35571,1,calib
35572,1,test
35573,1,calib
35574,1,calib
35575,1,train
35576,1,calib
35577,1,test
35578,0,train
35579,1,train
35580,1,calib
35581,1,test
35582,0,train
35583,1,train
35584,1,test
35585,0,test
35586,1,test
35587,1,calib
35588,0,train
35589,1,train
35590,1,train
35591,1,train
35592,1,train
35593,0,test
35594,0,test
35595,1,test
35596,1,train
35597,1,train
35598,1,train
35599,1,test
35600,1,calib
35601,0,train
35602,1,test
35603,1,train
35604,1,train
35605,1,train
35606,0,train
35607,1,train
35608,0,train
35609,1,test
35610,1,train
35611,1,calib
35612,1,calib
35613,1,train
35614,1,train
35615,1,train
35616,0,train
35617,1,train
35618,1,test
35619,1,test
35620,0,train
35621,1,train
35622,0,test
35623,1,train
35624,1,train
35625,1,calib
35626,1,test
35627,1,train
35628,1,calib
35629,1,train
35630,1,calib
35631,1,train
35632,1,train
35633,1,calib
35634,1,train
35635,1,train
35636,1,test
35637,1,train
35638,1,train
35639,1,test
35640,1,calib
35641,1,calib
35642,1,calib
35643,0,train
35644,1,train
35645,1,train
35646,1,train
35647,1,calib
35648,1,train
35649,1,train
35650,1,train
35651,1,train
35652,1,train
35653,1,train
35654,1,test
35655,1,calib
35656,1,train
35657,1,train
35658,0,calib
35659,1,train
35660,0,train
35661,0,train
35662,1,test
35663,1,train
35664,1,train
35665,1,train
35666,1,train
35667,1,test
35668,1,test
35669,1,calib
35670,0,train
35671,0,train
35672,1,test
35673,1,train
35674,1,calib
35675,0,train
35676,0,calib
35677,0,test
35678,1,train
35679,1,train
35680,1,test
35681,1,train
35682,0,test
35683,1,calib
35684,1,calib
35685,1,train
35686,1,train
35687,1,test
35688,1,calib
35689,1,train
35690,1,train
35691,1,calib
35692,0,test
35693,1,train
35694,1,calib
35695,0,train
35696,1,train
35697,1,test
35698,1,train
35699,1,train
35700,1,test
35701,1,train
35702,0,train
35703,1,test
35704,1,calib
35705,1,train
35706,1,train
35707,1,calib
35708,0,calib
35709,1,test
35710,1,train
35711,1,calib
35712,0,train
35713,1,train
35714,1,calib
35715,0,test
35716,1,test
35717,1,calib
35718,1,train
35719,0,test
35720,1,train
35721,0,calib
35722,1,train
35723,0,train
35724,0,train
35725,1,train
35726,1,train
35727,1,calib
35728,1,train
35729,1,test
35730,1,calib
35731,1,train
35732,1,train
35733,1,calib
35734,0,train
35735,1,train
35736,1,calib
35737,0,train
35738,1,train
35739,0,calib
35740,1,test
35741,1,train
35742,1,test
35743,1,test
35744,1,train
35745,1,train
35746,1,train
35747,1,test
35748,0,calib
35749,1,train
35750,0,calib
35751,1,test
35752,0,calib
35753,1,train
35754,1,calib
35755,0,calib
35756,1,train
35757,1,train
35758,1,train
35759,1,train
35760,1,calib
35761,1,test
35762,1,train
35763,1,test
35764,1,calib
35765,1,calib
35766,0,train
35767,1,test
35768,1,train
35769,1,calib
35770,1,train
35771,1,calib
35772,1,train
35773,1,train
35774,1,train
35775,1,test
35776,1,train
35777,1,train
35778,1,train
35779,1,test
35780,1,train
35781,1,calib
35782,0,train
35783,1,train
35784,1,train
35785,1,train
35786,1,train
35787,1,train
35788,1,train
35789,1,train
35790,1,train
35791,1,train
35792,1,train
35793,1,test
35794,1,train
35795,1,calib
35796,1,train
35797,1,train
35798,1,calib
35799,1,calib
35800,0,train
35801,0,train
35802,1,calib
35803,1,train
35804,1,test
35805,1,train
35806,1,train
35807,0,calib
35808,0,test
35809,1,train
35810,1,train
35811,1,train
35812,1,test
35813,0,test
35814,0,test
35815,1,test
35816,1,test
35817,1,test
35818,1,train
35819,1,train
35820,1,train
35821,1,train
35822,1,train
35823,1,test
35824,1,calib
35825,1,train
35826,1,train
35827,1,train
35828,1,train
35829,1,train
35830,0,test
35831,1,test
35832,0,train
35833,1,train
35834,0,train
35835,1,train
35836,1,test
35837,1,calib
35838,1,train
35839,1,train
35840,1,calib
35841,1,train
35842,1,test
35843,1,train
35844,0,calib
35845,1,train
35846,1,train
35847,1,train
35848,1,train
35849,1,train
35850,1,calib
35851,0,calib
35852,0,train
35853,1,calib
35854,1,train
35855,1,calib
35856,0,train
35857,1,train
35858,1,train
35859,0,calib
35860,0,train
35861,0,train
35862,1,train
35863,1,train
35864,1,train
35865,1,train
35866,1,train
35867,0,test
35868,1,train
35869,1,train
35870,1,train
35871,1,train
35872,1,train
35873,1,train
35874,0,train
35875,1,calib
35876,1,train
35877,1,train
35878,1,calib
35879,1,train
35880,0,train
35881,1,train
35882,1,train
35883,0,train
35884,1,test
35885,0,calib
35886,0,train
35887,1,calib
35888,1,calib
35889,1,train
35890,1,train
35891,1,test
35892,1,calib
35893,1,train
35894,0,train
35895,1,test
35896,0,test
35897,1,train
35898,1,train
35899,1,train
35900,1,train
35901,0,test
35902,1,test
35903,1,calib
35904,1,train
35905,0,test
35906,1,train
35907,1,train
35908,1,train
35909,1,train
35910,0,calib
35911,0,test
35912,0,train
35913,0,calib
35914,1,train
35915,1,train
35916,1,train
35917,1,test
35918,1,train
35919,1,calib
35920,0,calib
35921,1,train
35922,1,train
35923,1,test
35924,1,train
35925,0,test
35926,1,train
35927,0,calib
35928,1,calib
35929,1,calib
35930,1,train
35931,1,calib
35932,1,train
35933,1,train
35934,1,test
35935,1,train
35936,1,test
35937,0,train
35938,0,train
35939,0,calib
35940,1,calib
35941,1,train
35942,0,train
35943,1,calib
35944,1,train
35945,1,test
35946,1,train
35947,1,test
35948,1,train
35949,0,train
35950,0,train
35951,0,test
35952,0,train
35953,0,train
35954,0,test
35955,1,calib
35956,1,train
35957,1,test
35958,1,test
35959,1,train
35960,1,train
35961,1,calib
35962,0,test
35963,1,train
35964,1,train
35965,0,train
35966,0,train
35967,1,train
35968,1,train
35969,1,test
35970,1,train
35971,1,train
35972,1,train
35973,1,calib
35974,1,train
35975,1,train
35976,1,train
35977,1,train
35978,1,train
35979,1,train
35980,1,calib
35981,1,test
35982,1,calib
35983,1,calib
35984,1,test
35985,1,train
35986,1,calib
35987,1,test
35988,1,test
35989,0,train
35990,1,test
35991,1,train
35992,1,train
35993,1,test
35994,1,train
35995,1,train
35996,0,calib
35997,1,calib
35998,1,train
35999,1,calib
36000,1,test
36001,1,train
36002,1,calib
36003,1,train
36004,1,train
36005,1,train
36006,1,calib
36007,1,train
36008,0,test
36009,1,train
36010,1,test
36011,0,calib
36012,1,train
36013,1,train
36014,0,calib
36015,1,train
36016,1,test
36017,0,calib
36018,1,train
36019,0,train
36020,1,train
36021,1,test
36022,1,train
36023,0,test
36024,1,train
36025,1,calib
36026,1,test
36027,0,train
36028,0,train
36029,1,train
36030,0,test
36031,1,test
36032,1,calib
36033,1,test
36034,1,calib
36035,0,train
36036,1,train
36037,1,test
36038,1,calib
36039,1,train
36040,0,train
36041,1,train
36042,1,train
36043,1,train
36044,1,train
36045,1,train
36046,1,train
36047,1,train
36048,0,train
36049,1,test
36050,0,train
36051,1,test
36052,0,calib
36053,1,calib
36054,1,calib
36055,1,train
36056,0,train
36057,1,test
36058,1,calib
36059,1,train
36060,1,train
36061,1,calib
36062,1,train
36063,1,train
36064,1,calib
36065,1,train
36066,0,train
36067,1,train
36068,1,test
36069,1,test
36070,1,train
36071,0,train
36072,1,train
36073,1,calib
36074,1,test
36075,1,train
36076,0,train
36077,1,calib
36078,1,test
36079,1,calib
36080,0,calib
36081,1,calib
36082,1,train
36083,1,test
36084,1,calib
36085,1,calib
36086,1,train
36087,1,train
36088,1,test
36089,0,train
36090,1,train
36091,1,calib
36092,0,train
36093,0,train
36094,0,train
36095,1,train
36096,1,train
36097,1,train
36098,1,test
36099,0,test
36100,1,train
36101,1,train
36102,1,calib
36103,1,calib
36104,0,calib
36105,1,train
36106,0,train
36107,1,train
36108,1,train
36109,1,test
36110,0,test
36111,1,train
36112,1,train
36113,1,train
36114,1,test
36115,1,train
36116,1,train
36117,1,train
36118,1,test
36119,1,test
36120,1,train
36121,1,calib
36122,1,train
36123,0,calib
36124,0,train
36125,0,train
36126,1,train
36127,1,train
36128,1,calib
36129,0,train
36130,1,train
36131,0,calib
36132,1,train
36133,0,test
36134,0,train
36135,1,test
36136,1,test
36137,1,calib
36138,0,train
36139,1,calib
36140,1,train
36141,1,train
36142,1,train
36143,1,test
36144,1,train
36145,1,train
36146,1,calib
36147,1,train
36148,0,test
36149,1,train
36150,1,calib
36151,0,train
36152,1,train
36153,0,train
36154,1,train
36155,1,train
36156,1,train
36157,1,train
36158,1,train
36159,1,train
36160,1,test
36161,1,test
36162,1,train
36163,0,calib
36164,1,train
36165,1,train
36166,1,train
36167,1,test
36168,0,train
36169,0,train
36170,1,train
36171,0,train
36172,0,train
36173,1,train
36174,0,train
36175,1,calib
36176,0,train
36177,1,train
36178,1,train
36179,1,train
36180,1,train
36181,1,train
36182,1,train
36183,1,train
36184,0,test
36185,1,train
36186,0,train
36187,1,calib
36188,1,test
36189,1,train
36190,1,train
36191,0,train
36192,1,train
36193,1,train
36194,1,train
36195,1,train
36196,1,calib
36197,0,train
36198,1,train
36199,1,train
36200,1,train
36201,1,train
36202,1,train
36203,1,train
36204,1,calib
36205,1,train
36206,0,test
36207,1,train
36208,1,train
36209,1,train
36210,0,train
36211,1,train
36212,1,train
36213,1,train
36214,0,test
36215,1,train
36216,1,train
36217,0,test
36218,1,test
36219,1,test
36220,1,train
36221,1,train
36222,1,train
36223,1,train
36224,0,train
36225,1,train
36226,1,calib
36227,1,train
36228,1,test
36229,1,train
36230,1,calib
36231,1,test
36232,1,train
36233,1,test
36234,1,train
36235,1,calib
36236,1,train
36237,1,test
36238,1,train
36239,1,train
36240,1,train
36241,0,train
36242,1,train
36243,1,train
36244,1,train
36245,1,train
36246,1,train
36247,0,train
36248,0,test
36249,1,train
36250,1,train
36251,1,test
36252,0,calib
36253,0,train
36254,1,train
36255,1,calib
36256,1,test
36257,1,train
36258,1,train
36259,1,train
36260,1,calib
36261,1,calib
36262,1,train
36263,1,test
36264,1,train
36265,0,train
36266,1,train
36267,1,train
36268,0,train
36269,1,train
36270,1,train
36271,1,test
36272,1,train
36273,0,train
36274,0,train
36275,1,train
36276,1,test
36277,1,train
36278,0,train
36279,1,test
36280,1,test
36281,1,calib
36282,1,train
36283,1,train
36284,1,train
36285,1,calib
36286,1,train
36287,1,train
36288,0,train
36289,1,calib
36290,0,train
36291,1,train
36292,0,train
36293,1,train
36294,0,calib
36295,0,calib
36296,1,train
36297,1,test
36298,1,calib
36299,0,train
36300,1,train
36301,1,train
36302,1,test
36303,1,calib
36304,1,calib
36305,1,train
36306,1,calib
36307,1,calib
36308,1,train
36309,0,test
36310,1,calib
36311,1,calib
36312,1,train
36313,1,train
36314,1,test
36315,0,train
36316,1,calib
36317,1,train
36318,1,train
36319,0,test
36320,0,test
36321,1,calib
36322,1,test
36323,0,train
36324,0,train
36325,1,train
36326,1,calib
36327,1,train
36328,0,train
36329,1,train
36330,1,calib
36331,1,calib
36332,1,calib
36333,1,train
36334,1,test
36335,1,train
36336,1,calib
36337,1,train
36338,1,train
36339,1,train
36340,0,train
36341,0,train
36342,1,test
36343,1,train
36344,0,test
36345,1,train
36346,1,calib
36347,1,train
36348,1,test
36349,1,calib
36350,1,train
36351,1,test
36352,1,calib
36353,1,train
36354,1,train
36355,1,calib
36356,1,train
36357,0,train
36358,0,test
36359,1,train
36360,1,train
36361,1,train
36362,1,calib
36363,1,test
36364,0,train
36365,1,test
36366,0,calib
36367,1,calib
36368,0,calib
36369,1,train
36370,1,train
36371,1,train
36372,1,calib
36373,1,train
36374,1,train
36375,0,test
36376,1,train
36377,1,train
36378,1,train
36379,1,test
36380,0,train
36381,1,calib
36382,1,test
36383,1,train
36384,1,test
36385,1,train
36386,1,test
36387,1,train
36388,1,train
36389,1,train
36390,1,train
36391,1,train
36392,1,train
36393,1,calib
36394,1,test
36395,0,train
36396,1,calib
36397,1,train
36398,1,train
36399,1,train
36400,0,train
36401,1,train
36402,1,test
36403,0,test
36404,1,test
36405,1,calib
36406,1,test
36407,1,train
36408,1,train
36409,0,train
36410,1,train
36411,1,train
36412,0,train
36413,1,train
36414,0,train
36415,0,test
36416,1,train
36417,1,train
36418,1,test
36419,1,train
36420,1,train
36421,0,calib
36422,1,train
36423,1,train
36424,1,train
36425,1,train
36426,1,train
36427,0,train
36428,1,train
36429,1,train
36430,0,train
36431,1,calib
36432,1,train
36433,1,train
36434,1,train
36435,0,calib
36436,0,test
36437,1,test
36438,1,train
36439,1,train
36440,0,train
36441,1,train
36442,1,calib
36443,1,test
36444,1,train
36445,0,train
36446,1,calib
36447,1,train
36448,0,train
36449,1,train
36450,1,train
36451,1,train
36452,1,train
36453,1,train
36454,1,train
36455,1,train
36456,1,test
36457,1,test
36458,1,train
36459,1,train
36460,1,train
36461,1,train
36462,0,test
36463,1,train
36464,1,test
36465,1,train
36466,1,test
36467,1,test
36468,0,train
36469,0,train
36470,1,test
36471,1,test
36472,1,train
36473,1,calib
36474,1,test
36475,1,train
36476,1,test
36477,1,train
36478,1,calib
36479,1,test
36480,1,train
36481,1,calib
36482,1,train
36483,0,test
36484,0,train
36485,1,train
36486,1,train
36487,0,test
36488,1,train
36489,0,train
36490,1,calib
36491,1,train
36492,0,train
36493,0,train
36494,0,train
36495,1,test
36496,0,train
36497,1,train
36498,1,train
36499,1,train
36500,0,calib
36501,1,calib
36502,1,train
36503,0,train
36504,1,train
36505,1,calib
36506,0,calib
36507,1,calib
36508,1,train
36509,1,train
36510,1,calib
36511,1,test
36512,0,train
36513,1,train
36514,1,train
36515,1,train
36516,1,test
36517,1,train
36518,1,train
36519,1,train
36520,1,test
36521,1,test
36522,0,train
36523,0,calib
36524,1,calib
36525,0,train
36526,0,train
36527,0,train
36528,1,calib
36529,0,train
36530,1,train
36531,1,train
36532,1,train
36533,1,test
36534,1,train
36535,0,calib
36536,1,train
36537,1,test
36538,1,train
36539,1,test
36540,1,train
36541,1,train
36542,0,test
36543,1,train
36544,1,calib
36545,0,train
36546,0,test
36547,1,calib
36548,0,calib
36549,1,calib
36550,0,calib
36551,1,train
36552,1,train
36553,1,train
36554,0,calib
36555,1,calib
36556,1,train
36557,1,train
36558,1,train
36559,0,train
36560,0,train
36561,1,test
36562,1,train
36563,1,calib
36564,1,train
36565,0,train
36566,1,train
36567,1,train
36568,1,train
36569,1,train
36570,1,train
36571,1,train
36572,0,train
36573,1,train
36574,1,test
36575,1,train
36576,0,test
36577,0,test
36578,1,train
36579,1,train
36580,0,test
36581,1,train
36582,1,test
36583,0,train
36584,0,train
36585,1,test
36586,1,train
36587,1,train
36588,1,calib
36589,0,test
36590,0,train
36591,0,calib
36592,1,train
36593,1,train
36594,1,train
36595,0,test
36596,1,train
36597,1,train
36598,1,train
36599,1,train
36600,1,test
36601,0,train
36602,1,train
36603,1,train
36604,1,train
36605,1,train
36606,0,train
36607,1,train
36608,1,train
36609,0,train
36610,1,calib
36611,1,train
36612,0,calib
36613,1,calib
36614,1,train
36615,1,train
36616,1,train
36617,0,calib
36618,1,train
36619,1,test
36620,1,train
36621,1,train
36622,0,train
36623,1,test
36624,1,test
36625,0,test
36626,0,calib
36627,1,train
36628,1,train
36629,1,train
36630,1,train
36631,1,calib
36632,0,train
36633,0,train
36634,1,calib
36635,1,train
36636,1,calib
36637,1,train
36638,1,train
36639,1,calib
36640,1,train
36641,1,test
36642,1,train
36643,1,train
36644,1,train
36645,1,calib
36646,0,test
36647,1,test
36648,1,test
36649,1,train
36650,0,calib
36651,0,train
36652,1,calib
36653,0,train
36654,1,test
36655,0,calib
36656,1,calib
36657,0,train
36658,1,train
36659,1,train
36660,1,train
36661,1,calib
36662,1,calib
36663,1,train
36664,1,test
36665,0,train
36666,1,test
36667,1,test
36668,1,train
36669,1,train
36670,1,train
36671,1,test
36672,1,calib
36673,1,train
36674,1,train
36675,1,train
36676,0,train
36677,1,test
36678,1,calib
36679,1,train
36680,1,calib
36681,1,calib
36682,1,train
36683,1,train
36684,1,train
36685,0,train
36686,1,test
36687,1,calib
36688,1,calib
36689,0,test
36690,1,train
36691,0,test
36692,1,test
36693,1,train
36694,1,train
36695,0,calib
36696,1,calib
36697,1,calib
36698,0,train
36699,0,calib
36700,1,test
36701,1,train
36702,1,train
36703,1,test
36704,1,train
36705,1,train
36706,1,train
36707,1,train
36708,1,train
36709,1,test
36710,1,train
36711,0,calib
36712,1,test
36713,1,train
36714,1,train
36715,0,test
36716,1,train
36717,1,train
36718,1,train
36719,1,train
36720,0,train
36721,0,train
36722,0,train
36723,1,train
36724,0,test
36725,1,calib
36726,1,calib
36727,0,train
36728,1,test
36729,1,calib
36730,1,train
36731,1,train
36732,1,test
36733,1,calib
36734,0,train
36735,1,train
36736,1,calib
36737,1,test
36738,1,train
36739,1,test
36740,1,test
36741,1,train
36742,1,train
36743,1,calib
36744,1,train
36745,0,train
36746,1,train
36747,1,train
36748,1,train
36749,1,train
36750,1,train
36751,1,train
36752,1,train
36753,0,calib
36754,1,train
36755,1,train
36756,1,test
36757,1,train
36758,1,calib
36759,1,train
36760,1,train
36761,1,train
36762,0,calib
36763,0,test
36764,1,train
36765,1,train
36766,0,train
36767,1,train
36768,1,test
36769,0,train
36770,1,train
36771,0,train
36772,0,train
36773,1,train
36774,1,train
36775,1,test
36776,1,calib
36777,1,train
36778,1,calib
36779,1,train
36780,0,train
36781,1,train
36782,1,calib
36783,1,train
36784,1,test
36785,1,train
36786,1,calib
36787,1,calib
36788,1,train
36789,1,calib
36790,1,train
36791,1,train
36792,0,train
36793,1,calib
36794,1,test
36795,1,train
36796,1,test
36797,1,test
36798,1,train
36799,0,test
36800,0,calib
36801,1,train
36802,1,calib
36803,1,test
36804,1,train
36805,1,train
36806,1,test
36807,1,train
36808,1,train
36809,1,calib
36810,1,train
36811,1,test
36812,1,calib
36813,1,calib
36814,1,calib
36815,1,train
36816,1,calib
36817,0,train
36818,1,train
36819,1,train
36820,1,train
36821,1,calib
36822,0,calib
36823,1,calib
36824,1,train
36825,1,calib
36826,1,test
36827,1,train
36828,1,train
36829,1,train
36830,0,test
36831,0,test
36832,1,train
36833,1,train
36834,1,calib
36835,1,train
36836,0,train
36837,1,test
36838,0,train
36839,0,train
36840,0,calib
36841,1,calib
36842,1,train
36843,1,train
36844,1,train
36845,1,train
36846,0,train
36847,1,train
36848,0,train
36849,1,train
36850,1,train
36851,1,train
36852,1,calib
36853,0,test
36854,1,calib
36855,1,calib
36856,1,calib
36857,1,test
36858,1,calib
36859,1,train
36860,1,train
36861,0,calib
36862,0,train
36863,1,train
36864,1,calib
36865,1,test
36866,1,train
36867,1,train
36868,1,train
36869,1,test
36870,1,test
36871,1,train
36872,1,calib
36873,1,train
36874,0,train
36875,1,train
36876,0,train
36877,0,train
36878,1,train
36879,0,train
36880,1,calib
36881,0,train
36882,1,train
36883,1,train
36884,1,calib
36885,1,train
36886,1,calib
36887,1,train
36888,1,test
36889,1,train
36890,0,calib
36891,1,train
36892,0,test
36893,1,test
36894,1,test
36895,1,calib
36896,1,train
36897,1,train
36898,1,train
36899,0,test
36900,1,train
36901,0,train
36902,1,train
36903,0,train
36904,0,train
36905,1,train
36906,1,train
36907,1,train
36908,1,calib
36909,1,train
36910,1,train
36911,0,train
36912,1,calib
36913,1,test
36914,1,train
36915,1,calib
36916,1,train
36917,1,train
36918,1,train
36919,0,train
36920,1,calib
36921,0,train
36922,1,train
36923,1,calib
36924,1,train
36925,1,calib
36926,1,calib
36927,1,test
36928,1,train
36929,1,train
36930,1,calib
36931,1,train
36932,0,calib
36933,1,calib
36934,1,train
36935,1,train
36936,1,train
36937,1,test
36938,0,test
36939,1,calib
36940,0,train
36941,0,calib
36942,1,train
36943,0,calib
36944,1,train
36945,0,calib
36946,0,train
36947,1,calib
36948,1,train
36949,0,calib
36950,1,train
36951,1,train
36952,1,train
36953,1,train
36954,0,test
36955,1,train
36956,1,train
36957,1,calib
36958,1,test
36959,1,test
36960,1,calib
36961,1,train
36962,1,train
36963,1,test
36964,1,calib
36965,1,calib
36966,1,train
36967,0,train
36968,1,train
36969,1,train
36970,1,test
36971,0,test
36972,1,test
36973,1,calib
36974,1,train
36975,1,train
36976,1,test
36977,1,train
36978,1,train
36979,0,train
36980,1,test
36981,1,train
36982,1,test
36983,1,train
36984,0,train
36985,1,train
36986,0,train
36987,1,train
36988,1,train
36989,0,test
36990,1,calib
36991,1,train
36992,1,train
36993,1,test
36994,1,calib
36995,1,test
36996,1,test
36997,1,train
36998,0,test
36999,1,train
37000,0,train
37001,1,calib
37002,0,train
37003,1,test
37004,1,calib
37005,1,test
37006,1,train
37007,1,train
37008,1,calib
37009,1,test
37010,1,train
37011,1,test
37012,1,train
37013,1,test
37014,1,test
37015,1,train
37016,1,train
37017,1,train
37018,1,test
37019,1,test
37020,1,train
37021,1,train
37022,1,train
37023,0,train
37024,0,train
37025,1,calib
37026,0,train
37027,0,calib
37028,1,train
37029,1,train
37030,1,test
37031,1,train
37032,1,train
37033,1,train
37034,1,train
37035,1,train
37036,1,train
37037,1,train
37038,1,train
37039,0,train
37040,1,train
37041,0,train
37042,1,train
37043,0,calib
37044,1,test
37045,1,test
37046,1,train
37047,1,train
37048,1,train
37049,1,train
37050,1,train
37051,1,test
37052,1,calib
37053,0,calib
37054,1,train
37055,1,test
37056,1,test
37057,1,test
37058,0,test
37059,1,train
37060,0,train
37061,1,train
37062,1,test
37063,1,train
37064,1,train
37065,1,train
37066,0,train
37067,1,train
37068,1,train
37069,1,train
37070,1,calib
37071,1,test
37072,1,train
37073,1,train
37074,0,test
37075,1,train
37076,1,calib
37077,1,train
37078,0,calib
37079,1,train
37080,1,calib
37081,1,test
37082,1,test
37083,1,calib
37084,1,train
37085,0,train
37086,1,train
37087,1,train
37088,1,test
37089,1,calib
37090,1,train
37091,1,train
37092,0,test
37093,1,calib
37094,1,test
37095,1,train
37096,1,train
37097,1,calib
37098,1,calib
37099,1,test
37100,0,train
37101,0,train
37102,1,test
37103,1,train
37104,0,train
37105,1,train
37106,1,test
37107,1,train
37108,1,calib
37109,1,test
37110,1,calib
37111,1,calib
37112,1,test
37113,1,train
37114,0,train
37115,1,train
37116,1,calib
37117,1,train
37118,0,test
37119,1,calib
37120,0,train
37121,1,train
37122,1,train
37123,1,test
37124,1,calib
37125,1,train
37126,0,test
37127,1,train
37128,1,train
37129,1,test
37130,1,test
37131,0,test
37132,1,calib
37133,1,train
37134,1,train
37135,1,train
37136,1,train
37137,1,calib
37138,0,calib
37139,1,test
37140,1,train
37141,1,calib
37142,1,train
37143,1,test
37144,0,calib
37145,1,train
37146,1,train
37147,0,test
37148,1,train
37149,1,test
37150,0,calib
37151,1,test
37152,0,train
37153,0,train
37154,1,calib
37155,1,train
37156,1,test
37157,1,train
37158,1,train
37159,1,calib
37160,1,train
37161,0,train
37162,1,train
37163,0,train
37164,1,train
37165,0,test
37166,1,train
37167,1,calib
37168,1,train
37169,1,train
37170,1,train
37171,0,train
37172,1,calib
37173,1,train
37174,1,calib
37175,1,test
37176,0,train
37177,1,train
37178,1,calib
37179,1,train
37180,1,test
37181,1,train
37182,1,train
37183,0,train
37184,1,test
37185,1,train
37186,1,calib
37187,0,calib
37188,1,train
37189,1,train
37190,1,test
37191,0,calib
37192,1,train
37193,1,calib
37194,1,test
37195,1,test
37196,1,calib
37197,1,train
37198,0,test
37199,1,train
37200,1,train
37201,1,calib
37202,1,test
37203,0,train
37204,1,test
37205,1,train
37206,1,train
37207,1,train
37208,1,calib
37209,0,test
37210,0,train
37211,1,test
37212,0,train
37213,1,train
37214,0,train
37215,1,train
37216,1,calib
37217,0,train
37218,1,train
37219,1,train
37220,0,test
37221,1,train
37222,1,calib
37223,1,calib
37224,1,calib
37225,1,train
37226,1,calib
37227,1,train
37228,1,calib
37229,1,calib
37230,1,train
37231,0,train
37232,0,test
37233,0,train
37234,1,calib
37235,1,train
37236,0,train
37237,1,train
37238,1,calib
37239,1,test
37240,0,test
37241,1,calib
37242,1,train
37243,1,train
37244,1,train
37245,1,test
37246,1,train
37247,1,train
37248,1,train
37249,1,train
37250,1,calib
37251,1,test
37252,1,train
37253,1,train
37254,1,calib
37255,1,calib
37256,1,calib
37257,0,train
37258,0,test
37259,0,train
37260,1,calib
37261,1,calib
37262,0,calib
37263,1,train
37264,1,calib
37265,1,train
37266,1,train
37267,1,train
37268,1,calib
37269,1,train
37270,1,train
37271,1,train
37272,1,train
37273,1,train
37274,0,calib
37275,0,train
37276,1,train
37277,0,train
37278,1,train
37279,1,test
37280,0,test
37281,1,train
37282,1,train
37283,1,train
37284,1,train
37285,1,train
37286,1,test
37287,1,train
37288,1,test
37289,1,train
37290,1,calib
37291,0,train
37292,1,calib
37293,1,train
37294,1,calib
37295,1,train
37296,1,test
37297,1,calib
37298,1,train
37299,1,test
37300,0,train
37301,1,calib
37302,1,train
37303,1,train
37304,1,calib
37305,1,train
37306,1,train
37307,1,train
37308,0,train
37309,1,train
37310,1,train
37311,1,train
37312,1,calib
37313,1,train
37314,1,train
37315,1,calib
37316,1,test
37317,1,train
37318,1,test
37319,1,train
37320,1,train
37321,1,train
37322,1,train
37323,1,train
37324,1,test
37325,1,train
37326,1,train
37327,0,calib
37328,1,calib
37329,1,train
37330,1,calib
37331,1,test
37332,1,test
37333,0,test
37334,0,test
37335,1,train
37336,1,train
37337,1,calib
37338,1,calib
37339,0,calib
37340,1,calib
37341,1,train
37342,0,calib
37343,0,train
37344,1,train
37345,0,train
37346,1,train
37347,1,test
37348,0,train
37349,1,train
37350,1,train
37351,1,train
37352,0,train
37353,1,calib
37354,1,train
37355,1,train
37356,1,calib
37357,1,test
37358,1,train
37359,1,test
37360,1,train
37361,1,train
37362,1,train
37363,1,train
37364,1,train
37365,0,train
37366,0,calib
37367,1,train
37368,1,train
37369,1,calib
37370,0,test
37371,1,train
37372,1,train
37373,1,train
37374,1,calib
37375,1,test
37376,0,train
37377,1,train
37378,1,train
37379,1,calib
37380,1,train
37381,1,test
37382,1,train
37383,1,train
37384,1,test
37385,1,calib
37386,1,train
37387,1,test
37388,1,train
37389,1,train
37390,0,train
37391,1,train
37392,1,train
37393,1,train
37394,0,calib
37395,0,train
37396,1,calib
37397,1,train
37398,1,train
37399,0,train
37400,0,train
37401,1,calib
37402,1,train
37403,0,calib
37404,1,calib
37405,0,train
37406,1,train
37407,1,train
37408,1,train
37409,0,test
37410,0,train
37411,1,test
37412,1,train
37413,1,test
37414,1,train
37415,0,test
37416,0,train
37417,1,train
37418,0,train
37419,1,train
37420,1,train
37421,1,train
37422,1,train
37423,1,train
37424,0,train
37425,1,train
37426,1,train
37427,0,calib
37428,1,train
37429,0,test
37430,0,train
37431,1,train
37432,1,test
37433,0,train
37434,0,calib
37435,1,train
37436,1,train
37437,1,calib
37438,1,calib
37439,1,calib
37440,1,train
37441,1,calib
37442,0,test
37443,1,train
37444,0,calib
37445,0,calib
37446,1,train
37447,1,calib
37448,1,train
37449,1,train
37450,1,train
37451,1,train
37452,0,test
37453,0,calib
37454,0,train
37455,1,train
37456,1,train
37457,1,train
37458,1,test
37459,1,train
37460,0,test
37461,0,train
37462,0,test
37463,1,calib
37464,1,train
37465,1,train
37466,1,calib
37467,1,train
37468,1,train
37469,0,calib
37470,1,calib
37471,1,train
37472,1,train
37473,1,test
37474,1,calib
37475,1,test
37476,1,train
37477,1,train
37478,1,train
37479,0,calib
37480,0,calib
37481,1,test
37482,0,test
37483,1,test
37484,1,test
37485,1,train
37486,1,train
37487,0,train
37488,1,calib
37489,0,train
37490,1,test
37491,1,calib
37492,1,train
37493,0,test
37494,1,test
37495,1,train
37496,1,calib
37497,1,test
37498,0,train
37499,0,train
37500,1,train
37501,1,calib
37502,1,train
37503,0,train
37504,0,test
37505,0,train
37506,1,train
37507,1,train
37508,1,test
37509,0,train
37510,1,calib
37511,0,calib
37512,1,test
37513,0,train
37514,1,test
37515,1,calib
37516,0,train
37517,1,train
37518,1,train
37519,1,test
37520,1,test
37521,1,test
37522,1,train
37523,1,calib
37524,1,train
37525,1,calib
37526,1,train
37527,1,train
37528,1,train
37529,1,train
37530,1,train
37531,1,calib
37532,1,test
37533,1,calib
37534,0,calib
37535,1,calib
37536,1,train
37537,1,calib
37538,1,train
37539,1,train
37540,0,train
37541,0,calib
37542,1,test
37543,1,train
37544,1,train
37545,1,train
37546,1,train
37547,1,calib
37548,1,test
37549,0,calib
37550,1,test
37551,1,train
37552,0,train
37553,1,test
37554,1,train
37555,0,train
37556,1,train
37557,1,train
37558,1,train
37559,0,test
37560,0,test
37561,0,calib
37562,1,train
37563,0,train
37564,0,train
37565,1,train
37566,1,train
37567,1,test
37568,0,train
37569,1,test
37570,0,train
37571,1,test
37572,1,train
37573,1,train
37574,0,test
37575,1,train
37576,1,test
37577,0,calib
37578,1,train
37579,1,train
37580,1,test
37581,1,train
37582,1,train
37583,1,train
37584,1,calib
37585,0,calib
37586,1,train
37587,0,test
37588,0,train
37589,1,train
37590,1,train
37591,1,train
37592,1,calib
37593,1,train
37594,1,train
37595,1,train
37596,1,test
37597,1,train
37598,0,train
37599,1,train
37600,1,train
37601,1,calib
37602,0,calib
37603,0,train
37604,1,train
37605,1,calib
37606,0,test
37607,1,train
37608,1,train
37609,1,train
37610,1,train
37611,1,train
37612,0,test
37613,1,calib
37614,1,train
37615,1,train
37616,1,test
37617,1,train
37618,0,train
37619,0,train
37620,1,train
37621,0,calib
37622,1,train
37623,1,calib
37624,1,test
37625,1,train
37626,1,train
37627,1,calib
37628,1,train
37629,0,train
37630,1,calib
37631,1,train
37632,1,test
37633,1,calib
37634,1,train
37635,1,train
37636,1,train
37637,0,train
37638,1,test
37639,1,train
37640,1,test
37641,0,train
37642,0,train
37643,0,calib
37644,0,train
37645,1,test
37646,1,calib
37647,1,train
37648,1,train
37649,1,calib
37650,0,train
37651,1,train
37652,1,train
37653,1,train
37654,0,train
37655,0,test
37656,1,calib
37657,1,train
37658,1,calib
37659,1,train
37660,1,train
37661,1,train
37662,1,calib
37663,1,calib
37664,1,test
37665,1,train
37666,1,train
37667,1,train
37668,1,train
37669,1,calib
37670,0,train
37671,1,test
37672,1,test
37673,1,train
37674,1,test
37675,0,calib
37676,1,calib
37677,1,calib
37678,1,train
37679,0,train
37680,1,train
37681,1,train
37682,1,train
37683,1,test
37684,0,train
37685,1,train
37686,1,test
37687,1,train
37688,1,train
37689,1,train
37690,1,train
37691,1,train
37692,1,train
37693,1,test
37694,0,calib
37695,1,train
37696,1,train
37697,1,train
37698,0,train
37699,1,test
37700,0,train
37701,1,test
37702,0,test
37703,0,train
37704,0,test
37705,1,test
37706,1,train
37707,1,train
37708,1,train
37709,0,train
37710,1,train
37711,0,train
37712,1,train
37713,1,train
37714,1,train
37715,0,train
37716,1,test
37717,1,train
37718,0,train
37719,1,train
37720,1,train
37721,0,train
37722,1,train
37723,0,test
37724,1,calib
37725,1,train
37726,0,train
37727,1,train
37728,1,train
37729,1,train
37730,1,train
37731,1,train
37732,1,train
37733,1,train
37734,1,test
37735,1,train
37736,0,calib
37737,1,train
37738,1,train
37739,0,train
37740,1,train
37741,1,train
37742,0,test
37743,1,calib
37744,1,train
37745,0,train
37746,1,train
37747,1,train
37748,0,train
37749,1,train
37750,1,calib
37751,0,test
37752,0,train
37753,1,train
37754,0,train
37755,1,test
37756,1,train
37757,0,train
37758,1,calib
37759,1,train
37760,0,train
37761,1,train
37762,0,train
37763,1,calib
37764,1,train
37765,1,train
37766,0,train
37767,0,train
37768,0,test
37769,1,calib
37770,1,test
37771,1,calib
37772,0,calib
37773,1,test
37774,1,train
37775,0,train
37776,1,test
37777,1,test
37778,1,calib
37779,1,test
37780,1,train
37781,1,train
37782,1,train
37783,1,train
37784,0,train
37785,1,test
37786,0,test
37787,0,train
37788,1,train
37789,0,train
37790,1,train
37791,1,calib
37792,0,train
37793,1,train
37794,1,calib
37795,1,train
37796,0,train
37797,1,calib
37798,0,train
37799,1,train
37800,0,test
37801,1,calib
37802,1,train
37803,0,train
37804,1,test
37805,1,train
37806,1,train
37807,1,train
37808,0,train
37809,0,calib
37810,1,train
37811,0,calib
37812,1,train
37813,1,train
37814,1,test
37815,1,train
37816,1,train
37817,1,train
37818,0,train
37819,0,test
37820,0,train
37821,1,calib
37822,1,test
37823,1,train
37824,1,train
37825,0,train
37826,0,test
37827,0,calib
37828,0,calib
37829,0,train
37830,1,test
37831,1,train
37832,0,train
37833,1,train
37834,1,train
37835,1,calib
37836,1,train
37837,1,train
37838,1,train
37839,1,train
37840,1,calib
37841,1,train
37842,0,calib
37843,1,train
37844,1,test
37845,1,calib
37846,1,test
37847,1,test
37848,0,calib
37849,1,calib
37850,1,calib
37851,1,train
37852,1,train
37853,1,train
37854,1,train
37855,1,train
37856,0,calib
37857,1,test
37858,1,train
37859,1,train
37860,1,test
37861,1,test
37862,1,train
37863,1,train
37864,1,calib
37865,1,calib
37866,1,test
37867,1,train
37868,0,calib
37869,1,train
37870,1,calib
37871,1,train
37872,0,calib
37873,1,train
37874,1,test
37875,1,calib
37876,0,train
37877,0,train
37878,1,test
37879,0,train
37880,0,train
37881,1,calib
37882,1,test
37883,0,train
37884,1,calib
37885,1,train
37886,0,train
37887,1,test
37888,1,train
37889,0,train
37890,1,calib
37891,1,train
37892,1,test
37893,1,train
37894,1,calib
37895,1,train
37896,1,test
37897,1,train
37898,1,calib
37899,1,calib
37900,1,train
37901,1,train
37902,1,calib
37903,1,test
37904,0,train
37905,1,train
37906,1,train
37907,1,test
37908,1,train
37909,1,test
37910,1,train
37911,1,train
37912,1,train
37913,1,train
37914,1,train
37915,1,test
37916,1,train
37917,0,train
37918,1,train
37919,0,calib
37920,1,calib
37921,1,train
37922,1,train
37923,1,test
37924,0,train
37925,1,test
37926,0,calib
37927,0,test
37928,0,calib
37929,1,train
37930,1,test
37931,1,test
37932,1,train
37933,1,train
37934,1,calib
37935,0,train
37936,0,test
37937,1,train
37938,0,calib
37939,1,train
37940,1,test
37941,1,train
37942,1,train
37943,1,train
37944,1,train
37945,1,train
37946,1,train
37947,1,train
37948,1,train
37949,1,train
37950,1,test
37951,1,train
37952,1,train
37953,0,train
37954,1,train
37955,1,train
37956,1,train
37957,1,train
37958,1,train
37959,1,train
37960,1,train
37961,0,train
37962,1,calib
37963,1,train
37964,1,train
37965,0,test
37966,1,train
37967,1,calib
37968,1,train
37969,1,calib
37970,1,train
37971,1,train
37972,1,train
37973,1,train
37974,1,train
37975,1,train
37976,1,train
37977,1,train
37978,0,calib
37979,1,calib
37980,1,test
37981,0,train
37982,0,test
37983,0,calib
37984,1,calib
37985,1,train
37986,1,train
37987,0,train
37988,0,test
37989,1,train
37990,0,train
37991,0,train
37992,1,train
37993,1,train
37994,1,test
37995,1,calib
37996,0,train
37997,0,train
37998,0,test
37999,1,train
38000,1,test
38001,1,test
38002,0,train
38003,1,train
38004,1,train
38005,1,calib
38006,1,train
38007,1,train
38008,0,train
38009,1,train
38010,0,train
38011,1,train
38012,1,train
38013,1,train
38014,1,train
38015,1,train
38016,1,train
38017,0,calib
38018,1,train
38019,1,train
38020,1,train
38021,1,train
38022,1,train
38023,1,calib
38024,0,train
38025,1,train
38026,1,calib
38027,1,train
38028,0,calib
38029,1,calib
38030,1,test
38031,1,train
38032,0,test
38033,0,test
38034,1,test
38035,0,calib
38036,1,train
38037,1,test
38038,0,train
38039,1,train
38040,0,train
38041,1,train
38042,1,train
38043,1,calib
38044,1,train
38045,1,train
38046,0,train
38047,1,train
38048,1,train
38049,1,train
38050,1,train
38051,1,train
38052,1,train
38053,1,train
38054,0,train
38055,0,calib
38056,1,calib
38057,1,test
38058,1,calib
38059,1,train
38060,0,calib
38061,1,train
38062,1,train
38063,1,calib
38064,0,train
38065,1,calib
38066,1,train
38067,0,test
38068,1,calib
38069,1,train
38070,1,train
38071,0,train
38072,1,train
38073,1,train
38074,1,train
38075,0,test
38076,1,test
38077,1,train
38078,0,train
38079,1,calib
38080,1,test
38081,1,train
38082,1,train
38083,0,test
38084,1,train
38085,0,train
38086,1,train
38087,1,test
38088,1,test
38089,0,train
38090,1,test
38091,1,train
38092,0,calib
38093,1,train
38094,1,test
38095,0,train
38096,0,calib
38097,1,train
38098,1,train
38099,1,train
38100,0,train
38101,1,train
38102,1,train
38103,1,calib
38104,1,train
38105,0,train
38106,1,train
38107,1,train
38108,1,test
38109,1,train
38110,1,train
38111,0,calib
38112,1,train
38113,1,calib
38114,1,train
38115,1,calib
38116,1,train
38117,1,train
38118,0,calib
38119,1,calib
38120,1,train
38121,0,calib
38122,1,test
38123,1,test
38124,1,train
38125,1,test
38126,1,train
38127,1,train
38128,1,train
38129,0,train
38130,0,train
38131,1,train
38132,1,train
38133,1,calib
38134,1,train
38135,1,train
38136,1,calib
38137,1,train
38138,1,train
38139,1,train
38140,1,train
38141,1,train
38142,1,train
38143,1,test
38144,1,test
38145,1,train
38146,1,calib
38147,1,train
38148,1,train
38149,1,train
38150,0,test
38151,1,train
38152,0,train
38153,1,train
38154,1,train
38155,1,test
38156,0,train
38157,1,test
38158,1,train
38159,1,train
38160,0,test
38161,1,calib
38162,1,calib
38163,1,calib
38164,1,test
38165,1,train
38166,1,test
38167,1,train
38168,1,calib
38169,0,train
38170,1,train
38171,0,test
38172,1,train
38173,0,test
38174,1,train
38175,1,train
38176,1,train
38177,1,train
38178,0,test
38179,1,train
38180,1,train
38181,1,train
38182,1,train
38183,0,train
38184,1,train
38185,1,calib
38186,1,calib
38187,1,train
38188,0,test
38189,1,calib
38190,1,train
38191,1,train
38192,1,calib
38193,1,calib
38194,1,train
38195,1,calib
38196,1,calib
38197,0,test
38198,0,train
38199,0,calib
38200,1,calib
38201,1,train
38202,1,train
38203,1,train
38204,1,train
38205,1,train
38206,0,train
38207,1,train
38208,1,train
38209,1,test
38210,1,train
38211,1,test
38212,1,train
38213,0,train
38214,1,calib
38215,1,train
38216,1,test
38217,1,test
38218,1,train
38219,1,calib
38220,0,train
38221,1,test
38222,1,train
38223,1,train
38224,0,test
38225,1,train
38226,1,test
38227,1,train
38228,1,calib
38229,1,train
38230,1,test
38231,1,train
38232,0,test
38233,1,train
38234,1,test
38235,0,train
38236,1,train
38237,1,train
38238,1,train
38239,1,train
38240,1,calib
38241,0,train
38242,1,test
38243,1,calib
38244,1,train
38245,0,train
38246,1,calib
38247,1,train
38248,1,train
38249,1,train
38250,1,train
38251,1,calib
38252,0,train
38253,0,calib
38254,1,train
38255,1,train
38256,1,calib
38257,1,train
38258,1,test
38259,1,test
38260,1,calib
38261,1,train
38262,1,train
38263,0,test
38264,1,test
38265,1,calib
38266,0,calib
38267,1,train
38268,1,train
38269,1,train
38270,1,train
38271,1,test
38272,0,train
38273,1,calib
38274,1,train
38275,1,train
38276,1,test
38277,1,train
38278,0,train
38279,1,calib
38280,0,train
38281,1,train
38282,1,calib
38283,0,train
38284,1,train
38285,1,calib
38286,1,train
38287,1,train
38288,1,calib
38289,0,train
38290,1,train
38291,1,test
38292,0,train
38293,1,test
38294,0,train
38295,1,train
38296,1,train
38297,1,calib
38298,1,train
38299,1,calib
38300,1,train
38301,1,test
38302,1,train
38303,0,calib
38304,1,train
38305,0,train
38306,1,train
38307,1,train
38308,1,train
38309,1,train
38310,1,calib
38311,1,train
38312,1,train
38313,1,train
38314,1,train
38315,1,test
38316,1,train
38317,0,train
38318,1,train
38319,0,train
38320,1,train
38321,1,calib
38322,1,train
38323,1,train
38324,1,train
38325,0,train
38326,0,calib
38327,0,test
38328,1,train
38329,1,train
38330,1,test
38331,1,train
38332,0,calib
38333,1,train
38334,0,train
38335,1,train
38336,1,train
38337,1,train
38338,1,train
38339,1,train
38340,1,train
38341,1,train
38342,0,train
38343,1,train
38344,1,train
38345,1,calib
38346,1,train
38347,1,train
38348,1,test
38349,1,train
38350,1,calib
38351,0,train
38352,0,test
38353,1,test
38354,1,train
38355,1,test
38356,1,calib
38357,0,train
38358,1,test
38359,0,train
38360,0,train
38361,0,test
38362,0,train
38363,0,test
38364,0,train
38365,1,train
38366,1,calib
38367,1,train
38368,0,train
38369,1,train
38370,1,train
38371,0,train
38372,1,train
38373,1,train
38374,1,train
38375,0,train
38376,1,train
38377,1,test
38378,1,train
38379,0,calib
38380,0,train
38381,1,calib
38382,1,train
38383,1,train
38384,1,calib
38385,1,train
38386,1,train
38387,1,calib
38388,1,train
38389,1,test
38390,1,calib
38391,0,train
38392,0,train
38393,0,calib
38394,1,test
38395,1,calib
38396,1,train
38397,1,train
38398,1,train
38399,1,train
38400,0,train
38401,1,train
38402,1,train
38403,1,train
38404,1,train
38405,1,train
38406,1,train
38407,1,train
38408,0,test
38409,1,train
38410,1,calib
38411,0,test
38412,1,calib
38413,0,train
38414,1,train
38415,0,test
38416,0,calib
38417,1,train
38418,1,train
38419,1,calib
38420,1,train
38421,1,train
38422,0,test
38423,1,test
38424,1,train
38425,1,train
38426,1,train
38427,0,train
38428,0,train
38429,1,train
38430,1,train
38431,0,train
38432,1,train
38433,1,test
38434,1,test
38435,0,train
38436,0,calib
38437,1,test
38438,1,train
38439,1,train
38440,1,test
38441,1,calib
38442,0,train
38443,0,test
38444,1,test
38445,1,test
38446,1,train
38447,0,train
38448,1,train
38449,1,train
38450,1,calib
38451,0,calib
38452,1,train
38453,1,train
38454,1,train
38455,1,train
38456,1,test
38457,1,train
38458,1,test
38459,1,train
38460,1,train
38461,1,calib
38462,1,train
38463,1,calib
38464,1,train
38465,1,train
38466,0,calib
38467,1,train
38468,0,calib
38469,1,train
38470,1,train
38471,1,train
38472,1,train
38473,1,test
38474,1,test
38475,1,test
38476,1,train
38477,1,train
38478,1,train
38479,0,calib
38480,1,test
38481,1,test
38482,1,train
38483,1,train
38484,0,train
38485,1,train
38486,1,test
38487,1,test
38488,1,train
38489,1,calib
38490,1,train
38491,1,train
38492,1,calib
38493,0,calib
38494,0,test
38495,1,train
38496,1,train
38497,0,test
38498,1,calib
38499,0,train
38500,1,train
38501,1,train
38502,1,test
38503,1,test
38504,1,calib
38505,0,train
38506,1,train
38507,1,train
38508,1,train
38509,1,test
38510,0,train
38511,1,train
38512,0,train
38513,1,train
38514,0,calib
38515,1,test
38516,1,test
38517,1,test
38518,1,train
38519,1,train
38520,1,calib
38521,1,test
38522,1,train
38523,1,calib
38524,1,calib
38525,1,calib
38526,1,test
38527,1,test
38528,1,test
38529,0,train
38530,1,train
38531,1,train
38532,0,test
38533,1,test
38534,0,calib
38535,1,calib
38536,0,calib
38537,1,train
38538,1,train
38539,1,calib
38540,1,train
38541,0,test
38542,1,test
38543,1,test
38544,1,train
38545,1,train
38546,1,train
38547,1,test
38548,1,train
38549,1,test
38550,1,calib
38551,1,train
38552,1,calib
38553,1,train
38554,1,train
38555,1,train
38556,1,train
38557,1,train
38558,1,calib
38559,1,train
38560,1,train
38561,1,train
38562,0,train
38563,1,calib
38564,1,train
38565,1,train
38566,1,train
38567,1,calib
38568,1,train
38569,0,test
38570,1,train
38571,1,test
38572,1,calib
38573,0,test
38574,0,calib
38575,0,train
38576,1,train
38577,1,train
38578,1,calib
38579,1,train
38580,0,train
38581,1,train
38582,1,train
38583,1,train
38584,0,train
38585,1,train
38586,1,train
38587,1,calib
38588,1,test
38589,0,train
38590,1,train
38591,1,calib
38592,1,train
38593,1,test
38594,1,test
38595,0,train
38596,0,calib
38597,1,train
38598,0,train
38599,1,calib
38600,1,train
38601,1,calib
38602,1,train
38603,1,calib
38604,1,test
38605,1,calib
38606,0,test
38607,0,calib
38608,1,calib
38609,1,train
38610,0,test
38611,1,calib
38612,0,train
38613,1,calib
38614,1,train
38615,1,calib
38616,1,calib
38617,1,calib
38618,0,test
38619,0,test
38620,0,test
38621,1,train
38622,0,calib
38623,1,train
38624,1,train
38625,1,test
38626,1,train
38627,1,test
38628,1,calib
38629,1,train
38630,1,calib
38631,1,train
38632,1,train
38633,0,test
38634,1,test
38635,1,test
38636,1,test
38637,0,train
38638,1,train
38639,1,calib
38640,1,calib
38641,1,train
38642,1,train
38643,1,calib
38644,1,train
38645,1,train
38646,1,train
38647,1,test
38648,1,test
38649,1,train
38650,0,calib
38651,0,calib
38652,0,train
38653,1,train
38654,1,train
38655,1,train
38656,1,train
38657,0,test
38658,1,train
38659,0,calib
38660,1,test
38661,1,calib
38662,1,train
38663,1,train
38664,0,test
38665,1,train
38666,0,train
38667,0,train
38668,1,train
38669,1,train
38670,1,train
38671,1,calib
38672,1,test
38673,1,train
38674,0,train
38675,1,train
38676,1,train
38677,1,test
38678,1,train
38679,1,calib
38680,1,train
38681,1,train
38682,1,test
38683,1,train
38684,1,train
38685,1,train
38686,1,train
38687,1,test
38688,0,calib
38689,0,calib
38690,1,train
38691,1,calib
38692,0,test
38693,0,train
38694,1,train
38695,1,calib
38696,1,train
38697,1,test
38698,1,train
38699,0,train
38700,0,test
38701,0,test
38702,1,calib
38703,1,train
38704,1,train
38705,0,test
38706,1,calib
38707,0,train
38708,1,train
38709,0,train
38710,0,test
38711,1,test
38712,1,calib
38713,1,train
38714,1,calib
38715,1,train
38716,0,train
38717,1,train
38718,1,train
38719,1,test
38720,1,train
38721,1,train
38722,0,test
38723,1,calib
38724,1,calib
38725,0,train
38726,0,test
38727,0,train
38728,1,train
38729,0,train
38730,1,train
38731,1,train
38732,1,test
38733,1,train
38734,0,calib
38735,1,train
38736,1,train
38737,1,train
38738,0,train
38739,1,test
38740,1,calib
38741,1,train
38742,1,train
38743,0,train
38744,1,train
38745,0,calib
38746,1,train
38747,1,test
38748,1,calib
38749,1,test
38750,1,test
38751,1,calib
38752,1,train
38753,1,train
38754,1,train
38755,1,train
38756,0,train
38757,1,train
38758,0,train
38759,1,calib
38760,1,train
38761,1,train
38762,1,test
38763,1,test
38764,1,test
38765,0,train
38766,1,train
38767,1,calib
38768,1,train
38769,0,train
38770,0,test
38771,1,test
38772,1,calib
38773,1,train
38774,1,train
38775,1,train
38776,1,calib
38777,1,calib
38778,1,train
38779,0,test
38780,1,test
38781,1,train
38782,1,train
38783,1,test
38784,0,test
38785,1,calib
38786,1,train
38787,1,train
38788,1,calib
38789,1,test
38790,0,calib
38791,1,train
38792,0,test
38793,1,calib
38794,1,calib
38795,1,train
38796,1,train
38797,1,train
38798,1,train
38799,1,calib
38800,1,train
38801,1,train
38802,0,calib
38803,0,train
38804,1,train
38805,0,test
38806,1,train
38807,0,train
38808,0,test
38809,0,train
38810,0,calib
38811,1,train
38812,1,train
38813,1,train
38814,1,train
38815,1,test
38816,1,train
38817,1,calib
38818,1,train
38819,1,calib
38820,1,train
38821,1,train
38822,1,calib
38823,1,train
38824,1,train
38825,1,calib
38826,0,train
38827,1,calib
38828,1,train
38829,1,test
38830,1,train
38831,1,calib
38832,1,train
38833,1,train
38834,1,test
38835,1,train
38836,1,train
38837,1,train
38838,1,calib
38839,1,train
38840,0,calib
38841,1,train
38842,1,test
38843,1,train
38844,1,test
38845,1,train
38846,1,train
38847,1,train
38848,0,train
38849,1,test
38850,1,train
38851,1,calib
38852,1,train
38853,1,train
38854,1,train
38855,0,train
38856,0,calib
38857,1,test
38858,1,calib
38859,1,test
38860,1,train
38861,1,calib
38862,1,calib
38863,1,calib
38864,1,calib
38865,0,train
38866,1,calib
38867,1,train
38868,1,train
38869,1,test
38870,1,train
38871,1,train
38872,0,calib
38873,0,test
38874,1,train
38875,1,train
38876,1,test
38877,1,test
38878,0,train
38879,1,train
38880,1,train
38881,1,test
38882,1,train
38883,0,test
38884,1,test
38885,0,train
38886,1,calib
38887,1,test
38888,0,train
38889,0,train
38890,0,test
38891,1,train
38892,1,train
38893,1,train
38894,0,test
38895,1,train
38896,1,train
38897,0,test
38898,1,test
38899,0,train
38900,0,train
38901,1,train
38902,1,train
38903,0,calib
38904,1,calib
38905,0,train
38906,1,train
38907,1,train
38908,1,train
38909,0,train
38910,0,train
38911,0,calib
38912,0,train
38913,1,calib
38914,1,train
38915,1,train
38916,0,train
38917,1,train
38918,0,train
38919,1,calib
38920,1,calib
38921,1,test
38922,0,train
38923,1,calib
38924,1,calib
38925,1,calib
38926,1,test
38927,1,train
38928,1,calib
38929,1,train
38930,1,test
38931,1,train
38932,0,calib
38933,1,train
38934,1,calib
38935,1,train
38936,1,train
38937,1,train
38938,1,test
38939,1,train
38940,1,train
38941,1,test
38942,1,train
38943,0,test
38944,1,train
38945,1,test
38946,1,train
38947,1,test
38948,1,test
38949,1,calib
38950,1,calib
38951,1,test
38952,0,train
38953,1,calib
38954,0,test
38955,1,train
38956,1,test
38957,1,calib
38958,0,train
38959,1,train
38960,1,train
38961,1,train
38962,0,train
38963,1,calib
38964,1,train
38965,1,train
38966,1,calib
38967,1,train
38968,1,test
38969,1,test
38970,1,train
38971,0,train
38972,1,test
38973,1,train
38974,1,calib
38975,1,test
38976,1,train
38977,1,train
38978,1,calib
38979,1,train
38980,1,train
38981,1,test
38982,1,test
38983,1,test
38984,0,train
38985,0,train
38986,1,train
38987,1,train
38988,1,test
38989,1,test
38990,1,train
38991,1,train
38992,1,train
38993,1,test
38994,1,train
38995,1,calib
38996,0,train
38997,1,calib
38998,1,test
38999,1,calib
39000,1,train
39001,1,train
39002,1,train
39003,1,calib
39004,0,test
39005,1,calib
39006,1,test
39007,0,test
39008,1,train
39009,1,train
39010,1,train
39011,1,calib
39012,1,calib
39013,1,train
39014,1,test
39015,0,calib
39016,1,calib
39017,1,train
39018,1,train
39019,1,test
39020,1,train
39021,1,train
39022,1,test
39023,0,train
39024,0,test
39025,1,train
39026,0,calib
39027,1,calib
39028,0,train
39029,0,test
39030,1,calib
39031,0,train
39032,1,calib
39033,1,test
39034,1,test
39035,0,calib
39036,1,test
39037,1,train
39038,0,train
39039,0,train
39040,0,test
39041,1,train
39042,1,test
39043,0,train
39044,1,test
39045,1,train
39046,1,train
39047,1,train
39048,1,train
39049,1,train
39050,1,train
39051,1,train
39052,1,calib
39053,0,train
39054,1,train
39055,1,train
39056,1,train
39057,1,calib
39058,1,train
39059,1,train
39060,1,train
39061,1,train
39062,1,train
39063,0,calib
39064,1,train
39065,0,train
39066,1,train
39067,1,train
39068,1,train
39069,1,train
39070,0,train
39071,1,train
39072,0,train
39073,1,train
39074,1,train
39075,1,train
39076,0,calib
39077,0,train
39078,0,calib
39079,1,train
39080,1,train
39081,1,test
39082,1,calib
39083,1,train
39084,0,train
39085,1,train
39086,1,train
39087,1,calib
39088,1,train
39089,1,calib
39090,1,train
39091,0,train
39092,1,train
39093,0,test
39094,1,train
39095,1,train
39096,0,train
39097,1,train
39098,1,test
39099,0,train
39100,1,calib
39101,0,train
39102,1,train
39103,0,train
39104,0,train
39105,0,train
39106,1,train
39107,0,train
39108,1,train
39109,1,test
39110,1,train
39111,1,test
39112,1,calib
39113,1,train
39114,1,train
39115,1,train
39116,1,train
39117,1,train
39118,1,calib
39119,1,test
39120,1,train
39121,1,test
39122,1,train
39123,1,train
39124,1,train
39125,0,train
39126,0,train
39127,1,train
39128,1,train
39129,1,train
39130,1,test
39131,1,train
39132,1,train
39133,0,test
39134,1,train
39135,1,train
39136,1,test
39137,1,calib
39138,1,calib
39139,1,train
39140,0,train
39141,1,test
39142,0,test
39143,1,train
39144,1,train
39145,0,train
39146,0,train
39147,1,calib
39148,0,train
39149,0,train
39150,1,train
39151,0,train
39152,1,train
39153,1,train
39154,1,train
39155,1,train
39156,1,test
39157,1,test
39158,1,calib
39159,1,test
39160,0,train
39161,1,train
39162,0,calib
39163,0,test
39164,1,train
39165,1,calib
39166,1,train
39167,1,test
39168,1,train
39169,1,calib
39170,0,train
39171,1,train
39172,1,train
39173,0,train
39174,1,train
39175,0,train
39176,1,train
39177,1,train
39178,1,test
39179,1,train
39180,1,calib
39181,1,test
39182,0,train
39183,1,train
39184,1,train
39185,1,train
39186,1,train
39187,0,train
39188,1,train
39189,1,test
39190,1,calib
39191,1,train
39192,0,train
39193,0,test
39194,0,train
39195,1,train
39196,1,calib
39197,1,test
39198,1,test
39199,0,calib
39200,1,test
39201,0,train
39202,1,train
39203,1,calib
39204,1,train
39205,1,train
39206,1,train
39207,1,train
39208,1,train
39209,1,calib
39210,1,test
39211,0,test
39212,1,test
39213,0,train
39214,1,train
39215,1,train
39216,0,calib
39217,1,calib
39218,1,train
39219,1,train
39220,0,train
39221,1,calib
39222,0,test
39223,1,train
39224,0,train
39225,1,calib
39226,1,train
39227,1,train
39228,1,train
39229,1,train
39230,1,test
39231,1,train
39232,1,test
39233,1,test
39234,1,train
39235,1,test
39236,0,test
39237,1,test
39238,0,train
39239,1,calib
39240,1,test
39241,1,train
39242,1,calib
39243,1,calib
39244,1,calib
39245,1,train
39246,0,test
39247,0,train
39248,1,train
39249,1,calib
39250,1,train
39251,1,train
39252,1,calib
39253,0,train
39254,1,calib
39255,1,calib
39256,0,train
39257,0,test
39258,1,calib
39259,1,test
39260,1,train
39261,1,calib
39262,1,train
39263,1,train
39264,1,train
39265,0,train
39266,1,test
39267,1,train
39268,1,calib
39269,1,calib
39270,1,calib
39271,1,train
39272,1,train
39273,1,train
39274,0,calib
39275,1,test
39276,1,train
39277,1,train
39278,1,test
39279,1,train
39280,1,test
39281,1,train
39282,0,train
39283,1,train
39284,1,train
39285,1,calib
39286,1,calib
39287,1,train
39288,1,test
39289,1,train
39290,1,test
39291,1,train
39292,1,calib
39293,0,train
39294,1,test
39295,1,train
39296,1,calib
39297,1,calib
39298,1,train
39299,1,train
39300,1,test
39301,1,train
39302,0,test
39303,1,train
39304,1,test
39305,1,calib
39306,1,test
39307,0,test
39308,1,test
39309,1,train
39310,1,test
39311,1,calib
39312,1,train
39313,1,train
39314,1,test
39315,1,calib
39316,1,train
39317,1,train
39318,0,train
39319,1,calib
39320,1,train
39321,0,train
39322,0,calib
39323,0,train
39324,1,calib
39325,1,train
39326,1,train
39327,1,train
39328,1,train
39329,1,calib
39330,1,train
39331,1,train
39332,1,train
39333,1,calib
39334,1,test
39335,0,test
39336,1,train
39337,0,train
39338,1,train
39339,0,train
39340,1,train
39341,1,test
39342,0,calib
39343,1,train
39344,1,test
39345,1,train
39346,1,test
39347,1,test
39348,1,train
39349,0,train
39350,1,calib
39351,1,calib
39352,1,train
39353,1,train
39354,1,train
39355,0,train
39356,1,train
39357,0,train
39358,1,train
39359,0,train
39360,0,train
39361,1,calib
39362,1,test
39363,1,train
39364,1,train
39365,1,calib
39366,1,train
39367,1,calib
39368,1,test
39369,1,train
39370,0,calib
39371,1,test
39372,1,test
39373,1,test
39374,1,train
39375,0,test
39376,1,train
39377,0,train
39378,1,train
39379,1,train
39380,1,train
39381,1,train
39382,1,calib
39383,0,train
39384,1,test
39385,1,train
39386,0,train
39387,1,test
39388,1,train
39389,1,test
39390,1,train
39391,1,calib
39392,1,test
39393,1,calib
39394,1,calib
39395,0,test
39396,1,calib
39397,0,train
39398,1,train
39399,1,calib
39400,1,test
39401,0,calib
39402,1,train
39403,1,train
39404,1,train
39405,1,train
39406,1,train
39407,1,test
39408,1,test
39409,1,test
39410,1,train
39411,1,calib
39412,1,test
39413,1,train
39414,0,train
39415,1,train
39416,1,train
39417,1,train
39418,1,train
39419,0,train
39420,1,train
39421,1,train
39422,0,train
39423,0,train
39424,1,calib
39425,1,train
39426,0,train
39427,1,calib
39428,1,train
39429,0,train
39430,0,test
39431,1,test
39432,1,train
39433,1,test
39434,1,train
39435,1,train
39436,1,train
39437,1,train
39438,0,train
39439,1,train
39440,1,train
39441,1,train
39442,1,calib
39443,1,train
39444,0,train
39445,1,train
39446,1,calib
39447,1,calib
39448,0,train
39449,1,test
39450,1,train
39451,1,calib
39452,1,test
39453,1,train
39454,0,train
39455,1,train
39456,1,train
39457,1,test
39458,1,calib
39459,1,train
39460,1,train
39461,1,calib
39462,1,test
39463,0,test
39464,1,train
39465,0,train
39466,1,train
39467,0,calib
39468,1,test
39469,1,test
39470,1,train
39471,0,calib
39472,1,test
39473,0,calib
39474,1,calib
39475,1,calib
39476,1,train
39477,0,train
39478,0,train
39479,0,train
39480,1,test
39481,1,train
39482,1,train
39483,1,calib
39484,1,test
39485,1,train
39486,1,train
39487,0,train
39488,0,train
39489,1,calib
39490,1,test
39491,1,train
39492,1,train
39493,1,train
39494,1,calib
39495,1,train
39496,1,test
39497,0,test
39498,1,train
39499,1,calib
39500,0,train
39501,1,calib
39502,1,calib
39503,1,calib
39504,1,train
39505,1,train
39506,1,train
39507,0,train
39508,1,calib
39509,1,train
39510,0,train
39511,1,calib
39512,1,test
39513,1,train
39514,1,train
39515,1,train
39516,0,test
39517,0,train
39518,1,train
39519,1,calib
39520,1,test
39521,1,train
39522,1,train
39523,1,train
39524,1,calib
39525,0,train
39526,0,train
39527,1,test
39528,0,test
39529,1,test
39530,1,train
39531,1,train
39532,1,train
39533,0,train
39534,0,train
39535,1,train
39536,0,train
39537,1,test
39538,1,train
39539,1,train
39540,1,calib
39541,1,train
39542,0,train
39543,1,train
39544,1,train
39545,1,calib
39546,1,train
39547,0,train
39548,1,calib
39549,1,train
39550,0,test
39551,1,train
39552,1,train
39553,1,train
39554,1,test
39555,1,train
39556,1,train
39557,1,calib
39558,1,train
39559,1,train
39560,0,test
39561,1,train
39562,1,train
39563,1,test
39564,1,train
39565,0,train
39566,1,train
39567,1,train
39568,0,calib
39569,1,train
39570,0,train
39571,1,train
39572,1,test
39573,1,train
39574,1,train
39575,1,test
39576,1,train
39577,1,test
39578,1,train
39579,1,train
39580,1,calib
39581,1,train
39582,1,train
39583,1,calib
39584,0,train
39585,0,train
39586,1,calib
39587,1,calib
39588,0,test
39589,1,train
39590,0,test
39591,1,test
39592,1,test
39593,1,train
39594,1,train
39595,0,train
39596,1,train
39597,1,train
39598,1,test
39599,1,train
39600,0,train
39601,1,train
39602,1,train
39603,1,train
39604,1,train
39605,1,train
39606,1,train
39607,0,calib
39608,0,test
39609,1,train
39610,1,calib
39611,1,train
39612,1,calib
39613,1,train
39614,1,calib
39615,1,train
39616,1,test
39617,1,calib
39618,1,calib
39619,1,train
39620,1,train
39621,1,train
39622,0,train
39623,0,train
39624,1,test
39625,0,test
39626,1,test
39627,1,train
39628,1,train
39629,1,test
39630,1,train
39631,1,train
39632,1,train
39633,1,train
39634,0,train
39635,0,train
39636,1,train
39637,1,train
39638,1,train
39639,1,train
39640,0,test
39641,1,train
39642,1,train
39643,1,test
39644,1,calib
39645,1,calib
39646,1,train
39647,1,test
39648,0,train
39649,0,train
39650,1,train
39651,0,train
39652,0,train
39653,1,test
39654,1,test
39655,1,train
39656,1,train
39657,0,calib
39658,1,test
39659,1,train
39660,1,train
39661,1,test
39662,1,calib
39663,1,test
39664,0,calib
39665,1,train
39666,1,train
39667,1,train
39668,1,train
39669,1,test
39670,1,test
39671,0,train
39672,1,train
39673,1,train
39674,1,train
39675,1,train
39676,0,train
39677,0,calib
39678,0,train
39679,1,train
39680,1,train
39681,1,train
39682,1,calib
39683,1,test
39684,0,calib
39685,1,train
39686,1,train
39687,0,train
39688,1,test
39689,1,train
39690,1,calib
39691,0,train
39692,1,train
39693,1,train
39694,1,train
39695,1,train
39696,1,train
39697,1,calib
39698,1,train
39699,1,train
39700,1,test
39701,1,train
39702,1,test
39703,1,test
39704,1,test
39705,0,calib
39706,1,train
39707,0,test
39708,1,train
39709,1,test
39710,1,train
39711,1,test
39712,1,train
39713,1,calib
39714,1,train
39715,1,train
39716,1,train
39717,1,calib
39718,0,calib
39719,1,train
39720,0,train
39721,1,test
39722,0,test
39723,1,train
39724,1,train
39725,1,calib
39726,1,train
39727,1,train
39728,1,train
39729,0,test
39730,0,test
39731,1,calib
39732,1,train
39733,1,train
39734,1,train
39735,0,train
39736,0,train
39737,1,calib
39738,1,train
39739,1,calib
39740,1,calib
39741,1,train
39742,1,train
39743,1,train
39744,1,train
39745,1,test
39746,0,calib
39747,1,calib
39748,0,calib
39749,1,calib
39750,1,train
39751,1,train
39752,1,calib
39753,1,train
39754,1,train
39755,1,train
39756,1,train
39757,1,train
39758,1,train
39759,1,train
39760,1,train
39761,1,train
39762,1,test
39763,1,train
39764,1,train
39765,1,train
39766,1,train
39767,1,train
39768,1,train
39769,1,calib
39770,1,calib
39771,1,test
39772,0,train
39773,1,test
39774,1,test
39775,1,calib
39776,1,train
39777,1,test
39778,0,train
39779,0,train
39780,1,train
39781,1,train
39782,1,train
39783,1,train
39784,1,test
39785,1,test
39786,0,test
39787,1,train
39788,1,calib
39789,0,calib
39790,1,calib
39791,1,train
39792,1,train
39793,1,train
39794,1,train
39795,0,train
39796,1,train
39797,1,test
39798,1,calib
39799,1,train
39800,1,train
39801,1,test
39802,1,test
39803,1,train
39804,1,train
39805,1,test
39806,0,test
39807,1,test
39808,1,train
39809,1,train
39810,1,train
39811,1,train
39812,1,test
39813,1,train
39814,1,test
39815,0,calib
39816,1,test
39817,1,test
39818,0,calib
39819,1,train
39820,1,calib
39821,1,train
39822,0,test
39823,1,test
39824,1,train
39825,1,calib
39826,1,train
39827,1,calib
39828,1,train
39829,1,test
39830,1,calib
39831,1,calib
39832,1,train
39833,1,train
39834,1,test
39835,0,train
39836,1,train
39837,1,train
39838,1,test
39839,1,train
39840,1,train
39841,0,train
39842,1,calib
39843,1,calib
39844,1,train
39845,1,calib
39846,1,calib
39847,1,train
39848,1,train
39849,1,train
39850,1,train
39851,1,calib
39852,1,test
39853,1,calib
39854,1,train
39855,1,train
39856,1,test
39857,0,train
39858,1,train
39859,0,calib
39860,1,calib
39861,1,train
39862,0,calib
39863,1,calib
39864,1,train
39865,0,calib
39866,1,calib
39867,1,train
39868,1,calib
39869,1,train
39870,1,train
39871,1,test
39872,1,test
39873,0,train
39874,1,train
39875,0,train
39876,1,calib
39877,1,test
39878,1,calib
39879,1,test
39880,0,calib
39881,0,test
39882,1,calib
39883,0,train
39884,0,train
39885,1,train
39886,1,train
39887,1,train
39888,1,train
39889,1,train
39890,1,calib
39891,1,calib
39892,1,test
39893,0,train
39894,1,test
39895,1,train
39896,0,train
39897,1,test
39898,1,train
39899,1,train
39900,1,test
39901,1,test
39902,1,train
39903,0,train
39904,1,train
39905,1,calib
39906,1,test
39907,0,calib
39908,0,train
39909,1,train
39910,0,train
39911,1,train
39912,0,train
39913,1,train
39914,1,train
39915,1,train
39916,0,train
39917,0,test
39918,1,train
39919,1,train
39920,1,train
39921,1,train
39922,1,train
39923,0,calib
39924,1,train
39925,0,test
39926,1,train
39927,0,test
39928,1,calib
39929,1,train
39930,1,test
39931,1,train
39932,1,train
39933,1,train
39934,0,calib
39935,1,train
39936,1,train
39937,1,test
39938,1,train
39939,1,calib
39940,1,train
39941,1,train
39942,0,train
39943,1,train
39944,0,train
39945,0,train
39946,0,train
39947,1,train
39948,0,test
39949,1,train
39950,1,train
39951,1,test
39952,0,train
39953,1,calib
39954,1,train
39955,1,test
39956,0,test
39957,1,train
39958,1,train
39959,1,train
39960,1,calib
39961,1,train
39962,1,calib
39963,0,train
39964,1,calib
39965,0,train
39966,1,test
39967,1,calib
39968,1,test
39969,1,train
39970,1,train
39971,1,calib
39972,1,train
39973,0,train
39974,1,calib
39975,0,calib
39976,1,train
39977,1,train
39978,1,train
39979,1,train
39980,0,test
39981,1,train
39982,0,train
39983,1,train
39984,1,calib
39985,1,train
39986,1,train
39987,1,train
39988,0,test
39989,0,test
39990,1,train
39991,0,calib
39992,1,test
39993,1,train
39994,1,test
39995,1,calib
39996,1,train
39997,1,train
39998,0,train
39999,1,train
40000,1,train
40001,1,train
40002,1,train
40003,1,train
40004,1,train
40005,1,train
40006,1,train
40007,1,train
40008,1,test
40009,1,train
40010,0,train
40011,1,train
40012,1,calib
40013,1,train
40014,0,train
40015,1,calib
40016,0,test
40017,1,calib
40018,1,train
40019,1,test
40020,1,train
40021,0,train
40022,1,train
40023,1,train
40024,1,train
40025,1,test
40026,1,train
40027,1,train
40028,1,train
40029,0,calib
40030,0,test
40031,1,train
40032,0,train
40033,1,train
40034,1,test
40035,1,test
40036,1,test
40037,1,calib
40038,0,train
40039,1,calib
40040,1,calib
40041,1,train
40042,1,test
40043,1,train
40044,0,train
40045,1,test
40046,1,train
40047,1,train
40048,1,train
40049,1,calib
40050,0,train
40051,1,train
40052,1,train
40053,0,train
40054,0,train
40055,1,calib
40056,1,test
40057,1,calib
40058,1,train
40059,0,calib
40060,1,train
40061,1,train
40062,1,test
40063,1,train
40064,1,train
40065,1,train
40066,1,calib
40067,1,test
40068,1,test
40069,1,train
40070,0,train
40071,0,calib
40072,1,train
40073,0,calib
40074,1,train
40075,1,train
40076,1,calib
40077,0,train
40078,1,train
40079,0,test
40080,1,calib
40081,1,test
40082,1,train
40083,1,train
40084,0,test
40085,1,train
40086,1,train
40087,1,train
40088,0,test
40089,0,train
40090,1,train
40091,1,train
40092,1,train
40093,1,train
40094,0,test
40095,1,train
40096,1,train
40097,1,train
40098,1,calib
40099,1,calib
40100,1,train
40101,1,test
40102,1,train
40103,1,train
40104,0,train
40105,1,train
40106,0,train
40107,1,train
40108,1,train
40109,1,test
40110,0,calib
40111,0,train
40112,0,calib
40113,0,train
40114,1,test
40115,1,train
40116,1,train
40117,1,calib
40118,1,test
40119,1,train
40120,1,test
40121,1,calib
40122,1,train
40123,0,train
40124,1,train
40125,1,train
40126,0,train
40127,1,test
40128,0,test
40129,1,train
40130,1,calib
40131,1,test
40132,1,calib
40133,1,train
40134,1,train
40135,1,train
40136,1,train
40137,1,train
40138,1,train
40139,0,test
40140,1,test
40141,1,train
40142,1,calib
40143,0,calib
40144,1,calib
40145,1,train
40146,1,train
40147,1,train
40148,1,train
40149,1,train
40150,1,train
40151,1,calib
40152,1,train
40153,1,test
40154,0,calib
40155,1,calib
40156,1,test
40157,0,calib
40158,1,test
40159,1,train
40160,1,train
40161,1,test
40162,0,train
40163,1,train
40164,0,calib
40165,1,train
40166,0,test
40167,0,train
40168,1,train
40169,1,calib
40170,0,train
40171,1,train
40172,1,test
40173,1,test
40174,1,train
40175,1,train
40176,0,train
40177,0,train
40178,1,test
40179,1,train
40180,1,train
40181,1,test
40182,1,train
40183,1,test
40184,1,train
40185,0,calib
40186,1,calib
40187,1,train
40188,1,train
40189,1,train
40190,1,test
40191,1,train
40192,1,train
40193,0,test
40194,1,calib
40195,0,train
40196,1,calib
40197,0,train
40198,1,train
40199,0,test
40200,1,train
40201,1,train
40202,1,calib
40203,1,train
40204,0,train
40205,0,calib
40206,1,train
40207,1,calib
40208,1,train
40209,1,train
40210,0,calib
40211,0,test
40212,1,test
40213,0,calib
40214,1,train
40215,1,train
40216,1,train
40217,1,train
40218,0,test
40219,1,train
40220,1,calib
40221,1,test
40222,1,calib
40223,1,calib
40224,1,train
40225,1,calib
40226,1,train
40227,1,calib
40228,1,calib
40229,0,train
40230,1,test
40231,1,train
40232,1,test
40233,1,train
40234,1,calib
40235,1,train
40236,1,train
40237,1,train
40238,1,test
40239,1,test
40240,1,calib
40241,1,train
40242,0,train
40243,1,train
40244,1,train
40245,1,test
40246,1,train
40247,0,train
40248,1,test
40249,1,train
40250,1,train
40251,1,test
40252,1,train
40253,1,train
40254,1,calib
40255,1,train
40256,1,test
40257,1,test
40258,1,train
40259,1,calib
40260,1,test
40261,1,calib
40262,1,train
40263,0,train
40264,0,train
40265,1,train
40266,1,calib
40267,1,train
40268,1,test
40269,1,calib
40270,1,calib
40271,1,train
40272,0,calib
40273,1,train
40274,0,test
40275,1,train
40276,1,train
40277,1,calib
40278,1,train
40279,1,train
40280,1,calib
40281,0,train
40282,1,test
40283,1,train
40284,1,train
40285,1,train
40286,0,train
40287,1,test
40288,1,train
40289,1,train
40290,0,test
40291,0,train
40292,1,train
40293,1,train
40294,1,test
40295,1,calib
40296,1,test
40297,1,test
40298,1,train
40299,1,test
40300,1,train
40301,1,train
40302,0,test
40303,1,test
40304,1,train
40305,1,train
40306,1,calib
40307,0,train
40308,0,calib
40309,1,calib
40310,0,train
40311,1,calib
40312,1,calib
40313,0,train
40314,1,test
40315,1,train
40316,1,test
40317,1,train
40318,1,train
40319,1,train
40320,0,train
40321,0,test
40322,1,calib
40323,1,train
40324,1,train
40325,1,calib
40326,0,train
40327,1,train
40328,1,train
40329,1,train
40330,1,calib
40331,1,test
40332,1,train
40333,1,train
40334,1,train
40335,1,test
40336,1,train
40337,1,train
40338,1,train
40339,1,train
40340,1,train
40341,1,train
40342,1,train
40343,1,test
40344,1,train
40345,1,calib
40346,0,train
40347,1,calib
40348,1,calib
40349,1,calib
40350,1,train
40351,0,calib
40352,1,calib
40353,1,train
40354,1,train
40355,1,train
40356,1,calib
40357,0,calib
40358,1,train
40359,1,train
40360,1,train
40361,1,train
40362,1,train
40363,1,train
40364,0,test
40365,0,test
40366,0,train
40367,1,calib
40368,1,calib
40369,0,train
40370,1,test
40371,1,test
40372,1,train
40373,0,train
40374,1,train
40375,1,train
40376,1,train
40377,1,train
40378,1,train
40379,1,train
40380,1,train
40381,1,test
40382,0,test
40383,1,test
40384,0,train
40385,1,calib
40386,1,test
40387,1,test
40388,1,calib
40389,0,train
40390,1,train
40391,1,train
40392,0,train
40393,1,train
40394,1,train
40395,1,train
40396,1,train
40397,0,train
40398,0,train
40399,0,test
40400,1,train
40401,1,train
40402,1,calib
40403,1,train
40404,1,test
40405,1,train
40406,1,train
40407,1,calib
40408,0,test
40409,1,test
40410,1,train
40411,1,test
40412,1,train
40413,0,train
40414,1,calib
40415,0,train
40416,1,calib
40417,1,train
40418,0,calib
40419,1,test
40420,1,test
40421,1,train
40422,0,train
40423,0,train
40424,1,test
40425,1,train
40426,0,train
40427,1,train
40428,1,calib
40429,1,train
40430,1,calib
40431,1,calib
40432,1,calib
40433,1,train
40434,1,calib
40435,0,test
40436,1,test
40437,1,train
40438,1,test
40439,1,train
40440,0,calib
40441,1,train
40442,0,test
40443,1,test
40444,1,train
40445,1,train
40446,1,train
40447,1,train
40448,1,train
40449,0,calib
40450,1,train
40451,1,train
40452,0,test
40453,1,train
40454,1,test
40455,1,train
40456,1,train
40457,1,train
40458,0,train
40459,1,calib
40460,1,train
40461,1,train
40462,0,calib
40463,1,train
40464,1,test
40465,0,test
40466,1,calib
40467,1,calib
40468,1,train
40469,1,train
40470,1,test
40471,0,train
40472,1,test
40473,1,train
40474,1,train
40475,0,train
40476,0,calib
40477,1,train
40478,1,train
40479,1,train
40480,1,train
40481,1,train
40482,1,train
40483,1,test
40484,1,train
40485,1,calib
40486,1,train
40487,1,train
40488,1,test
40489,1,test
40490,1,train
40491,1,train
40492,1,test
40493,1,calib
40494,0,train
40495,1,train
40496,1,test
40497,1,train
40498,1,train
40499,1,train
40500,1,train
40501,1,train
40502,1,calib
40503,1,test
40504,1,train
40505,1,train
40506,1,train
40507,0,train
40508,1,train
40509,1,test
40510,1,train
40511,0,test
40512,1,test
40513,0,train
40514,0,train
40515,1,train
40516,0,train
40517,0,train
40518,1,calib
40519,1,test
40520,1,calib
40521,1,test
40522,1,train
40523,0,calib
40524,0,train
40525,1,train
40526,1,train
40527,1,test
40528,1,train
40529,1,train
40530,1,test
40531,1,calib
40532,0,calib
40533,1,test
40534,1,train
40535,1,train
40536,0,train
40537,0,calib
40538,1,calib
40539,1,train
40540,1,train
40541,1,train
40542,1,train
40543,0,calib
40544,1,calib
40545,0,calib
40546,1,train
40547,1,calib
40548,1,test
40549,1,train
40550,1,train
40551,1,train
40552,0,train
40553,0,train
40554,1,train
40555,1,train
40556,1,train
40557,1,test
40558,1,test
40559,0,train
40560,1,train
40561,1,train
40562,1,test
40563,0,train
40564,1,calib
40565,1,test
40566,1,train
40567,0,train
40568,1,train
40569,0,train
40570,1,train
40571,0,train
40572,1,train
40573,1,train
40574,0,train
40575,1,calib
40576,1,calib
40577,1,test
40578,1,calib
40579,1,train
40580,0,calib
40581,1,train
40582,1,test
40583,0,test
40584,1,calib
40585,1,train
40586,1,train
40587,1,train
40588,1,train
40589,1,train
40590,1,train
40591,0,train
40592,0,train
40593,1,train
40594,1,test
40595,1,train
40596,0,train
40597,0,train
40598,1,calib
40599,1,calib
40600,1,train
40601,1,train
40602,1,train
40603,1,test
40604,1,test
40605,0,calib
40606,1,calib
40607,1,test
40608,1,calib
40609,0,train
40610,0,train
40611,1,train
40612,1,test
40613,1,train
40614,1,train
40615,1,test
40616,1,train
40617,1,train
40618,1,train
40619,1,test
40620,1,train
40621,1,calib
40622,1,train
40623,0,test
40624,0,train
40625,0,train
40626,0,train
40627,0,train
40628,0,train
40629,1,calib
40630,0,train
40631,1,train
40632,0,test
40633,1,train
40634,0,test
40635,1,calib
40636,0,test
40637,1,test
40638,1,train
40639,1,train
40640,1,calib
40641,1,test
40642,1,train
40643,1,train
40644,1,train
40645,1,train
40646,1,train
40647,1,test
40648,0,test
40649,1,calib
40650,0,train
40651,1,train
40652,1,test
40653,1,train
40654,1,train
40655,0,train
40656,1,train
40657,1,calib
40658,1,calib
40659,1,calib
40660,0,calib
40661,1,train
40662,1,train
40663,1,train
40664,1,calib
40665,1,train
40666,1,train
40667,1,calib
40668,1,train
40669,1,test
40670,1,calib
40671,1,train
40672,1,train
40673,1,train
40674,1,train
40675,1,calib
40676,1,train
40677,1,train
40678,1,test
40679,0,train
40680,1,test
40681,1,train
40682,1,test
40683,1,train
40684,1,train
40685,1,test
40686,1,calib
40687,1,train
40688,1,train
40689,1,train
40690,1,train
40691,0,train
40692,1,train
40693,1,calib
40694,1,train
40695,1,calib
40696,1,train
40697,1,train
40698,1,train
40699,1,test
40700,0,calib
40701,1,train
40702,1,train
40703,1,train
40704,1,calib
40705,0,calib
40706,1,test
40707,0,train
40708,0,train
40709,1,test
40710,1,train
40711,1,train
40712,1,train
40713,1,test
40714,1,calib
40715,1,train
40716,1,train
40717,0,test
40718,0,calib
40719,1,test
40720,1,train
40721,1,train
40722,1,train
40723,1,calib
40724,1,train
40725,1,test
40726,1,train
40727,0,train
40728,0,test
40729,0,train
40730,1,train
40731,1,train
40732,1,train
40733,1,train
40734,0,train
40735,1,train
40736,0,calib
40737,1,calib
40738,1,calib
40739,1,test
40740,1,train
40741,1,train
40742,1,train
40743,0,test
40744,0,test
40745,0,train
40746,1,test
40747,1,train
40748,0,train
40749,1,train
40750,1,test
40751,1,calib
40752,1,train
40753,1,train
40754,1,train
40755,1,train
40756,0,calib
40757,1,train
40758,1,test
40759,1,train
40760,1,calib
40761,1,train
40762,1,train
40763,1,train
40764,1,train
40765,1,calib
40766,1,train
40767,1,train
40768,1,test
40769,1,calib
40770,1,train
40771,1,train
40772,0,calib
40773,1,train
40774,1,test
40775,0,calib
40776,0,train
40777,1,calib
40778,1,test
40779,1,test
40780,1,test
40781,1,test
40782,0,test
40783,1,calib
40784,1,test
40785,1,train
40786,1,train
40787,1,train
40788,1,calib
40789,1,train
40790,1,test
40791,0,test
40792,1,train
40793,1,calib
40794,0,train
40795,1,train
40796,1,train
40797,0,train
40798,1,train
40799,1,calib
40800,1,calib
40801,1,train
40802,1,train
40803,1,test
40804,1,train
40805,0,test
40806,1,calib
40807,1,train
40808,1,calib
40809,1,test
40810,1,calib
40811,1,train
40812,1,calib
40813,0,calib
40814,0,calib
40815,1,train
40816,1,train
40817,0,train
40818,1,train
40819,1,test
40820,1,test
40821,0,train
40822,1,train
40823,1,train
40824,1,test
40825,1,test
40826,0,train
40827,1,calib
40828,1,calib
40829,1,train
40830,0,train
40831,1,calib
40832,1,train
40833,0,test
40834,1,train
40835,1,train
40836,1,calib
40837,0,calib
40838,0,train
40839,1,train
40840,1,test
40841,1,train
40842,1,train
40843,1,test
40844,0,test
40845,1,train
40846,1,train
40847,0,train
40848,1,calib
40849,1,train
40850,1,calib
40851,1,calib
40852,1,train
40853,1,calib
40854,1,calib
40855,0,test
40856,0,test
40857,1,train
40858,0,train
40859,1,test
40860,1,train
40861,1,calib
40862,1,test
40863,1,train
40864,1,train
40865,1,train
40866,0,test
40867,1,train
40868,1,train
40869,1,train
40870,1,test
40871,1,train
40872,1,calib
40873,1,calib
40874,1,train
40875,1,train
40876,1,train
40877,0,train
40878,0,test
40879,1,train
40880,0,train
40881,1,train
40882,0,test
40883,1,train
40884,1,calib
40885,1,train
40886,1,train
40887,1,test
40888,1,train
40889,1,calib
40890,1,calib
40891,1,train
40892,0,train
40893,0,test
40894,0,train
40895,1,train
40896,1,train
40897,1,train
40898,1,calib
40899,0,test
40900,0,calib
40901,1,train
40902,1,train
40903,0,test
40904,1,calib
40905,0,train
40906,1,calib
40907,1,train
40908,1,train
40909,0,train
40910,1,train
40911,1,calib
40912,1,train
40913,1,calib
40914,0,train
40915,1,train
40916,1,train
40917,1,test
40918,0,calib
40919,1,test
40920,1,train
40921,1,train
40922,1,train
40923,1,train
40924,1,train
40925,1,test
40926,0,train
40927,0,train
40928,1,train
40929,0,calib
40930,0,train
40931,1,calib
40932,1,calib
40933,0,calib
40934,1,calib
40935,0,test
40936,1,train
40937,0,train
40938,1,calib
40939,1,calib
40940,1,train
40941,1,train
40942,1,test
40943,1,train
40944,1,calib
40945,1,train
40946,1,train
40947,1,train
40948,1,test
40949,1,train
40950,1,train
40951,1,train
40952,1,train
40953,0,train
40954,1,train
40955,1,train
40956,1,train
40957,1,calib
40958,1,train
40959,0,test
40960,0,train
40961,1,test
40962,1,train
40963,1,train
40964,1,train
40965,1,train
40966,1,train
40967,1,calib
40968,0,calib
40969,1,calib
40970,0,train
40971,1,train
40972,0,train
40973,0,train
40974,1,train
40975,1,train
40976,1,calib
40977,1,train
40978,1,test
40979,1,calib
40980,1,train
40981,0,train
40982,1,test
40983,1,train
40984,1,test
40985,0,calib
40986,1,train
40987,1,calib
40988,1,test
40989,1,train
40990,0,train
40991,1,train
40992,1,train
40993,1,test
40994,0,train
40995,0,calib
40996,1,calib
40997,0,calib
40998,1,calib
40999,1,calib
41000,0,test
41001,1,calib
41002,0,train
41003,1,train
41004,1,train
41005,1,train
41006,1,calib
41007,1,train
41008,1,train
41009,0,calib
41010,0,train
41011,1,train
41012,1,calib
41013,0,train
41014,1,calib
41015,1,train
41016,1,train
41017,1,train
41018,0,train
41019,1,test
41020,1,train
41021,1,train
41022,0,train
41023,1,calib
41024,0,train
41025,1,calib
41026,1,train
41027,1,train
41028,1,train
41029,1,calib
41030,1,train
41031,1,train
41032,1,test
41033,1,calib
41034,1,train
41035,1,train
41036,1,calib
41037,1,calib
41038,1,test
41039,1,train
41040,1,train
41041,0,calib
41042,1,test
41043,1,train
41044,0,calib
41045,1,test
41046,1,train
41047,1,calib
41048,1,test
41049,0,train
41050,0,test
41051,1,train
41052,1,calib
41053,1,train
41054,1,train
41055,1,train
41056,1,test
41057,1,train
41058,1,train
41059,1,calib
41060,0,train
41061,1,test
41062,0,train
41063,1,train
41064,0,train
41065,0,train
41066,1,train
41067,1,train
41068,0,calib
41069,1,train
41070,1,train
41071,0,calib
41072,1,calib
41073,0,train
41074,1,train
41075,0,test
41076,0,test
41077,0,train
41078,1,test
41079,1,test
41080,0,calib
41081,0,train
41082,1,train
41083,1,test
41084,0,calib
41085,1,train
41086,1,train
41087,0,train
41088,1,train
41089,1,train
41090,1,test
41091,1,train
41092,1,calib
41093,0,train
41094,1,train
41095,1,train
41096,1,train
41097,1,test
41098,1,train
41099,1,train
41100,1,train
41101,1,train
41102,1,test
41103,1,train
41104,1,train
41105,1,train
41106,1,calib
41107,1,calib
41108,1,calib
41109,1,calib
41110,0,train
41111,0,calib
41112,1,calib
41113,1,calib
41114,1,train
41115,1,train
41116,1,test
41117,1,train
41118,1,train
41119,1,train
41120,1,calib
41121,1,train
41122,1,test
41123,0,train
41124,1,calib
41125,1,calib
41126,1,test
41127,1,test
41128,1,train
41129,1,train
41130,1,train
41131,1,test
41132,0,train
41133,0,train
41134,1,train
41135,1,train
41136,1,calib
41137,1,test
41138,1,train
41139,1,train
41140,1,test
41141,1,train
41142,1,train
41143,1,train
41144,0,train
41145,1,test
41146,1,train
41147,1,calib
41148,1,train
41149,1,train
41150,0,train
41151,1,test
41152,0,train
41153,1,train
41154,1,train
41155,1,test
41156,0,train
41157,0,train
41158,1,calib
41159,1,test
41160,1,test
41161,0,train
41162,0,calib
41163,1,train
41164,0,train
41165,0,train
41166,0,train
41167,1,test
41168,1,calib
41169,1,train
41170,1,calib
41171,0,calib
41172,1,train
41173,0,train
41174,1,train
41175,0,test
41176,1,train
41177,0,train
41178,1,train
41179,1,train
41180,1,train
41181,1,train
41182,1,train
41183,1,train
41184,1,train
41185,1,train
41186,1,calib
41187,1,test
41188,1,train
41189,1,train
41190,1,test
41191,0,train
41192,0,train
41193,1,train
41194,0,test
41195,0,test
41196,1,train
41197,1,train
41198,1,train
41199,0,train
41200,1,train
41201,1,train
41202,1,test
41203,0,train
41204,1,test
41205,1,train
41206,1,train
41207,1,train
41208,1,test
41209,1,train
41210,1,test
41211,1,train
41212,0,train
41213,1,calib
41214,0,test
41215,0,train
41216,1,test
41217,1,train
41218,1,test
41219,1,calib
41220,1,train
41221,1,test
41222,1,train
41223,1,train
41224,0,train
41225,1,test
41226,0,test
41227,0,test
41228,1,train
41229,0,train
41230,1,test
41231,1,calib
41232,1,calib
41233,1,train
41234,1,train
41235,1,calib
41236,0,test
41237,0,calib
41238,1,train
41239,1,train
41240,0,test
41241,0,train
41242,1,train
41243,1,calib
41244,0,test
41245,1,train
41246,1,train
41247,1,train
41248,1,train
41249,1,calib
41250,1,train
41251,1,train
41252,1,train
41253,0,test
41254,1,train
41255,1,train
41256,1,train
41257,1,train
41258,1,train
41259,0,calib
41260,0,train
41261,1,test
41262,1,train
41263,1,train
41264,0,train
41265,0,calib
41266,0,train
41267,1,calib
41268,1,calib
41269,1,train
41270,1,train
41271,1,test
41272,0,train
41273,1,train
41274,1,calib
41275,1,train
41276,0,train
41277,0,calib
41278,1,train
41279,1,train
41280,0,test
41281,1,train
41282,1,train
41283,1,train
41284,1,calib
41285,1,train
41286,1,train
41287,1,train
41288,1,test
41289,1,test
41290,1,test
41291,1,calib
41292,1,train
41293,1,train
41294,1,test
41295,0,calib
41296,1,train
41297,1,calib
41298,1,test
41299,0,train
41300,1,train
41301,0,train
41302,1,train
41303,1,train
41304,1,calib
41305,1,train
41306,1,calib
41307,0,train
41308,1,calib
41309,1,test
41310,1,calib
41311,1,train
41312,1,test
41313,1,train
41314,1,train
41315,1,train
41316,0,train
41317,1,test
41318,0,train
41319,1,train
41320,0,calib
41321,1,train
41322,1,train
41323,1,train
41324,1,calib
41325,1,train
41326,1,test
41327,1,train
41328,1,test
41329,0,train
41330,1,train
41331,1,calib
41332,1,train
41333,1,test
41334,1,train
41335,0,train
41336,1,train
41337,0,test
41338,0,calib
41339,0,calib
41340,1,calib
41341,0,train
41342,1,calib
41343,0,test
41344,1,test
41345,1,calib
41346,1,train
41347,1,test
41348,1,calib
41349,0,train
41350,1,test
41351,1,calib
41352,1,test
41353,1,calib
41354,0,train
41355,1,train
41356,1,test
41357,1,test
41358,1,train
41359,1,test
41360,0,train
41361,0,train
41362,0,train
41363,1,test
41364,1,test
41365,1,test
41366,1,calib
41367,1,calib
41368,1,calib
41369,1,test
41370,1,calib
41371,1,train
41372,1,train
41373,1,calib
41374,1,calib
41375,0,train
41376,0,calib
41377,1,train
41378,0,calib
41379,1,calib
41380,1,test
41381,1,train
41382,1,train
41383,1,train
41384,1,train
41385,0,train
41386,1,train
41387,1,train
41388,0,train
41389,1,calib
41390,1,calib
41391,1,train
41392,1,calib
41393,1,train
41394,1,train
41395,1,train
41396,1,test
41397,1,train
41398,1,train
41399,1,train
41400,1,test
41401,0,train
41402,1,calib
41403,1,calib
41404,1,train
41405,1,train
41406,1,test
41407,1,calib
41408,1,train
41409,1,calib
41410,1,train
41411,0,calib
41412,0,train
41413,1,test
41414,1,train
41415,1,calib
41416,0,test
41417,1,train
41418,0,test
41419,1,calib
41420,0,test
41421,1,train
41422,0,test
41423,1,test
41424,1,test
41425,1,train
41426,1,train
41427,1,train
41428,0,train
41429,1,train
41430,1,train
41431,1,train
41432,1,calib
41433,1,train
41434,1,train
41435,1,test
41436,1,test
41437,1,train
41438,0,train
41439,1,train
41440,0,train
41441,1,test
41442,1,train
41443,0,train
41444,0,train
41445,1,train
41446,1,train
41447,1,train
41448,1,calib
41449,0,train
41450,1,train
41451,1,calib
41452,1,train
41453,1,test
41454,0,train
41455,0,train
41456,0,test
41457,1,calib
41458,1,train
41459,1,train
41460,0,calib
41461,1,train
41462,1,train
41463,1,train
41464,0,test
41465,1,train
41466,1,calib
41467,1,calib
41468,1,train
41469,1,calib
41470,1,test
41471,1,train
41472,1,test
41473,1,test
41474,0,train
41475,1,test
41476,0,train
41477,1,train
41478,1,train
41479,0,train
41480,1,test
41481,1,test
41482,1,train
41483,1,calib
41484,0,train
41485,0,train
41486,1,train
41487,0,test
41488,1,test
41489,1,train
41490,1,train
41491,1,train
41492,1,calib
41493,1,train
41494,1,train
41495,1,test
41496,1,train
41497,1,train
41498,1,test
41499,1,train
41500,1,test
41501,1,test
41502,0,train
41503,1,train
41504,0,train
41505,0,test
41506,0,test
41507,0,train
41508,1,test
41509,1,test
41510,1,test
41511,0,test
41512,1,train
41513,1,train
41514,1,train
41515,1,train
41516,1,train
41517,1,train
41518,0,test
41519,1,test
41520,0,train
41521,0,calib
41522,0,train
41523,1,train
41524,1,train
41525,0,train
41526,0,test
41527,1,calib
41528,1,test
41529,1,train
41530,1,train
41531,1,train
41532,1,train
41533,1,calib
41534,1,test
41535,1,train
41536,1,train
41537,1,train
41538,1,test
41539,1,train
41540,1,train
41541,1,train
41542,1,test
41543,1,train
41544,1,train
41545,1,test
41546,1,train
41547,0,calib
41548,1,train
41549,1,train
41550,1,test
41551,1,calib
41552,1,train
41553,0,train
41554,1,calib
41555,1,test
41556,1,test
41557,0,calib
41558,1,train
41559,1,test
41560,0,calib
41561,1,train
41562,0,train
41563,1,train
41564,0,train
41565,1,train
41566,1,calib
41567,0,test
41568,1,train
41569,1,calib
41570,0,test
41571,1,train
41572,1,test
41573,0,train
41574,1,train
41575,1,test
41576,1,calib
41577,1,train
41578,1,calib
41579,1,train
41580,1,train
41581,0,train
41582,1,calib
41583,1,train
41584,1,test
41585,1,test
41586,1,train
41587,1,train
41588,0,train
41589,0,test
41590,0,train
41591,1,train
41592,1,train
41593,1,train
41594,0,calib
41595,1,train
41596,1,train
41597,0,calib
41598,1,train
41599,0,train
41600,1,train
41601,1,train
41602,0,calib
41603,1,train
41604,1,train
41605,1,test
41606,1,train
41607,0,train
41608,1,test
41609,1,train
41610,1,calib
41611,1,train
41612,1,calib
41613,1,train
41614,1,test
41615,1,calib
41616,1,train
41617,1,test
41618,1,calib
41619,1,test
41620,1,train
41621,1,train
41622,1,train
41623,1,train
41624,1,train
41625,1,train
41626,1,calib
41627,1,train
41628,1,train
41629,1,test
41630,1,test
41631,1,calib
41632,1,train
41633,0,train
41634,1,test
41635,0,test
41636,1,test
41637,1,calib
41638,1,train
41639,1,train
41640,1,calib
41641,1,train
41642,1,test
41643,1,train
41644,1,train
41645,1,calib
41646,1,train
41647,1,test
41648,1,train
41649,0,train
41650,1,test
41651,1,train
41652,1,train
41653,1,test
41654,0,test
41655,1,test
41656,1,train
41657,0,calib
41658,0,train
41659,0,calib
41660,0,train
41661,1,calib
41662,1,train
41663,1,train
41664,1,train
41665,1,test
41666,1,train
41667,0,train
41668,1,train
41669,1,train
41670,1,train
41671,1,train
41672,1,train
41673,0,train
41674,1,train
41675,0,train
41676,1,calib
41677,1,train
41678,0,test
41679,0,train
41680,1,train
41681,0,train
41682,1,train
41683,1,train
41684,1,test
41685,1,calib
41686,1,test
41687,1,train
41688,1,train
41689,1,train
41690,0,test
41691,1,train
41692,0,train
41693,1,calib
41694,1,train
41695,1,train
41696,1,train
41697,1,train
41698,1,train
41699,0,train
41700,1,calib
41701,1,train
41702,1,train
41703,1,train
41704,1,test
41705,1,test
41706,1,test
41707,1,train
41708,1,calib
41709,1,train
41710,1,calib
41711,1,train
41712,1,test
41713,1,train
41714,1,train
41715,0,test
41716,1,train
41717,1,train
41718,1,train
41719,0,calib
41720,1,test
41721,1,calib
41722,1,calib
41723,1,train
41724,1,train
41725,1,train
41726,1,train
41727,1,train
41728,0,train
41729,1,train
41730,1,calib
41731,0,train
41732,0,train
41733,1,test
41734,1,calib
41735,1,train
41736,1,train
41737,1,train
41738,1,calib
41739,1,test
41740,1,calib
41741,1,train
41742,1,test
41743,1,test
41744,1,train
41745,1,train
41746,0,test
41747,0,calib
41748,0,test
41749,1,calib
41750,0,calib
41751,1,train
41752,1,train
41753,0,train
41754,0,train
41755,1,train
41756,1,train
41757,1,train
41758,1,train
41759,1,train
41760,0,calib
41761,0,calib
41762,1,train
41763,0,train
41764,1,test
41765,1,train
41766,0,calib
41767,0,train
41768,1,train
41769,0,calib
41770,1,train
41771,0,train
41772,1,test
41773,1,test
41774,1,test
41775,0,calib
41776,1,test
41777,0,train
41778,1,train
41779,1,test
41780,1,train
41781,1,train
41782,1,train
41783,1,calib
41784,1,train
41785,0,calib
41786,1,test
41787,1,test
41788,0,train
41789,1,train
41790,1,train
41791,1,train
41792,0,calib
41793,1,train
41794,1,calib
41795,1,train
41796,1,calib
41797,1,train
41798,1,train
41799,1,train
41800,1,train
41801,1,test
41802,0,test
41803,1,calib
41804,1,calib
41805,1,test
41806,0,test
41807,0,train
41808,1,train
41809,0,train
41810,1,train
41811,1,train
41812,1,train
41813,1,train
41814,1,train
41815,1,train
41816,1,train
41817,0,train
41818,1,train
41819,0,test
41820,1,train
41821,1,calib
41822,1,calib
41823,1,train
41824,1,train
41825,1,train
41826,1,train
41827,1,test
41828,0,train
41829,1,test
41830,1,train
41831,1,calib
41832,1,train
41833,1,calib
41834,1,train
41835,0,train
41836,1,test
41837,1,calib
41838,1,train
41839,1,test
41840,0,calib
41841,0,train
41842,1,train
41843,1,test
41844,1,train
41845,1,calib
41846,1,test
41847,1,train
41848,1,train
41849,1,train
41850,1,train
41851,1,calib
41852,1,test
41853,1,train
41854,1,calib
41855,1,test
41856,1,calib
41857,1,train
41858,0,train
41859,0,train
41860,1,train
41861,1,calib
41862,1,train
41863,1,calib
41864,1,train
41865,1,train
41866,1,train
41867,1,calib
41868,0,train
41869,1,train
41870,1,train
41871,1,train
41872,1,calib
41873,1,train
41874,0,train
41875,1,train
41876,1,train
41877,1,test
41878,0,calib
41879,0,calib
41880,1,train
41881,1,test
41882,1,train
41883,1,train
41884,1,test
41885,1,train
41886,0,test
41887,1,train
41888,1,train
41889,1,test
41890,1,calib
41891,0,train
41892,0,train
41893,1,calib
41894,0,train
41895,0,test
41896,0,calib
41897,1,train
41898,1,train
41899,1,test
41900,0,train
41901,1,calib
41902,0,test
41903,1,train
41904,0,test
41905,1,test
41906,1,train
41907,1,test
41908,0,train
41909,1,calib
41910,0,test
41911,1,test
41912,1,train
41913,0,train
41914,0,train
41915,1,train
41916,1,train
41917,1,train
41918,1,train
41919,1,calib
41920,1,train
41921,1,train
41922,1,calib
41923,1,train
41924,1,train
41925,1,train
41926,1,train
41927,1,test
41928,1,train
41929,1,test
41930,1,train
41931,1,calib
41932,0,train
41933,1,calib
41934,1,calib
41935,1,calib
41936,0,train
41937,1,calib
41938,1,train
41939,0,calib
41940,1,calib
41941,1,train
41942,1,train
41943,1,train
41944,1,calib
41945,1,train
41946,0,train
41947,1,train
41948,1,train
41949,1,train
41950,1,train
41951,1,calib
41952,0,train
41953,1,calib
41954,1,train
41955,0,train
41956,0,train
41957,1,train
41958,1,train
41959,1,train
41960,0,train
41961,1,train
41962,1,test
41963,0,train
41964,0,train
41965,0,train
41966,1,test
41967,0,test
41968,0,test
41969,1,train
41970,1,train
41971,1,train
41972,1,train
41973,0,train
41974,1,calib
41975,1,train
41976,1,train
41977,1,train
41978,1,train
41979,0,test
41980,1,train
41981,1,train
41982,0,train
41983,1,train
41984,1,calib
41985,1,calib
41986,1,train
41987,1,train
41988,0,train
41989,1,test
41990,1,train
41991,0,train
41992,1,calib
41993,1,train
41994,1,test
41995,1,train
41996,0,train
41997,0,train
41998,1,train
41999,1,train
42000,0,train
42001,1,calib
42002,1,test
42003,0,test
42004,1,train
42005,1,train
42006,0,calib
42007,1,calib
42008,1,train
42009,1,train
42010,0,train
42011,1,train
42012,0,calib
42013,0,train
42014,1,test
42015,1,train
42016,1,train
42017,1,train
42018,1,train
42019,1,calib
42020,0,test
42021,1,test
42022,0,train
42023,1,test
42024,1,test
42025,0,calib
42026,1,calib
42027,1,train
42028,0,train
42029,0,train
42030,1,calib
42031,0,train
42032,1,train
42033,1,train
42034,0,train
42035,0,train
42036,1,train
42037,1,train
42038,0,train
42039,1,train
42040,1,test
42041,1,calib
42042,1,train
42043,0,test
42044,0,train
42045,0,train
42046,1,train
42047,1,train
42048,0,calib
42049,0,train
42050,1,train
42051,1,calib
42052,1,train
42053,1,train
42054,1,calib
42055,1,train
42056,1,test
42057,0,train
42058,1,train
42059,1,calib
42060,1,train
42061,1,train
42062,1,train
42063,1,train
42064,1,test
42065,0,train
42066,0,calib
42067,1,calib
42068,1,calib
42069,1,calib
42070,1,calib
42071,0,train
42072,1,test
42073,1,calib
42074,1,train
42075,1,train
42076,1,train
42077,1,calib
42078,1,train
42079,1,test
42080,0,calib
42081,0,train
42082,0,train
42083,1,train
42084,0,train
42085,0,test
42086,0,train
42087,1,calib
42088,1,train
42089,1,train
42090,1,test
42091,1,test
42092,1,test
42093,1,train
42094,1,calib
42095,1,test
42096,1,train
42097,1,train
42098,1,calib
42099,1,train
42100,1,calib
42101,0,train
42102,1,test
42103,0,test
42104,1,train
42105,0,test
42106,1,test
42107,0,calib
42108,0,train
42109,0,calib
42110,1,calib
42111,1,calib
42112,1,train
42113,1,train
42114,1,train
42115,1,calib
42116,1,test
42117,1,test
42118,1,train
42119,1,calib
42120,1,train
42121,1,train
42122,1,calib
42123,1,train
42124,1,train
42125,0,test
42126,1,train
42127,0,test
42128,1,train
42129,0,train
42130,1,test
42131,0,train
42132,1,test
42133,0,train
42134,1,train
42135,0,calib
42136,1,train
42137,0,calib
42138,0,test
42139,1,train
42140,1,train
42141,1,train
42142,1,train
42143,1,train
42144,1,train
42145,1,calib
42146,1,train
42147,1,train
42148,1,calib
42149,1,calib
42150,0,train
42151,1,test
42152,1,train
42153,1,calib
42154,1,calib
42155,1,train
42156,1,train
42157,1,train
42158,1,train
42159,1,calib
42160,1,train
42161,0,train
42162,1,train
42163,1,train
42164,1,train
42165,1,train
42166,1,train
42167,0,test
42168,1,train
42169,1,train
42170,1,train
42171,1,train
42172,1,test
42173,0,train
42174,0,calib
42175,1,calib
42176,0,test
42177,0,train
42178,1,train
42179,1,train
42180,0,train
42181,0,train
42182,1,test
42183,1,train
42184,1,train
42185,0,test
42186,1,train
42187,0,calib
42188,0,test
42189,1,train
42190,1,train
42191,1,train
42192,1,train
42193,0,test
42194,1,train
42195,1,train
42196,1,calib
42197,1,train
42198,1,train
42199,1,calib
42200,1,calib
42201,1,test
42202,0,calib
42203,1,test
42204,1,test
42205,1,train
42206,1,train
42207,1,test
42208,1,train
42209,1,test
42210,1,calib
42211,1,train
42212,1,train
42213,1,test
42214,1,test
42215,0,train
42216,1,test
42217,1,train
42218,1,train
42219,1,test
42220,1,test
42221,1,calib
42222,0,train
42223,0,test
42224,1,train
42225,1,train
42226,1,calib
42227,1,calib
42228,1,train
42229,0,test
42230,1,train
42231,1,train
42232,0,test
42233,1,calib
42234,1,test
42235,1,train
42236,1,calib
42237,0,train
42238,1,train
42239,1,train
42240,1,train
42241,1,train
42242,1,train
42243,1,train
42244,1,train
42245,1,train
42246,1,train
42247,1,train
42248,1,test
42249,0,train
42250,1,calib
42251,1,train
42252,1,train
42253,0,calib
42254,1,test
42255,0,train
42256,1,test
42257,1,calib
42258,0,test
42259,0,test
42260,1,calib
42261,0,train
42262,0,calib
42263,1,train
42264,1,train
42265,0,train
42266,1,test
42267,1,train
42268,1,train
42269,1,train
42270,1,calib
42271,1,train
42272,1,test
42273,1,test
42274,0,train
42275,1,test
42276,1,calib
42277,0,train
42278,1,train
42279,1,train
42280,1,train
42281,1,train
42282,0,train
42283,1,train
42284,0,calib
42285,1,train
42286,1,train
42287,1,calib
42288,0,train
42289,1,test
42290,1,train
42291,0,calib
42292,1,train
42293,1,train
42294,1,train
42295,1,train
42296,1,train
42297,1,calib
42298,0,train
42299,1,test
42300,1,train
42301,0,train
42302,1,train
42303,1,train
42304,1,test
42305,1,test
42306,1,test
42307,1,train
42308,1,calib
42309,1,calib
42310,0,train
42311,1,calib
42312,0,calib
42313,1,test
42314,1,train
42315,1,train
42316,1,calib
42317,1,test
42318,1,train
42319,0,train
42320,1,train
42321,1,train
42322,1,train
42323,1,train
42324,1,train
42325,1,train
42326,1,train
42327,1,calib
42328,0,train
42329,0,calib
42330,1,test
42331,1,test
42332,1,train
42333,0,train
42334,1,train
42335,1,calib
42336,1,train
42337,1,train
42338,1,calib
42339,1,train
42340,1,train
42341,0,train
42342,0,train
42343,0,train
42344,1,calib
42345,1,calib
42346,0,train
42347,1,train
42348,0,train
42349,1,train
42350,1,train
42351,1,train
42352,0,calib
42353,0,train
42354,1,train
42355,0,train
42356,0,train
42357,0,train
42358,1,train
42359,1,train
42360,1,train
42361,1,test
42362,1,calib
42363,1,train
42364,1,train
42365,1,train
42366,1,train
42367,1,train
42368,1,train
42369,1,calib
42370,1,train
42371,1,train
42372,1,calib
42373,1,train
42374,0,train
42375,0,train
42376,0,train
42377,1,calib
42378,1,test
42379,0,train
42380,1,train
42381,1,train
42382,0,calib
42383,1,train
42384,1,train
42385,1,train
42386,1,train
42387,1,train
42388,1,calib
42389,1,test
42390,1,test
42391,0,train
42392,1,train
42393,1,test
42394,0,train
42395,1,test
42396,1,train
42397,1,train
42398,1,train
42399,1,train
42400,0,calib
42401,1,train
42402,1,test
42403,0,calib
42404,1,calib
42405,1,train
42406,1,train
42407,1,train
42408,1,train
42409,1,train
42410,1,train
42411,0,train
42412,0,train
42413,1,train
42414,1,train
42415,0,train
42416,1,train
42417,1,train
42418,1,train
42419,1,train
42420,0,test
42421,1,train
42422,1,train
42423,1,test
42424,0,train
42425,1,test
42426,1,train
42427,1,train
42428,0,calib
42429,1,train
42430,0,train
42431,1,train
42432,0,train
42433,1,calib
42434,0,train
42435,0,train
42436,1,calib
42437,1,test
42438,0,calib
42439,1,train
42440,0,train
42441,1,test
42442,1,train
42443,1,calib
42444,1,test
42445,1,train
42446,1,train
42447,1,train
42448,1,train
42449,1,test
42450,1,train
42451,0,test
42452,1,train
42453,0,train
42454,0,train
42455,1,train
42456,1,train
42457,0,train
42458,1,train
42459,1,train
42460,0,test
42461,0,test
42462,1,train
42463,1,calib
42464,1,train
42465,1,train
42466,0,train
42467,1,train
42468,1,train
42469,1,train
42470,0,calib
42471,1,train
42472,1,test
42473,0,train
42474,1,calib
42475,1,train
42476,0,test
42477,0,calib
42478,0,train
42479,1,train
42480,0,train
42481,0,test
42482,0,train
42483,1,calib
42484,1,train
42485,1,train
42486,0,test
42487,1,calib
42488,0,train
42489,1,train
42490,1,calib
42491,1,train
42492,1,train
42493,0,train
42494,1,test
42495,1,calib
42496,1,calib
42497,1,train
42498,1,train
42499,1,calib
42500,0,calib
42501,0,calib
42502,1,train
42503,1,train
42504,0,train
42505,1,train
42506,1,train
42507,1,train
42508,1,train
42509,0,train
42510,0,train
42511,1,train
42512,1,train
42513,1,train
42514,1,train
42515,1,train
42516,1,test
42517,1,calib
42518,1,calib
42519,1,train
42520,1,train
42521,1,train
42522,1,train
42523,1,calib
42524,1,test
42525,0,train
42526,1,train
42527,1,train
42528,1,train
42529,1,calib
42530,1,calib
42531,0,train
42532,1,train
42533,1,calib
42534,1,calib
42535,1,train
42536,1,train
42537,1,train
42538,0,train
42539,1,train
42540,1,calib
42541,1,train
42542,0,train
42543,1,train
42544,0,test
42545,1,train
42546,1,train
42547,0,train
42548,1,train
42549,1,train
42550,1,train
42551,1,calib
42552,1,train
42553,1,train
42554,1,train
42555,0,calib
42556,1,train
42557,1,train
42558,1,train
42559,1,train
42560,0,test
42561,0,train
42562,1,train
42563,1,test
42564,1,train
42565,0,test
42566,1,train
42567,1,train
42568,1,test
42569,1,train
42570,1,train
42571,1,train
42572,1,test
42573,1,train
42574,1,train
42575,1,train
42576,1,test
42577,1,train
42578,1,train
42579,1,test
42580,0,train
42581,0,calib
42582,1,train
42583,0,train
42584,1,test
42585,1,train
42586,1,train
42587,1,train
42588,0,calib
42589,1,calib
42590,1,train
42591,1,test
42592,1,train
42593,0,calib
42594,1,train
42595,0,calib
42596,1,train
42597,1,train
42598,1,train
42599,0,train
42600,1,train
42601,1,calib
42602,1,train
42603,1,test
42604,1,test
42605,1,train
42606,1,train
42607,1,test
42608,0,train
42609,1,test
42610,0,train
42611,1,test
42612,1,train
42613,0,train
42614,1,train
42615,1,test
42616,1,test
42617,1,train
42618,1,calib
42619,0,train
42620,1,train
42621,1,train
42622,0,train
42623,1,train
42624,1,test
42625,1,test
42626,1,train
42627,1,train
42628,1,train
42629,1,train
42630,0,calib
42631,1,test
42632,1,calib
42633,1,train
42634,0,test
42635,1,train
42636,1,train
42637,1,test
42638,1,train
42639,0,train
42640,1,calib
42641,0,test
42642,1,train
42643,1,train
42644,0,train
42645,1,calib
42646,1,train
42647,1,train
42648,1,calib
42649,1,train
42650,1,train
42651,0,train
42652,1,calib
42653,1,test
42654,1,train
42655,1,train
42656,1,train
42657,0,train
42658,1,train
42659,1,calib
42660,1,train
42661,1,train
42662,0,train
42663,1,train
42664,0,train
42665,0,train
42666,1,train
42667,1,calib
42668,1,test
42669,1,train
42670,1,train
42671,1,train
42672,0,calib
42673,1,train
42674,1,train
42675,0,train
42676,1,train
42677,1,calib
42678,1,calib
42679,0,train
42680,0,calib
42681,1,train
42682,0,train
42683,0,train
42684,1,calib
42685,1,train
42686,1,train
42687,1,test
42688,0,test
42689,0,train
42690,1,test
42691,1,calib
42692,1,train
42693,1,train
42694,0,train
42695,1,calib
42696,1,train
42697,1,train
42698,0,train
42699,1,train
42700,1,train
42701,1,train
42702,1,train
42703,0,test
42704,1,train
42705,1,calib
42706,0,train
42707,1,train
42708,1,train
42709,1,train
42710,1,test
42711,1,test
42712,1,train
42713,0,calib
42714,1,calib
42715,1,train
42716,0,train
42717,1,train
42718,1,train
42719,1,train
42720,1,train
42721,1,calib
42722,1,train
42723,1,test
42724,1,calib
42725,1,train
42726,1,train
42727,1,test
42728,0,train
42729,1,train
42730,1,test
42731,1,test
42732,1,test
42733,1,calib
42734,1,test
42735,0,train
42736,0,calib
42737,1,train
42738,1,calib
42739,1,calib
42740,1,test
42741,1,train
42742,0,calib
42743,1,test
42744,0,calib
42745,1,train
42746,0,train
42747,1,train
42748,0,train
42749,1,train
42750,1,test
42751,1,train
42752,1,train
42753,1,train
42754,1,train
42755,0,train
42756,1,train
42757,1,train
42758,1,train
42759,1,calib
42760,1,train
42761,1,train
42762,1,calib
42763,1,train
42764,1,calib
42765,1,test
42766,1,test
42767,1,train
42768,0,calib
42769,1,train
42770,1,calib
42771,1,test
42772,1,train
42773,1,test
42774,0,train
42775,1,calib
42776,1,train
42777,1,calib
42778,1,train
42779,1,train
42780,1,train
42781,1,train
42782,1,calib
42783,1,test
42784,1,train
42785,1,test
42786,1,train
42787,1,train
42788,1,train
42789,1,test
42790,1,train
42791,1,calib
42792,1,train
42793,0,test
42794,1,train
42795,0,calib
42796,0,train
42797,1,test
42798,1,train
42799,1,train
42800,1,train
42801,1,train
42802,1,train
42803,1,train
42804,0,test
42805,0,test
42806,1,train
42807,1,calib
42808,1,train
42809,1,train
42810,1,train
42811,1,train
42812,1,train
42813,1,train
42814,0,calib
42815,1,train
42816,1,train
42817,1,train
42818,1,train
42819,0,calib
42820,0,train
42821,1,calib
42822,1,calib
42823,1,test
42824,1,calib
42825,0,train
42826,1,calib
42827,1,train
42828,0,train
42829,1,train
42830,1,train
42831,1,test
42832,1,calib
42833,1,train
42834,0,calib
42835,1,train
42836,1,train
42837,1,test
42838,0,calib
42839,0,train
42840,1,test
42841,1,test
42842,1,train
42843,1,test
42844,1,train
42845,1,train
42846,1,train
42847,1,train
42848,1,train
42849,1,train
42850,0,train
42851,1,train
42852,1,test
42853,1,calib
42854,1,train
42855,1,train
42856,1,calib
42857,1,train
42858,1,train
42859,0,train
42860,1,calib
42861,1,test
42862,1,calib
42863,1,test
42864,1,calib
42865,1,train
42866,1,train
42867,1,train
42868,1,train
42869,1,test
42870,1,train
42871,1,train
42872,1,test
42873,1,train
42874,1,calib
42875,1,train
42876,1,train
42877,1,test
42878,1,test
42879,1,train
42880,1,train
42881,0,test
42882,1,train
42883,1,train
42884,1,train
42885,1,train
42886,1,train
42887,1,train
42888,0,test
42889,1,train
42890,1,test
42891,1,train
42892,1,train
42893,1,train
42894,1,train
42895,0,calib
42896,1,train
42897,1,train
42898,0,train
42899,1,test
42900,1,test
42901,0,calib
42902,1,train
42903,1,test
42904,1,train
42905,1,train
42906,1,train
42907,0,train
42908,0,train
42909,1,calib
42910,1,calib
42911,1,train
42912,0,train
42913,1,test
42914,1,train
42915,0,test
42916,1,train
42917,1,train
42918,1,train
42919,1,calib
42920,1,train
42921,1,train
42922,1,test
42923,1,train
42924,1,calib
42925,0,train
42926,0,train
42927,1,train
42928,1,train
42929,1,calib
42930,0,train
42931,0,test
42932,1,calib
42933,0,calib
42934,1,train
42935,0,train
42936,1,train
42937,1,calib
42938,1,train
42939,0,train
42940,1,test
42941,0,train
42942,1,test
42943,1,train
42944,0,test
42945,0,test
42946,1,calib
42947,0,calib
42948,1,train
42949,1,calib
42950,1,train
42951,1,calib
42952,1,calib
42953,1,test
42954,1,calib
42955,1,train
42956,1,test
42957,1,train
42958,0,calib
42959,1,train
42960,0,calib
42961,1,train
42962,1,train
42963,1,calib
42964,0,train
42965,0,train
42966,1,train
42967,1,train
42968,1,train
42969,0,calib
42970,1,test
42971,1,calib
42972,1,calib
42973,1,calib
42974,1,train
42975,0,train
42976,0,test
42977,0,train
42978,1,train
42979,1,test
42980,0,train
42981,1,train
42982,1,train
42983,1,train
42984,0,train
42985,1,train
42986,1,train
42987,1,train
42988,1,train
42989,1,test
42990,1,train
42991,1,calib
42992,1,test
42993,1,test
42994,1,train
42995,0,train
42996,1,train
42997,1,train
42998,1,test
42999,1,test
43000,1,train
43001,1,calib
43002,1,train
43003,1,train
43004,1,calib
43005,0,train
43006,1,train
43007,0,train
43008,1,train
43009,1,train
43010,0,calib
43011,1,train
43012,1,calib
43013,0,train
43014,1,calib
43015,1,train
43016,1,train
43017,1,train
43018,0,calib
43019,1,train
43020,1,calib
43021,1,train
43022,1,train
43023,1,test
43024,1,test
43025,1,train
43026,1,calib
43027,1,train
43028,0,train
43029,1,calib
43030,1,calib
43031,1,train
43032,1,train
43033,1,train
43034,1,train
43035,0,train
43036,1,calib
43037,0,train
43038,1,train
43039,0,train
43040,1,train
43041,1,calib
43042,1,train
43043,1,test
43044,1,calib
43045,1,train
43046,1,train
43047,1,calib
43048,1,calib
43049,0,train
43050,1,train
43051,0,train
43052,0,train
43053,1,train
43054,1,test
43055,1,test
43056,0,test
43057,0,calib
43058,1,train
43059,1,train
43060,1,train
43061,0,train
43062,1,test
43063,0,train
43064,1,train
43065,1,test
43066,0,train
43067,1,test
43068,1,train
43069,1,calib
43070,1,test
43071,1,calib
43072,1,train
43073,0,train
43074,1,test
43075,1,train
43076,1,test
43077,1,calib
43078,1,train
43079,0,calib
43080,0,calib
43081,1,calib
43082,1,train
43083,0,test
43084,0,train
43085,1,train
43086,1,train
43087,0,train
43088,0,calib
43089,0,train
43090,1,calib
43091,1,test
43092,1,train
43093,0,calib
43094,0,calib
43095,1,train
43096,0,train
43097,1,test
43098,1,train
43099,0,train
43100,1,train
43101,1,calib
43102,0,train
43103,0,train
43104,1,test
43105,1,calib
43106,1,test
43107,0,test
43108,0,train
43109,1,train
43110,1,calib
43111,1,train
43112,0,train
43113,1,train
43114,1,train
43115,1,test
43116,1,train
43117,0,train
43118,0,train
43119,0,train
43120,1,test
43121,1,train
43122,1,calib
43123,0,calib
43124,1,calib
43125,0,train
43126,1,train
43127,1,train
43128,0,train
43129,1,train
43130,0,calib
43131,1,test
43132,1,train
43133,1,test
43134,0,test
43135,0,test
43136,0,train
43137,1,train
43138,1,train
43139,1,train
43140,1,test
43141,1,test
43142,1,calib
43143,1,test
43144,1,train
43145,0,test
43146,1,train
43147,1,train
43148,1,test
43149,1,calib
43150,1,train
43151,1,calib
43152,1,train
43153,0,train
43154,1,train
43155,0,train
43156,0,calib
43157,0,train
43158,1,test
43159,0,train
43160,1,train
43161,1,test
43162,0,test
43163,1,calib
43164,1,test
43165,0,train
43166,1,calib
43167,1,train
43168,1,train
43169,1,calib
43170,1,test
43171,1,train
43172,1,train
43173,1,train
43174,1,test
43175,1,train
43176,1,test
43177,1,train
43178,0,test
43179,0,train
43180,1,train
43181,1,test
43182,0,train
43183,1,train
43184,1,calib
43185,1,train
43186,0,calib
43187,1,train
43188,1,train
43189,0,train
43190,0,calib
43191,1,train
43192,0,calib
43193,1,calib
43194,0,train
43195,0,train
43196,1,train
43197,1,test
43198,1,test
43199,0,train
43200,1,train
43201,1,test
43202,1,test
43203,1,train
43204,1,train
43205,1,train
43206,0,train
43207,1,train
43208,0,calib
43209,1,calib
43210,1,train
43211,1,train
43212,1,train
43213,1,train
43214,1,test
43215,0,calib
43216,1,train
43217,1,train
43218,1,train
43219,0,train
43220,1,test
43221,1,train
43222,1,train
43223,0,calib
43224,1,train
43225,1,test
43226,0,calib
43227,1,calib
43228,1,train
43229,1,calib
43230,1,train
43231,1,train
43232,1,train
43233,0,train
43234,1,train
43235,1,train
43236,0,calib
43237,1,test
43238,1,test
43239,1,test
43240,0,calib
43241,1,calib
43242,1,train
43243,1,train
43244,1,train
43245,0,calib
43246,1,train
43247,1,train
43248,1,train
43249,1,train
43250,0,train
43251,1,train
43252,1,test
43253,1,train
43254,0,train
43255,1,train
43256,1,train
43257,1,train
43258,1,train
43259,1,train
43260,1,test
43261,1,train
43262,1,test
43263,1,train
43264,1,train
43265,1,test
43266,1,train
43267,1,train
43268,0,train
43269,0,calib
43270,1,train
43271,1,train
43272,1,train
43273,1,train
43274,1,test
43275,0,train
43276,0,calib
43277,1,calib
43278,1,test
43279,0,test
43280,1,test
43281,0,train
43282,1,train
43283,1,test
43284,1,train
43285,1,test
43286,1,calib
43287,1,test
43288,1,train
43289,1,calib
43290,1,train
43291,1,test
43292,1,calib
43293,1,calib
43294,1,train
43295,1,train
43296,0,train
43297,0,train
43298,0,train
43299,1,train
43300,1,calib
43301,0,calib
43302,1,train
43303,0,test
43304,1,train
43305,1,calib
43306,1,train
43307,1,train
43308,0,calib
43309,1,train
43310,0,train
43311,1,test
43312,0,train
43313,1,calib
43314,1,calib
43315,1,train
43316,1,train
43317,0,train
43318,1,test
43319,1,test
43320,1,train
43321,0,calib
43322,1,train
43323,1,test
43324,1,train
43325,1,train
43326,1,test
43327,1,train
43328,1,train
43329,1,train
43330,1,train
43331,1,train
43332,1,calib
43333,1,train
43334,1,train
43335,1,train
43336,1,calib
43337,1,train
43338,1,train
43339,0,train
43340,1,train
43341,1,train
43342,1,calib
43343,1,train
43344,1,train
43345,0,calib
43346,1,train
43347,1,train
43348,1,calib
43349,1,train
43350,1,test
43351,1,train
43352,1,train
43353,0,train
43354,1,train
43355,1,train
43356,1,train
43357,0,train
43358,1,test
43359,0,test
43360,0,train
43361,1,train
43362,1,train
43363,0,train
43364,1,train
43365,0,train
43366,1,train
43367,0,train
43368,0,train
43369,1,train
43370,1,train
43371,1,train
43372,1,test
43373,1,train
43374,0,train
43375,1,test
43376,1,train
43377,1,calib
43378,1,train
43379,1,test
43380,1,train
43381,1,train
43382,1,test
43383,1,train
43384,1,train
43385,1,train
43386,1,test
43387,1,train
43388,0,train
43389,1,train
43390,1,train
43391,1,train
43392,1,train
43393,0,train
43394,1,train
43395,1,train
43396,1,train
43397,0,train
43398,1,train
43399,1,train
43400,1,train
43401,0,test
43402,1,train
43403,1,train
43404,1,train
43405,1,train
43406,0,train
43407,1,train
43408,1,train
43409,0,train
43410,1,calib
43411,1,calib
43412,1,test
43413,1,calib
43414,1,test
43415,1,train
43416,1,test
43417,1,calib
43418,1,train
43419,0,test
43420,0,train
43421,1,train
43422,1,test
43423,0,calib
43424,1,train
43425,1,train
43426,1,train
43427,1,test
43428,1,train
43429,0,train
43430,1,train
43431,1,train
43432,1,calib
43433,1,train
43434,1,train
43435,1,train
43436,1,calib
43437,1,calib
43438,1,train
43439,0,train
43440,1,test
43441,1,train
43442,1,test
43443,1,test
43444,1,train
43445,1,train
43446,0,train
43447,1,train
43448,1,train
43449,1,train
43450,1,test
43451,1,train
43452,1,calib
43453,1,test
43454,0,test
43455,1,test
43456,1,test
43457,1,calib
43458,1,train
43459,0,test
43460,1,train
43461,1,test
43462,1,train
43463,1,train
43464,0,calib
43465,0,calib
43466,1,calib
43467,0,test
43468,0,train
43469,1,test
43470,1,train
43471,1,test
43472,1,test
43473,1,train
43474,1,test
43475,1,train
43476,1,train
43477,0,test
43478,0,train
43479,0,test
43480,1,train
43481,0,train
43482,1,train
43483,0,train
43484,1,train
43485,1,calib
43486,1,test
43487,1,train
43488,1,train
43489,0,train
43490,1,train
43491,0,calib
43492,1,train
43493,0,train
43494,1,test
43495,0,train
43496,0,train
43497,0,train
43498,1,test
43499,1,train
43500,1,calib
43501,1,train
43502,1,train
43503,1,train
43504,0,train
43505,0,calib
43506,1,train
43507,1,train
43508,0,train
43509,0,train
43510,1,test
43511,1,train
43512,0,train
43513,1,test
43514,1,calib
43515,1,calib
43516,0,train
43517,1,train
43518,1,train
43519,1,train
43520,1,train
43521,1,test
43522,1,calib
43523,1,train
43524,1,train
43525,1,test
43526,1,test
43527,1,train
43528,1,train
43529,1,train
43530,0,train
43531,0,calib
43532,0,train
43533,1,calib
43534,1,train
43535,0,calib
43536,1,train
43537,1,calib
43538,1,train
43539,0,train
43540,0,calib
43541,1,test
43542,0,train
43543,0,train
43544,1,train
43545,1,calib
43546,1,test
43547,1,train
43548,0,train
43549,1,train
43550,1,test
43551,1,train
43552,1,calib
43553,1,train
43554,1,calib
43555,0,train
43556,1,train
43557,0,train
43558,0,train
43559,1,test
43560,0,train
43561,1,train
43562,1,calib
43563,1,calib
43564,1,train
43565,1,calib
43566,1,train
43567,0,train
43568,0,calib
43569,1,calib
43570,1,calib
43571,1,train
43572,1,test
43573,1,train
43574,1,train
43575,1,calib
43576,1,train
43577,1,calib
43578,0,calib
43579,1,train
43580,1,train
43581,1,test
43582,1,train
43583,1,train
43584,1,train
43585,1,train
43586,1,train
43587,1,train
43588,1,train
43589,1,calib
43590,1,train
43591,1,test
43592,1,train
43593,1,train
43594,1,train
43595,0,train
43596,1,calib
43597,1,calib
43598,1,train
43599,1,train
43600,1,calib
43601,1,train
43602,1,calib
43603,1,test
43604,1,test
43605,0,train
43606,1,train
43607,1,test
43608,1,calib
43609,0,test
43610,1,train
43611,0,train
43612,1,train
43613,1,calib
43614,1,train
43615,1,train
43616,1,train
43617,1,train
43618,1,train
43619,1,test
43620,1,train
43621,0,calib
43622,1,test
43623,1,train
43624,1,test
43625,1,test
43626,1,train
43627,1,calib
43628,1,train
43629,1,train
43630,1,test
43631,1,calib
43632,1,train
43633,1,train
43634,1,train
43635,1,train
43636,1,train
43637,1,calib
43638,1,train
43639,1,train
43640,0,test
43641,0,calib
43642,1,train
43643,1,calib
43644,1,test
43645,1,calib
43646,1,train
43647,1,calib
43648,1,train
43649,0,calib
43650,0,calib
43651,1,train
43652,1,train
43653,1,test
43654,1,train
43655,1,calib
43656,1,test
43657,0,train
43658,0,calib
43659,1,train
43660,1,train
43661,1,train
43662,1,calib
43663,1,train
43664,1,train
43665,1,train
43666,1,train
43667,1,test
43668,1,train
43669,1,calib
43670,1,train
43671,1,train
43672,0,train
43673,1,train
43674,1,train
43675,1,test
43676,0,train
43677,1,train
43678,1,test
43679,1,train
43680,0,calib
43681,0,train
43682,1,calib
43683,1,test
43684,1,test
43685,0,train
43686,1,train
43687,1,train
43688,1,calib
43689,1,test
43690,1,train
43691,1,train
43692,0,train
43693,1,train
43694,0,train
43695,1,train
43696,1,train
43697,1,train
43698,1,train
43699,1,train
43700,1,train
43701,1,train
43702,1,train
43703,1,train
43704,0,calib
43705,0,train
43706,1,calib
43707,0,train
43708,0,calib
43709,1,test
43710,0,train
43711,1,train
43712,1,train
43713,0,test
43714,1,train
43715,1,train
43716,0,calib
43717,1,train
43718,1,test
43719,1,calib
43720,1,train
43721,1,train
43722,0,test
43723,1,train
43724,0,train
43725,1,test
43726,0,train
43727,0,train
43728,1,train
43729,1,train
43730,1,calib
43731,1,test
43732,1,train
43733,1,calib
43734,1,test
43735,0,calib
43736,1,train
43737,1,test
43738,0,train
43739,1,calib
43740,1,train
43741,1,train
43742,1,calib
43743,0,train
43744,1,train
43745,1,train
43746,1,train
43747,1,calib
43748,1,calib
43749,0,test
43750,1,train
43751,1,test
43752,1,train
43753,0,calib
43754,1,train
43755,1,train
43756,0,calib
43757,1,calib
43758,1,calib
43759,1,train
43760,0,train
43761,1,train
43762,1,train
43763,1,train
43764,1,calib
43765,1,calib
43766,0,calib
43767,1,train
43768,1,calib
43769,1,train
43770,1,train
43771,1,train
43772,1,calib
43773,1,train
43774,1,train
43775,1,test
43776,1,test
43777,0,train
43778,1,test
43779,1,train
43780,1,test
43781,1,train
43782,1,calib
43783,1,train
43784,1,calib
43785,0,test
43786,1,calib
43787,1,test
43788,0,train
43789,1,test
43790,1,train
43791,1,train
43792,1,calib
43793,1,train
43794,1,test
43795,1,calib
43796,0,train
43797,1,train
43798,1,train
43799,1,calib
43800,1,train
43801,1,test
43802,1,train
43803,0,test
43804,1,train
43805,1,train
43806,1,calib
43807,0,train
43808,1,test
43809,1,test
43810,1,train
43811,0,train
43812,1,test
43813,1,test
43814,1,train
43815,0,train
43816,0,train
43817,1,test
43818,0,train
43819,0,train
43820,1,calib
43821,1,train
43822,1,train
43823,1,calib
43824,0,train
43825,1,test
43826,1,test
43827,1,train
43828,1,train
43829,1,test
43830,1,test
43831,0,calib
43832,1,train
43833,1,train
43834,1,train
43835,1,test
43836,0,train
43837,1,train
43838,1,test
43839,1,train
43840,1,train
43841,1,calib
43842,1,test
43843,1,train
43844,1,calib
43845,1,test
43846,1,train
43847,1,train
43848,1,train
43849,0,calib
43850,1,test
43851,0,train
43852,1,train
43853,1,calib
43854,1,test
43855,1,train
43856,0,train
43857,1,calib
43858,0,train
43859,1,train
43860,1,test
43861,1,train
43862,0,test
43863,1,calib
43864,0,train
43865,0,train
43866,0,train
43867,1,calib
43868,1,train
43869,1,train
43870,0,train
43871,0,calib
43872,1,train
43873,0,calib
43874,1,test
43875,1,test
43876,1,calib
43877,0,train
43878,1,test
43879,1,calib
43880,1,train
43881,1,train
43882,1,train
43883,1,calib
43884,0,train
43885,1,train
43886,1,train
43887,1,test
43888,1,calib
43889,1,test
43890,0,test
43891,1,train
43892,1,train
43893,1,train
43894,1,calib
43895,1,train
43896,0,train
43897,1,train
43898,0,calib
43899,1,test
43900,1,train
43901,1,train
43902,0,train
43903,1,train
43904,1,calib
43905,1,test
43906,1,train
43907,1,train
43908,1,calib
43909,0,test
43910,1,calib
43911,1,train
43912,0,calib
43913,1,train
43914,0,calib
43915,1,train
43916,1,calib
43917,1,train
43918,0,calib
43919,1,calib
43920,0,train
43921,1,train
43922,1,calib
43923,1,train
43924,1,train
43925,1,calib
43926,1,train
43927,1,train
43928,0,test
43929,1,calib
43930,0,train
43931,1,train
43932,0,train
43933,0,train
43934,1,train
43935,1,train
43936,1,train
43937,1,calib
43938,0,train
43939,1,test
43940,1,train
43941,1,train
43942,1,test
43943,0,train
43944,1,calib
43945,1,train
43946,1,train
43947,1,train
43948,1,test
43949,1,train
43950,1,train
43951,1,train
43952,1,test
43953,1,calib
43954,1,train
43955,1,train
43956,0,train
43957,0,train
43958,1,train
43959,1,calib
43960,1,train
43961,1,train
43962,1,calib
43963,1,train
43964,1,test
43965,1,train
43966,1,train
43967,1,train
43968,1,train
43969,1,train
43970,1,train
43971,1,calib
43972,1,calib
43973,1,test
43974,1,calib
43975,1,calib
43976,1,train
43977,0,train
43978,1,calib
43979,1,calib
43980,1,test
43981,1,train
43982,0,train
43983,0,train
43984,0,train
43985,1,train
43986,1,train
43987,1,test
43988,1,train
43989,1,test
43990,1,train
43991,1,train
43992,1,train
43993,1,train
43994,1,test
43995,1,calib
43996,1,train
43997,1,train
43998,1,train
43999,1,train
44000,1,train
44001,1,calib
44002,1,train
44003,1,calib
44004,0,train
44005,1,calib
44006,1,train
44007,1,train
44008,0,train
44009,1,train
44010,1,train
44011,1,train
44012,1,calib
44013,1,train
44014,1,test
44015,1,test
44016,0,train
44017,1,train
44018,1,train
44019,1,calib
44020,1,train
44021,1,train
44022,1,train
44023,1,train
44024,1,train
44025,1,test
44026,1,train
44027,0,train
44028,1,calib
44029,1,train
44030,1,train
44031,1,train
44032,1,train
44033,1,train
44034,0,train
44035,1,test
44036,1,calib
44037,1,train
44038,0,train
44039,1,test
44040,1,train
44041,1,train
44042,1,train
44043,0,calib
44044,1,train
44045,1,test
44046,1,train
44047,1,train
44048,1,train
44049,0,test
44050,1,calib
44051,0,test
44052,1,train
44053,1,calib
44054,1,train
44055,1,train
44056,1,train
44057,1,calib
44058,0,train
44059,1,train
44060,1,train
44061,1,test
44062,1,train
44063,1,test
44064,1,train
44065,1,train
44066,1,calib
44067,1,train
44068,1,train
44069,1,train
44070,1,train
44071,1,calib
44072,0,train
44073,1,calib
44074,0,train
44075,1,test
44076,1,train
44077,1,calib
44078,0,train
44079,0,train
44080,1,calib
44081,1,train
44082,1,train
44083,1,calib
44084,0,train
44085,1,train
44086,0,train
44087,1,train
44088,1,calib
44089,1,train
44090,1,train
44091,0,test
44092,1,train
44093,1,test
44094,1,train
44095,1,train
44096,1,train
44097,0,train
44098,1,test
44099,1,train
44100,1,train
44101,1,test
44102,1,train
44103,1,train
44104,0,test
44105,0,test
44106,0,train
44107,1,train
44108,1,test
44109,1,train
44110,0,train
44111,0,test
44112,0,calib
44113,0,calib
44114,1,test
44115,1,train
44116,1,train
44117,1,train
44118,1,train
44119,1,train
44120,1,train
44121,1,calib
44122,1,train
44123,0,train
44124,1,calib
44125,1,train
44126,1,train
44127,1,calib
44128,1,train
44129,0,calib
44130,1,train
44131,1,calib
44132,1,train
44133,0,train
44134,0,calib
44135,1,train
44136,1,calib
44137,1,calib
44138,1,train
44139,0,test
44140,1,calib
44141,1,train
44142,1,test
44143,0,train
44144,0,train
44145,0,calib
44146,1,train
44147,1,test
44148,1,train
44149,0,test
44150,0,test
44151,0,calib
44152,1,calib
44153,1,train
44154,1,train
44155,1,train
44156,1,train
44157,1,train
44158,1,calib
44159,0,train
44160,0,test
44161,1,train
44162,0,train
44163,1,test
44164,1,train
44165,1,train
44166,1,test
44167,1,train
44168,1,test
44169,0,train
44170,1,train
44171,1,train
44172,1,train
44173,1,calib
44174,1,train
44175,1,train
44176,1,train
44177,1,train
44178,0,train
44179,0,calib
44180,1,train
44181,1,train
44182,1,train
44183,1,test
44184,1,test
44185,1,train
44186,1,train
44187,0,calib
44188,1,train
44189,1,train
44190,0,test
44191,1,train
44192,1,train
44193,1,train
44194,0,train
44195,1,train
44196,1,calib
44197,1,train
44198,1,calib
44199,1,calib
44200,1,train
44201,1,test
44202,1,calib
44203,1,train
44204,1,calib
44205,0,train
44206,1,train
44207,1,train
44208,0,train
44209,1,train
44210,1,train
44211,1,test
44212,1,test
44213,1,train
44214,0,train
44215,1,train
44216,0,calib
44217,1,train
44218,0,train
44219,1,train
44220,0,train
44221,1,train
44222,1,train
44223,1,test
44224,0,calib
44225,1,calib
44226,0,train
44227,0,test
44228,1,test
44229,0,train
44230,1,train
44231,1,train
44232,1,train
44233,1,calib
44234,1,train
44235,1,test
44236,0,train
44237,1,train
44238,1,train
44239,1,test
44240,1,train
44241,1,train
44242,0,test
44243,1,train
44244,1,train
44245,1,train
44246,1,train
44247,1,train
44248,1,calib
44249,1,calib
44250,0,calib
44251,1,calib
44252,1,train
44253,1,train
44254,1,calib
44255,1,test
44256,1,train
44257,1,test
44258,1,train
44259,1,train
44260,1,test
44261,1,train
44262,1,train
44263,0,train
44264,1,train
44265,1,train
44266,1,train
44267,1,train
44268,1,train
44269,1,test
44270,1,calib
44271,1,train
44272,1,train
44273,1,train
44274,1,train
44275,1,train
44276,0,train
44277,1,train
44278,1,test
44279,1,train
44280,1,train
44281,1,train
44282,1,test
44283,1,train
44284,1,calib
44285,1,train
44286,0,train
44287,1,calib
44288,0,test
44289,1,test
44290,1,calib
44291,1,train
44292,0,train
44293,1,train
44294,1,test
44295,1,train
44296,1,train
44297,1,train
44298,1,train
44299,1,train
44300,1,train
44301,1,train
44302,0,train
44303,1,test
44304,1,train
44305,1,test
44306,1,calib
44307,0,test
44308,1,train
44309,0,train
44310,1,calib
44311,1,train
44312,1,train
44313,1,calib
44314,1,test
44315,1,test
44316,1,train
44317,1,test
44318,0,test
44319,1,train
44320,1,calib
44321,1,calib
44322,1,test
44323,1,train
44324,1,train
44325,1,train
44326,0,train
44327,1,calib
44328,1,calib
44329,1,calib
44330,1,test
44331,1,calib
44332,0,train
44333,1,test
44334,1,test
44335,1,calib
44336,0,train
44337,1,train
44338,0,test
44339,1,train
44340,1,calib
44341,0,test
44342,1,test
44343,1,train
44344,1,train
44345,1,test
44346,1,train
44347,1,train
44348,1,calib
44349,1,train
44350,1,train
44351,0,test
44352,0,train
44353,1,train
44354,0,train
44355,1,test
44356,1,calib
44357,0,train
44358,0,train
44359,1,train
44360,1,calib
44361,0,train
44362,1,test
44363,1,calib
44364,1,train
44365,0,test
44366,1,train
44367,1,train
44368,1,train
44369,1,train
44370,1,train
44371,1,train
44372,1,train
44373,0,train
44374,1,train
44375,1,train
44376,1,train
44377,1,train
44378,1,train
44379,1,test
44380,0,calib
44381,1,train
44382,0,train
44383,1,train
44384,0,train
44385,1,test
44386,1,test
44387,0,calib
44388,0,train
44389,1,train
44390,1,calib
44391,1,calib
44392,1,train
44393,1,test
44394,1,train
44395,1,calib
44396,1,train
44397,1,train
44398,0,train
44399,1,train
44400,0,test
44401,0,test
44402,1,train
44403,1,train
44404,1,test
44405,1,train
44406,0,calib
44407,1,test
44408,0,train
44409,1,train
44410,1,train
44411,0,train
44412,1,train
44413,1,train
44414,1,train
44415,0,train
44416,0,train
44417,1,train
44418,0,train
44419,1,train
44420,1,calib
44421,1,train
44422,1,calib
44423,1,test
44424,1,train
44425,1,train
44426,1,train
44427,1,train
44428,1,calib
44429,0,train
44430,1,train
44431,0,train
44432,1,train
44433,1,train
44434,0,train
44435,1,calib
44436,0,test
44437,1,test
44438,0,train
44439,1,calib
44440,1,train
44441,1,calib
44442,1,train
44443,1,train
44444,1,train
44445,1,train
44446,1,train
44447,1,train
44448,1,calib
44449,0,test
44450,1,calib
44451,1,train
44452,0,train
44453,1,train
44454,1,calib
44455,1,train
44456,1,test
44457,1,train
44458,1,test
44459,1,train
44460,0,calib
44461,1,train
44462,0,train
44463,1,train
44464,1,train
44465,1,train
44466,1,train
44467,1,calib
44468,1,calib
44469,1,train
44470,0,test
44471,1,train
44472,1,calib
44473,1,calib
44474,1,calib
44475,1,train
44476,0,train
44477,0,test
44478,0,train
44479,1,calib
44480,1,train
44481,1,train
44482,1,train
44483,1,test
44484,1,train
44485,1,train
44486,1,test
44487,1,train
44488,1,train
44489,0,train
44490,1,train
44491,1,train
44492,1,test
44493,1,train
44494,0,train
44495,1,test
44496,0,calib
44497,1,train
44498,0,test
44499,1,train
44500,1,train
44501,1,test
44502,1,test
44503,0,test
44504,1,train
44505,1,train
44506,1,train
44507,1,train
44508,1,test
44509,0,test
44510,1,train
44511,1,train
44512,1,train
44513,1,test
44514,1,train
44515,1,calib
44516,1,train
44517,1,train
44518,1,test
44519,0,test
44520,1,calib
44521,1,test
44522,1,train
44523,0,test
44524,1,train
44525,1,calib
44526,1,calib
44527,1,test
44528,1,train
44529,1,train
44530,1,train
44531,1,calib
44532,1,test
44533,1,test
44534,1,train
44535,1,train
44536,1,train
44537,1,train
44538,0,test
44539,1,test
44540,1,train
44541,0,train
44542,1,calib
44543,1,calib
44544,0,calib
44545,1,train
44546,1,train
44547,1,calib
44548,1,test
44549,1,calib
44550,1,train
44551,1,train
44552,1,train
44553,1,test
44554,1,train
44555,1,train
44556,1,train
44557,1,test
44558,1,train
44559,1,calib
44560,1,calib
44561,0,test
44562,1,train
44563,1,train
44564,0,train
44565,1,calib
44566,0,train
44567,1,train
44568,1,test
44569,0,train
44570,0,train
44571,1,train
44572,1,train
44573,1,test
44574,1,train
44575,1,calib
44576,1,train
44577,0,test
44578,1,test
44579,1,train
44580,1,train
44581,1,train
44582,1,train
44583,1,train
44584,1,test
44585,1,test
44586,0,train
44587,1,train
44588,1,train
44589,0,train
44590,1,train
44591,1,train
44592,1,calib
44593,1,test
44594,1,test
44595,1,train
44596,1,train
44597,0,train
44598,1,train
44599,1,train
44600,0,train
44601,1,train
44602,1,train
44603,0,train
44604,1,train
44605,0,calib
44606,1,train
44607,1,train
44608,1,test
44609,1,test
44610,1,test
44611,1,train
44612,1,train
44613,1,train
44614,1,test
44615,1,test
44616,1,train
44617,1,train
44618,1,calib
44619,1,train
44620,0,test
44621,1,train
44622,1,test
44623,0,train
44624,1,train
44625,1,train
44626,1,train
44627,1,train
44628,1,train
44629,0,train
44630,1,calib
44631,1,train
44632,1,train
44633,1,train
44634,1,calib
44635,1,train
44636,1,train
44637,1,calib
44638,1,train
44639,1,train
44640,0,calib
44641,0,calib
44642,1,train
44643,0,train
44644,1,train
44645,1,train
44646,0,train
44647,1,train
44648,1,train
44649,1,train
44650,1,test
44651,1,train
44652,1,train
44653,1,test
44654,0,train
44655,1,train
44656,1,test
44657,0,test
44658,1,calib
44659,1,calib
44660,1,train
44661,1,train
44662,1,train
44663,1,train
44664,0,train
44665,1,calib
44666,1,train
44667,1,train
44668,1,calib
44669,1,train
44670,0,train
44671,1,train
44672,0,train
44673,1,train
44674,1,calib
44675,1,test
44676,1,train
44677,0,train
44678,0,train
44679,1,train
44680,0,train
44681,1,calib
44682,1,train
44683,1,train
44684,1,train
44685,0,calib
44686,0,train
44687,1,calib
44688,0,train
44689,1,train
44690,1,test
44691,1,train
44692,1,train
44693,1,train
44694,0,train
44695,1,train
44696,1,train
44697,0,train
44698,1,calib
44699,0,test
44700,0,train
44701,1,train
44702,1,train
44703,1,test
44704,0,train
44705,1,test
44706,1,test
44707,1,calib
44708,0,train
44709,1,train
44710,1,train
44711,1,train
44712,0,train
44713,0,train
44714,1,test
44715,0,test
44716,1,train
44717,1,test
44718,0,train
44719,1,train
44720,0,train
44721,1,train
44722,1,train
44723,1,calib
44724,1,calib
44725,1,train
44726,1,train
44727,0,train
44728,1,train
44729,1,test
44730,1,train
44731,1,calib
44732,1,test
44733,0,train
44734,1,train
44735,0,train
44736,1,test
44737,1,calib
44738,1,train
44739,1,calib
44740,1,train
44741,1,calib
44742,1,calib
44743,1,test
44744,1,train
44745,1,calib
44746,1,calib
44747,1,calib
44748,1,train
44749,1,calib
44750,1,train
44751,1,train
44752,1,calib
44753,0,train
44754,1,train
44755,1,train
44756,1,train
44757,0,test
44758,1,train
44759,0,calib
44760,1,train
44761,1,train
44762,1,test
44763,1,train
44764,1,test
44765,1,train
44766,1,calib
44767,1,train
44768,1,train
44769,1,calib
44770,0,train
44771,1,calib
44772,0,train
44773,1,train
44774,1,train
44775,1,train
44776,0,train
44777,1,train
44778,0,train
44779,1,test
44780,1,train
44781,1,train
44782,0,calib
44783,0,test
44784,1,test
44785,0,train
44786,0,train
44787,1,test
44788,0,calib
44789,1,test
44790,1,train
44791,1,train
44792,1,calib
44793,0,train
44794,1,test
44795,0,train
44796,1,train
44797,0,train
44798,1,calib
44799,1,train
44800,1,train
44801,1,train
44802,1,train
44803,1,train
44804,1,calib
44805,1,calib
44806,1,calib
44807,1,train
44808,0,train
44809,1,train
44810,1,train
44811,1,train
44812,0,train
44813,1,calib
44814,1,train
44815,1,train
44816,1,train
44817,1,train
44818,1,train
44819,0,train
44820,1,train
44821,1,calib
44822,1,calib
44823,0,train
44824,1,test
44825,1,train
44826,1,train
44827,1,train
44828,0,train
44829,0,calib
44830,1,train
44831,1,train
44832,1,calib
44833,1,test
44834,1,test
44835,0,train
44836,1,test
44837,1,train
44838,0,train
44839,1,train
44840,0,train
44841,0,train
44842,1,train
44843,0,train
44844,1,train
44845,1,train
44846,1,train
44847,1,train
44848,1,calib
44849,1,calib
44850,1,calib
44851,1,train
44852,0,train
44853,0,test
44854,1,train
44855,1,train
44856,1,train
44857,1,test
44858,1,train
44859,1,test
44860,0,train
44861,1,train
44862,1,test
44863,1,test
44864,1,train
44865,1,train
44866,1,train
44867,1,train
44868,1,train
44869,1,train
44870,0,train
44871,1,test
44872,1,train
44873,1,train
44874,0,train
44875,1,train
44876,1,train
44877,1,test
44878,1,train
44879,0,test
44880,1,train
44881,1,test
44882,1,train
44883,1,calib
44884,1,train
44885,0,train
44886,1,train
44887,1,calib
44888,1,train
44889,1,train
44890,1,calib
44891,1,calib
44892,0,test
44893,1,train
44894,0,train
44895,1,train
44896,1,train
44897,1,test
44898,1,train
44899,0,test
44900,1,train
44901,1,train
44902,1,calib
44903,1,train
44904,1,train
44905,1,calib
44906,1,train
44907,1,calib
44908,0,train
44909,1,calib
44910,1,train
44911,1,test
44912,1,train
44913,0,calib
44914,1,train
44915,0,train
44916,1,train
44917,1,train
44918,1,calib
44919,1,test
44920,1,calib
44921,1,test
44922,1,train
44923,1,calib
44924,1,train
44925,1,test
44926,1,train
44927,0,train
44928,1,train
44929,1,train
44930,1,test
44931,1,train
44932,1,train
44933,1,test
44934,1,train
44935,1,test
44936,1,train
44937,1,calib
44938,1,calib
44939,1,train
44940,1,train
44941,1,train
44942,1,train
44943,0,train
44944,1,test
44945,1,calib
44946,0,train
44947,1,train
44948,1,train
44949,1,train
44950,1,test
44951,1,test
44952,0,train
44953,1,calib
44954,0,calib
44955,0,train
44956,1,train
44957,1,train
44958,1,train
44959,1,train
44960,1,train
44961,0,calib
44962,0,test
44963,1,train
44964,1,test
44965,1,train
44966,1,train
44967,1,train
44968,1,calib
44969,1,calib
44970,1,train
44971,1,train
44972,1,train
44973,1,train
44974,1,test
44975,1,train
44976,1,train
44977,0,train
44978,0,train
44979,1,test
44980,1,train
44981,1,calib
44982,1,test
44983,1,test
44984,0,train
44985,1,train
44986,1,train
44987,1,train
44988,0,test
44989,1,train
44990,0,calib
44991,1,test
44992,1,test
44993,0,train
44994,1,calib
44995,1,calib
44996,0,train
44997,1,train
44998,0,train
44999,0,train
45000,1,test
45001,1,test
45002,0,train
45003,1,train
45004,1,train
45005,1,train
45006,1,calib
45007,1,calib
45008,0,train
45009,1,calib
45010,1,train
45011,0,train
45012,1,train
45013,1,calib
45014,0,calib
45015,1,calib
45016,1,train
45017,1,calib
45018,0,train
45019,0,test
45020,1,train
45021,0,train
45022,0,train
45023,0,train
45024,0,calib
45025,1,train
45026,1,train
45027,0,train
45028,1,train
45029,1,test
45030,0,train
45031,1,test
45032,1,train
45033,1,calib
45034,1,train
45035,0,calib
45036,1,train
45037,1,train
45038,1,calib
45039,1,train
45040,1,train
45041,1,train
45042,0,calib
45043,1,test
45044,1,train
45045,1,calib
45046,0,train
45047,0,test
45048,0,test
45049,1,train
45050,1,calib
45051,1,train
45052,1,calib
45053,0,test
45054,1,train
45055,0,test
45056,0,train
45057,1,train
45058,1,calib
45059,0,test
45060,1,test
45061,1,train
45062,1,test
45063,1,train
45064,1,train
45065,1,train
45066,1,calib
45067,1,train
45068,1,calib
45069,0,train
45070,1,train
45071,1,train
45072,1,calib
45073,1,calib
45074,0,train
45075,1,train
45076,1,train
45077,1,train
45078,1,train
45079,0,calib
45080,1,train
45081,0,test
45082,1,test
45083,1,train
45084,1,train
45085,0,test
45086,1,test
45087,1,train
45088,0,train
45089,0,train
45090,1,train
45091,1,train
45092,1,calib
45093,1,train
45094,0,train
45095,0,calib
45096,0,calib
45097,1,train
45098,1,test
45099,0,train
45100,0,train
45101,0,train
45102,1,train
45103,1,calib
45104,1,calib
45105,1,train
45106,1,train
45107,1,train
45108,0,train
45109,1,train
45110,1,test
45111,1,calib
45112,0,calib
45113,0,test
45114,1,calib
45115,1,train
45116,1,test
45117,1,train
45118,1,train
45119,1,train
45120,1,calib
45121,1,train
45122,1,train
45123,1,test
45124,1,calib
45125,1,calib
45126,1,train
45127,1,test
45128,1,train
45129,1,calib
45130,0,train
45131,0,calib
45132,1,train
45133,1,train
45134,1,calib
45135,1,calib
45136,0,test
45137,1,train
45138,1,test
45139,1,train
45140,0,calib
45141,1,test
45142,1,train
45143,1,train
45144,1,train
45145,1,train
45146,1,calib
45147,1,test
45148,1,train
45149,1,train
45150,1,calib
45151,1,calib
45152,1,test
45153,1,train
45154,1,test
45155,1,train
45156,1,calib
45157,1,train
45158,1,train
45159,1,calib
45160,1,train
45161,0,train
45162,1,train
45163,1,train
45164,1,test
45165,1,train
45166,0,train
45167,1,train
45168,1,train
45169,0,train
45170,1,train
45171,1,train
45172,1,train
45173,1,calib
45174,1,train
45175,1,calib
45176,1,test
45177,1,train
45178,0,train
45179,0,calib
45180,1,train
45181,1,calib
45182,0,train
45183,0,train
45184,0,calib
45185,1,train
45186,1,calib
45187,1,train
45188,1,train
45189,1,train
45190,0,calib
45191,1,calib
45192,1,train
45193,0,train
45194,0,test
45195,1,test
45196,1,test
45197,0,train
45198,1,train
45199,1,train
45200,1,train
45201,0,train
45202,1,test
45203,1,train
45204,1,train
45205,1,test
45206,1,calib
45207,1,train
45208,1,test
45209,1,test
45210,1,test
45211,1,train
45212,1,calib
45213,0,test
45214,1,train
45215,1,test
45216,1,train
45217,1,test
45218,1,train
45219,1,train
45220,1,train
45221,1,train
45222,1,train
45223,1,test
45224,1,calib
45225,1,calib
45226,1,train
45227,0,train
45228,0,train
45229,1,test
45230,0,train
45231,1,train
45232,1,train
45233,1,train
45234,1,calib
45235,1,train
45236,1,calib
45237,0,train
45238,1,train
45239,1,train
45240,1,train
45241,1,test
45242,1,test
45243,1,train
45244,0,train
45245,0,train
45246,1,calib
45247,1,train
45248,0,test
45249,1,train
45250,1,calib
45251,1,calib
45252,1,test
45253,0,train
45254,1,calib
45255,1,calib
45256,0,train
45257,1,train
45258,1,train
45259,1,train
45260,0,test
45261,1,train
45262,0,train
45263,1,calib
45264,0,train
45265,1,calib
45266,1,test
45267,1,calib
45268,1,train
45269,1,train
45270,1,train
45271,1,test
45272,0,test
45273,1,train
45274,0,test
45275,1,calib
45276,1,train
45277,1,train
45278,1,test
45279,0,test
45280,0,train
45281,0,calib
45282,1,train
45283,0,calib
45284,1,train
45285,1,train
45286,1,train
45287,1,calib
45288,1,calib
45289,0,train
45290,0,calib
45291,0,train
45292,1,train
45293,1,calib
45294,0,test
45295,0,train
45296,1,test
45297,0,calib
45298,1,test
45299,1,train
45300,1,calib
45301,1,train
45302,1,train
45303,1,test
45304,1,train
45305,0,calib
45306,1,train
45307,1,test
45308,0,train
45309,1,train
45310,1,train
45311,1,calib
45312,1,train
45313,1,test
45314,1,train
45315,0,train
45316,1,train
45317,1,test
45318,1,train
45319,1,train
45320,0,calib
45321,1,train
45322,0,train
45323,0,calib
45324,1,train
45325,0,train
45326,1,test
45327,0,calib
45328,1,test
45329,1,train
45330,1,calib
45331,1,train
45332,1,train
45333,1,train
45334,1,train
45335,1,train
45336,1,train
45337,0,train
45338,1,calib
45339,1,train
45340,1,train
45341,1,train
45342,1,train
45343,1,train
45344,1,calib
45345,0,train
45346,1,train
45347,1,train
45348,0,calib
45349,1,train
45350,1,train
45351,1,train
45352,1,train
45353,1,train
45354,1,train
45355,1,train
45356,1,calib
45357,1,train
45358,0,train
45359,1,train
45360,1,train
45361,1,test
45362,1,train
45363,1,train
45364,1,train
45365,1,train
45366,0,train
45367,0,train
45368,1,test
45369,0,train
45370,1,train
45371,1,test
45372,1,calib
45373,1,train
45374,1,calib
45375,1,test
45376,1,calib
45377,1,train
45378,0,calib
45379,1,train
45380,0,test
45381,1,calib
45382,0,train
45383,1,calib
45384,1,train
45385,0,train
45386,1,train
45387,1,train
45388,1,train
45389,1,train
45390,1,train
45391,1,train
45392,0,train
45393,0,train
45394,0,train
45395,1,calib
45396,1,train
45397,1,calib
45398,1,test
45399,1,train
45400,1,test
45401,0,calib
45402,0,train
45403,1,test
45404,1,train
45405,1,test
45406,1,test
45407,1,calib
45408,1,train
45409,1,train
45410,1,test
45411,1,train
45412,1,calib
45413,1,train
45414,0,train
45415,1,train
45416,1,train
45417,1,train
45418,1,train
45419,1,test
45420,1,test
45421,1,calib
45422,1,train
45423,0,train
45424,1,calib
45425,0,test
45426,1,calib
45427,0,train
45428,1,calib
45429,1,test
45430,1,test
45431,1,train
45432,0,train
45433,1,train
45434,1,train
45435,0,train
45436,0,train
45437,1,calib
45438,1,test
45439,1,train
45440,1,train
45441,0,test
45442,1,train
45443,1,train
45444,1,test
45445,1,train
45446,1,test
45447,1,train
45448,1,test
45449,1,train
45450,1,calib
45451,1,calib
45452,1,calib
45453,1,train
45454,1,train
45455,1,test
45456,0,train
45457,1,train
45458,1,test
45459,1,train
45460,0,train
45461,1,train
45462,0,train
45463,1,train
45464,0,calib
45465,1,train
45466,1,calib
45467,1,train
45468,1,test
45469,1,train
45470,0,train
45471,1,train
45472,1,train
45473,0,train
45474,1,train
45475,1,train
45476,1,test
45477,1,calib
45478,0,train
45479,1,train
45480,1,calib
45481,1,test
45482,1,train
45483,1,test
45484,0,test
45485,0,train
45486,1,train
45487,1,train
45488,1,test
45489,0,train
45490,1,train
45491,0,train
45492,1,test
45493,1,train
45494,1,test
45495,1,train
45496,1,train
45497,1,train
45498,0,train
45499,1,train
45500,1,train
45501,1,test
45502,0,calib
45503,1,train
45504,1,test
45505,0,train
45506,1,train
45507,1,train
45508,0,train
45509,1,test
45510,1,train
45511,1,test
45512,1,calib
45513,1,test
45514,1,train
45515,1,train
45516,1,calib
45517,1,train
45518,1,test
45519,1,train
45520,0,calib
45521,0,test
45522,1,train
45523,1,test
45524,1,train
45525,1,train
45526,0,calib
45527,0,test
45528,1,calib
45529,0,train
45530,1,train
45531,1,test
45532,1,train
45533,0,calib
45534,1,test
45535,1,train
45536,1,train
45537,1,calib
45538,0,train
45539,1,calib
45540,1,train
45541,1,calib
45542,0,train
45543,0,test
45544,0,calib
45545,1,calib
45546,0,train
45547,1,train
45548,1,calib
45549,0,train
45550,1,calib
45551,1,train
45552,1,train
45553,1,calib
45554,1,train
45555,1,train
45556,0,train
45557,1,test
45558,1,calib
45559,1,test
45560,1,train
45561,0,test
45562,1,test
45563,1,train
45564,1,train
45565,1,train
45566,1,train
45567,1,train
45568,1,train
45569,1,calib
45570,1,train
45571,1,calib
45572,1,calib
45573,0,test
45574,0,test
45575,1,train
45576,1,calib
45577,1,train
45578,1,train
45579,1,train
45580,1,train
45581,1,test
45582,1,test
45583,1,calib
45584,1,test
45585,1,train
45586,1,calib
45587,1,test
45588,1,calib
45589,0,train
45590,1,test
45591,1,train
45592,1,train
45593,1,train
45594,0,train
45595,0,train
45596,1,test
45597,1,train
45598,0,train
45599,1,train
45600,0,calib
45601,1,train
45602,1,train
45603,1,test
45604,0,train
45605,1,calib
45606,1,train
45607,0,train
45608,1,calib
45609,1,train
45610,1,calib
45611,0,train
45612,1,train
45613,1,calib
45614,1,calib
45615,0,train
45616,1,calib
45617,1,train
45618,1,train
45619,1,train
45620,1,calib
45621,1,train
45622,0,train
45623,1,train
45624,0,test
45625,1,train
45626,1,train
45627,1,train
45628,1,test
45629,0,train
45630,1,train
45631,0,train
45632,1,test
45633,0,test
45634,1,train
45635,0,test
45636,0,calib
45637,1,train
45638,1,test
45639,1,train
45640,1,train
45641,1,test
45642,1,train
45643,1,calib
45644,1,train
45645,0,train
45646,1,train
45647,1,train
45648,1,train
45649,1,test
45650,0,calib
45651,1,calib
45652,1,calib
45653,0,train
45654,1,train
45655,1,calib
45656,1,train
45657,1,train
45658,0,train
45659,1,train
45660,1,train
45661,1,test
45662,0,train
45663,0,train
45664,1,train
45665,1,test
45666,1,train
45667,1,train
45668,1,train
45669,0,calib
45670,1,test
45671,1,test
45672,1,calib
45673,1,train
45674,1,train
45675,1,train
45676,1,train
45677,0,train
45678,0,train
45679,0,train
45680,1,train
45681,1,train
45682,1,train
45683,1,train
45684,0,test
45685,1,train
45686,0,test
45687,0,train
45688,1,train
45689,1,train
45690,1,calib
45691,1,calib
45692,1,train
45693,1,train
45694,1,train
45695,1,calib
45696,1,train
45697,1,train
45698,1,train
45699,1,test
45700,0,train
45701,1,train
45702,1,train
45703,1,train
45704,1,train
45705,0,calib
45706,1,train
45707,1,train
45708,1,train
45709,0,train
45710,0,train
45711,1,train
45712,0,train
45713,1,test
45714,1,train
45715,1,calib
45716,1,test
45717,1,train
45718,0,train
45719,1,calib
45720,1,test
45721,1,calib
45722,0,calib
45723,1,train
45724,1,calib
45725,1,test
45726,0,train
45727,1,train
45728,1,train
45729,1,test
45730,1,train
45731,1,train
45732,1,train
45733,1,train
45734,1,train
45735,1,train
45736,0,train
45737,0,train
45738,1,train
45739,0,train
45740,1,test
45741,1,train
45742,0,test
45743,1,train
45744,1,calib
45745,0,train
45746,0,train
45747,1,train
45748,1,train
45749,1,train
45750,1,calib
45751,1,train
45752,0,train
45753,0,train
45754,1,test
45755,0,train
45756,1,calib
45757,1,test
45758,1,train
45759,1,calib
45760,0,train
45761,1,train
45762,1,test
45763,1,calib
45764,1,train
45765,0,train
45766,1,train
45767,0,calib
45768,1,calib
45769,1,test
45770,0,train
45771,1,train
45772,1,calib
45773,1,calib
45774,0,calib
45775,1,test
45776,1,train
45777,0,train
45778,0,train
45779,0,train
45780,1,train
45781,0,train
45782,1,train
45783,1,train
45784,1,train
45785,1,train
45786,1,train
45787,1,train
45788,0,train
45789,1,calib
45790,0,calib
45791,1,calib
45792,0,train
45793,1,train
45794,0,train
45795,1,test
45796,1,test
45797,1,train
45798,1,calib
45799,1,train
45800,1,calib
45801,1,train
45802,1,calib
45803,1,train
45804,1,calib
45805,1,train
45806,1,train
45807,1,train
45808,0,test
45809,1,train
45810,0,train
45811,0,train
45812,0,train
45813,1,train
45814,1,train
45815,1,train
45816,1,test
45817,1,calib
45818,1,train
45819,1,train
45820,1,test
45821,1,train
45822,0,train
45823,0,train
45824,1,test
45825,1,calib
45826,1,test
45827,1,train
45828,0,train
45829,0,train
45830,0,calib
45831,1,train
45832,1,train
45833,0,train
45834,1,test
45835,0,train
45836,1,test
45837,0,calib
45838,1,train
45839,1,calib
45840,1,train
45841,0,calib
45842,1,calib
45843,1,train
45844,1,train
45845,0,test
45846,1,calib
45847,1,train
45848,1,test
45849,1,train
45850,1,train
45851,1,calib
45852,1,train
45853,1,train
45854,0,test
45855,1,test
45856,1,train
45857,1,train
45858,1,train
45859,1,train
45860,1,train
45861,1,calib
45862,0,calib
45863,1,test
45864,1,train
45865,0,test
45866,0,train
45867,1,test
45868,1,train
45869,1,train
45870,1,train
45871,0,calib
45872,1,test
45873,1,test
45874,1,test
45875,1,train
45876,1,train
45877,1,train
45878,0,train
45879,1,train
45880,1,calib
45881,1,train
45882,1,test
45883,1,train
45884,0,train
45885,0,train
45886,1,train
45887,1,test
45888,0,train
45889,0,train
45890,0,calib
45891,0,train
45892,1,test
45893,1,train
45894,1,test
45895,1,train
45896,1,calib
45897,1,train
45898,1,train
45899,1,train
45900,1,train
45901,1,test
45902,1,calib
45903,1,train
45904,1,train
45905,1,train
45906,1,calib
45907,0,train
45908,1,train
45909,1,train
45910,1,train
45911,1,train
45912,1,calib
45913,1,calib
45914,1,train
45915,0,train
45916,1,train
45917,1,test
45918,1,train
45919,0,test
45920,1,train
45921,0,train
45922,1,test
45923,1,train
45924,1,calib
45925,1,train
45926,1,train
45927,0,calib
45928,1,test
45929,0,train
45930,0,train
45931,1,train
45932,0,train
45933,1,test
45934,1,train
45935,0,test
45936,0,train
45937,0,train
45938,0,calib
45939,1,train
45940,1,train
45941,0,test
45942,0,train
45943,1,train
45944,1,calib
45945,0,train
45946,0,train
45947,0,train
45948,1,train
45949,0,calib
45950,0,train
45951,1,calib
45952,1,train
45953,1,test
45954,1,train
45955,1,train
45956,1,calib
45957,1,test
45958,1,calib
45959,1,test
45960,1,train
45961,1,train
45962,1,train
45963,0,train
45964,1,calib
45965,0,train
45966,1,test
45967,1,train
45968,1,train
45969,0,train
45970,0,train
45971,1,train
45972,1,train
45973,1,test
45974,0,test
45975,1,train
45976,1,calib
45977,1,calib
45978,1,train
45979,1,train
45980,1,train
45981,0,calib
45982,0,train
45983,1,calib
45984,1,train
45985,1,train
45986,1,train
45987,1,train
45988,1,test
45989,1,train
45990,1,train
45991,1,train
45992,0,train
45993,1,train
45994,1,train
45995,1,calib
45996,1,train
45997,1,train
45998,1,test
45999,1,test
46000,1,train
46001,0,train
46002,0,train
46003,0,calib
46004,1,train
46005,0,train
46006,0,train
46007,1,train
46008,1,calib
46009,1,train
46010,1,calib
46011,1,train
46012,1,train
46013,1,test
46014,1,calib
46015,0,train
46016,0,train
46017,1,train
46018,1,test
46019,1,train
46020,1,train
46021,1,train
46022,1,train
46023,0,test
46024,1,test
46025,0,train
46026,1,calib
46027,1,train
46028,1,test
46029,1,train
46030,1,calib
46031,1,train
46032,1,test
46033,1,test
46034,1,train
46035,1,calib
46036,1,calib
46037,1,calib
46038,1,calib
46039,1,test
46040,1,test
46041,0,train
46042,0,calib
46043,1,test
46044,1,train
46045,1,calib
46046,1,train
46047,1,train
46048,1,train
46049,1,test
46050,1,test
46051,0,train
46052,1,test
46053,1,test
46054,1,train
46055,0,train
46056,1,train
46057,1,train
46058,1,test
46059,1,train
46060,1,train
46061,0,test
46062,1,train
46063,1,train
46064,1,test
46065,0,train
46066,1,calib
46067,0,test
46068,1,train
46069,1,train
46070,1,train
46071,1,train
46072,1,train
46073,1,test
46074,1,train
46075,1,calib
46076,1,test
46077,1,train
46078,0,train
46079,1,train
46080,1,calib
46081,1,test
46082,1,calib
46083,1,calib
46084,0,calib
46085,0,calib
46086,1,calib
46087,1,test
46088,0,train
46089,1,train
46090,1,calib
46091,1,train
46092,1,train
46093,1,train
46094,0,calib
46095,1,train
46096,0,calib
46097,1,calib
46098,1,train
46099,0,test
46100,1,train
46101,0,train
46102,0,calib
46103,1,train
46104,1,train
46105,1,test
46106,0,train
46107,1,train
46108,1,train
46109,1,train
46110,1,calib
46111,1,train
46112,1,train
46113,1,train
46114,0,train
46115,0,train
46116,0,calib
46117,1,calib
46118,1,train
46119,1,calib
46120,0,train
46121,0,train
46122,0,calib
46123,1,calib
46124,1,train
46125,1,train
46126,1,train
46127,1,test
46128,1,test
46129,1,train
46130,0,test
46131,1,calib
46132,0,train
46133,1,calib
46134,0,train
46135,0,calib
46136,1,train
46137,0,train
46138,1,calib
46139,1,train
46140,0,train
46141,0,calib
46142,0,train
46143,1,test
46144,0,test
46145,0,test
46146,0,train
46147,1,calib
46148,1,calib
46149,1,train
46150,0,train
46151,1,test
46152,1,train
46153,1,test
46154,1,calib
46155,1,train
46156,0,train
46157,1,calib
46158,1,train
46159,0,train
46160,1,train
46161,1,train
46162,1,test
46163,1,calib
46164,1,train
46165,1,calib
46166,1,train
46167,1,train
46168,1,train
46169,1,calib
46170,1,train
46171,1,calib
46172,1,train
46173,0,train
46174,1,calib
46175,0,train
46176,0,train
46177,1,train
46178,1,train
46179,1,train
46180,1,train
46181,1,train
46182,1,train
46183,0,train
46184,1,train
46185,0,train
46186,1,test
46187,1,calib
46188,0,train
46189,1,train
46190,1,calib
46191,1,calib
46192,0,train
46193,1,calib
46194,1,train
46195,1,test
46196,0,train
46197,1,train
46198,1,train
46199,0,test
46200,1,test
46201,1,calib
46202,1,calib
46203,1,train
46204,1,calib
46205,0,train
46206,1,train
46207,1,test
46208,1,train
46209,0,train
46210,1,train
46211,1,test
46212,1,calib
46213,1,train
46214,1,calib
46215,1,train
46216,1,train
46217,1,test
46218,1,train
46219,0,test
46220,1,train
46221,1,calib
46222,1,train
46223,1,train
46224,0,train
46225,1,calib
46226,0,test
46227,1,train
46228,0,train
46229,1,train
46230,0,calib
46231,1,test
46232,1,train
46233,0,calib
46234,1,train
46235,1,train
46236,0,calib
46237,1,test
46238,1,calib
46239,1,test
46240,1,test
46241,0,train
46242,1,calib
46243,1,train
46244,1,train
46245,1,train
46246,1,train
46247,0,test
46248,1,test
46249,1,train
46250,0,train
46251,1,train
46252,0,train
46253,1,test
46254,1,calib
46255,1,test
46256,1,calib
46257,1,calib
46258,1,calib
46259,1,test
46260,1,train
46261,0,calib
46262,0,train
46263,1,train
46264,0,train
46265,1,calib
46266,0,train
46267,1,test
46268,1,train
46269,0,train
46270,1,train
46271,1,train
46272,1,test
46273,1,calib
46274,0,train
46275,1,train
46276,0,train
46277,1,test
46278,0,train
46279,1,train
46280,1,train
46281,1,train
46282,0,train
46283,0,calib
46284,1,calib
46285,1,train
46286,1,calib
46287,1,test
46288,1,train
46289,0,test
46290,1,test
46291,0,calib
46292,1,train
46293,1,train
46294,1,calib
46295,0,calib
46296,1,train
46297,0,train
46298,1,train
46299,0,train
46300,1,test
46301,0,train
46302,1,test
46303,1,train
46304,1,test
46305,0,test
46306,0,test
46307,1,train
46308,0,train
46309,0,train
46310,1,train
46311,1,train
46312,1,train
46313,1,train
46314,0,train
46315,1,train
46316,1,train
46317,1,test
46318,1,train
46319,1,train
46320,0,calib
46321,1,train
46322,1,test
46323,1,test
46324,1,calib
46325,0,train
46326,1,train
46327,1,train
46328,0,train
46329,1,train
46330,1,train
46331,1,calib
46332,1,train
46333,0,train
46334,1,train
46335,1,train
46336,1,calib
46337,1,train
46338,1,train
46339,1,train
46340,1,test
46341,0,train
46342,1,calib
46343,1,calib
46344,1,test
46345,0,train
46346,1,train
46347,1,calib
46348,0,calib
46349,1,test
46350,1,train
46351,0,train
46352,1,test
46353,1,test
46354,1,train
46355,1,calib
46356,0,train
46357,1,train
46358,1,train
46359,0,test
46360,1,train
46361,1,test
46362,1,train
46363,1,train
46364,1,test
46365,1,train
46366,1,train
46367,1,train
46368,1,train
46369,1,test
46370,1,calib
46371,0,test
46372,1,train
46373,1,calib
46374,1,train
46375,1,calib
46376,0,train
46377,1,calib
46378,0,train
46379,1,train
46380,1,train
46381,0,test
46382,0,train
46383,1,train
46384,1,test
46385,1,train
46386,1,calib
46387,1,calib
46388,0,train
46389,1,calib
46390,1,train
46391,1,calib
46392,1,test
46393,1,train
46394,1,calib
46395,1,train
46396,0,test
46397,1,train
46398,1,train
46399,1,train
46400,0,train
46401,0,train
46402,1,train
46403,0,calib
46404,1,train
46405,1,train
46406,1,train
46407,0,test
46408,1,train
46409,1,train
46410,1,calib
46411,1,calib
46412,0,train
46413,0,test
46414,1,train
46415,1,calib
46416,1,calib
46417,1,train
46418,1,train
46419,1,train
46420,0,test
46421,1,calib
46422,1,train
46423,0,train
46424,0,train
46425,1,train
46426,1,train
46427,1,train
46428,1,train
46429,1,calib
46430,1,test
46431,1,train
46432,0,train
46433,1,train
46434,1,train
46435,0,calib
46436,1,train
46437,1,calib
46438,1,train
46439,0,train
46440,1,calib
46441,1,train
46442,1,train
46443,0,test
46444,0,train
46445,1,test
46446,1,train
46447,1,train
46448,0,test
46449,1,test
46450,1,train
46451,0,train
46452,1,train
46453,0,train
46454,1,calib
46455,1,test
46456,0,train
46457,1,calib
46458,1,train
46459,1,calib
46460,0,test
46461,1,test
46462,1,train
46463,1,train
46464,0,test
46465,1,train
46466,1,calib
46467,1,train
46468,1,test
46469,0,train
46470,1,train
46471,1,train
46472,1,calib
46473,0,train
46474,0,train
46475,0,test
46476,1,calib
46477,1,calib
46478,0,calib
46479,1,train
46480,1,test
46481,1,train
46482,1,train
46483,1,train
46484,1,train
46485,1,train
46486,1,train
46487,1,train
46488,0,test
46489,0,train
46490,1,test
46491,0,test
46492,1,train
46493,1,test
46494,1,train
46495,1,train
46496,1,train
46497,1,train
46498,1,train
46499,1,train
46500,0,train
46501,1,train
46502,1,test
46503,1,train
46504,1,test
46505,1,train
46506,1,train
46507,1,train
46508,1,train
46509,0,train
46510,1,train
46511,1,train
46512,1,train
46513,1,calib
46514,1,test
46515,1,train
46516,0,train
46517,1,train
46518,0,train
46519,1,train
46520,1,train
46521,1,train
46522,1,train
46523,1,calib
46524,1,calib
46525,0,train
46526,0,calib
46527,1,calib
46528,1,train
46529,0,train
46530,1,train
46531,0,test
46532,0,train
46533,1,train
46534,1,train
46535,1,train
46536,1,test
46537,0,train
46538,1,train
46539,1,test
46540,1,train
46541,0,test
46542,1,train
46543,0,calib
46544,1,train
46545,1,calib
46546,1,test
46547,1,train
46548,1,train
46549,1,train
46550,1,train
46551,0,train
46552,0,train
46553,0,train
46554,0,test
46555,1,calib
46556,1,train
46557,0,train
46558,1,train
46559,1,train
46560,1,calib
46561,0,train
46562,1,train
46563,1,train
46564,1,calib
46565,0,test
46566,1,train
46567,1,calib
46568,1,test
46569,1,calib
46570,1,train
46571,1,calib
46572,0,train
46573,0,train
46574,1,train
46575,0,train
46576,1,train
46577,0,test
46578,0,calib
46579,1,calib
46580,1,train
46581,1,train
46582,1,test
46583,1,train
46584,1,train
46585,1,train
46586,1,test
46587,1,train
46588,1,train
46589,0,test
46590,0,train
46591,1,train
46592,1,train
46593,1,calib
46594,1,test
46595,1,test
46596,0,calib
46597,0,train
46598,1,train
46599,1,train
46600,1,train
46601,0,train
46602,1,train
46603,1,calib
46604,1,train
46605,1,train
46606,1,test
46607,1,calib
46608,1,calib
46609,0,train
46610,1,calib
46611,1,train
46612,1,train
46613,0,calib
46614,1,train
46615,1,train
46616,0,train
46617,0,calib
46618,1,train
46619,0,test
46620,1,test
46621,1,test
46622,1,train
46623,1,train
46624,1,test
46625,1,test
46626,0,train
46627,0,calib
46628,1,train
46629,0,train
46630,1,train
46631,1,train
46632,1,train
46633,1,train
46634,1,train
46635,0,train
46636,1,calib
46637,0,calib
46638,0,train
46639,1,test
46640,1,train
46641,1,train
46642,1,train
46643,0,test
46644,1,calib
46645,1,train
46646,1,train
46647,0,train
46648,1,train
46649,1,train
46650,1,train
46651,0,train
46652,1,test
46653,1,train
46654,0,train
46655,1,calib
46656,1,test
46657,1,test
46658,0,calib
46659,0,train
46660,0,calib
46661,1,train
46662,0,train
46663,1,train
46664,1,calib
46665,0,train
46666,1,train
46667,0,calib
46668,1,train
46669,1,train
46670,1,train
46671,1,test
46672,0,train
46673,1,calib
46674,1,train
46675,1,calib
46676,1,train
46677,1,test
46678,0,train
46679,1,calib
46680,0,train
46681,1,train
46682,1,train
46683,1,test
46684,1,test
46685,1,calib
46686,1,train
46687,1,train
46688,1,train
46689,1,train
46690,0,calib
46691,1,test
46692,1,calib
46693,1,train
46694,0,train
46695,1,train
46696,0,test
46697,1,train
46698,0,calib
46699,0,train
46700,1,train
46701,1,train
46702,0,test
46703,0,calib
46704,0,train
46705,0,train
46706,1,train
46707,0,calib
46708,1,train
46709,0,train
46710,0,train
46711,1,train
46712,1,test
46713,0,test
46714,1,train
46715,0,test
46716,1,train
46717,1,train
46718,0,train
46719,1,train
46720,0,train
46721,1,train
46722,1,train
46723,1,test
46724,1,test
46725,1,test
46726,1,train
46727,1,calib
46728,1,train
46729,1,calib
46730,1,test
46731,1,train
46732,1,test
46733,1,train
46734,1,calib
46735,0,train
46736,0,test
46737,1,train
46738,1,train
46739,1,test
46740,0,train
46741,1,calib
46742,0,test
46743,1,train
46744,1,test
46745,0,train
46746,0,calib
46747,0,train
46748,1,train
46749,0,test
46750,1,train
46751,0,train
46752,0,test
46753,1,train
46754,0,train
46755,1,test
46756,1,test
46757,1,train
46758,1,train
46759,1,train
46760,1,calib
46761,1,calib
46762,0,test
46763,1,test
46764,1,train
46765,0,test
46766,1,train
46767,1,test
46768,1,test
46769,1,calib
46770,0,train
46771,0,test
46772,1,train
46773,1,calib
46774,1,train
46775,1,test
46776,1,train
46777,1,calib
46778,1,train
46779,1,train
46780,1,calib
46781,1,train
46782,0,train
46783,1,calib
46784,1,test
46785,0,train
46786,0,train
46787,1,train
46788,1,train
46789,0,calib
46790,0,calib
46791,1,test
46792,1,calib
46793,1,train
46794,1,train
46795,1,calib
46796,1,test
46797,0,train
46798,1,train
46799,1,test
46800,1,train
46801,1,train
46802,1,test
46803,1,calib
46804,1,train
46805,1,train
46806,1,calib
46807,1,train
46808,1,train
46809,1,train
46810,0,train
46811,1,train
46812,1,calib
46813,0,train
46814,1,calib
46815,1,train
46816,1,train
46817,1,calib
46818,1,train
46819,1,train
46820,0,train
46821,1,train
46822,1,test
46823,1,train
46824,1,train
46825,1,train
46826,1,train
46827,1,calib
46828,0,train
46829,1,test
46830,0,train
46831,1,test
46832,1,train
46833,1,test
46834,1,calib
46835,0,test
46836,1,train
46837,1,test
46838,1,train
46839,0,train
46840,1,test
46841,0,train
46842,1,train
46843,1,train
46844,1,calib
46845,1,calib
46846,1,train
46847,1,calib
46848,1,train
46849,1,train
46850,1,train
46851,0,train
46852,0,calib
46853,1,calib
46854,1,test
46855,1,test
46856,1,calib
46857,1,train
46858,1,calib
46859,1,test
46860,0,train
46861,0,train
46862,1,test
46863,1,train
46864,0,train
46865,1,train
46866,0,test
46867,1,train
46868,0,calib
46869,1,train
46870,0,test
46871,1,train
46872,1,train
46873,1,train
46874,0,train
46875,1,test
46876,0,train
46877,1,test
46878,0,train
46879,1,train
46880,0,train
46881,0,train
46882,1,test
46883,1,test
46884,1,train
46885,1,train
46886,1,train
46887,1,train
46888,1,train
46889,1,train
46890,1,train
46891,1,train
46892,1,calib
46893,1,train
46894,1,train
46895,1,train
46896,1,calib
46897,1,calib
46898,0,train
46899,0,train
46900,1,test
46901,1,train
46902,1,calib
46903,1,train
46904,1,test
46905,1,train
46906,0,train
46907,0,test
46908,1,train
46909,0,test
46910,1,calib
46911,0,train
46912,1,train
46913,1,train
46914,1,train
46915,1,train
46916,1,calib
46917,1,train
46918,1,train
46919,1,train
46920,1,train
46921,1,train
46922,1,calib
46923,1,train
46924,0,train
46925,1,train
46926,1,test
46927,1,train
46928,1,train
46929,0,train
46930,1,train
46931,1,train
46932,1,train
46933,1,train
46934,1,train
46935,0,calib
46936,0,train
46937,1,train
46938,1,train
46939,1,calib
46940,1,calib
46941,1,test
46942,0,test
46943,0,test
46944,0,train
46945,1,test
46946,1,test
46947,1,train
46948,1,train
46949,0,calib
46950,1,train
46951,1,train
46952,1,train
46953,0,train
46954,1,train
46955,1,train
46956,1,calib
46957,1,train
46958,0,train
46959,1,test
46960,1,train
46961,1,test
46962,1,calib
46963,1,calib
46964,1,train
46965,1,calib
46966,0,test
46967,1,train
46968,0,test
46969,1,test
46970,1,test
46971,1,train
46972,1,train
46973,1,train
46974,0,train
46975,0,test
46976,0,train
46977,0,test
46978,0,train
46979,1,train
46980,1,test
46981,1,train
46982,1,train
46983,1,train
46984,1,test
46985,1,train
46986,1,train
46987,0,calib
46988,1,train
46989,1,test
46990,1,train
46991,1,test
46992,1,train
46993,1,train
46994,0,train
46995,1,train
46996,1,test
46997,0,train
46998,1,train
46999,1,train
47000,1,train
47001,1,calib
47002,0,calib
47003,1,train
47004,1,calib
47005,1,train
47006,0,train
47007,0,calib
47008,0,train
47009,1,calib
47010,1,train
47011,0,train
47012,1,train
47013,1,train
47014,0,test
47015,0,train
47016,1,train
47017,1,calib
47018,1,train
47019,1,train
47020,1,calib
47021,1,train
47022,1,train
47023,1,test
47024,1,train
47025,1,calib
47026,0,train
47027,1,train
47028,1,train
47029,1,train
47030,0,train
47031,1,train
47032,0,train
47033,1,test
47034,1,train
47035,1,train
47036,1,train
47037,0,train
47038,1,train
47039,0,test
47040,1,calib
47041,0,test
47042,1,train
47043,1,test
47044,1,train
47045,1,calib
47046,1,train
47047,1,calib
47048,1,train
47049,1,train
47050,1,calib
47051,1,calib
47052,1,train
47053,1,train
47054,1,train
47055,1,train
47056,1,train
47057,1,train
47058,1,train
47059,0,calib
47060,1,train
47061,1,test
47062,1,test
47063,1,train
47064,0,train
47065,1,calib
47066,1,train
47067,1,train
47068,1,train
47069,0,calib
47070,1,train
47071,0,train
47072,1,test
47073,0,train
47074,0,train
47075,1,train
47076,1,train
47077,1,train
47078,1,train
47079,1,train
47080,1,train
47081,0,calib
47082,1,test
47083,1,train
47084,1,calib
47085,1,train
47086,1,calib
47087,1,train
47088,1,train
47089,1,train
47090,1,calib
47091,1,train
47092,1,test
47093,1,train
47094,1,train
47095,0,train
47096,1,calib
47097,1,test
47098,1,train
47099,1,train
47100,1,calib
47101,1,calib
47102,1,train
47103,0,train
47104,0,train
47105,1,test
47106,1,train
47107,1,test
47108,1,train
47109,1,train
47110,1,test
47111,1,train
47112,1,train
47113,1,calib
47114,1,test
47115,1,train
47116,1,calib
47117,0,test
47118,1,train
47119,1,train
47120,1,test
47121,1,test
47122,1,train
47123,0,calib
47124,1,calib
47125,1,calib
47126,1,calib
47127,1,test
47128,1,train
47129,0,train
47130,1,train
47131,1,train
47132,1,train
47133,1,train
47134,1,calib
47135,1,train
47136,0,calib
47137,1,train
47138,1,train
47139,1,calib
47140,1,calib
47141,0,train
47142,0,train
47143,1,train
47144,1,train
47145,0,train
47146,1,train
47147,0,test
47148,0,test
47149,1,train
47150,0,train
47151,0,calib
47152,1,train
47153,0,train
47154,1,calib
47155,1,calib
47156,0,train
47157,1,calib
47158,1,train
47159,0,train
47160,1,test
47161,1,calib
47162,1,test
47163,1,train
47164,1,train
47165,1,calib
47166,1,train
47167,1,train
47168,0,train
47169,1,test
47170,0,train
47171,1,train
47172,1,train
47173,1,train
47174,1,train
47175,0,train
47176,1,test
47177,1,test
47178,1,test
47179,1,train
47180,1,train
47181,1,train
47182,1,calib
47183,1,train
47184,1,test
47185,0,train
47186,0,train
47187,0,calib
47188,1,train
47189,1,train
47190,1,test
47191,1,train
47192,1,train
47193,1,train
47194,1,train
47195,1,train
47196,1,train
47197,1,test
47198,1,train
47199,1,calib
47200,1,train
47201,0,calib
47202,1,calib
47203,1,train
47204,1,test
47205,1,train
47206,1,test
47207,0,calib
47208,0,calib
47209,0,calib
47210,0,train
47211,1,train
47212,1,train
47213,1,test
47214,0,test
47215,0,train
47216,1,train
47217,1,train
47218,1,train
47219,1,train
47220,1,train
47221,0,calib
47222,1,train
47223,0,train
47224,1,train
47225,1,test
47226,1,train
47227,1,train
47228,1,train
47229,1,calib
47230,1,train
47231,1,train
47232,0,train
47233,0,test
47234,1,train
47235,1,train
47236,1,train
47237,1,train
47238,1,train
47239,0,calib
47240,1,train
47241,1,train
47242,1,test
47243,1,train
47244,1,train
47245,1,calib
47246,0,train
47247,0,test
47248,1,calib
47249,1,train
47250,1,train
47251,1,train
47252,1,train
47253,0,calib
47254,0,train
47255,1,test
47256,1,train
47257,1,train
47258,1,train
47259,1,train
47260,0,train
47261,1,test
47262,1,calib
47263,1,train
47264,0,train
47265,1,train
47266,1,train
47267,1,train
47268,1,train
47269,0,train
47270,1,train
47271,1,train
47272,1,train
47273,1,calib
47274,1,train
47275,1,test
47276,1,train
47277,1,train
47278,0,train
47279,1,train
47280,0,train
47281,1,test
47282,1,train
47283,1,test
47284,1,calib
47285,0,calib
47286,1,test
47287,1,train
47288,0,test
47289,1,train
47290,1,calib
47291,1,test
47292,1,train
47293,1,test
47294,0,test
47295,1,train
47296,0,train
47297,0,train
47298,1,calib
47299,1,train
47300,0,train
47301,0,test
47302,1,train
47303,1,train
47304,0,train
47305,1,train
47306,1,train
47307,1,train
47308,1,train
47309,1,test
47310,1,test
47311,1,test
47312,1,calib
47313,1,test
47314,0,calib
47315,1,train
47316,0,train
47317,0,train
47318,0,test
47319,1,test
47320,1,train
47321,1,train
47322,1,test
47323,1,train
47324,1,calib
47325,1,train
47326,1,test
47327,1,calib
47328,1,train
47329,0,calib
47330,1,train
47331,1,train
47332,0,train
47333,1,train
47334,1,train
47335,0,train
47336,1,train
47337,1,train
47338,1,train
47339,1,train
47340,1,test
47341,1,test
47342,1,train
47343,1,train
47344,1,train
47345,1,train
47346,0,calib
47347,1,test
47348,1,train
47349,1,calib
47350,0,train
47351,1,train
47352,1,calib
47353,1,train
47354,1,train
47355,1,train
47356,1,calib
47357,1,test
47358,0,calib
47359,1,train
47360,1,train
47361,1,train
47362,0,test
47363,0,train
47364,0,train
47365,1,train
47366,0,train
47367,1,calib
47368,1,train
47369,1,calib
47370,0,train
47371,1,test
47372,1,test
47373,1,train
47374,1,train
47375,1,test
47376,0,train
47377,1,train
47378,0,calib
47379,0,calib
47380,1,train
47381,1,train
47382,1,train
47383,0,train
47384,1,calib
47385,1,train
47386,1,train
47387,0,train
47388,1,train
47389,1,train
47390,1,train
47391,0,train
47392,1,train
47393,0,train
47394,1,test
47395,1,train
47396,0,train
47397,1,calib
47398,1,train
47399,0,test
47400,1,train
47401,1,test
47402,0,calib
47403,1,train
47404,1,test
47405,1,train
47406,1,train
47407,1,train
47408,1,calib
47409,1,train
47410,1,calib
47411,0,train
47412,1,train
47413,1,test
47414,1,train
47415,1,test
47416,1,calib
47417,1,test
47418,1,train
47419,0,calib
47420,0,calib
47421,1,train
47422,0,train
47423,1,train
47424,1,train
47425,1,train
47426,0,train
47427,1,calib
47428,1,test
47429,1,test
47430,0,train
47431,1,train
47432,1,test
47433,1,train
47434,1,train
47435,1,train
47436,1,test
47437,1,calib
47438,1,test
47439,1,calib
47440,1,train
47441,1,train
47442,1,test
47443,1,train
47444,1,train
47445,1,calib
47446,1,test
47447,0,train
47448,1,train
47449,1,calib
47450,1,calib
47451,0,train
47452,0,test
47453,1,train
47454,1,train
47455,1,test
47456,1,calib
47457,1,train
47458,1,train
47459,1,train
47460,0,train
47461,1,calib
47462,1,test
47463,0,test
47464,1,train
47465,1,train
47466,1,train
47467,1,test
47468,0,calib
47469,1,train
47470,1,calib
47471,1,train
47472,1,calib
47473,1,train
47474,1,test
47475,1,train
47476,1,test
47477,1,train
47478,1,train
47479,0,test
47480,1,test
47481,1,train
47482,1,test
47483,1,train
47484,1,test
47485,1,calib
47486,1,train
47487,1,train
47488,1,train
47489,1,train
47490,1,test
47491,0,calib
47492,1,test
47493,1,train
47494,1,train
47495,1,train
47496,1,calib
47497,1,train
47498,1,train
47499,1,train
47500,1,train
47501,1,test
47502,1,train
47503,1,test
47504,1,test
47505,1,calib
47506,1,test
47507,1,train
47508,1,calib
47509,1,train
47510,1,test
47511,0,train
47512,1,train
47513,0,train
47514,1,train
47515,1,train
47516,1,test
47517,1,train
47518,0,train
47519,0,test
47520,1,train
47521,1,test
47522,1,calib
47523,1,train
47524,1,calib
47525,1,train
47526,1,test
47527,1,train
47528,1,train
47529,0,train
47530,0,calib
47531,1,train
47532,1,train
47533,0,train
47534,1,calib
47535,1,train
47536,1,calib
47537,1,train
47538,0,train
47539,0,train
47540,1,calib
47541,0,train
47542,1,train
47543,1,calib
47544,1,train
47545,1,train
47546,1,train
47547,1,train
47548,0,train
47549,1,calib
47550,1,train
47551,0,calib
47552,1,test
47553,1,train
47554,1,train
47555,1,test
47556,1,train
47557,1,train
47558,1,train
47559,1,test
47560,0,calib
47561,0,test
47562,1,train
47563,1,train
47564,1,train
47565,1,train
47566,0,train
47567,1,train
47568,1,calib
47569,1,test
47570,0,test
47571,1,train
47572,0,train
47573,0,train
47574,1,test
47575,0,train
47576,0,train
47577,1,train
47578,1,train
47579,0,train
47580,0,test
47581,1,calib
47582,0,calib
47583,0,train
47584,1,train
47585,0,train
47586,0,train
47587,1,train
47588,1,test
47589,1,train
47590,1,train
47591,1,train
47592,1,calib
47593,0,train
47594,1,test
47595,1,calib
47596,1,train
47597,0,train
47598,1,train
47599,1,test
47600,0,train
47601,1,calib
47602,0,train
47603,1,train
47604,1,train
47605,0,calib
47606,1,train
47607,0,calib
47608,1,train
47609,0,train
47610,0,test
47611,1,train
47612,0,train
47613,1,test
47614,1,train
47615,0,calib
47616,1,calib
47617,1,test
47618,1,train
47619,1,train
47620,1,train
47621,0,train
47622,0,train
47623,1,calib
47624,1,train
47625,1,calib
47626,1,train
47627,1,train
47628,1,test
47629,1,train
47630,1,train
47631,1,calib
47632,1,train
47633,1,train
47634,0,calib
47635,1,train
47636,1,test
47637,1,train
47638,1,test
47639,0,train
47640,0,train
47641,1,test
47642,1,train
47643,0,train
47644,0,test
47645,1,calib
47646,1,test
47647,1,train
47648,1,calib
47649,0,train
47650,0,train
47651,1,train
47652,1,test
47653,1,train
47654,1,train
47655,1,test
47656,1,train
47657,0,train
47658,1,calib
47659,1,train
47660,0,calib
47661,1,train
47662,0,calib
47663,1,train
47664,1,test
47665,1,train
47666,0,train
47667,1,train
47668,1,test
47669,0,train
47670,0,calib
47671,1,calib
47672,1,train
47673,1,train
47674,1,train
47675,1,test
47676,1,calib
47677,1,train
47678,1,train
47679,1,calib
47680,0,test
47681,1,train
47682,0,train
47683,1,train
47684,0,train
47685,1,calib
47686,1,train
47687,0,train
47688,1,test
47689,1,train
47690,1,calib
47691,1,train
47692,1,train
47693,1,calib
47694,1,train
47695,1,calib
47696,1,test
47697,1,test
47698,0,train
47699,0,train
47700,1,train
47701,1,train
47702,1,train
47703,1,test
47704,1,train
47705,1,train
47706,0,train
47707,1,train
47708,1,test
47709,0,train
47710,1,train
47711,1,train
47712,0,train
47713,1,train
47714,1,calib
47715,0,test
47716,1,test
47717,1,test
47718,1,test
47719,1,calib
47720,1,train
47721,1,test
47722,1,train
47723,0,calib
47724,1,train
47725,1,train
47726,0,test
47727,1,train
47728,1,test
47729,1,train
47730,1,train
47731,1,train
47732,1,train
47733,1,train
47734,1,test
47735,1,train
47736,1,train
47737,0,train
47738,1,calib
47739,0,test
47740,1,calib
47741,1,calib
47742,1,train
47743,1,train
47744,1,train
47745,0,calib
47746,1,calib
47747,1,train
47748,1,train
47749,1,train
47750,1,train
47751,0,calib
47752,0,train
47753,1,calib
47754,1,train
47755,1,test
47756,1,calib
47757,1,test
47758,1,train
47759,1,train
47760,1,train
47761,1,calib
47762,1,train
47763,0,train
47764,1,train
47765,1,train
47766,1,calib
47767,0,train
47768,1,test
47769,1,train
47770,1,calib
47771,1,calib
47772,1,calib
47773,0,test
47774,0,test
47775,1,train
47776,1,test
47777,1,train
47778,1,test
47779,1,train
47780,0,train
47781,1,test
47782,1,calib
47783,1,train
47784,1,calib
47785,1,test
47786,1,train
47787,1,train
47788,0,train
47789,1,train
47790,1,train
47791,1,train
47792,1,train
47793,1,train
47794,0,train
47795,1,train
47796,1,test
47797,1,train
47798,1,calib
47799,0,train
47800,1,calib
47801,1,train
47802,1,test
47803,1,train
47804,1,train
47805,1,train
47806,1,train
47807,1,calib
47808,1,test
47809,1,train
47810,1,train
47811,1,train
47812,1,train
47813,1,train
47814,1,calib
47815,1,train
47816,1,calib
47817,1,train
47818,1,train
47819,1,train
47820,1,train
47821,1,train
47822,1,calib
47823,1,train
47824,1,train
47825,0,calib
47826,1,calib
47827,1,calib
47828,0,calib
47829,0,train
47830,1,calib
47831,1,train
47832,1,train
47833,1,test
47834,1,train
47835,1,train
47836,1,test
47837,1,train
47838,1,test
47839,0,calib
47840,1,calib
47841,1,train
47842,1,train
47843,1,test
47844,0,train
47845,1,train
47846,1,train
47847,1,calib
47848,1,train
47849,1,train
47850,1,train
47851,1,calib
47852,0,test
47853,1,train
47854,1,train
47855,1,train
47856,1,train
47857,1,train
47858,0,train
47859,0,train
47860,1,test
47861,1,train
47862,1,train
47863,0,test
47864,1,calib
47865,1,train
47866,1,calib
47867,1,test
47868,0,train
47869,0,train
47870,1,calib
47871,0,calib
47872,1,test
47873,1,train
47874,1,train
47875,0,train
47876,1,train
47877,1,train
47878,1,calib
47879,1,test
47880,1,train
47881,0,train
47882,1,train
47883,1,train
47884,1,test
47885,1,train
47886,0,calib
47887,1,calib
47888,0,train
47889,1,test
47890,1,train
47891,1,test
47892,1,train
47893,0,train
47894,1,train
47895,1,calib
47896,1,calib
47897,1,test
47898,1,train
47899,1,train
47900,0,train
47901,1,train
47902,1,train
47903,1,train
47904,1,calib
47905,1,train
47906,1,train
47907,1,test
47908,1,calib
47909,1,train
47910,1,test
47911,0,train
47912,1,train
47913,1,calib
47914,1,train
47915,1,train
47916,1,calib
47917,1,train
47918,1,train
47919,1,train
47920,1,test
47921,1,train
47922,1,train
47923,0,calib
47924,1,train
47925,1,train
47926,0,train
47927,1,train
47928,0,train
47929,1,train
47930,1,calib
47931,0,train
47932,1,test
47933,0,train
47934,1,train
47935,1,train
47936,1,test
47937,1,train
47938,1,train
47939,0,calib
47940,0,train
47941,1,train
47942,1,calib
47943,1,test
47944,1,train
47945,0,train
47946,1,train
47947,1,train
47948,1,test
47949,1,train
47950,1,test
47951,1,train
47952,0,train
47953,1,train
47954,1,train
47955,0,train
47956,1,train
47957,1,train
47958,1,calib
47959,0,train
47960,1,test
47961,1,train
47962,1,train
47963,0,train
47964,1,train
47965,1,train
47966,1,train
47967,1,train
47968,1,test
47969,1,train
47970,1,train
47971,0,train
47972,1,train
47973,0,train
47974,1,train
47975,1,test
47976,1,train
47977,1,calib
47978,0,test
47979,1,train
47980,1,test
47981,1,train
47982,1,train
47983,1,test
47984,0,test
47985,1,calib
47986,1,calib
47987,0,calib
47988,1,test
47989,1,train
47990,1,calib
47991,1,test
47992,1,train
47993,1,calib
47994,1,calib
47995,1,train
47996,1,train
47997,0,calib
47998,1,train
47999,1,train
48000,0,train
48001,1,calib
48002,1,train
48003,1,train
48004,1,train
48005,1,test
48006,1,train
48007,1,train
48008,1,calib
48009,0,train
48010,0,train
48011,1,calib
48012,1,calib
48013,1,test
48014,0,test
48015,0,train
48016,0,train
48017,1,test
48018,0,test
48019,1,train
48020,0,test
48021,1,calib
48022,1,train
48023,1,train
48024,1,train
48025,0,train
48026,1,calib
48027,1,calib
48028,1,test
48029,1,calib
48030,1,test
48031,1,train
48032,1,train
48033,1,calib
48034,1,test
48035,1,train
48036,1,train
48037,0,test
48038,1,train
48039,1,test
48040,1,calib
48041,1,test
48042,1,calib
48043,0,calib
48044,1,test
48045,1,calib
48046,1,test
48047,1,calib
48048,1,test
48049,1,train
48050,1,train
48051,1,calib
48052,1,calib
48053,0,train
48054,1,train
48055,1,train
48056,0,calib
48057,1,train
48058,1,test
48059,1,train
48060,0,calib
48061,1,train
48062,1,test
48063,1,train
48064,0,train
48065,1,calib
48066,1,test
48067,1,test
48068,1,train
48069,1,train
48070,1,train
48071,1,train
48072,0,train
48073,1,train
48074,1,test
48075,1,train
48076,1,calib
48077,1,calib
48078,1,calib
48079,1,train
48080,1,train
48081,1,calib
48082,1,train
48083,0,train
48084,1,train
48085,0,test
48086,1,train
48087,1,train
48088,0,test
48089,0,test
48090,1,test
48091,1,train
48092,1,test
48093,1,train
48094,1,calib
48095,1,calib
48096,1,train
48097,1,train
48098,1,train
48099,1,train
48100,0,calib
48101,1,train
48102,0,calib
48103,1,train
48104,1,train
48105,1,test
48106,1,train
48107,1,train
48108,1,calib
48109,1,train
48110,1,test
48111,1,train
48112,1,train
48113,0,test
48114,1,train
48115,1,train
48116,1,test
48117,1,test
48118,1,train
48119,0,train
48120,0,train
48121,0,train
48122,0,train
48123,1,train
48124,1,test
48125,1,train
48126,1,train
48127,1,test
48128,1,train
48129,1,train
48130,0,train
48131,1,train
48132,1,train
48133,1,train
48134,1,train
48135,1,train
48136,1,calib
48137,1,train
48138,1,test
48139,1,train
48140,0,train
48141,1,calib
48142,1,train
48143,1,calib
48144,1,calib
48145,0,train
48146,0,train
48147,1,test
48148,0,calib
48149,0,train
48150,1,calib
48151,0,train
48152,1,calib
48153,1,train
48154,1,train
48155,0,train
48156,0,train
48157,1,train
48158,1,train
48159,1,train
48160,1,train
48161,1,train
48162,0,test
48163,0,test
48164,1,calib
48165,1,train
48166,1,train
48167,0,calib
48168,1,train
48169,1,calib
48170,1,test
48171,0,test
48172,0,calib
48173,1,train
48174,1,calib
48175,1,train
48176,1,calib
48177,1,train
48178,1,train
48179,1,calib
48180,1,train
48181,1,test
48182,1,train
48183,0,train
48184,1,train
48185,1,train
48186,1,train
48187,1,calib
48188,1,train
48189,1,test
48190,0,train
48191,1,test
48192,1,train
48193,1,train
48194,0,calib
48195,1,train
48196,1,train
48197,1,train
48198,1,train
48199,1,test
48200,1,train
48201,1,train
48202,1,train
48203,1,train
48204,1,train
48205,1,test
48206,0,train
48207,1,train
48208,1,test
48209,0,train
48210,1,train
48211,1,test
48212,0,train
48213,1,train
48214,1,calib
48215,1,train
48216,1,calib
48217,1,train
48218,1,calib
48219,1,calib
48220,0,train
48221,1,calib
48222,1,test
48223,1,calib
48224,1,train
48225,1,train
48226,1,train
48227,1,train
48228,1,train
48229,1,calib
48230,1,train
48231,1,calib
48232,1,train
48233,1,train
48234,1,calib
48235,0,train
48236,1,train
48237,1,test
48238,1,train
48239,1,train
48240,1,test
48241,1,calib
48242,0,train
48243,1,train
48244,1,train
48245,1,train
48246,1,train
48247,1,train
48248,0,train
48249,1,calib
48250,0,train
48251,0,calib
48252,1,train
48253,0,train
48254,1,train
48255,1,test
48256,1,train
48257,1,train
48258,1,calib
48259,1,test
48260,1,test
48261,0,train
48262,1,train
48263,0,train
48264,1,train
48265,1,train
48266,0,test
48267,1,calib
48268,0,calib
48269,0,train
48270,0,calib
48271,1,test
48272,1,train
48273,1,train
48274,1,train
48275,1,test
48276,1,calib
48277,1,calib
48278,1,train
48279,1,calib
48280,0,train
48281,1,train
48282,1,calib
48283,1,test
48284,1,calib
48285,1,train
48286,0,train
48287,1,test
48288,1,train
48289,1,train
48290,0,train
48291,1,test
48292,1,train
48293,0,train
48294,1,calib
48295,1,test
48296,1,train
48297,0,calib
48298,1,train
48299,1,train
48300,1,train
48301,0,train
48302,0,train
48303,0,train
48304,1,calib
48305,1,train
48306,1,calib
48307,1,train
48308,1,train
48309,1,train
48310,0,calib
48311,1,test
48312,1,train
48313,1,test
48314,1,train
48315,1,train
48316,1,train
48317,1,calib
48318,0,train
48319,1,train
48320,1,train
48321,1,train
48322,1,train
48323,1,calib
48324,1,train
48325,1,train
48326,1,train
48327,1,train
48328,1,calib
48329,1,train
48330,1,train
48331,0,train
48332,0,train
48333,1,train
48334,1,train
48335,1,train
48336,0,calib
48337,1,test
48338,1,train
48339,1,train
48340,1,train
48341,1,train
48342,1,test
48343,1,train
48344,1,train
48345,0,train
48346,0,train
48347,1,calib
48348,1,calib
48349,1,train
48350,0,test
48351,1,calib
48352,0,calib
48353,0,train
48354,1,train
48355,1,train
48356,0,train
48357,1,train
48358,1,calib
48359,1,train
48360,1,test
48361,1,train
48362,1,train
48363,0,test
48364,1,calib
48365,1,calib
48366,1,test
48367,0,test
48368,1,test
48369,0,calib
48370,1,train
48371,1,calib
48372,1,test
48373,1,test
48374,1,calib
48375,1,train
48376,0,calib
48377,1,train
48378,1,train
48379,0,train
48380,1,train
48381,1,calib
48382,1,train
48383,1,test
48384,1,train
48385,0,test
48386,0,test
48387,1,calib
48388,1,test
48389,1,calib
48390,1,train
48391,1,calib
48392,1,train
48393,1,train
48394,0,train
48395,0,calib
48396,1,train
48397,0,calib
48398,1,calib
48399,1,test
48400,1,train
48401,0,test
48402,0,test
48403,1,calib
48404,0,train
48405,1,train
48406,1,train
48407,1,calib
48408,0,train
48409,1,calib
48410,1,train
48411,1,train
48412,1,train
48413,1,train
48414,1,test
48415,0,test
48416,0,test
48417,1,train
48418,1,test
48419,1,train
48420,1,test
48421,1,train
48422,1,calib
48423,1,test
48424,1,train
48425,1,train
48426,1,calib
48427,1,calib
48428,0,calib
48429,1,train
48430,1,test
48431,1,train
48432,1,calib
48433,1,test
48434,0,train
48435,0,test
48436,1,train
48437,1,train
48438,1,calib
48439,1,test
48440,1,train
48441,1,test
48442,1,train
48443,1,test
48444,1,calib
48445,1,train
48446,1,test
48447,1,test
48448,1,calib
48449,1,test
48450,1,test
48451,1,train
48452,0,test
48453,1,calib
48454,1,calib
48455,1,train
48456,1,test
48457,1,train
48458,1,calib
48459,1,train
48460,0,train
48461,0,test
48462,1,train
48463,1,test
48464,1,calib
48465,1,train
48466,1,train
48467,1,test
48468,1,calib
48469,1,train
48470,1,train
48471,1,train
48472,1,calib
48473,0,test
48474,1,test
48475,1,train
48476,0,train
48477,1,train
48478,0,train
48479,1,test
48480,1,train
48481,1,train
48482,1,test
48483,1,train
48484,1,train
48485,1,test
48486,1,train
48487,0,calib
48488,1,calib
48489,0,train
48490,1,test
48491,1,train
48492,1,test
48493,1,train
48494,1,calib
48495,1,train
48496,1,calib
48497,1,train
48498,0,calib
48499,1,train
48500,0,test
48501,1,train
48502,1,calib
48503,0,calib
48504,1,train
48505,1,calib
48506,1,test
48507,1,train
48508,1,calib
48509,0,train
48510,1,train
48511,1,train
48512,0,test
48513,1,train
48514,1,train
48515,1,calib
48516,0,calib
48517,0,train
48518,1,train
48519,1,train
48520,1,train
48521,1,test
48522,1,test
48523,1,train
48524,1,calib
48525,0,train
48526,1,train
48527,1,calib
48528,1,train
48529,1,train
48530,1,train
48531,0,calib
48532,1,test
48533,1,train
48534,0,train
48535,1,train
48536,1,train
48537,1,train
48538,1,train
48539,1,train
48540,0,train
48541,1,train
48542,1,train
48543,1,calib
48544,1,train
48545,1,test
48546,1,test
48547,0,test
48548,1,train
48549,1,train
48550,0,train
48551,1,calib
48552,1,test
48553,1,test
48554,1,calib
48555,1,train
48556,1,test
48557,0,train
48558,1,train
48559,1,calib
48560,0,train
48561,0,test
48562,1,train
48563,1,calib
48564,1,train
48565,1,train
48566,1,train
48567,1,train
48568,1,train
48569,0,train
48570,0,test
48571,1,train
48572,1,train
48573,1,test
48574,1,calib
48575,1,train
48576,1,calib
48577,1,train
48578,1,test
48579,1,test
48580,1,train
48581,1,train
48582,0,calib
48583,1,calib
48584,1,test
48585,1,train
48586,1,train
48587,1,calib
48588,1,calib
48589,0,train
48590,1,test
48591,0,train
48592,1,train
48593,0,calib
48594,1,train
48595,1,train
48596,1,train
48597,1,calib
48598,0,train
48599,1,calib
48600,1,train
48601,0,train
48602,1,calib
48603,1,train
48604,1,calib
48605,1,test
48606,1,test
48607,1,calib
48608,1,train
48609,1,train
48610,1,train
48611,1,test
48612,1,calib
48613,0,train
48614,1,train
48615,1,train
48616,0,train
48617,1,train
48618,1,train
48619,1,test
48620,1,calib
48621,0,train
48622,0,train
48623,1,test
48624,1,calib
48625,1,train
48626,0,train
48627,0,test
48628,1,train
48629,0,train
48630,0,train
48631,1,train
48632,1,train
48633,0,test
48634,0,train
48635,1,test
48636,1,calib
48637,0,test
48638,1,train
48639,1,train
48640,0,train
48641,1,train
48642,1,calib
48643,0,train
48644,0,train
48645,1,train
48646,1,train
48647,1,train
48648,0,train
48649,0,train
48650,1,test
48651,0,calib
48652,1,test
48653,1,train
48654,1,train
48655,1,train
48656,1,test
48657,1,train
48658,0,train
48659,1,test
48660,0,calib
48661,1,train
48662,0,calib
48663,1,test
48664,1,train
48665,1,train
48666,1,train
48667,1,test
48668,0,train
48669,1,train
48670,1,train
48671,1,train
48672,1,test
48673,1,train
48674,0,calib
48675,1,train
48676,0,calib
48677,1,train
48678,1,train
48679,1,test
48680,1,test
48681,0,calib
48682,1,train
48683,1,test
48684,1,test
48685,1,train
48686,1,test
48687,1,test
48688,1,train
48689,1,train
48690,1,train
48691,1,train
48692,1,train
48693,1,train
48694,1,train
48695,0,train
48696,1,calib
48697,1,train
48698,1,train
48699,1,test
48700,1,test
48701,0,train
48702,1,train
48703,1,train
48704,1,test
48705,1,train
48706,1,train
48707,1,train
48708,1,test
48709,1,train
48710,1,calib
48711,1,train
48712,1,calib
48713,1,train
48714,0,train
48715,1,train
48716,0,calib
48717,0,train
48718,0,train
48719,0,train
48720,1,train
48721,1,train
48722,0,calib
48723,0,test
48724,1,train
48725,1,train
48726,0,train
48727,1,train
48728,1,train
48729,1,test
48730,1,train
48731,1,calib
48732,1,train
48733,1,calib
48734,1,train
48735,0,train
48736,0,train
48737,1,calib
48738,1,test
48739,1,train
48740,0,test
48741,0,train
48742,0,train
48743,1,train
48744,1,train
48745,0,train
48746,0,train
48747,1,train
48748,1,test
48749,1,train
48750,1,train
48751,1,calib
48752,1,train
48753,1,train
48754,1,train
48755,0,train
48756,1,train
48757,1,train
48758,1,calib
48759,1,test
48760,1,train
48761,1,test
48762,1,train
48763,1,train
48764,1,test
48765,1,train
48766,0,train
48767,1,train
48768,1,train
48769,1,train
48770,0,calib
48771,1,train
48772,1,train
48773,1,train
48774,1,train
48775,1,test
48776,0,train
48777,1,test
48778,1,train
48779,0,calib
48780,1,train
48781,1,calib
48782,1,test
48783,1,train
48784,1,train
48785,0,train
48786,0,train
48787,1,train
48788,1,train
48789,0,calib
48790,1,train
48791,1,train
48792,0,train
48793,1,train
48794,1,calib
48795,1,test
48796,1,train
48797,1,train
48798,0,train
48799,1,test
48800,1,test
48801,0,calib
48802,1,train
48803,1,test
48804,1,test
48805,0,train
48806,0,test
48807,1,calib
48808,1,train
48809,1,train
48810,1,train
48811,0,train
48812,1,test
48813,0,test
48814,1,calib
48815,0,calib
48816,0,train
48817,1,train
48818,1,train
48819,1,calib
48820,1,train
48821,1,test
48822,0,train
48823,1,train
48824,1,test
48825,1,test
48826,0,train
48827,1,train
48828,1,train
48829,1,train
48830,1,train
48831,1,train
48832,1,train
48833,1,train
48834,1,train
48835,1,train
48836,1,test
48837,1,test
48838,1,calib
48839,1,calib
48840,1,train
48841,0,test
