path,file,event_type,source,well,n_obs,step_seconds,duration_s,leading_unlabelled,n_unlabelled,onset_pos,pre_event_labelled_normal,pre_event_total,has_transient,labels,n_vars_all_nan,vars_all_nan,n_vars_partial_nan
dataset/0/WELL-00001_20170201010207.parquet,WELL-00001_20170201010207.parquet,0,REAL,WELL-00001,21474,1.0,21473.0,3600,3600,-1,0,21474,False,{'0': 17874},9,"['ABER-CKGL', 'ABER-CKP', 'P-JUS-BS', 'P-JUS-CKP', 'P-MON-CKGL', 'P-MON-SDV-P', 'PT-P', 'QBS', 'T-MON-CKP']",0
dataset/0/WELL-00001_20170201060114.parquet,WELL-00001_20170201060114.parquet,0,REAL,WELL-00001,21527,1.0,21526.0,3600,3600,-1,0,21527,False,{'0': 17927},9,"['ABER-CKGL', 'ABER-CKP', 'P-JUS-BS', 'P-JUS-CKP', 'P-MON-CKGL', 'P-MON-SDV-P', 'PT-P', 'QBS', 'T-MON-CKP']",0
dataset/0/WELL-00001_20170201110124.parquet,WELL-00001_20170201110124.parquet,0,REAL,WELL-00001,21517,1.0,21516.0,3600,3600,-1,0,21517,False,{'0': 17917},9,"['ABER-CKGL', 'ABER-CKP', 'P-JUS-BS', 'P-JUS-CKP', 'P-MON-CKGL', 'P-MON-SDV-P', 'PT-P', 'QBS', 'T-MON-CKP']",0
dataset/0/WELL-00001_20170201160311.parquet,WELL-00001_20170201160311.parquet,0,REAL,WELL-00001,21410,1.0,21409.0,3600,3600,-1,0,21410,False,{'0': 17810},9,"['ABER-CKGL', 'ABER-CKP', 'P-JUS-BS', 'P-JUS-CKP', 'P-MON-CKGL', 'P-MON-SDV-P', 'PT-P', 'QBS', 'T-MON-CKP']",0
dataset/0/WELL-00001_20170201210228.parquet,WELL-00001_20170201210228.parquet,0,REAL,WELL-00001,21453,1.0,21452.0,3600,3600,-1,0,21453,False,{'0': 17853},9,"['ABER-CKGL', 'ABER-CKP', 'P-JUS-BS', 'P-JUS-CKP', 'P-MON-CKGL', 'P-MON-SDV-P', 'PT-P', 'QBS', 'T-MON-CKP']",0
dataset/0/WELL-00001_20170202020343.parquet,WELL-00001_20170202020343.parquet,0,REAL,WELL-00001,21378,1.0,21377.0,3600,3600,-1,0,21378,False,{'0': 17778},9,"['ABER-CKGL', 'ABER-CKP', 'P-JUS-BS', 'P-JUS-CKP', 'P-MON-CKGL', 'P-MON-SDV-P', 'PT-P', 'QBS', 'T-MON-CKP']",0
dataset/0/WELL-00001_20170202070239.parquet,WELL-00001_20170202070239.parquet,0,REAL,WELL-00001,21442,1.0,21441.0,3600,3600,-1,0,21442,False,{'0': 17842},9,"['ABER-CKGL', 'ABER-CKP', 'P-JUS-BS', 'P-JUS-CKP', 'P-MON-CKGL', 'P-MON-SDV-P', 'PT-P', 'QBS', 'T-MON-CKP']",0
dataset/0/WELL-00001_20170218000146.parquet,WELL-00001_20170218000146.parquet,0,REAL,WELL-00001,21495,1.0,21494.0,3600,3600,-1,0,21495,False,{'0': 17895},9,"['ABER-CKGL', 'ABER-CKP', 'P-JUS-BS', 'P-JUS-CKP', 'P-MON-CKGL', 'P-MON-SDV-P', 'PT-P', 'QBS', 'T-MON-CKP']",0
dataset/0/WELL-00001_20170218050218.parquet,WELL-00001_20170218050218.parquet,0,REAL,WELL-00001,21463,1.0,21462.0,3600,3600,-1,0,21463,False,{'0': 17863},9,"['ABER-CKGL', 'ABER-CKP', 'P-JUS-BS', 'P-JUS-CKP', 'P-MON-CKGL', 'P-MON-SDV-P', 'PT-P', 'QBS', 'T-MON-CKP']",0
dataset/0/WELL-00001_20170218100218.parquet,WELL-00001_20170218100218.parquet,0,REAL,WELL-00001,21463,1.0,21462.0,3600,3600,-1,0,21463,False,{'0': 17863},9,"['ABER-CKGL', 'ABER-CKP', 'P-JUS-BS', 'P-JUS-CKP', 'P-MON-CKGL', 'P-MON-SDV-P', 'PT-P', 'QBS', 'T-MON-CKP']",0
dataset/0/WELL-00001_20170218150135.parquet,WELL-00001_20170218150135.parquet,0,REAL,WELL-00001,21506,1.0,21505.0,3600,3600,-1,0,21506,False,{'0': 17906},9,"['ABER-CKGL', 'ABER-CKP', 'P-JUS-BS', 'P-JUS-CKP', 'P-MON-CKGL', 'P-MON-SDV-P', 'PT-P', 'QBS', 'T-MON-CKP']",0
dataset/0/WELL-00001_20170219010042.parquet,WELL-00001_20170219010042.parquet,0,REAL,WELL-00001,21559,1.0,21558.0,3600,3600,-1,0,21559,False,{'0': 17959},9,"['ABER-CKGL', 'ABER-CKP', 'P-JUS-BS', 'P-JUS-CKP', 'P-MON-CKGL', 'P-MON-SDV-P', 'PT-P', 'QBS', 'T-MON-CKP']",0
dataset/0/WELL-00001_20170219060031.parquet,WELL-00001_20170219060031.parquet,0,REAL,WELL-00001,21570,1.0,21569.0,3600,3600,-1,0,21570,False,{'0': 17970},9,"['ABER-CKGL', 'ABER-CKP', 'P-JUS-BS', 'P-JUS-CKP', 'P-MON-CKGL', 'P-MON-SDV-P', 'PT-P', 'QBS', 'T-MON-CKP']",0
dataset/0/WELL-00001_20170219110021.parquet,WELL-00001_20170219110021.parquet,0,REAL,WELL-00001,21580,1.0,21579.0,3600,3600,-1,0,21580,False,{'0': 17980},9,"['ABER-CKGL', 'ABER-CKP', 'P-JUS-BS', 'P-JUS-CKP', 'P-MON-CKGL', 'P-MON-SDV-P', 'PT-P', 'QBS', 'T-MON-CKP']",0
dataset/0/WELL-00001_20170219160053.parquet,WELL-00001_20170219160053.parquet,0,REAL,WELL-00001,21548,1.0,21547.0,3600,3600,-1,0,21548,False,{'0': 17948},9,"['ABER-CKGL', 'ABER-CKP', 'P-JUS-BS', 'P-JUS-CKP', 'P-MON-CKGL', 'P-MON-SDV-P', 'PT-P', 'QBS', 'T-MON-CKP']",0
dataset/0/WELL-00001_20170219210332.parquet,WELL-00001_20170219210332.parquet,0,REAL,WELL-00001,21389,1.0,21388.0,3600,3600,-1,0,21389,False,{'0': 17789},9,"['ABER-CKGL', 'ABER-CKP', 'P-JUS-BS', 'P-JUS-CKP', 'P-MON-CKGL', 'P-MON-SDV-P', 'PT-P', 'QBS', 'T-MON-CKP']",0
dataset/0/WELL-00001_20170421090251.parquet,WELL-00001_20170421090251.parquet,0,REAL,WELL-00001,24759,1.0,24758.0,3600,3600,-1,0,24759,False,{'0': 21159},9,"['ABER-CKGL', 'ABER-CKP', 'P-JUS-BS', 'P-JUS-CKP', 'P-MON-CKGL', 'P-MON-SDV-P', 'PT-P', 'QBS', 'T-MON-CKP']",0
dataset/0/WELL-00001_20170422030000.parquet,WELL-00001_20170422030000.parquet,0,REAL,WELL-00001,25058,1.0,25057.0,3600,3600,-1,0,25058,False,{'0': 21458},9,"['ABER-CKGL', 'ABER-CKP', 'P-JUS-BS', 'P-JUS-CKP', 'P-MON-CKGL', 'P-MON-SDV-P', 'PT-P', 'QBS', 'T-MON-CKP']",0
dataset/0/WELL-00001_20170424170042.parquet,WELL-00001_20170424170042.parquet,0,REAL,WELL-00001,21559,1.0,21558.0,3600,3600,-1,0,21559,False,{'0': 17959},9,"['ABER-CKGL', 'ABER-CKP', 'P-JUS-BS', 'P-JUS-CKP', 'P-MON-CKGL', 'P-MON-SDV-P', 'PT-P', 'QBS', 'T-MON-CKP']",0
dataset/0/WELL-00001_20170424220156.parquet,WELL-00001_20170424220156.parquet,0,REAL,WELL-00001,21485,1.0,21484.0,3600,3600,-1,0,21485,False,{'0': 17885},9,"['ABER-CKGL', 'ABER-CKP', 'P-JUS-BS', 'P-JUS-CKP', 'P-MON-CKGL', 'P-MON-SDV-P', 'PT-P', 'QBS', 'T-MON-CKP']",0
dataset/0/WELL-00001_20170425030207.parquet,WELL-00001_20170425030207.parquet,0,REAL,WELL-00001,21474,1.0,21473.0,3600,3600,-1,0,21474,False,{'0': 17874},9,"['ABER-CKGL', 'ABER-CKP', 'P-JUS-BS', 'P-JUS-CKP', 'P-MON-CKGL', 'P-MON-SDV-P', 'PT-P', 'QBS', 'T-MON-CKP']",0
dataset/0/WELL-00001_20170425080343.parquet,WELL-00001_20170425080343.parquet,0,REAL,WELL-00001,21378,1.0,21377.0,3600,3600,-1,0,21378,False,{'0': 17778},9,"['ABER-CKGL', 'ABER-CKP', 'P-JUS-BS', 'P-JUS-CKP', 'P-MON-CKGL', 'P-MON-SDV-P', 'PT-P', 'QBS', 'T-MON-CKP']",0
dataset/0/WELL-00001_20170425130042.parquet,WELL-00001_20170425130042.parquet,0,REAL,WELL-00001,21559,1.0,21558.0,3600,3600,-1,0,21559,False,{'0': 17959},9,"['ABER-CKGL', 'ABER-CKP', 'P-JUS-BS', 'P-JUS-CKP', 'P-MON-CKGL', 'P-MON-SDV-P', 'PT-P', 'QBS', 'T-MON-CKP']",0
dataset/0/WELL-00001_20170520180000.parquet,WELL-00001_20170520180000.parquet,0,REAL,WELL-00001,21421,1.0,21420.0,3600,3600,-1,0,21421,False,{'0': 17821},9,"['ABER-CKGL', 'ABER-CKP', 'P-JUS-BS', 'P-JUS-CKP', 'P-MON-CKGL', 'P-MON-SDV-P', 'PT-P', 'QBS', 'T-MON-CKP']",0
dataset/0/WELL-00001_20170520230000.parquet,WELL-00001_20170520230000.parquet,0,REAL,WELL-00001,21549,1.0,21548.0,3600,3600,-1,0,21549,False,{'0': 17949},9,"['ABER-CKGL', 'ABER-CKP', 'P-JUS-BS', 'P-JUS-CKP', 'P-MON-CKGL', 'P-MON-SDV-P', 'PT-P', 'QBS', 'T-MON-CKP']",0
dataset/0/WELL-00001_20170521040000.parquet,WELL-00001_20170521040000.parquet,0,REAL,WELL-00001,21472,1.0,21471.0,3600,3600,-1,0,21472,False,{'0': 17872},9,"['ABER-CKGL', 'ABER-CKP', 'P-JUS-BS', 'P-JUS-CKP', 'P-MON-CKGL', 'P-MON-SDV-P', 'PT-P', 'QBS', 'T-MON-CKP']",0
dataset/0/WELL-00001_20170521090000.parquet,WELL-00001_20170521090000.parquet,0,REAL,WELL-00001,21472,1.0,21471.0,3600,3600,-1,0,21472,False,{'0': 17872},9,"['ABER-CKGL', 'ABER-CKP', 'P-JUS-BS', 'P-JUS-CKP', 'P-MON-CKGL', 'P-MON-SDV-P', 'PT-P', 'QBS', 'T-MON-CKP']",0
dataset/0/WELL-00001_20170521140000.parquet,WELL-00001_20170521140000.parquet,0,REAL,WELL-00001,21498,1.0,21497.0,3600,3600,-1,0,21498,False,{'0': 17898},9,"['ABER-CKGL', 'ABER-CKP', 'P-JUS-BS', 'P-JUS-CKP', 'P-MON-CKGL', 'P-MON-SDV-P', 'PT-P', 'QBS', 'T-MON-CKP']",0
dataset/0/WELL-00001_20170521190000.parquet,WELL-00001_20170521190000.parquet,0,REAL,WELL-00001,21408,1.0,21407.0,3600,3600,-1,0,21408,False,{'0': 17808},9,"['ABER-CKGL', 'ABER-CKP', 'P-JUS-BS', 'P-JUS-CKP', 'P-MON-CKGL', 'P-MON-SDV-P', 'PT-P', 'QBS', 'T-MON-CKP']",0
dataset/0/WELL-00001_20170522000000.parquet,WELL-00001_20170522000000.parquet,0,REAL,WELL-00001,21562,1.0,21561.0,3600,3600,-1,0,21562,False,{'0': 17962},9,"['ABER-CKGL', 'ABER-CKP', 'P-JUS-BS', 'P-JUS-CKP', 'P-MON-CKGL', 'P-MON-SDV-P', 'PT-P', 'QBS', 'T-MON-CKP']",0
dataset/0/WELL-00001_20170522050000.parquet,WELL-00001_20170522050000.parquet,0,REAL,WELL-00001,21562,1.0,21561.0,3600,3600,-1,0,21562,False,{'0': 17962},9,"['ABER-CKGL', 'ABER-CKP', 'P-JUS-BS', 'P-JUS-CKP', 'P-MON-CKGL', 'P-MON-SDV-P', 'PT-P', 'QBS', 'T-MON-CKP']",0
dataset/0/WELL-00001_20170522100000.parquet,WELL-00001_20170522100000.parquet,0,REAL,WELL-00001,21575,1.0,21574.0,3600,3600,-1,0,21575,False,{'0': 17975},9,"['ABER-CKGL', 'ABER-CKP', 'P-JUS-BS', 'P-JUS-CKP', 'P-MON-CKGL', 'P-MON-SDV-P', 'PT-P', 'QBS', 'T-MON-CKP']",0
dataset/0/WELL-00001_20170522150000.parquet,WELL-00001_20170522150000.parquet,0,REAL,WELL-00001,21536,1.0,21535.0,3600,3600,-1,0,21536,False,{'0': 17936},9,"['ABER-CKGL', 'ABER-CKP', 'P-JUS-BS', 'P-JUS-CKP', 'P-MON-CKGL', 'P-MON-SDV-P', 'PT-P', 'QBS', 'T-MON-CKP']",0
dataset/0/WELL-00001_20170522200000.parquet,WELL-00001_20170522200000.parquet,0,REAL,WELL-00001,21524,1.0,21523.0,3600,3600,-1,0,21524,False,{'0': 17924},9,"['ABER-CKGL', 'ABER-CKP', 'P-JUS-BS', 'P-JUS-CKP', 'P-MON-CKGL', 'P-MON-SDV-P', 'PT-P', 'QBS', 'T-MON-CKP']",0
dataset/0/WELL-00001_20170523010012.parquet,WELL-00001_20170523010012.parquet,0,REAL,WELL-00001,21499,1.0,21498.0,3600,3600,-1,0,21499,False,{'0': 17899},9,"['ABER-CKGL', 'ABER-CKP', 'P-JUS-BS', 'P-JUS-CKP', 'P-MON-CKGL', 'P-MON-SDV-P', 'PT-P', 'QBS', 'T-MON-CKP']",0
dataset/0/WELL-00001_20170523060000.parquet,WELL-00001_20170523060000.parquet,0,REAL,WELL-00001,21434,1.0,21433.0,3600,3600,-1,0,21434,False,{'0': 17834},9,"['ABER-CKGL', 'ABER-CKP', 'P-JUS-BS', 'P-JUS-CKP', 'P-MON-CKGL', 'P-MON-SDV-P', 'PT-P', 'QBS', 'T-MON-CKP']",0
dataset/0/WELL-00001_20170523110000.parquet,WELL-00001_20170523110000.parquet,0,REAL,WELL-00001,21434,1.0,21433.0,3600,3600,-1,0,21434,False,{'0': 17834},9,"['ABER-CKGL', 'ABER-CKP', 'P-JUS-BS', 'P-JUS-CKP', 'P-MON-CKGL', 'P-MON-SDV-P', 'PT-P', 'QBS', 'T-MON-CKP']",0
dataset/0/WELL-00001_20170523160000.parquet,WELL-00001_20170523160000.parquet,0,REAL,WELL-00001,21242,1.0,21241.0,3600,3600,-1,0,21242,False,{'0': 17642},9,"['ABER-CKGL', 'ABER-CKP', 'P-JUS-BS', 'P-JUS-CKP', 'P-MON-CKGL', 'P-MON-SDV-P', 'PT-P', 'QBS', 'T-MON-CKP']",0
dataset/0/WELL-00001_20170523210000.parquet,WELL-00001_20170523210000.parquet,0,REAL,WELL-00001,21575,1.0,21574.0,3600,3600,-1,0,21575,False,{'0': 17975},9,"['ABER-CKGL', 'ABER-CKP', 'P-JUS-BS', 'P-JUS-CKP', 'P-MON-CKGL', 'P-MON-SDV-P', 'PT-P', 'QBS', 'T-MON-CKP']",0
dataset/0/WELL-00001_20170524020000.parquet,WELL-00001_20170524020000.parquet,0,REAL,WELL-00001,21485,1.0,21484.0,3600,3600,-1,0,21485,False,{'0': 17885},9,"['ABER-CKGL', 'ABER-CKP', 'P-JUS-BS', 'P-JUS-CKP', 'P-MON-CKGL', 'P-MON-SDV-P', 'PT-P', 'QBS', 'T-MON-CKP']",0
dataset/0/WELL-00001_20170524070000.parquet,WELL-00001_20170524070000.parquet,0,REAL,WELL-00001,21575,1.0,21574.0,3600,3600,-1,0,21575,False,{'0': 17975},9,"['ABER-CKGL', 'ABER-CKP', 'P-JUS-BS', 'P-JUS-CKP', 'P-MON-CKGL', 'P-MON-SDV-P', 'PT-P', 'QBS', 'T-MON-CKP']",0
dataset/0/WELL-00001_20170524120000.parquet,WELL-00001_20170524120000.parquet,0,REAL,WELL-00001,21562,1.0,21561.0,3600,3600,-1,0,21562,False,{'0': 17962},9,"['ABER-CKGL', 'ABER-CKP', 'P-JUS-BS', 'P-JUS-CKP', 'P-MON-CKGL', 'P-MON-SDV-P', 'PT-P', 'QBS', 'T-MON-CKP']",0
dataset/0/WELL-00001_20170524170000.parquet,WELL-00001_20170524170000.parquet,0,REAL,WELL-00001,21549,1.0,21548.0,3600,3600,-1,0,21549,False,{'0': 17949},9,"['ABER-CKGL', 'ABER-CKP', 'P-JUS-BS', 'P-JUS-CKP', 'P-MON-CKGL', 'P-MON-SDV-P', 'PT-P', 'QBS', 'T-MON-CKP']",0
dataset/0/WELL-00001_20170524220000.parquet,WELL-00001_20170524220000.parquet,0,REAL,WELL-00001,21498,1.0,21497.0,3600,3600,-1,0,21498,False,{'0': 17898},9,"['ABER-CKGL', 'ABER-CKP', 'P-JUS-BS', 'P-JUS-CKP', 'P-MON-CKGL', 'P-MON-SDV-P', 'PT-P', 'QBS', 'T-MON-CKP']",0
dataset/0/WELL-00001_20170525030000.parquet,WELL-00001_20170525030000.parquet,0,REAL,WELL-00001,21536,1.0,21535.0,3600,3600,-1,0,21536,False,{'0': 17936},9,"['ABER-CKGL', 'ABER-CKP', 'P-JUS-BS', 'P-JUS-CKP', 'P-MON-CKGL', 'P-MON-SDV-P', 'PT-P', 'QBS', 'T-MON-CKP']",0
dataset/0/WELL-00001_20170525080000.parquet,WELL-00001_20170525080000.parquet,0,REAL,WELL-00001,21524,1.0,21523.0,3600,3600,-1,0,21524,False,{'0': 17924},9,"['ABER-CKGL', 'ABER-CKP', 'P-JUS-BS', 'P-JUS-CKP', 'P-MON-CKGL', 'P-MON-SDV-P', 'PT-P', 'QBS', 'T-MON-CKP']",0
dataset/0/WELL-00001_20170525130000.parquet,WELL-00001_20170525130000.parquet,0,REAL,WELL-00001,21549,1.0,21548.0,3600,3600,-1,0,21549,False,{'0': 17949},9,"['ABER-CKGL', 'ABER-CKP', 'P-JUS-BS', 'P-JUS-CKP', 'P-MON-CKGL', 'P-MON-SDV-P', 'PT-P', 'QBS', 'T-MON-CKP']",0
dataset/0/WELL-00001_20170525180000.parquet,WELL-00001_20170525180000.parquet,0,REAL,WELL-00001,21498,1.0,21497.0,3600,3600,-1,0,21498,False,{'0': 17898},9,"['ABER-CKGL', 'ABER-CKP', 'P-JUS-BS', 'P-JUS-CKP', 'P-MON-CKGL', 'P-MON-SDV-P', 'PT-P', 'QBS', 'T-MON-CKP']",0
dataset/0/WELL-00001_20170525230000.parquet,WELL-00001_20170525230000.parquet,0,REAL,WELL-00001,21549,1.0,21548.0,3600,3600,-1,0,21549,False,{'0': 17949},9,"['ABER-CKGL', 'ABER-CKP', 'P-JUS-BS', 'P-JUS-CKP', 'P-MON-CKGL', 'P-MON-SDV-P', 'PT-P', 'QBS', 'T-MON-CKP']",0
dataset/0/WELL-00001_20170526040000.parquet,WELL-00001_20170526040000.parquet,0,REAL,WELL-00001,21447,1.0,21446.0,3600,3600,-1,0,21447,False,{'0': 17847},9,"['ABER-CKGL', 'ABER-CKP', 'P-JUS-BS', 'P-JUS-CKP', 'P-MON-CKGL', 'P-MON-SDV-P', 'PT-P', 'QBS', 'T-MON-CKP']",0
dataset/0/WELL-00001_20170526090000.parquet,WELL-00001_20170526090000.parquet,0,REAL,WELL-00001,21472,1.0,21471.0,3600,3600,-1,0,21472,False,{'0': 17872},9,"['ABER-CKGL', 'ABER-CKP', 'P-JUS-BS', 'P-JUS-CKP', 'P-MON-CKGL', 'P-MON-SDV-P', 'PT-P', 'QBS', 'T-MON-CKP']",0
dataset/0/WELL-00001_20170526140000.parquet,WELL-00001_20170526140000.parquet,0,REAL,WELL-00001,21434,1.0,21433.0,3600,3600,-1,0,21434,False,{'0': 17834},9,"['ABER-CKGL', 'ABER-CKP', 'P-JUS-BS', 'P-JUS-CKP', 'P-MON-CKGL', 'P-MON-SDV-P', 'PT-P', 'QBS', 'T-MON-CKP']",0
dataset/0/WELL-00001_20170526190000.parquet,WELL-00001_20170526190000.parquet,0,REAL,WELL-00001,21524,1.0,21523.0,3600,3600,-1,0,21524,False,{'0': 17924},9,"['ABER-CKGL', 'ABER-CKP', 'P-JUS-BS', 'P-JUS-CKP', 'P-MON-CKGL', 'P-MON-SDV-P', 'PT-P', 'QBS', 'T-MON-CKP']",0
dataset/0/WELL-00001_20170527000000.parquet,WELL-00001_20170527000000.parquet,0,REAL,WELL-00001,21524,1.0,21523.0,3600,3600,-1,0,21524,False,{'0': 17924},9,"['ABER-CKGL', 'ABER-CKP', 'P-JUS-BS', 'P-JUS-CKP', 'P-MON-CKGL', 'P-MON-SDV-P', 'PT-P', 'QBS', 'T-MON-CKP']",0
dataset/0/WELL-00001_20170527050000.parquet,WELL-00001_20170527050000.parquet,0,REAL,WELL-00001,21562,1.0,21561.0,3600,3600,-1,0,21562,False,{'0': 17962},9,"['ABER-CKGL', 'ABER-CKP', 'P-JUS-BS', 'P-JUS-CKP', 'P-MON-CKGL', 'P-MON-SDV-P', 'PT-P', 'QBS', 'T-MON-CKP']",0
dataset/0/WELL-00001_20170527100000.parquet,WELL-00001_20170527100000.parquet,0,REAL,WELL-00001,21536,1.0,21535.0,3600,3600,-1,0,21536,False,{'0': 17936},9,"['ABER-CKGL', 'ABER-CKP', 'P-JUS-BS', 'P-JUS-CKP', 'P-MON-CKGL', 'P-MON-SDV-P', 'PT-P', 'QBS', 'T-MON-CKP']",0
dataset/0/WELL-00001_20170527150000.parquet,WELL-00001_20170527150000.parquet,0,REAL,WELL-00001,21421,1.0,21420.0,3600,3600,-1,0,21421,False,{'0': 17821},9,"['ABER-CKGL', 'ABER-CKP', 'P-JUS-BS', 'P-JUS-CKP', 'P-MON-CKGL', 'P-MON-SDV-P', 'PT-P', 'QBS', 'T-MON-CKP']",0
dataset/0/WELL-00001_20170527200000.parquet,WELL-00001_20170527200000.parquet,0,REAL,WELL-00001,21524,1.0,21523.0,3600,3600,-1,0,21524,False,{'0': 17924},9,"['ABER-CKGL', 'ABER-CKP', 'P-JUS-BS', 'P-JUS-CKP', 'P-MON-CKGL', 'P-MON-SDV-P', 'PT-P', 'QBS', 'T-MON-CKP']",0
dataset/0/WELL-00001_20170528010000.parquet,WELL-00001_20170528010000.parquet,0,REAL,WELL-00001,21536,1.0,21535.0,3600,3600,-1,0,21536,False,{'0': 17936},9,"['ABER-CKGL', 'ABER-CKP', 'P-JUS-BS', 'P-JUS-CKP', 'P-MON-CKGL', 'P-MON-SDV-P', 'PT-P', 'QBS', 'T-MON-CKP']",0
dataset/0/WELL-00001_20170528060000.parquet,WELL-00001_20170528060000.parquet,0,REAL,WELL-00001,21536,1.0,21535.0,3600,3600,-1,0,21536,False,{'0': 17936},9,"['ABER-CKGL', 'ABER-CKP', 'P-JUS-BS', 'P-JUS-CKP', 'P-MON-CKGL', 'P-MON-SDV-P', 'PT-P', 'QBS', 'T-MON-CKP']",0
dataset/0/WELL-00001_20170528110000.parquet,WELL-00001_20170528110000.parquet,0,REAL,WELL-00001,21536,1.0,21535.0,3600,3600,-1,0,21536,False,{'0': 17936},9,"['ABER-CKGL', 'ABER-CKP', 'P-JUS-BS', 'P-JUS-CKP', 'P-MON-CKGL', 'P-MON-SDV-P', 'PT-P', 'QBS', 'T-MON-CKP']",0
dataset/0/WELL-00001_20170528160000.parquet,WELL-00001_20170528160000.parquet,0,REAL,WELL-00001,21562,1.0,21561.0,3600,3600,-1,0,21562,False,{'0': 17962},9,"['ABER-CKGL', 'ABER-CKP', 'P-JUS-BS', 'P-JUS-CKP', 'P-MON-CKGL', 'P-MON-SDV-P', 'PT-P', 'QBS', 'T-MON-CKP']",0
dataset/0/WELL-00001_20170528210000.parquet,WELL-00001_20170528210000.parquet,0,REAL,WELL-00001,21421,1.0,21420.0,3600,3600,-1,0,21421,False,{'0': 17821},9,"['ABER-CKGL', 'ABER-CKP', 'P-JUS-BS', 'P-JUS-CKP', 'P-MON-CKGL', 'P-MON-SDV-P', 'PT-P', 'QBS', 'T-MON-CKP']",0
dataset/0/WELL-00001_20170626090246.parquet,WELL-00001_20170626090246.parquet,0,REAL,WELL-00001,21244,1.0,21243.0,3600,3600,-1,0,21244,False,{'0': 17644},9,"['ABER-CKGL', 'ABER-CKP', 'P-JUS-BS', 'P-JUS-CKP', 'P-MON-CKGL', 'P-MON-SDV-P', 'PT-P', 'QBS', 'T-MON-CKP']",0
dataset/0/WELL-00001_20170626140123.parquet,WELL-00001_20170626140123.parquet,0,REAL,WELL-00001,21232,1.0,21231.0,3600,3600,-1,0,21232,False,{'0': 17632},9,"['ABER-CKGL', 'ABER-CKP', 'P-JUS-BS', 'P-JUS-CKP', 'P-MON-CKGL', 'P-MON-SDV-P', 'PT-P', 'QBS', 'T-MON-CKP']",0
dataset/0/WELL-00001_20170626190135.parquet,WELL-00001_20170626190135.parquet,0,REAL,WELL-00001,21410,1.0,21409.0,3600,3600,-1,0,21410,False,{'0': 17810},9,"['ABER-CKGL', 'ABER-CKP', 'P-JUS-BS', 'P-JUS-CKP', 'P-MON-CKGL', 'P-MON-SDV-P', 'PT-P', 'QBS', 'T-MON-CKP']",0
dataset/0/WELL-00001_20170627000333.parquet,WELL-00001_20170627000333.parquet,0,REAL,WELL-00001,21174,1.0,21173.0,3600,3600,-1,0,21174,False,{'0': 17574},9,"['ABER-CKGL', 'ABER-CKP', 'P-JUS-BS', 'P-JUS-CKP', 'P-MON-CKGL', 'P-MON-SDV-P', 'PT-P', 'QBS', 'T-MON-CKP']",0
dataset/0/WELL-00001_20170823040000.parquet,WELL-00001_20170823040000.parquet,0,REAL,WELL-00001,21446,1.0,21445.0,3600,3600,-1,0,21446,False,{'0': 17846},9,"['ABER-CKGL', 'ABER-CKP', 'P-JUS-BS', 'P-JUS-CKP', 'P-MON-CKGL', 'P-MON-SDV-P', 'PT-P', 'QBS', 'T-MON-CKP']",0
dataset/0/WELL-00001_20170823092146.parquet,WELL-00001_20170823092146.parquet,0,REAL,WELL-00001,16533,1.0,16532.0,3600,3600,-1,0,16533,False,{'0': 12933},9,"['ABER-CKGL', 'ABER-CKP', 'P-JUS-BS', 'P-JUS-CKP', 'P-MON-CKGL', 'P-MON-SDV-P', 'PT-P', 'QBS', 'T-MON-CKP']",0
dataset/0/WELL-00001_20170823140000.parquet,WELL-00001_20170823140000.parquet,0,REAL,WELL-00001,21601,1.0,21600.0,3600,3600,-1,0,21601,False,{'0': 18001},9,"['ABER-CKGL', 'ABER-CKP', 'P-JUS-BS', 'P-JUS-CKP', 'P-MON-CKGL', 'P-MON-SDV-P', 'PT-P', 'QBS', 'T-MON-CKP']",0
dataset/0/WELL-00001_20170823190000.parquet,WELL-00001_20170823190000.parquet,0,REAL,WELL-00001,21535,1.0,21534.0,3600,3600,-1,0,21535,False,{'0': 17935},9,"['ABER-CKGL', 'ABER-CKP', 'P-JUS-BS', 'P-JUS-CKP', 'P-MON-CKGL', 'P-MON-SDV-P', 'PT-P', 'QBS', 'T-MON-CKP']",0
dataset/0/WELL-00001_20170824000000.parquet,WELL-00001_20170824000000.parquet,0,REAL,WELL-00001,21496,1.0,21495.0,3600,3600,-1,0,21496,False,{'0': 17896},9,"['ABER-CKGL', 'ABER-CKP', 'P-JUS-BS', 'P-JUS-CKP', 'P-MON-CKGL', 'P-MON-SDV-P', 'PT-P', 'QBS', 'T-MON-CKP']",0
dataset/0/WELL-00001_20170824050000.parquet,WELL-00001_20170824050000.parquet,0,REAL,WELL-00001,21548,1.0,21547.0,3600,3600,-1,0,21548,False,{'0': 17948},9,"['ABER-CKGL', 'ABER-CKP', 'P-JUS-BS', 'P-JUS-CKP', 'P-MON-CKGL', 'P-MON-SDV-P', 'PT-P', 'QBS', 'T-MON-CKP']",0
dataset/0/WELL-00001_20170824100000.parquet,WELL-00001_20170824100000.parquet,0,REAL,WELL-00001,21535,1.0,21534.0,3600,3600,-1,0,21535,False,{'0': 17935},9,"['ABER-CKGL', 'ABER-CKP', 'P-JUS-BS', 'P-JUS-CKP', 'P-MON-CKGL', 'P-MON-SDV-P', 'PT-P', 'QBS', 'T-MON-CKP']",0
dataset/0/WELL-00001_20170824150000.parquet,WELL-00001_20170824150000.parquet,0,REAL,WELL-00001,21561,1.0,21560.0,3600,3600,-1,0,21561,False,{'0': 17961},9,"['ABER-CKGL', 'ABER-CKP', 'P-JUS-BS', 'P-JUS-CKP', 'P-MON-CKGL', 'P-MON-SDV-P', 'PT-P', 'QBS', 'T-MON-CKP']",0
dataset/0/WELL-00001_20170824200000.parquet,WELL-00001_20170824200000.parquet,0,REAL,WELL-00001,21574,1.0,21573.0,3600,3600,-1,0,21574,False,{'0': 17974},9,"['ABER-CKGL', 'ABER-CKP', 'P-JUS-BS', 'P-JUS-CKP', 'P-MON-CKGL', 'P-MON-SDV-P', 'PT-P', 'QBS', 'T-MON-CKP']",0
dataset/0/WELL-00001_20170825010000.parquet,WELL-00001_20170825010000.parquet,0,REAL,WELL-00001,21483,1.0,21482.0,3600,3600,-1,0,21483,False,{'0': 17883},9,"['ABER-CKGL', 'ABER-CKP', 'P-JUS-BS', 'P-JUS-CKP', 'P-MON-CKGL', 'P-MON-SDV-P', 'PT-P', 'QBS', 'T-MON-CKP']",0
dataset/0/WELL-00001_20170825060000.parquet,WELL-00001_20170825060000.parquet,0,REAL,WELL-00001,21470,1.0,21469.0,3600,3600,-1,0,21470,False,{'0': 17870},9,"['ABER-CKGL', 'ABER-CKP', 'P-JUS-BS', 'P-JUS-CKP', 'P-MON-CKGL', 'P-MON-SDV-P', 'PT-P', 'QBS', 'T-MON-CKP']",0
dataset/0/WELL-00001_20170825110000.parquet,WELL-00001_20170825110000.parquet,0,REAL,WELL-00001,21378,1.0,21377.0,3600,3600,-1,0,21378,False,{'0': 17778},9,"['ABER-CKGL', 'ABER-CKP', 'P-JUS-BS', 'P-JUS-CKP', 'P-MON-CKGL', 'P-MON-SDV-P', 'PT-P', 'QBS', 'T-MON-CKP']",0
dataset/0/WELL-00001_20170825160000.parquet,WELL-00001_20170825160000.parquet,0,REAL,WELL-00001,21483,1.0,21482.0,3600,3600,-1,0,21483,False,{'0': 17883},9,"['ABER-CKGL', 'ABER-CKP', 'P-JUS-BS', 'P-JUS-CKP', 'P-MON-CKGL', 'P-MON-SDV-P', 'PT-P', 'QBS', 'T-MON-CKP']",0
dataset/0/WELL-00001_20170825210000.parquet,WELL-00001_20170825210000.parquet,0,REAL,WELL-00001,21509,1.0,21508.0,3600,3600,-1,0,21509,False,{'0': 17909},9,"['ABER-CKGL', 'ABER-CKP', 'P-JUS-BS', 'P-JUS-CKP', 'P-MON-CKGL', 'P-MON-SDV-P', 'PT-P', 'QBS', 'T-MON-CKP']",0
dataset/0/WELL-00001_20170826020000.parquet,WELL-00001_20170826020000.parquet,0,REAL,WELL-00001,21522,1.0,21521.0,3600,3600,-1,0,21522,False,{'0': 17922},9,"['ABER-CKGL', 'ABER-CKP', 'P-JUS-BS', 'P-JUS-CKP', 'P-MON-CKGL', 'P-MON-SDV-P', 'PT-P', 'QBS', 'T-MON-CKP']",0
dataset/0/WELL-00001_20170826070000.parquet,WELL-00001_20170826070000.parquet,0,REAL,WELL-00001,21522,1.0,21521.0,3600,3600,-1,0,21522,False,{'0': 17922},9,"['ABER-CKGL', 'ABER-CKP', 'P-JUS-BS', 'P-JUS-CKP', 'P-MON-CKGL', 'P-MON-SDV-P', 'PT-P', 'QBS', 'T-MON-CKP']",0
dataset/0/WELL-00001_20170826120000.parquet,WELL-00001_20170826120000.parquet,0,REAL,WELL-00001,21535,1.0,21534.0,3600,3600,-1,0,21535,False,{'0': 17935},9,"['ABER-CKGL', 'ABER-CKP', 'P-JUS-BS', 'P-JUS-CKP', 'P-MON-CKGL', 'P-MON-SDV-P', 'PT-P', 'QBS', 'T-MON-CKP']",0
dataset/0/WELL-00001_20170826170000.parquet,WELL-00001_20170826170000.parquet,0,REAL,WELL-00001,21548,1.0,21547.0,3600,3600,-1,0,21548,False,{'0': 17948},9,"['ABER-CKGL', 'ABER-CKP', 'P-JUS-BS', 'P-JUS-CKP', 'P-MON-CKGL', 'P-MON-SDV-P', 'PT-P', 'QBS', 'T-MON-CKP']",0
dataset/0/WELL-00001_20170826220000.parquet,WELL-00001_20170826220000.parquet,0,REAL,WELL-00001,21522,1.0,21521.0,3600,3600,-1,0,21522,False,{'0': 17922},9,"['ABER-CKGL', 'ABER-CKP', 'P-JUS-BS', 'P-JUS-CKP', 'P-MON-CKGL', 'P-MON-SDV-P', 'PT-P', 'QBS', 'T-MON-CKP']",0
dataset/0/WELL-00001_20170827030000.parquet,WELL-00001_20170827030000.parquet,0,REAL,WELL-00001,21483,1.0,21482.0,3600,3600,-1,0,21483,False,{'0': 17883},9,"['ABER-CKGL', 'ABER-CKP', 'P-JUS-BS', 'P-JUS-CKP', 'P-MON-CKGL', 'P-MON-SDV-P', 'PT-P', 'QBS', 'T-MON-CKP']",0
dataset/0/WELL-00001_20170827080000.parquet,WELL-00001_20170827080000.parquet,0,REAL,WELL-00001,21574,1.0,21573.0,3600,3600,-1,0,21574,False,{'0': 17974},9,"['ABER-CKGL', 'ABER-CKP', 'P-JUS-BS', 'P-JUS-CKP', 'P-MON-CKGL', 'P-MON-SDV-P', 'PT-P', 'QBS', 'T-MON-CKP']",0
dataset/0/WELL-00001_20170827130000.parquet,WELL-00001_20170827130000.parquet,0,REAL,WELL-00001,21496,1.0,21495.0,3600,3600,-1,0,21496,False,{'0': 17896},9,"['ABER-CKGL', 'ABER-CKP', 'P-JUS-BS', 'P-JUS-CKP', 'P-MON-CKGL', 'P-MON-SDV-P', 'PT-P', 'QBS', 'T-MON-CKP']",0
dataset/0/WELL-00001_20170827180000.parquet,WELL-00001_20170827180000.parquet,0,REAL,WELL-00001,21444,1.0,21443.0,3600,3600,-1,0,21444,False,{'0': 17844},9,"['ABER-CKGL', 'ABER-CKP', 'P-JUS-BS', 'P-JUS-CKP', 'P-MON-CKGL', 'P-MON-SDV-P', 'PT-P', 'QBS', 'T-MON-CKP']",0
dataset/0/WELL-00001_20170827230000.parquet,WELL-00001_20170827230000.parquet,0,REAL,WELL-00001,21326,1.0,21325.0,3600,3600,-1,0,21326,False,{'0': 17726},9,"['ABER-CKGL', 'ABER-CKP', 'P-JUS-BS', 'P-JUS-CKP', 'P-MON-CKGL', 'P-MON-SDV-P', 'PT-P', 'QBS', 'T-MON-CKP']",0
dataset/0/WELL-00001_20170828040000.parquet,WELL-00001_20170828040000.parquet,0,REAL,WELL-00001,21444,1.0,21443.0,3600,3600,-1,0,21444,False,{'0': 17844},9,"['ABER-CKGL', 'ABER-CKP', 'P-JUS-BS', 'P-JUS-CKP', 'P-MON-CKGL', 'P-MON-SDV-P', 'PT-P', 'QBS', 'T-MON-CKP']",0
dataset/0/WELL-00001_20170828090000.parquet,WELL-00001_20170828090000.parquet,0,REAL,WELL-00001,21378,1.0,21377.0,3600,3600,-1,0,21378,False,{'0': 17778},9,"['ABER-CKGL', 'ABER-CKP', 'P-JUS-BS', 'P-JUS-CKP', 'P-MON-CKGL', 'P-MON-SDV-P', 'PT-P', 'QBS', 'T-MON-CKP']",0
dataset/0/WELL-00002_20131211220015.parquet,WELL-00002_20131211220015.parquet,0,REAL,WELL-00002,10786,1.0,10785.0,3600,3600,-1,0,10786,False,{'0': 7186},23,"['ABER-CKGL', 'ABER-CKP', 'ESTADO-DHSV', 'ESTADO-M1', 'ESTADO-M2', 'ESTADO-PXO', 'ESTADO-SDV-GL', 'ESTADO-SDV-P', 'ESTADO-W1', 'ESTADO-W2', 'ESTADO-XO', 'P-JUS-BS', 'P-JUS-CKGL', 'P-JUS-CKP', 'P-MON-CKGL', 'P-MON-CKP', 'P-MON-SDV-P', 'PT-P', 'QBS', 'QGL', 'T-JUS-CKP', 'T-MON-CKP', 'T-PDG']",0
dataset/0/WELL-00002_20131212000148.parquet,WELL-00002_20131212000148.parquet,0,REAL,WELL-00002,10693,1.0,10692.0,3600,3600,-1,0,10693,False,{'0': 7093},23,"['ABER-CKGL', 'ABER-CKP', 'ESTADO-DHSV', 'ESTADO-M1', 'ESTADO-M2', 'ESTADO-PXO', 'ESTADO-SDV-GL', 'ESTADO-SDV-P', 'ESTADO-W1', 'ESTADO-W2', 'ESTADO-XO', 'P-JUS-BS', 'P-JUS-CKGL', 'P-JUS-CKP', 'P-MON-CKGL', 'P-MON-CKP', 'P-MON-SDV-P', 'PT-P', 'QBS', 'QGL', 'T-JUS-CKP', 'T-MON-CKP', 'T-PDG']",0
dataset/0/WELL-00002_20131212020000.parquet,WELL-00002_20131212020000.parquet,0,REAL,WELL-00002,10754,1.0,10753.0,3600,3600,-1,0,10754,False,{'0': 7154},23,"['ABER-CKGL', 'ABER-CKP', 'ESTADO-DHSV', 'ESTADO-M1', 'ESTADO-M2', 'ESTADO-PXO', 'ESTADO-SDV-GL', 'ESTADO-SDV-P', 'ESTADO-W1', 'ESTADO-W2', 'ESTADO-XO', 'P-JUS-BS', 'P-JUS-CKGL', 'P-JUS-CKP', 'P-MON-CKGL', 'P-MON-CKP', 'P-MON-SDV-P', 'PT-P', 'QBS', 'QGL', 'T-JUS-CKP', 'T-MON-CKP', 'T-PDG']",0
dataset/0/WELL-00002_20131212040000.parquet,WELL-00002_20131212040000.parquet,0,REAL,WELL-00002,10775,1.0,10774.0,3600,3600,-1,0,10775,False,{'0': 7175},23,"['ABER-CKGL', 'ABER-CKP', 'ESTADO-DHSV', 'ESTADO-M1', 'ESTADO-M2', 'ESTADO-PXO', 'ESTADO-SDV-GL', 'ESTADO-SDV-P', 'ESTADO-W1', 'ESTADO-W2', 'ESTADO-XO', 'P-JUS-BS', 'P-JUS-CKGL', 'P-JUS-CKP', 'P-MON-CKGL', 'P-MON-CKP', 'P-MON-SDV-P', 'PT-P', 'QBS', 'QGL', 'T-JUS-CKP', 'T-MON-CKP', 'T-PDG']",0
dataset/0/WELL-00002_20131212060005.parquet,WELL-00002_20131212060005.parquet,0,REAL,WELL-00002,10754,1.0,10753.0,3600,3600,-1,0,10754,False,{'0': 7154},23,"['ABER-CKGL', 'ABER-CKP', 'ESTADO-DHSV', 'ESTADO-M1', 'ESTADO-M2', 'ESTADO-PXO', 'ESTADO-SDV-GL', 'ESTADO-SDV-P', 'ESTADO-W1', 'ESTADO-W2', 'ESTADO-XO', 'P-JUS-BS', 'P-JUS-CKGL', 'P-JUS-CKP', 'P-MON-CKGL', 'P-MON-CKP', 'P-MON-SDV-P', 'PT-P', 'QBS', 'QGL', 'T-JUS-CKP', 'T-MON-CKP', 'T-PDG']",0
dataset/0/WELL-00002_20131214150127.parquet,WELL-00002_20131214150127.parquet,0,REAL,WELL-00002,10714,1.0,10713.0,3600,3600,-1,0,10714,False,{'0': 7114},23,"['ABER-CKGL', 'ABER-CKP', 'ESTADO-DHSV', 'ESTADO-M1', 'ESTADO-M2', 'ESTADO-PXO', 'ESTADO-SDV-GL', 'ESTADO-SDV-P', 'ESTADO-W1', 'ESTADO-W2', 'ESTADO-XO', 'P-JUS-BS', 'P-JUS-CKGL', 'P-JUS-CKP', 'P-MON-CKGL', 'P-MON-CKP', 'P-MON-SDV-P', 'PT-P', 'QBS', 'QGL', 'T-JUS-CKP', 'T-MON-CKP', 'T-PDG']",0
dataset/0/WELL-00002_20131214170036.parquet,WELL-00002_20131214170036.parquet,0,REAL,WELL-00002,10765,1.0,10764.0,3600,3600,-1,0,10765,False,{'0': 7165},23,"['ABER-CKGL', 'ABER-CKP', 'ESTADO-DHSV', 'ESTADO-M1', 'ESTADO-M2', 'ESTADO-PXO', 'ESTADO-SDV-GL', 'ESTADO-SDV-P', 'ESTADO-W1', 'ESTADO-W2', 'ESTADO-XO', 'P-JUS-BS', 'P-JUS-CKGL', 'P-JUS-CKP', 'P-MON-CKGL', 'P-MON-CKP', 'P-MON-SDV-P', 'PT-P', 'QBS', 'QGL', 'T-JUS-CKP', 'T-MON-CKP', 'T-PDG']",0
dataset/0/WELL-00002_20131214190030.parquet,WELL-00002_20131214190030.parquet,0,REAL,WELL-00002,10771,1.0,10770.0,3600,3600,-1,0,10771,False,{'0': 7171},23,"['ABER-CKGL', 'ABER-CKP', 'ESTADO-DHSV', 'ESTADO-M1', 'ESTADO-M2', 'ESTADO-PXO', 'ESTADO-SDV-GL', 'ESTADO-SDV-P', 'ESTADO-W1', 'ESTADO-W2', 'ESTADO-XO', 'P-JUS-BS', 'P-JUS-CKGL', 'P-JUS-CKP', 'P-MON-CKGL', 'P-MON-CKP', 'P-MON-SDV-P', 'PT-P', 'QBS', 'QGL', 'T-JUS-CKP', 'T-MON-CKP', 'T-PDG']",0
dataset/0/WELL-00002_20170209110022.parquet,WELL-00002_20170209110022.parquet,0,REAL,WELL-00002,21579,1.0,21578.0,3600,3600,-1,0,21579,False,{'0': 17979},23,"['ABER-CKGL', 'ABER-CKP', 'ESTADO-DHSV', 'ESTADO-M1', 'ESTADO-M2', 'ESTADO-PXO', 'ESTADO-SDV-GL', 'ESTADO-SDV-P', 'ESTADO-W1', 'ESTADO-W2', 'ESTADO-XO', 'P-JUS-BS', 'P-JUS-CKGL', 'P-JUS-CKP', 'P-MON-CKGL', 'P-MON-CKP', 'P-MON-SDV-P', 'PT-P', 'QBS', 'QGL', 'T-JUS-CKP', 'T-MON-CKP', 'T-PDG']",0
dataset/0/WELL-00002_20170209160152.parquet,WELL-00002_20170209160152.parquet,0,REAL,WELL-00002,21489,1.0,21488.0,3600,3600,-1,0,21489,False,{'0': 17889},23,"['ABER-CKGL', 'ABER-CKP', 'ESTADO-DHSV', 'ESTADO-M1', 'ESTADO-M2', 'ESTADO-PXO', 'ESTADO-SDV-GL', 'ESTADO-SDV-P', 'ESTADO-W1', 'ESTADO-W2', 'ESTADO-XO', 'P-JUS-BS', 'P-JUS-CKGL', 'P-JUS-CKP', 'P-MON-CKGL', 'P-MON-CKP', 'P-MON-SDV-P', 'PT-P', 'QBS', 'QGL', 'T-JUS-CKP', 'T-MON-CKP', 'T-PDG']",0
dataset/0/WELL-00002_20170209210033.parquet,WELL-00002_20170209210033.parquet,0,REAL,WELL-00002,21568,1.0,21567.0,3600,3600,-1,0,21568,False,{'0': 17968},23,"['ABER-CKGL', 'ABER-CKP', 'ESTADO-DHSV', 'ESTADO-M1', 'ESTADO-M2', 'ESTADO-PXO', 'ESTADO-SDV-GL', 'ESTADO-SDV-P', 'ESTADO-W1', 'ESTADO-W2', 'ESTADO-XO', 'P-JUS-BS', 'P-JUS-CKGL', 'P-JUS-CKP', 'P-MON-CKGL', 'P-MON-CKP', 'P-MON-SDV-P', 'PT-P', 'QBS', 'QGL', 'T-JUS-CKP', 'T-MON-CKP', 'T-PDG']",0
dataset/0/WELL-00002_20170210020033.parquet,WELL-00002_20170210020033.parquet,0,REAL,WELL-00002,21568,1.0,21567.0,3600,3600,-1,0,21568,False,{'0': 17968},23,"['ABER-CKGL', 'ABER-CKP', 'ESTADO-DHSV', 'ESTADO-M1', 'ESTADO-M2', 'ESTADO-PXO', 'ESTADO-SDV-GL', 'ESTADO-SDV-P', 'ESTADO-W1', 'ESTADO-W2', 'ESTADO-XO', 'P-JUS-BS', 'P-JUS-CKGL', 'P-JUS-CKP', 'P-MON-CKGL', 'P-MON-CKP', 'P-MON-SDV-P', 'PT-P', 'QBS', 'QGL', 'T-JUS-CKP', 'T-MON-CKP', 'T-PDG']",0
dataset/0/WELL-00002_20170210070407.parquet,WELL-00002_20170210070407.parquet,0,REAL,WELL-00002,21354,1.0,21353.0,3600,3600,-1,0,21354,False,{'0': 17754},23,"['ABER-CKGL', 'ABER-CKP', 'ESTADO-DHSV', 'ESTADO-M1', 'ESTADO-M2', 'ESTADO-PXO', 'ESTADO-SDV-GL', 'ESTADO-SDV-P', 'ESTADO-W1', 'ESTADO-W2', 'ESTADO-XO', 'P-JUS-BS', 'P-JUS-CKGL', 'P-JUS-CKP', 'P-MON-CKGL', 'P-MON-CKP', 'P-MON-SDV-P', 'PT-P', 'QBS', 'QGL', 'T-JUS-CKP', 'T-MON-CKP', 'T-PDG']",0
dataset/0/WELL-00002_20170210120152.parquet,WELL-00002_20170210120152.parquet,0,REAL,WELL-00002,21489,1.0,21488.0,3600,3600,-1,0,21489,False,{'0': 17889},23,"['ABER-CKGL', 'ABER-CKP', 'ESTADO-DHSV', 'ESTADO-M1', 'ESTADO-M2', 'ESTADO-PXO', 'ESTADO-SDV-GL', 'ESTADO-SDV-P', 'ESTADO-W1', 'ESTADO-W2', 'ESTADO-XO', 'P-JUS-BS', 'P-JUS-CKGL', 'P-JUS-CKP', 'P-MON-CKGL', 'P-MON-CKP', 'P-MON-SDV-P', 'PT-P', 'QBS', 'QGL', 'T-JUS-CKP', 'T-MON-CKP', 'T-PDG']",0
dataset/0/WELL-00002_20170210170033.parquet,WELL-00002_20170210170033.parquet,0,REAL,WELL-00002,21568,1.0,21567.0,3600,3600,-1,0,21568,False,{'0': 17968},23,"['ABER-CKGL', 'ABER-CKP', 'ESTADO-DHSV', 'ESTADO-M1', 'ESTADO-M2', 'ESTADO-PXO', 'ESTADO-SDV-GL', 'ESTADO-SDV-P', 'ESTADO-W1', 'ESTADO-W2', 'ESTADO-XO', 'P-JUS-BS', 'P-JUS-CKGL', 'P-JUS-CKP', 'P-MON-CKGL', 'P-MON-CKP', 'P-MON-SDV-P', 'PT-P', 'QBS', 'QGL', 'T-JUS-CKP', 'T-MON-CKP', 'T-PDG']",0
dataset/0/WELL-00002_20170210220203.parquet,WELL-00002_20170210220203.parquet,0,REAL,WELL-00002,21478,1.0,21477.0,3600,3600,-1,0,21478,False,{'0': 17878},23,"['ABER-CKGL', 'ABER-CKP', 'ESTADO-DHSV', 'ESTADO-M1', 'ESTADO-M2', 'ESTADO-PXO', 'ESTADO-SDV-GL', 'ESTADO-SDV-P', 'ESTADO-W1', 'ESTADO-W2', 'ESTADO-XO', 'P-JUS-BS', 'P-JUS-CKGL', 'P-JUS-CKP', 'P-MON-CKGL', 'P-MON-CKP', 'P-MON-SDV-P', 'PT-P', 'QBS', 'QGL', 'T-JUS-CKP', 'T-MON-CKP', 'T-PDG']",0
dataset/0/WELL-00002_20170211030225.parquet,WELL-00002_20170211030225.parquet,0,REAL,WELL-00002,21456,1.0,21455.0,3600,3600,-1,0,21456,False,{'0': 17856},23,"['ABER-CKGL', 'ABER-CKP', 'ESTADO-DHSV', 'ESTADO-M1', 'ESTADO-M2', 'ESTADO-PXO', 'ESTADO-SDV-GL', 'ESTADO-SDV-P', 'ESTADO-W1', 'ESTADO-W2', 'ESTADO-XO', 'P-JUS-BS', 'P-JUS-CKGL', 'P-JUS-CKP', 'P-MON-CKGL', 'P-MON-CKP', 'P-MON-SDV-P', 'PT-P', 'QBS', 'QGL', 'T-JUS-CKP', 'T-MON-CKP', 'T-PDG']",0
dataset/0/WELL-00002_20170211080129.parquet,WELL-00002_20170211080129.parquet,0,REAL,WELL-00002,21512,1.0,21511.0,3600,3600,-1,0,21512,False,{'0': 17912},23,"['ABER-CKGL', 'ABER-CKP', 'ESTADO-DHSV', 'ESTADO-M1', 'ESTADO-M2', 'ESTADO-PXO', 'ESTADO-SDV-GL', 'ESTADO-SDV-P', 'ESTADO-W1', 'ESTADO-W2', 'ESTADO-XO', 'P-JUS-BS', 'P-JUS-CKGL', 'P-JUS-CKP', 'P-MON-CKGL', 'P-MON-CKP', 'P-MON-SDV-P', 'PT-P', 'QBS', 'QGL', 'T-JUS-CKP', 'T-MON-CKP', 'T-PDG']",0
dataset/0/WELL-00002_20170211130152.parquet,WELL-00002_20170211130152.parquet,0,REAL,WELL-00002,21489,1.0,21488.0,3600,3600,-1,0,21489,False,{'0': 17889},23,"['ABER-CKGL', 'ABER-CKP', 'ESTADO-DHSV', 'ESTADO-M1', 'ESTADO-M2', 'ESTADO-PXO', 'ESTADO-SDV-GL', 'ESTADO-SDV-P', 'ESTADO-W1', 'ESTADO-W2', 'ESTADO-XO', 'P-JUS-BS', 'P-JUS-CKGL', 'P-JUS-CKP', 'P-MON-CKGL', 'P-MON-CKP', 'P-MON-SDV-P', 'PT-P', 'QBS', 'QGL', 'T-JUS-CKP', 'T-MON-CKP', 'T-PDG']",0
dataset/0/WELL-00002_20170211180129.parquet,WELL-00002_20170211180129.parquet,0,REAL,WELL-00002,21512,1.0,21511.0,3600,3600,-1,0,21512,False,{'0': 17912},23,"['ABER-CKGL', 'ABER-CKP', 'ESTADO-DHSV', 'ESTADO-M1', 'ESTADO-M2', 'ESTADO-PXO', 'ESTADO-SDV-GL', 'ESTADO-SDV-P', 'ESTADO-W1', 'ESTADO-W2', 'ESTADO-XO', 'P-JUS-BS', 'P-JUS-CKGL', 'P-JUS-CKP', 'P-MON-CKGL', 'P-MON-CKP', 'P-MON-SDV-P', 'PT-P', 'QBS', 'QGL', 'T-JUS-CKP', 'T-MON-CKP', 'T-PDG']",0
dataset/0/WELL-00002_20170211230141.parquet,WELL-00002_20170211230141.parquet,0,REAL,WELL-00002,21500,1.0,21499.0,3600,3600,-1,0,21500,False,{'0': 17900},23,"['ABER-CKGL', 'ABER-CKP', 'ESTADO-DHSV', 'ESTADO-M1', 'ESTADO-M2', 'ESTADO-PXO', 'ESTADO-SDV-GL', 'ESTADO-SDV-P', 'ESTADO-W1', 'ESTADO-W2', 'ESTADO-XO', 'P-JUS-BS', 'P-JUS-CKGL', 'P-JUS-CKP', 'P-MON-CKGL', 'P-MON-CKP', 'P-MON-SDV-P', 'PT-P', 'QBS', 'QGL', 'T-JUS-CKP', 'T-MON-CKP', 'T-PDG']",0
dataset/0/WELL-00002_20170212040225.parquet,WELL-00002_20170212040225.parquet,0,REAL,WELL-00002,21456,1.0,21455.0,3600,3600,-1,0,21456,False,{'0': 17856},23,"['ABER-CKGL', 'ABER-CKP', 'ESTADO-DHSV', 'ESTADO-M1', 'ESTADO-M2', 'ESTADO-PXO', 'ESTADO-SDV-GL', 'ESTADO-SDV-P', 'ESTADO-W1', 'ESTADO-W2', 'ESTADO-XO', 'P-JUS-BS', 'P-JUS-CKGL', 'P-JUS-CKP', 'P-MON-CKGL', 'P-MON-CKP', 'P-MON-SDV-P', 'PT-P', 'QBS', 'QGL', 'T-JUS-CKP', 'T-MON-CKP', 'T-PDG']",0
dataset/0/WELL-00002_20170212090203.parquet,WELL-00002_20170212090203.parquet,0,REAL,WELL-00002,21478,1.0,21477.0,3600,3600,-1,0,21478,False,{'0': 17878},23,"['ABER-CKGL', 'ABER-CKP', 'ESTADO-DHSV', 'ESTADO-M1', 'ESTADO-M2', 'ESTADO-PXO', 'ESTADO-SDV-GL', 'ESTADO-SDV-P', 'ESTADO-W1', 'ESTADO-W2', 'ESTADO-XO', 'P-JUS-BS', 'P-JUS-CKGL', 'P-JUS-CKP', 'P-MON-CKGL', 'P-MON-CKP', 'P-MON-SDV-P', 'PT-P', 'QBS', 'QGL', 'T-JUS-CKP', 'T-MON-CKP', 'T-PDG']",0
dataset/0/WELL-00002_20170212140407.parquet,WELL-00002_20170212140407.parquet,0,REAL,WELL-00002,21354,1.0,21353.0,3600,3600,-1,0,21354,False,{'0': 17754},23,"['ABER-CKGL', 'ABER-CKP', 'ESTADO-DHSV', 'ESTADO-M1', 'ESTADO-M2', 'ESTADO-PXO', 'ESTADO-SDV-GL', 'ESTADO-SDV-P', 'ESTADO-W1', 'ESTADO-W2', 'ESTADO-XO', 'P-JUS-BS', 'P-JUS-CKGL', 'P-JUS-CKP', 'P-MON-CKGL', 'P-MON-CKP', 'P-MON-SDV-P', 'PT-P', 'QBS', 'QGL', 'T-JUS-CKP', 'T-MON-CKP', 'T-PDG']",0
dataset/0/WELL-00002_20170212190429.parquet,WELL-00002_20170212190429.parquet,0,REAL,WELL-00002,21332,1.0,21331.0,3600,3600,-1,0,21332,False,{'0': 17732},23,"['ABER-CKGL', 'ABER-CKP', 'ESTADO-DHSV', 'ESTADO-M1', 'ESTADO-M2', 'ESTADO-PXO', 'ESTADO-SDV-GL', 'ESTADO-SDV-P', 'ESTADO-W1', 'ESTADO-W2', 'ESTADO-XO', 'P-JUS-BS', 'P-JUS-CKGL', 'P-JUS-CKP', 'P-MON-CKGL', 'P-MON-CKP', 'P-MON-SDV-P', 'PT-P', 'QBS', 'QGL', 'T-JUS-CKP', 'T-MON-CKP', 'T-PDG']",0
dataset/0/WELL-00002_20170213000322.parquet,WELL-00002_20170213000322.parquet,0,REAL,WELL-00002,21399,1.0,21398.0,3600,3600,-1,0,21399,False,{'0': 17799},23,"['ABER-CKGL', 'ABER-CKP', 'ESTADO-DHSV', 'ESTADO-M1', 'ESTADO-M2', 'ESTADO-PXO', 'ESTADO-SDV-GL', 'ESTADO-SDV-P', 'ESTADO-W1', 'ESTADO-W2', 'ESTADO-XO', 'P-JUS-BS', 'P-JUS-CKGL', 'P-JUS-CKP', 'P-MON-CKGL', 'P-MON-CKP', 'P-MON-SDV-P', 'PT-P', 'QBS', 'QGL', 'T-JUS-CKP', 'T-MON-CKP', 'T-PDG']",0
dataset/0/WELL-00002_20170213050225.parquet,WELL-00002_20170213050225.parquet,0,REAL,WELL-00002,21456,1.0,21455.0,3600,3600,-1,0,21456,False,{'0': 17856},23,"['ABER-CKGL', 'ABER-CKP', 'ESTADO-DHSV', 'ESTADO-M1', 'ESTADO-M2', 'ESTADO-PXO', 'ESTADO-SDV-GL', 'ESTADO-SDV-P', 'ESTADO-W1', 'ESTADO-W2', 'ESTADO-XO', 'P-JUS-BS', 'P-JUS-CKGL', 'P-JUS-CKP', 'P-MON-CKGL', 'P-MON-CKP', 'P-MON-SDV-P', 'PT-P', 'QBS', 'QGL', 'T-JUS-CKP', 'T-MON-CKP', 'T-PDG']",0
dataset/0/WELL-00002_20170213100344.parquet,WELL-00002_20170213100344.parquet,0,REAL,WELL-00002,21377,1.0,21376.0,3600,3600,-1,0,21377,False,{'0': 17777},23,"['ABER-CKGL', 'ABER-CKP', 'ESTADO-DHSV', 'ESTADO-M1', 'ESTADO-M2', 'ESTADO-PXO', 'ESTADO-SDV-GL', 'ESTADO-SDV-P', 'ESTADO-W1', 'ESTADO-W2', 'ESTADO-XO', 'P-JUS-BS', 'P-JUS-CKGL', 'P-JUS-CKP', 'P-MON-CKGL', 'P-MON-CKP', 'P-MON-SDV-P', 'PT-P', 'QBS', 'QGL', 'T-JUS-CKP', 'T-MON-CKP', 'T-PDG']",0
dataset/0/WELL-00002_20170213150107.parquet,WELL-00002_20170213150107.parquet,0,REAL,WELL-00002,21534,1.0,21533.0,3600,3600,-1,0,21534,False,{'0': 17934},23,"['ABER-CKGL', 'ABER-CKP', 'ESTADO-DHSV', 'ESTADO-M1', 'ESTADO-M2', 'ESTADO-PXO', 'ESTADO-SDV-GL', 'ESTADO-SDV-P', 'ESTADO-W1', 'ESTADO-W2', 'ESTADO-XO', 'P-JUS-BS', 'P-JUS-CKGL', 'P-JUS-CKP', 'P-MON-CKGL', 'P-MON-CKP', 'P-MON-SDV-P', 'PT-P', 'QBS', 'QGL', 'T-JUS-CKP', 'T-MON-CKP', 'T-PDG']",0
dataset/0/WELL-00002_20170213200214.parquet,WELL-00002_20170213200214.parquet,0,REAL,WELL-00002,21467,1.0,21466.0,3600,3600,-1,0,21467,False,{'0': 17867},23,"['ABER-CKGL', 'ABER-CKP', 'ESTADO-DHSV', 'ESTADO-M1', 'ESTADO-M2', 'ESTADO-PXO', 'ESTADO-SDV-GL', 'ESTADO-SDV-P', 'ESTADO-W1', 'ESTADO-W2', 'ESTADO-XO', 'P-JUS-BS', 'P-JUS-CKGL', 'P-JUS-CKP', 'P-MON-CKGL', 'P-MON-CKP', 'P-MON-SDV-P', 'PT-P', 'QBS', 'QGL', 'T-JUS-CKP', 'T-MON-CKP', 'T-PDG']",0
dataset/0/WELL-00002_20170214010118.parquet,WELL-00002_20170214010118.parquet,0,REAL,WELL-00002,21523,1.0,21522.0,3600,3600,-1,0,21523,False,{'0': 17923},23,"['ABER-CKGL', 'ABER-CKP', 'ESTADO-DHSV', 'ESTADO-M1', 'ESTADO-M2', 'ESTADO-PXO', 'ESTADO-SDV-GL', 'ESTADO-SDV-P', 'ESTADO-W1', 'ESTADO-W2', 'ESTADO-XO', 'P-JUS-BS', 'P-JUS-CKGL', 'P-JUS-CKP', 'P-MON-CKGL', 'P-MON-CKP', 'P-MON-SDV-P', 'PT-P', 'QBS', 'QGL', 'T-JUS-CKP', 'T-MON-CKP', 'T-PDG']",0
dataset/0/WELL-00002_20170214060141.parquet,WELL-00002_20170214060141.parquet,0,REAL,WELL-00002,21500,1.0,21499.0,3600,3600,-1,0,21500,False,{'0': 17900},23,"['ABER-CKGL', 'ABER-CKP', 'ESTADO-DHSV', 'ESTADO-M1', 'ESTADO-M2', 'ESTADO-PXO', 'ESTADO-SDV-GL', 'ESTADO-SDV-P', 'ESTADO-W1', 'ESTADO-W2', 'ESTADO-XO', 'P-JUS-BS', 'P-JUS-CKGL', 'P-JUS-CKP', 'P-MON-CKGL', 'P-MON-CKP', 'P-MON-SDV-P', 'PT-P', 'QBS', 'QGL', 'T-JUS-CKP', 'T-MON-CKP', 'T-PDG']",0
dataset/0/WELL-00002_20170214110056.parquet,WELL-00002_20170214110056.parquet,0,REAL,WELL-00002,21545,1.0,21544.0,3600,3600,-1,0,21545,False,{'0': 17945},23,"['ABER-CKGL', 'ABER-CKP', 'ESTADO-DHSV', 'ESTADO-M1', 'ESTADO-M2', 'ESTADO-PXO', 'ESTADO-SDV-GL', 'ESTADO-SDV-P', 'ESTADO-W1', 'ESTADO-W2', 'ESTADO-XO', 'P-JUS-BS', 'P-JUS-CKGL', 'P-JUS-CKP', 'P-MON-CKGL', 'P-MON-CKP', 'P-MON-SDV-P', 'PT-P', 'QBS', 'QGL', 'T-JUS-CKP', 'T-MON-CKP', 'T-PDG']",0
dataset/0/WELL-00002_20170214160044.parquet,WELL-00002_20170214160044.parquet,0,REAL,WELL-00002,21557,1.0,21556.0,3600,3600,-1,0,21557,False,{'0': 17957},23,"['ABER-CKGL', 'ABER-CKP', 'ESTADO-DHSV', 'ESTADO-M1', 'ESTADO-M2', 'ESTADO-PXO', 'ESTADO-SDV-GL', 'ESTADO-SDV-P', 'ESTADO-W1', 'ESTADO-W2', 'ESTADO-XO', 'P-JUS-BS', 'P-JUS-CKGL', 'P-JUS-CKP', 'P-MON-CKGL', 'P-MON-CKP', 'P-MON-SDV-P', 'PT-P', 'QBS', 'QGL', 'T-JUS-CKP', 'T-MON-CKP', 'T-PDG']",0
dataset/0/WELL-00002_20170214210322.parquet,WELL-00002_20170214210322.parquet,0,REAL,WELL-00002,21399,1.0,21398.0,3600,3600,-1,0,21399,False,{'0': 17799},23,"['ABER-CKGL', 'ABER-CKP', 'ESTADO-DHSV', 'ESTADO-M1', 'ESTADO-M2', 'ESTADO-PXO', 'ESTADO-SDV-GL', 'ESTADO-SDV-P', 'ESTADO-W1', 'ESTADO-W2', 'ESTADO-XO', 'P-JUS-BS', 'P-JUS-CKGL', 'P-JUS-CKP', 'P-MON-CKGL', 'P-MON-CKP', 'P-MON-SDV-P', 'PT-P', 'QBS', 'QGL', 'T-JUS-CKP', 'T-MON-CKP', 'T-PDG']",0
dataset/0/WELL-00002_20170215020259.parquet,WELL-00002_20170215020259.parquet,0,REAL,WELL-00002,21422,1.0,21421.0,3600,3600,-1,0,21422,False,{'0': 17822},23,"['ABER-CKGL', 'ABER-CKP', 'ESTADO-DHSV', 'ESTADO-M1', 'ESTADO-M2', 'ESTADO-PXO', 'ESTADO-SDV-GL', 'ESTADO-SDV-P', 'ESTADO-W1', 'ESTADO-W2', 'ESTADO-XO', 'P-JUS-BS', 'P-JUS-CKGL', 'P-JUS-CKP', 'P-MON-CKGL', 'P-MON-CKP', 'P-MON-SDV-P', 'PT-P', 'QBS', 'QGL', 'T-JUS-CKP', 'T-MON-CKP', 'T-PDG']",0
dataset/0/WELL-00002_20170215070056.parquet,WELL-00002_20170215070056.parquet,0,REAL,WELL-00002,21545,1.0,21544.0,3600,3600,-1,0,21545,False,{'0': 17945},23,"['ABER-CKGL', 'ABER-CKP', 'ESTADO-DHSV', 'ESTADO-M1', 'ESTADO-M2', 'ESTADO-PXO', 'ESTADO-SDV-GL', 'ESTADO-SDV-P', 'ESTADO-W1', 'ESTADO-W2', 'ESTADO-XO', 'P-JUS-BS', 'P-JUS-CKGL', 'P-JUS-CKP', 'P-MON-CKGL', 'P-MON-CKP', 'P-MON-SDV-P', 'PT-P', 'QBS', 'QGL', 'T-JUS-CKP', 'T-MON-CKP', 'T-PDG']",0
dataset/0/WELL-00002_20170215120214.parquet,WELL-00002_20170215120214.parquet,0,REAL,WELL-00002,21467,1.0,21466.0,3600,3600,-1,0,21467,False,{'0': 17867},23,"['ABER-CKGL', 'ABER-CKP', 'ESTADO-DHSV', 'ESTADO-M1', 'ESTADO-M2', 'ESTADO-PXO', 'ESTADO-SDV-GL', 'ESTADO-SDV-P', 'ESTADO-W1', 'ESTADO-W2', 'ESTADO-XO', 'P-JUS-BS', 'P-JUS-CKGL', 'P-JUS-CKP', 'P-MON-CKGL', 'P-MON-CKP', 'P-MON-SDV-P', 'PT-P', 'QBS', 'QGL', 'T-JUS-CKP', 'T-MON-CKP', 'T-PDG']",0
dataset/0/WELL-00002_20170215170118.parquet,WELL-00002_20170215170118.parquet,0,REAL,WELL-00002,21523,1.0,21522.0,3600,3600,-1,0,21523,False,{'0': 17923},23,"['ABER-CKGL', 'ABER-CKP', 'ESTADO-DHSV', 'ESTADO-M1', 'ESTADO-M2', 'ESTADO-PXO', 'ESTADO-SDV-GL', 'ESTADO-SDV-P', 'ESTADO-W1', 'ESTADO-W2', 'ESTADO-XO', 'P-JUS-BS', 'P-JUS-CKGL', 'P-JUS-CKP', 'P-MON-CKGL', 'P-MON-CKP', 'P-MON-SDV-P', 'PT-P', 'QBS', 'QGL', 'T-JUS-CKP', 'T-MON-CKP', 'T-PDG']",0
dataset/0/WELL-00002_20170215220129.parquet,WELL-00002_20170215220129.parquet,0,REAL,WELL-00002,21512,1.0,21511.0,3600,3600,-1,0,21512,False,{'0': 17912},23,"['ABER-CKGL', 'ABER-CKP', 'ESTADO-DHSV', 'ESTADO-M1', 'ESTADO-M2', 'ESTADO-PXO', 'ESTADO-SDV-GL', 'ESTADO-SDV-P', 'ESTADO-W1', 'ESTADO-W2', 'ESTADO-XO', 'P-JUS-BS', 'P-JUS-CKGL', 'P-JUS-CKP', 'P-MON-CKGL', 'P-MON-CKP', 'P-MON-SDV-P', 'PT-P', 'QBS', 'QGL', 'T-JUS-CKP', 'T-MON-CKP', 'T-PDG']",0
dataset/0/WELL-00002_20170216030141.parquet,WELL-00002_20170216030141.parquet,0,REAL,WELL-00002,21500,1.0,21499.0,3600,3600,-1,0,21500,False,{'0': 17900},23,"['ABER-CKGL', 'ABER-CKP', 'ESTADO-DHSV', 'ESTADO-M1', 'ESTADO-M2', 'ESTADO-PXO', 'ESTADO-SDV-GL', 'ESTADO-SDV-P', 'ESTADO-W1', 'ESTADO-W2', 'ESTADO-XO', 'P-JUS-BS', 'P-JUS-CKGL', 'P-JUS-CKP', 'P-MON-CKGL', 'P-MON-CKP', 'P-MON-SDV-P', 'PT-P', 'QBS', 'QGL', 'T-JUS-CKP', 'T-MON-CKP', 'T-PDG']",0
dataset/0/WELL-00002_20170216080118.parquet,WELL-00002_20170216080118.parquet,0,REAL,WELL-00002,21523,1.0,21522.0,3600,3600,-1,0,21523,False,{'0': 17923},23,"['ABER-CKGL', 'ABER-CKP', 'ESTADO-DHSV', 'ESTADO-M1', 'ESTADO-M2', 'ESTADO-PXO', 'ESTADO-SDV-GL', 'ESTADO-SDV-P', 'ESTADO-W1', 'ESTADO-W2', 'ESTADO-XO', 'P-JUS-BS', 'P-JUS-CKGL', 'P-JUS-CKP', 'P-MON-CKGL', 'P-MON-CKP', 'P-MON-SDV-P', 'PT-P', 'QBS', 'QGL', 'T-JUS-CKP', 'T-MON-CKP', 'T-PDG']",0
dataset/0/WELL-00002_20170216130152.parquet,WELL-00002_20170216130152.parquet,0,REAL,WELL-00002,21489,1.0,21488.0,3600,3600,-1,0,21489,False,{'0': 17889},23,"['ABER-CKGL', 'ABER-CKP', 'ESTADO-DHSV', 'ESTADO-M1', 'ESTADO-M2', 'ESTADO-PXO', 'ESTADO-SDV-GL', 'ESTADO-SDV-P', 'ESTADO-W1', 'ESTADO-W2', 'ESTADO-XO', 'P-JUS-BS', 'P-JUS-CKGL', 'P-JUS-CKP', 'P-MON-CKGL', 'P-MON-CKP', 'P-MON-SDV-P', 'PT-P', 'QBS', 'QGL', 'T-JUS-CKP', 'T-MON-CKP', 'T-PDG']",0
dataset/0/WELL-00002_20170216180214.parquet,WELL-00002_20170216180214.parquet,0,REAL,WELL-00002,21467,1.0,21466.0,3600,3600,-1,0,21467,False,{'0': 17867},23,"['ABER-CKGL', 'ABER-CKP', 'ESTADO-DHSV', 'ESTADO-M1', 'ESTADO-M2', 'ESTADO-PXO', 'ESTADO-SDV-GL', 'ESTADO-SDV-P', 'ESTADO-W1', 'ESTADO-W2', 'ESTADO-XO', 'P-JUS-BS', 'P-JUS-CKGL', 'P-JUS-CKP', 'P-MON-CKGL', 'P-MON-CKP', 'P-MON-SDV-P', 'PT-P', 'QBS', 'QGL', 'T-JUS-CKP', 'T-MON-CKP', 'T-PDG']",0
dataset/0/WELL-00002_20170216230107.parquet,WELL-00002_20170216230107.parquet,0,REAL,WELL-00002,21534,1.0,21533.0,3600,3600,-1,0,21534,False,{'0': 17934},23,"['ABER-CKGL', 'ABER-CKP', 'ESTADO-DHSV', 'ESTADO-M1', 'ESTADO-M2', 'ESTADO-PXO', 'ESTADO-SDV-GL', 'ESTADO-SDV-P', 'ESTADO-W1', 'ESTADO-W2', 'ESTADO-XO', 'P-JUS-BS', 'P-JUS-CKGL', 'P-JUS-CKP', 'P-MON-CKGL', 'P-MON-CKP', 'P-MON-SDV-P', 'PT-P', 'QBS', 'QGL', 'T-JUS-CKP', 'T-MON-CKP', 'T-PDG']",0
dataset/0/WELL-00002_20170217040451.parquet,WELL-00002_20170217040451.parquet,0,REAL,WELL-00002,21310,1.0,21309.0,3600,3600,-1,0,21310,False,{'0': 17710},23,"['ABER-CKGL', 'ABER-CKP', 'ESTADO-DHSV', 'ESTADO-M1', 'ESTADO-M2', 'ESTADO-PXO', 'ESTADO-SDV-GL', 'ESTADO-SDV-P', 'ESTADO-W1', 'ESTADO-W2', 'ESTADO-XO', 'P-JUS-BS', 'P-JUS-CKGL', 'P-JUS-CKP', 'P-MON-CKGL', 'P-MON-CKP', 'P-MON-SDV-P', 'PT-P', 'QBS', 'QGL', 'T-JUS-CKP', 'T-MON-CKP', 'T-PDG']",0
dataset/0/WELL-00002_20170217090355.parquet,WELL-00002_20170217090355.parquet,0,REAL,WELL-00002,21366,1.0,21365.0,3600,3600,-1,0,21366,False,{'0': 17766},23,"['ABER-CKGL', 'ABER-CKP', 'ESTADO-DHSV', 'ESTADO-M1', 'ESTADO-M2', 'ESTADO-PXO', 'ESTADO-SDV-GL', 'ESTADO-SDV-P', 'ESTADO-W1', 'ESTADO-W2', 'ESTADO-XO', 'P-JUS-BS', 'P-JUS-CKGL', 'P-JUS-CKP', 'P-MON-CKGL', 'P-MON-CKP', 'P-MON-SDV-P', 'PT-P', 'QBS', 'QGL', 'T-JUS-CKP', 'T-MON-CKP', 'T-PDG']",0
dataset/0/WELL-00002_20170217140248.parquet,WELL-00002_20170217140248.parquet,0,REAL,WELL-00002,21433,1.0,21432.0,3600,3600,-1,0,21433,False,{'0': 17833},23,"['ABER-CKGL', 'ABER-CKP', 'ESTADO-DHSV', 'ESTADO-M1', 'ESTADO-M2', 'ESTADO-PXO', 'ESTADO-SDV-GL', 'ESTADO-SDV-P', 'ESTADO-W1', 'ESTADO-W2', 'ESTADO-XO', 'P-JUS-BS', 'P-JUS-CKGL', 'P-JUS-CKP', 'P-MON-CKGL', 'P-MON-CKP', 'P-MON-SDV-P', 'PT-P', 'QBS', 'QGL', 'T-JUS-CKP', 'T-MON-CKP', 'T-PDG']",0
dataset/0/WELL-00002_20170217190225.parquet,WELL-00002_20170217190225.parquet,0,REAL,WELL-00002,21456,1.0,21455.0,3600,3600,-1,0,21456,False,{'0': 17856},23,"['ABER-CKGL', 'ABER-CKP', 'ESTADO-DHSV', 'ESTADO-M1', 'ESTADO-M2', 'ESTADO-PXO', 'ESTADO-SDV-GL', 'ESTADO-SDV-P', 'ESTADO-W1', 'ESTADO-W2', 'ESTADO-XO', 'P-JUS-BS', 'P-JUS-CKGL', 'P-JUS-CKP', 'P-MON-CKGL', 'P-MON-CKP', 'P-MON-SDV-P', 'PT-P', 'QBS', 'QGL', 'T-JUS-CKP', 'T-MON-CKP', 'T-PDG']",0
dataset/0/WELL-00002_20170218000237.parquet,WELL-00002_20170218000237.parquet,0,REAL,WELL-00002,21444,1.0,21443.0,3600,3600,-1,0,21444,False,{'0': 17844},23,"['ABER-CKGL', 'ABER-CKP', 'ESTADO-DHSV', 'ESTADO-M1', 'ESTADO-M2', 'ESTADO-PXO', 'ESTADO-SDV-GL', 'ESTADO-SDV-P', 'ESTADO-W1', 'ESTADO-W2', 'ESTADO-XO', 'P-JUS-BS', 'P-JUS-CKGL', 'P-JUS-CKP', 'P-MON-CKGL', 'P-MON-CKP', 'P-MON-SDV-P', 'PT-P', 'QBS', 'QGL', 'T-JUS-CKP', 'T-MON-CKP', 'T-PDG']",0
dataset/0/WELL-00002_20170218050225.parquet,WELL-00002_20170218050225.parquet,0,REAL,WELL-00002,21456,1.0,21455.0,3600,3600,-1,0,21456,False,{'0': 17856},23,"['ABER-CKGL', 'ABER-CKP', 'ESTADO-DHSV', 'ESTADO-M1', 'ESTADO-M2', 'ESTADO-PXO', 'ESTADO-SDV-GL', 'ESTADO-SDV-P', 'ESTADO-W1', 'ESTADO-W2', 'ESTADO-XO', 'P-JUS-BS', 'P-JUS-CKGL', 'P-JUS-CKP', 'P-MON-CKGL', 'P-MON-CKP', 'P-MON-SDV-P', 'PT-P', 'QBS', 'QGL', 'T-JUS-CKP', 'T-MON-CKP', 'T-PDG']",0
dataset/0/WELL-00002_20170218100022.parquet,WELL-00002_20170218100022.parquet,0,REAL,WELL-00002,21579,1.0,21578.0,3600,3600,-1,0,21579,False,{'0': 17979},23,"['ABER-CKGL', 'ABER-CKP', 'ESTADO-DHSV', 'ESTADO-M1', 'ESTADO-M2', 'ESTADO-PXO', 'ESTADO-SDV-GL', 'ESTADO-SDV-P', 'ESTADO-W1', 'ESTADO-W2', 'ESTADO-XO', 'P-JUS-BS', 'P-JUS-CKGL', 'P-JUS-CKP', 'P-MON-CKGL', 'P-MON-CKP', 'P-MON-SDV-P', 'PT-P', 'QBS', 'QGL', 'T-JUS-CKP', 'T-MON-CKP', 'T-PDG']",0
dataset/0/WELL-00002_20170218150214.parquet,WELL-00002_20170218150214.parquet,0,REAL,WELL-00002,21467,1.0,21466.0,3600,3600,-1,0,21467,False,{'0': 17867},23,"['ABER-CKGL', 'ABER-CKP', 'ESTADO-DHSV', 'ESTADO-M1', 'ESTADO-M2', 'ESTADO-PXO', 'ESTADO-SDV-GL', 'ESTADO-SDV-P', 'ESTADO-W1', 'ESTADO-W2', 'ESTADO-XO', 'P-JUS-BS', 'P-JUS-CKGL', 'P-JUS-CKP', 'P-MON-CKGL', 'P-MON-CKP', 'P-MON-SDV-P', 'PT-P', 'QBS', 'QGL', 'T-JUS-CKP', 'T-MON-CKP', 'T-PDG']",0
dataset/0/WELL-00002_20170219010033.parquet,WELL-00002_20170219010033.parquet,0,REAL,WELL-00002,21568,1.0,21567.0,3600,3600,-1,0,21568,False,{'0': 17968},23,"['ABER-CKGL', 'ABER-CKP', 'ESTADO-DHSV', 'ESTADO-M1', 'ESTADO-M2', 'ESTADO-PXO', 'ESTADO-SDV-GL', 'ESTADO-SDV-P', 'ESTADO-W1', 'ESTADO-W2', 'ESTADO-XO', 'P-JUS-BS', 'P-JUS-CKGL', 'P-JUS-CKP', 'P-MON-CKGL', 'P-MON-CKP', 'P-MON-SDV-P', 'PT-P', 'QBS', 'QGL', 'T-JUS-CKP', 'T-MON-CKP', 'T-PDG']",0
dataset/0/WELL-00002_20170219060129.parquet,WELL-00002_20170219060129.parquet,0,REAL,WELL-00002,21512,1.0,21511.0,3600,3600,-1,0,21512,False,{'0': 17912},23,"['ABER-CKGL', 'ABER-CKP', 'ESTADO-DHSV', 'ESTADO-M1', 'ESTADO-M2', 'ESTADO-PXO', 'ESTADO-SDV-GL', 'ESTADO-SDV-P', 'ESTADO-W1', 'ESTADO-W2', 'ESTADO-XO', 'P-JUS-BS', 'P-JUS-CKGL', 'P-JUS-CKP', 'P-MON-CKGL', 'P-MON-CKP', 'P-MON-SDV-P', 'PT-P', 'QBS', 'QGL', 'T-JUS-CKP', 'T-MON-CKP', 'T-PDG']",0
dataset/0/WELL-00002_20170219110152.parquet,WELL-00002_20170219110152.parquet,0,REAL,WELL-00002,21489,1.0,21488.0,3600,3600,-1,0,21489,False,{'0': 17889},23,"['ABER-CKGL', 'ABER-CKP', 'ESTADO-DHSV', 'ESTADO-M1', 'ESTADO-M2', 'ESTADO-PXO', 'ESTADO-SDV-GL', 'ESTADO-SDV-P', 'ESTADO-W1', 'ESTADO-W2', 'ESTADO-XO', 'P-JUS-BS', 'P-JUS-CKGL', 'P-JUS-CKP', 'P-MON-CKGL', 'P-MON-CKP', 'P-MON-SDV-P', 'PT-P', 'QBS', 'QGL', 'T-JUS-CKP', 'T-MON-CKP', 'T-PDG']",0
dataset/0/WELL-00002_20170219160203.parquet,WELL-00002_20170219160203.parquet,0,REAL,WELL-00002,21478,1.0,21477.0,3600,3600,-1,0,21478,False,{'0': 17878},23,"['ABER-CKGL', 'ABER-CKP', 'ESTADO-DHSV', 'ESTADO-M1', 'ESTADO-M2', 'ESTADO-PXO', 'ESTADO-SDV-GL', 'ESTADO-SDV-P', 'ESTADO-W1', 'ESTADO-W2', 'ESTADO-XO', 'P-JUS-BS', 'P-JUS-CKGL', 'P-JUS-CKP', 'P-MON-CKGL', 'P-MON-CKP', 'P-MON-SDV-P', 'PT-P', 'QBS', 'QGL', 'T-JUS-CKP', 'T-MON-CKP', 'T-PDG']",0
dataset/0/WELL-00002_20170219210214.parquet,WELL-00002_20170219210214.parquet,0,REAL,WELL-00002,21467,1.0,21466.0,3600,3600,-1,0,21467,False,{'0': 17867},23,"['ABER-CKGL', 'ABER-CKP', 'ESTADO-DHSV', 'ESTADO-M1', 'ESTADO-M2', 'ESTADO-PXO', 'ESTADO-SDV-GL', 'ESTADO-SDV-P', 'ESTADO-W1', 'ESTADO-W2', 'ESTADO-XO', 'P-JUS-BS', 'P-JUS-CKGL', 'P-JUS-CKP', 'P-MON-CKGL', 'P-MON-CKP', 'P-MON-SDV-P', 'PT-P', 'QBS', 'QGL', 'T-JUS-CKP', 'T-MON-CKP', 'T-PDG']",0
dataset/0/WELL-00002_20170307190031.parquet,WELL-00002_20170307190031.parquet,0,REAL,WELL-00002,21570,1.0,21569.0,3600,3600,-1,0,21570,False,{'0': 17970},23,"['ABER-CKGL', 'ABER-CKP', 'ESTADO-DHSV', 'ESTADO-M1', 'ESTADO-M2', 'ESTADO-PXO', 'ESTADO-SDV-GL', 'ESTADO-SDV-P', 'ESTADO-W1', 'ESTADO-W2', 'ESTADO-XO', 'P-JUS-BS', 'P-JUS-CKGL', 'P-JUS-CKP', 'P-MON-CKGL', 'P-MON-CKP', 'P-MON-SDV-P', 'PT-P', 'QBS', 'QGL', 'T-JUS-CKP', 'T-MON-CKP', 'T-PDG']",0
dataset/0/WELL-00002_20170308000103.parquet,WELL-00002_20170308000103.parquet,0,REAL,WELL-00002,21538,1.0,21537.0,3600,3600,-1,0,21538,False,{'0': 17938},23,"['ABER-CKGL', 'ABER-CKP', 'ESTADO-DHSV', 'ESTADO-M1', 'ESTADO-M2', 'ESTADO-PXO', 'ESTADO-SDV-GL', 'ESTADO-SDV-P', 'ESTADO-W1', 'ESTADO-W2', 'ESTADO-XO', 'P-JUS-BS', 'P-JUS-CKGL', 'P-JUS-CKP', 'P-MON-CKGL', 'P-MON-CKP', 'P-MON-SDV-P', 'PT-P', 'QBS', 'QGL', 'T-JUS-CKP', 'T-MON-CKP', 'T-PDG']",0
dataset/0/WELL-00002_20170308050042.parquet,WELL-00002_20170308050042.parquet,0,REAL,WELL-00002,21559,1.0,21558.0,3600,3600,-1,0,21559,False,{'0': 17959},23,"['ABER-CKGL', 'ABER-CKP', 'ESTADO-DHSV', 'ESTADO-M1', 'ESTADO-M2', 'ESTADO-PXO', 'ESTADO-SDV-GL', 'ESTADO-SDV-P', 'ESTADO-W1', 'ESTADO-W2', 'ESTADO-XO', 'P-JUS-BS', 'P-JUS-CKGL', 'P-JUS-CKP', 'P-MON-CKGL', 'P-MON-CKP', 'P-MON-SDV-P', 'PT-P', 'QBS', 'QGL', 'T-JUS-CKP', 'T-MON-CKP', 'T-PDG']",0
dataset/0/WELL-00002_20170308100124.parquet,WELL-00002_20170308100124.parquet,0,REAL,WELL-00002,21517,1.0,21516.0,3600,3600,-1,0,21517,False,{'0': 17917},23,"['ABER-CKGL', 'ABER-CKP', 'ESTADO-DHSV', 'ESTADO-M1', 'ESTADO-M2', 'ESTADO-PXO', 'ESTADO-SDV-GL', 'ESTADO-SDV-P', 'ESTADO-W1', 'ESTADO-W2', 'ESTADO-XO', 'P-JUS-BS', 'P-JUS-CKGL', 'P-JUS-CKP', 'P-MON-CKGL', 'P-MON-CKP', 'P-MON-SDV-P', 'PT-P', 'QBS', 'QGL', 'T-JUS-CKP', 'T-MON-CKP', 'T-PDG']",0
dataset/0/WELL-00002_20170308150353.parquet,WELL-00002_20170308150353.parquet,0,REAL,WELL-00002,21368,1.0,21367.0,3600,3600,-1,0,21368,False,{'0': 17768},23,"['ABER-CKGL', 'ABER-CKP', 'ESTADO-DHSV', 'ESTADO-M1', 'ESTADO-M2', 'ESTADO-PXO', 'ESTADO-SDV-GL', 'ESTADO-SDV-P', 'ESTADO-W1', 'ESTADO-W2', 'ESTADO-XO', 'P-JUS-BS', 'P-JUS-CKGL', 'P-JUS-CKP', 'P-MON-CKGL', 'P-MON-CKP', 'P-MON-SDV-P', 'PT-P', 'QBS', 'QGL', 'T-JUS-CKP', 'T-MON-CKP', 'T-PDG']",0
dataset/0/WELL-00002_20170308200218.parquet,WELL-00002_20170308200218.parquet,0,REAL,WELL-00002,21463,1.0,21462.0,3600,3600,-1,0,21463,False,{'0': 17863},23,"['ABER-CKGL', 'ABER-CKP', 'ESTADO-DHSV', 'ESTADO-M1', 'ESTADO-M2', 'ESTADO-PXO', 'ESTADO-SDV-GL', 'ESTADO-SDV-P', 'ESTADO-W1', 'ESTADO-W2', 'ESTADO-XO', 'P-JUS-BS', 'P-JUS-CKGL', 'P-JUS-CKP', 'P-MON-CKGL', 'P-MON-CKP', 'P-MON-SDV-P', 'PT-P', 'QBS', 'QGL', 'T-JUS-CKP', 'T-MON-CKP', 'T-PDG']",0
dataset/0/WELL-00002_20170309010218.parquet,WELL-00002_20170309010218.parquet,0,REAL,WELL-00002,21463,1.0,21462.0,3600,3600,-1,0,21463,False,{'0': 17863},23,"['ABER-CKGL', 'ABER-CKP', 'ESTADO-DHSV', 'ESTADO-M1', 'ESTADO-M2', 'ESTADO-PXO', 'ESTADO-SDV-GL', 'ESTADO-SDV-P', 'ESTADO-W1', 'ESTADO-W2', 'ESTADO-XO', 'P-JUS-BS', 'P-JUS-CKGL', 'P-JUS-CKP', 'P-MON-CKGL', 'P-MON-CKP', 'P-MON-SDV-P', 'PT-P', 'QBS', 'QGL', 'T-JUS-CKP', 'T-MON-CKP', 'T-PDG']",0
dataset/0/WELL-00002_20170309060218.parquet,WELL-00002_20170309060218.parquet,0,REAL,WELL-00002,21463,1.0,21462.0,3600,3600,-1,0,21463,False,{'0': 17863},23,"['ABER-CKGL', 'ABER-CKP', 'ESTADO-DHSV', 'ESTADO-M1', 'ESTADO-M2', 'ESTADO-PXO', 'ESTADO-SDV-GL', 'ESTADO-SDV-P', 'ESTADO-W1', 'ESTADO-W2', 'ESTADO-XO', 'P-JUS-BS', 'P-JUS-CKGL', 'P-JUS-CKP', 'P-MON-CKGL', 'P-MON-CKP', 'P-MON-SDV-P', 'PT-P', 'QBS', 'QGL', 'T-JUS-CKP', 'T-MON-CKP', 'T-PDG']",0
dataset/0/WELL-00002_20170309110156.parquet,WELL-00002_20170309110156.parquet,0,REAL,WELL-00002,21485,1.0,21484.0,3600,3600,-1,0,21485,False,{'0': 17885},23,"['ABER-CKGL', 'ABER-CKP', 'ESTADO-DHSV', 'ESTADO-M1', 'ESTADO-M2', 'ESTADO-PXO', 'ESTADO-SDV-GL', 'ESTADO-SDV-P', 'ESTADO-W1', 'ESTADO-W2', 'ESTADO-XO', 'P-JUS-BS', 'P-JUS-CKGL', 'P-JUS-CKP', 'P-MON-CKGL', 'P-MON-CKP', 'P-MON-SDV-P', 'PT-P', 'QBS', 'QGL', 'T-JUS-CKP', 'T-MON-CKP', 'T-PDG']",0
dataset/0/WELL-00002_20170309160218.parquet,WELL-00002_20170309160218.parquet,0,REAL,WELL-00002,21463,1.0,21462.0,3600,3600,-1,0,21463,False,{'0': 17863},23,"['ABER-CKGL', 'ABER-CKP', 'ESTADO-DHSV', 'ESTADO-M1', 'ESTADO-M2', 'ESTADO-PXO', 'ESTADO-SDV-GL', 'ESTADO-SDV-P', 'ESTADO-W1', 'ESTADO-W2', 'ESTADO-XO', 'P-JUS-BS', 'P-JUS-CKGL', 'P-JUS-CKP', 'P-MON-CKGL', 'P-MON-CKP', 'P-MON-SDV-P', 'PT-P', 'QBS', 'QGL', 'T-JUS-CKP', 'T-MON-CKP', 'T-PDG']",0
dataset/0/WELL-00002_20170309210207.parquet,WELL-00002_20170309210207.parquet,0,REAL,WELL-00002,21474,1.0,21473.0,3600,3600,-1,0,21474,False,{'0': 17874},23,"['ABER-CKGL', 'ABER-CKP', 'ESTADO-DHSV', 'ESTADO-M1', 'ESTADO-M2', 'ESTADO-PXO', 'ESTADO-SDV-GL', 'ESTADO-SDV-P', 'ESTADO-W1', 'ESTADO-W2', 'ESTADO-XO', 'P-JUS-BS', 'P-JUS-CKGL', 'P-JUS-CKP', 'P-MON-CKGL', 'P-MON-CKP', 'P-MON-SDV-P', 'PT-P', 'QBS', 'QGL', 'T-JUS-CKP', 'T-MON-CKP', 'T-PDG']",0
dataset/0/WELL-00002_20170310020146.parquet,WELL-00002_20170310020146.parquet,0,REAL,WELL-00002,21495,1.0,21494.0,3600,3600,-1,0,21495,False,{'0': 17895},23,"['ABER-CKGL', 'ABER-CKP', 'ESTADO-DHSV', 'ESTADO-M1', 'ESTADO-M2', 'ESTADO-PXO', 'ESTADO-SDV-GL', 'ESTADO-SDV-P', 'ESTADO-W1', 'ESTADO-W2', 'ESTADO-XO', 'P-JUS-BS', 'P-JUS-CKGL', 'P-JUS-CKP', 'P-MON-CKGL', 'P-MON-CKP', 'P-MON-SDV-P', 'PT-P', 'QBS', 'QGL', 'T-JUS-CKP', 'T-MON-CKP', 'T-PDG']",0
dataset/0/WELL-00002_20170310070518.parquet,WELL-00002_20170310070518.parquet,0,REAL,WELL-00002,21283,1.0,21282.0,3600,3600,-1,0,21283,False,{'0': 17683},23,"['ABER-CKGL', 'ABER-CKP', 'ESTADO-DHSV', 'ESTADO-M1', 'ESTADO-M2', 'ESTADO-PXO', 'ESTADO-SDV-GL', 'ESTADO-SDV-P', 'ESTADO-W1', 'ESTADO-W2', 'ESTADO-XO', 'P-JUS-BS', 'P-JUS-CKGL', 'P-JUS-CKP', 'P-MON-CKGL', 'P-MON-CKP', 'P-MON-SDV-P', 'PT-P', 'QBS', 'QGL', 'T-JUS-CKP', 'T-MON-CKP', 'T-PDG']",0
dataset/0/WELL-00002_20170310120321.parquet,WELL-00002_20170310120321.parquet,0,REAL,WELL-00002,21400,1.0,21399.0,3600,3600,-1,0,21400,False,{'0': 17800},23,"['ABER-CKGL', 'ABER-CKP', 'ESTADO-DHSV', 'ESTADO-M1', 'ESTADO-M2', 'ESTADO-PXO', 'ESTADO-SDV-GL', 'ESTADO-SDV-P', 'ESTADO-W1', 'ESTADO-W2', 'ESTADO-XO', 'P-JUS-BS', 'P-JUS-CKGL', 'P-JUS-CKP', 'P-MON-CKGL', 'P-MON-CKP', 'P-MON-SDV-P', 'PT-P', 'QBS', 'QGL', 'T-JUS-CKP', 'T-MON-CKP', 'T-PDG']",0
dataset/0/WELL-00002_20170310170103.parquet,WELL-00002_20170310170103.parquet,0,REAL,WELL-00002,21538,1.0,21537.0,3600,3600,-1,0,21538,False,{'0': 17938},23,"['ABER-CKGL', 'ABER-CKP', 'ESTADO-DHSV', 'ESTADO-M1', 'ESTADO-M2', 'ESTADO-PXO', 'ESTADO-SDV-GL', 'ESTADO-SDV-P', 'ESTADO-W1', 'ESTADO-W2', 'ESTADO-XO', 'P-JUS-BS', 'P-JUS-CKGL', 'P-JUS-CKP', 'P-MON-CKGL', 'P-MON-CKP', 'P-MON-SDV-P', 'PT-P', 'QBS', 'QGL', 'T-JUS-CKP', 'T-MON-CKP', 'T-PDG']",0
dataset/0/WELL-00002_20170310220042.parquet,WELL-00002_20170310220042.parquet,0,REAL,WELL-00002,21559,1.0,21558.0,3600,3600,-1,0,21559,False,{'0': 17959},23,"['ABER-CKGL', 'ABER-CKP', 'ESTADO-DHSV', 'ESTADO-M1', 'ESTADO-M2', 'ESTADO-PXO', 'ESTADO-SDV-GL', 'ESTADO-SDV-P', 'ESTADO-W1', 'ESTADO-W2', 'ESTADO-XO', 'P-JUS-BS', 'P-JUS-CKGL', 'P-JUS-CKP', 'P-MON-CKGL', 'P-MON-CKP', 'P-MON-SDV-P', 'PT-P', 'QBS', 'QGL', 'T-JUS-CKP', 'T-MON-CKP', 'T-PDG']",0
dataset/0/WELL-00002_20170404020000.parquet,WELL-00002_20170404020000.parquet,0,REAL,WELL-00002,21555,1.0,21554.0,3600,3600,-1,0,21555,False,{'0': 17955},23,"['ABER-CKGL', 'ABER-CKP', 'ESTADO-DHSV', 'ESTADO-M1', 'ESTADO-M2', 'ESTADO-PXO', 'ESTADO-SDV-GL', 'ESTADO-SDV-P', 'ESTADO-W1', 'ESTADO-W2', 'ESTADO-XO', 'P-JUS-BS', 'P-JUS-CKGL', 'P-JUS-CKP', 'P-MON-CKGL', 'P-MON-CKP', 'P-MON-SDV-P', 'PT-P', 'QBS', 'QGL', 'T-JUS-CKP', 'T-MON-CKP', 'T-PDG']",0
dataset/0/WELL-00002_20170404070045.parquet,WELL-00002_20170404070045.parquet,0,REAL,WELL-00002,21556,1.0,21555.0,3600,3600,-1,0,21556,False,{'0': 17956},23,"['ABER-CKGL', 'ABER-CKP', 'ESTADO-DHSV', 'ESTADO-M1', 'ESTADO-M2', 'ESTADO-PXO', 'ESTADO-SDV-GL', 'ESTADO-SDV-P', 'ESTADO-W1', 'ESTADO-W2', 'ESTADO-XO', 'P-JUS-BS', 'P-JUS-CKGL', 'P-JUS-CKP', 'P-MON-CKGL', 'P-MON-CKP', 'P-MON-SDV-P', 'PT-P', 'QBS', 'QGL', 'T-JUS-CKP', 'T-MON-CKP', 'T-PDG']",0
dataset/0/WELL-00002_20170404120000.parquet,WELL-00002_20170404120000.parquet,0,REAL,WELL-00002,21521,1.0,21520.0,3600,3600,-1,0,21521,False,{'0': 17921},23,"['ABER-CKGL', 'ABER-CKP', 'ESTADO-DHSV', 'ESTADO-M1', 'ESTADO-M2', 'ESTADO-PXO', 'ESTADO-SDV-GL', 'ESTADO-SDV-P', 'ESTADO-W1', 'ESTADO-W2', 'ESTADO-XO', 'P-JUS-BS', 'P-JUS-CKGL', 'P-JUS-CKP', 'P-MON-CKGL', 'P-MON-CKP', 'P-MON-SDV-P', 'PT-P', 'QBS', 'QGL', 'T-JUS-CKP', 'T-MON-CKP', 'T-PDG']",0
dataset/0/WELL-00002_20170404170000.parquet,WELL-00002_20170404170000.parquet,0,REAL,WELL-00002,21532,1.0,21531.0,3600,3600,-1,0,21532,False,{'0': 17932},23,"['ABER-CKGL', 'ABER-CKP', 'ESTADO-DHSV', 'ESTADO-M1', 'ESTADO-M2', 'ESTADO-PXO', 'ESTADO-SDV-GL', 'ESTADO-SDV-P', 'ESTADO-W1', 'ESTADO-W2', 'ESTADO-XO', 'P-JUS-BS', 'P-JUS-CKGL', 'P-JUS-CKP', 'P-MON-CKGL', 'P-MON-CKP', 'P-MON-SDV-P', 'PT-P', 'QBS', 'QGL', 'T-JUS-CKP', 'T-MON-CKP', 'T-PDG']",0
dataset/0/WELL-00002_20170404220000.parquet,WELL-00002_20170404220000.parquet,0,REAL,WELL-00002,21463,1.0,21462.0,3600,3600,-1,0,21463,False,{'0': 17863},23,"['ABER-CKGL', 'ABER-CKP', 'ESTADO-DHSV', 'ESTADO-M1', 'ESTADO-M2', 'ESTADO-PXO', 'ESTADO-SDV-GL', 'ESTADO-SDV-P', 'ESTADO-W1', 'ESTADO-W2', 'ESTADO-XO', 'P-JUS-BS', 'P-JUS-CKGL', 'P-JUS-CKP', 'P-MON-CKGL', 'P-MON-CKP', 'P-MON-SDV-P', 'PT-P', 'QBS', 'QGL', 'T-JUS-CKP', 'T-MON-CKP', 'T-PDG']",0
dataset/0/WELL-00002_20170405030000.parquet,WELL-00002_20170405030000.parquet,0,REAL,WELL-00002,21566,1.0,21565.0,3600,3600,-1,0,21566,False,{'0': 17966},23,"['ABER-CKGL', 'ABER-CKP', 'ESTADO-DHSV', 'ESTADO-M1', 'ESTADO-M2', 'ESTADO-PXO', 'ESTADO-SDV-GL', 'ESTADO-SDV-P', 'ESTADO-W1', 'ESTADO-W2', 'ESTADO-XO', 'P-JUS-BS', 'P-JUS-CKGL', 'P-JUS-CKP', 'P-MON-CKGL', 'P-MON-CKP', 'P-MON-SDV-P', 'PT-P', 'QBS', 'QGL', 'T-JUS-CKP', 'T-MON-CKP', 'T-PDG']",0
dataset/0/WELL-00002_20170405080000.parquet,WELL-00002_20170405080000.parquet,0,REAL,WELL-00002,21555,1.0,21554.0,3600,3600,-1,0,21555,False,{'0': 17955},23,"['ABER-CKGL', 'ABER-CKP', 'ESTADO-DHSV', 'ESTADO-M1', 'ESTADO-M2', 'ESTADO-PXO', 'ESTADO-SDV-GL', 'ESTADO-SDV-P', 'ESTADO-W1', 'ESTADO-W2', 'ESTADO-XO', 'P-JUS-BS', 'P-JUS-CKGL', 'P-JUS-CKP', 'P-MON-CKGL', 'P-MON-CKP', 'P-MON-SDV-P', 'PT-P', 'QBS', 'QGL', 'T-JUS-CKP', 'T-MON-CKP', 'T-PDG']",0
dataset/0/WELL-00002_20170405130000.parquet,WELL-00002_20170405130000.parquet,0,REAL,WELL-00002,21372,1.0,21371.0,3600,3600,-1,0,21372,False,{'0': 17772},23,"['ABER-CKGL', 'ABER-CKP', 'ESTADO-DHSV', 'ESTADO-M1', 'ESTADO-M2', 'ESTADO-PXO', 'ESTADO-SDV-GL', 'ESTADO-SDV-P', 'ESTADO-W1', 'ESTADO-W2', 'ESTADO-XO', 'P-JUS-BS', 'P-JUS-CKGL', 'P-JUS-CKP', 'P-MON-CKGL', 'P-MON-CKP', 'P-MON-SDV-P', 'PT-P', 'QBS', 'QGL', 'T-JUS-CKP', 'T-MON-CKP', 'T-PDG']",0
dataset/0/WELL-00002_20170405180000.parquet,WELL-00002_20170405180000.parquet,0,REAL,WELL-00002,21566,1.0,21565.0,3600,3600,-1,0,21566,False,{'0': 17966},23,"['ABER-CKGL', 'ABER-CKP', 'ESTADO-DHSV', 'ESTADO-M1', 'ESTADO-M2', 'ESTADO-PXO', 'ESTADO-SDV-GL', 'ESTADO-SDV-P', 'ESTADO-W1', 'ESTADO-W2', 'ESTADO-XO', 'P-JUS-BS', 'P-JUS-CKGL', 'P-JUS-CKP', 'P-MON-CKGL', 'P-MON-CKP', 'P-MON-SDV-P', 'PT-P', 'QBS', 'QGL', 'T-JUS-CKP', 'T-MON-CKP', 'T-PDG']",0
dataset/0/WELL-00002_20170405230000.parquet,WELL-00002_20170405230000.parquet,0,REAL,WELL-00002,21372,1.0,21371.0,3600,3600,-1,0,21372,False,{'0': 17772},23,"['ABER-CKGL', 'ABER-CKP', 'ESTADO-DHSV', 'ESTADO-M1', 'ESTADO-M2', 'ESTADO-PXO', 'ESTADO-SDV-GL', 'ESTADO-SDV-P', 'ESTADO-W1', 'ESTADO-W2', 'ESTADO-XO', 'P-JUS-BS', 'P-JUS-CKGL', 'P-JUS-CKP', 'P-MON-CKGL', 'P-MON-CKP', 'P-MON-SDV-P', 'PT-P', 'QBS', 'QGL', 'T-JUS-CKP', 'T-MON-CKP', 'T-PDG']",0
dataset/0/WELL-00002_20170406040000.parquet,WELL-00002_20170406040000.parquet,0,REAL,WELL-00002,21315,1.0,21314.0,3600,3600,-1,0,21315,False,{'0': 17715},23,"['ABER-CKGL', 'ABER-CKP', 'ESTADO-DHSV', 'ESTADO-M1', 'ESTADO-M2', 'ESTADO-PXO', 'ESTADO-SDV-GL', 'ESTADO-SDV-P', 'ESTADO-W1', 'ESTADO-W2', 'ESTADO-XO', 'P-JUS-BS', 'P-JUS-CKGL', 'P-JUS-CKP', 'P-MON-CKGL', 'P-MON-CKP', 'P-MON-SDV-P', 'PT-P', 'QBS', 'QGL', 'T-JUS-CKP', 'T-MON-CKP', 'T-PDG']",0
dataset/0/WELL-00002_20170406090000.parquet,WELL-00002_20170406090000.parquet,0,REAL,WELL-00002,21235,1.0,21234.0,3600,3600,-1,0,21235,False,{'0': 17635},23,"['ABER-CKGL', 'ABER-CKP', 'ESTADO-DHSV', 'ESTADO-M1', 'ESTADO-M2', 'ESTADO-PXO', 'ESTADO-SDV-GL', 'ESTADO-SDV-P', 'ESTADO-W1', 'ESTADO-W2', 'ESTADO-XO', 'P-JUS-BS', 'P-JUS-CKGL', 'P-JUS-CKP', 'P-MON-CKGL', 'P-MON-CKP', 'P-MON-SDV-P', 'PT-P', 'QBS', 'QGL', 'T-JUS-CKP', 'T-MON-CKP', 'T-PDG']",0
dataset/0/WELL-00002_20170406140000.parquet,WELL-00002_20170406140000.parquet,0,REAL,WELL-00002,21566,1.0,21565.0,3600,3600,-1,0,21566,False,{'0': 17966},23,"['ABER-CKGL', 'ABER-CKP', 'ESTADO-DHSV', 'ESTADO-M1', 'ESTADO-M2', 'ESTADO-PXO', 'ESTADO-SDV-GL', 'ESTADO-SDV-P', 'ESTADO-W1', 'ESTADO-W2', 'ESTADO-XO', 'P-JUS-BS', 'P-JUS-CKGL', 'P-JUS-CKP', 'P-MON-CKGL', 'P-MON-CKP', 'P-MON-SDV-P', 'PT-P', 'QBS', 'QGL', 'T-JUS-CKP', 'T-MON-CKP', 'T-PDG']",0
dataset/0/WELL-00002_20170406190000.parquet,WELL-00002_20170406190000.parquet,0,REAL,WELL-00002,21578,1.0,21577.0,3600,3600,-1,0,21578,False,{'0': 17978},23,"['ABER-CKGL', 'ABER-CKP', 'ESTADO-DHSV', 'ESTADO-M1', 'ESTADO-M2', 'ESTADO-PXO', 'ESTADO-SDV-GL', 'ESTADO-SDV-P', 'ESTADO-W1', 'ESTADO-W2', 'ESTADO-XO', 'P-JUS-BS', 'P-JUS-CKGL', 'P-JUS-CKP', 'P-MON-CKGL', 'P-MON-CKP', 'P-MON-SDV-P', 'PT-P', 'QBS', 'QGL', 'T-JUS-CKP', 'T-MON-CKP', 'T-PDG']",0
dataset/0/WELL-00002_20170610230108.parquet,WELL-00002_20170610230108.parquet,0,REAL,WELL-00002,21441,1.0,21440.0,3600,3600,-1,0,21441,False,{'0': 17841},23,"['ABER-CKGL', 'ABER-CKP', 'ESTADO-DHSV', 'ESTADO-M1', 'ESTADO-M2', 'ESTADO-PXO', 'ESTADO-SDV-GL', 'ESTADO-SDV-P', 'ESTADO-W1', 'ESTADO-W2', 'ESTADO-XO', 'P-JUS-BS', 'P-JUS-CKGL', 'P-JUS-CKP', 'P-MON-CKGL', 'P-MON-CKP', 'P-MON-SDV-P', 'PT-P', 'QBS', 'QGL', 'T-JUS-CKP', 'T-MON-CKP', 'T-PDG']",0
dataset/0/WELL-00002_20170611040011.parquet,WELL-00002_20170611040011.parquet,0,REAL,WELL-00002,21475,1.0,21474.0,3600,3600,-1,0,21475,False,{'0': 17875},23,"['ABER-CKGL', 'ABER-CKP', 'ESTADO-DHSV', 'ESTADO-M1', 'ESTADO-M2', 'ESTADO-PXO', 'ESTADO-SDV-GL', 'ESTADO-SDV-P', 'ESTADO-W1', 'ESTADO-W2', 'ESTADO-XO', 'P-JUS-BS', 'P-JUS-CKGL', 'P-JUS-CKP', 'P-MON-CKGL', 'P-MON-CKP', 'P-MON-SDV-P', 'PT-P', 'QBS', 'QGL', 'T-JUS-CKP', 'T-MON-CKP', 'T-PDG']",0
dataset/0/WELL-00002_20170611090000.parquet,WELL-00002_20170611090000.parquet,0,REAL,WELL-00002,21486,1.0,21485.0,3600,3600,-1,0,21486,False,{'0': 17886},23,"['ABER-CKGL', 'ABER-CKP', 'ESTADO-DHSV', 'ESTADO-M1', 'ESTADO-M2', 'ESTADO-PXO', 'ESTADO-SDV-GL', 'ESTADO-SDV-P', 'ESTADO-W1', 'ESTADO-W2', 'ESTADO-XO', 'P-JUS-BS', 'P-JUS-CKGL', 'P-JUS-CKP', 'P-MON-CKGL', 'P-MON-CKP', 'P-MON-SDV-P', 'PT-P', 'QBS', 'QGL', 'T-JUS-CKP', 'T-MON-CKP', 'T-PDG']",0
dataset/0/WELL-00002_20170611140000.parquet,WELL-00002_20170611140000.parquet,0,REAL,WELL-00002,21475,1.0,21474.0,3600,3600,-1,0,21475,False,{'0': 17875},23,"['ABER-CKGL', 'ABER-CKP', 'ESTADO-DHSV', 'ESTADO-M1', 'ESTADO-M2', 'ESTADO-PXO', 'ESTADO-SDV-GL', 'ESTADO-SDV-P', 'ESTADO-W1', 'ESTADO-W2', 'ESTADO-XO', 'P-JUS-BS', 'P-JUS-CKGL', 'P-JUS-CKP', 'P-MON-CKGL', 'P-MON-CKP', 'P-MON-SDV-P', 'PT-P', 'QBS', 'QGL', 'T-JUS-CKP', 'T-MON-CKP', 'T-PDG']",0
dataset/0/WELL-00002_20170611190000.parquet,WELL-00002_20170611190000.parquet,0,REAL,WELL-00002,21566,1.0,21565.0,3600,3600,-1,0,21566,False,{'0': 17966},23,"['ABER-CKGL', 'ABER-CKP', 'ESTADO-DHSV', 'ESTADO-M1', 'ESTADO-M2', 'ESTADO-PXO', 'ESTADO-SDV-GL', 'ESTADO-SDV-P', 'ESTADO-W1', 'ESTADO-W2', 'ESTADO-XO', 'P-JUS-BS', 'P-JUS-CKGL', 'P-JUS-CKP', 'P-MON-CKGL', 'P-MON-CKP', 'P-MON-SDV-P', 'PT-P', 'QBS', 'QGL', 'T-JUS-CKP', 'T-MON-CKP', 'T-PDG']",0
dataset/0/WELL-00002_20170612000000.parquet,WELL-00002_20170612000000.parquet,0,REAL,WELL-00002,21543,1.0,21542.0,3600,3600,-1,0,21543,False,{'0': 17943},23,"['ABER-CKGL', 'ABER-CKP', 'ESTADO-DHSV', 'ESTADO-M1', 'ESTADO-M2', 'ESTADO-PXO', 'ESTADO-SDV-GL', 'ESTADO-SDV-P', 'ESTADO-W1', 'ESTADO-W2', 'ESTADO-XO', 'P-JUS-BS', 'P-JUS-CKGL', 'P-JUS-CKP', 'P-MON-CKGL', 'P-MON-CKP', 'P-MON-SDV-P', 'PT-P', 'QBS', 'QGL', 'T-JUS-CKP', 'T-MON-CKP', 'T-PDG']",0
dataset/0/WELL-00002_20170612050057.parquet,WELL-00002_20170612050057.parquet,0,REAL,WELL-00002,21441,1.0,21440.0,3600,3600,-1,0,21441,False,{'0': 17841},23,"['ABER-CKGL', 'ABER-CKP', 'ESTADO-DHSV', 'ESTADO-M1', 'ESTADO-M2', 'ESTADO-PXO', 'ESTADO-SDV-GL', 'ESTADO-SDV-P', 'ESTADO-W1', 'ESTADO-W2', 'ESTADO-XO', 'P-JUS-BS', 'P-JUS-CKGL', 'P-JUS-CKP', 'P-MON-CKGL', 'P-MON-CKP', 'P-MON-SDV-P', 'PT-P', 'QBS', 'QGL', 'T-JUS-CKP', 'T-MON-CKP', 'T-PDG']",0
dataset/0/WELL-00002_20170612100022.parquet,WELL-00002_20170612100022.parquet,0,REAL,WELL-00002,21521,1.0,21520.0,3600,3600,-1,0,21521,False,{'0': 17921},23,"['ABER-CKGL', 'ABER-CKP', 'ESTADO-DHSV', 'ESTADO-M1', 'ESTADO-M2', 'ESTADO-PXO', 'ESTADO-SDV-GL', 'ESTADO-SDV-P', 'ESTADO-W1', 'ESTADO-W2', 'ESTADO-XO', 'P-JUS-BS', 'P-JUS-CKGL', 'P-JUS-CKP', 'P-MON-CKGL', 'P-MON-CKP', 'P-MON-SDV-P', 'PT-P', 'QBS', 'QGL', 'T-JUS-CKP', 'T-MON-CKP', 'T-PDG']",0
dataset/0/WELL-00002_20170612150022.parquet,WELL-00002_20170612150022.parquet,0,REAL,WELL-00002,21579,1.0,21578.0,3600,3600,-1,0,21579,False,{'0': 17979},23,"['ABER-CKGL', 'ABER-CKP', 'ESTADO-DHSV', 'ESTADO-M1', 'ESTADO-M2', 'ESTADO-PXO', 'ESTADO-SDV-GL', 'ESTADO-SDV-P', 'ESTADO-W1', 'ESTADO-W2', 'ESTADO-XO', 'P-JUS-BS', 'P-JUS-CKGL', 'P-JUS-CKP', 'P-MON-CKGL', 'P-MON-CKP', 'P-MON-SDV-P', 'PT-P', 'QBS', 'QGL', 'T-JUS-CKP', 'T-MON-CKP', 'T-PDG']",0
dataset/0/WELL-00002_20170612200000.parquet,WELL-00002_20170612200000.parquet,0,REAL,WELL-00002,21532,1.0,21531.0,3600,3600,-1,0,21532,False,{'0': 17932},23,"['ABER-CKGL', 'ABER-CKP', 'ESTADO-DHSV', 'ESTADO-M1', 'ESTADO-M2', 'ESTADO-PXO', 'ESTADO-SDV-GL', 'ESTADO-SDV-P', 'ESTADO-W1', 'ESTADO-W2', 'ESTADO-XO', 'P-JUS-BS', 'P-JUS-CKGL', 'P-JUS-CKP', 'P-MON-CKGL', 'P-MON-CKP', 'P-MON-SDV-P', 'PT-P', 'QBS', 'QGL', 'T-JUS-CKP', 'T-MON-CKP', 'T-PDG']",0
dataset/0/WELL-00002_20170613010022.parquet,WELL-00002_20170613010022.parquet,0,REAL,WELL-00002,21521,1.0,21520.0,3600,3600,-1,0,21521,False,{'0': 17921},23,"['ABER-CKGL', 'ABER-CKP', 'ESTADO-DHSV', 'ESTADO-M1', 'ESTADO-M2', 'ESTADO-PXO', 'ESTADO-SDV-GL', 'ESTADO-SDV-P', 'ESTADO-W1', 'ESTADO-W2', 'ESTADO-XO', 'P-JUS-BS', 'P-JUS-CKGL', 'P-JUS-CKP', 'P-MON-CKGL', 'P-MON-CKP', 'P-MON-SDV-P', 'PT-P', 'QBS', 'QGL', 'T-JUS-CKP', 'T-MON-CKP', 'T-PDG']",0
dataset/0/WELL-00002_20170613060011.parquet,WELL-00002_20170613060011.parquet,0,REAL,WELL-00002,21441,1.0,21440.0,3600,3600,-1,0,21441,False,{'0': 17841},23,"['ABER-CKGL', 'ABER-CKP', 'ESTADO-DHSV', 'ESTADO-M1', 'ESTADO-M2', 'ESTADO-PXO', 'ESTADO-SDV-GL', 'ESTADO-SDV-P', 'ESTADO-W1', 'ESTADO-W2', 'ESTADO-XO', 'P-JUS-BS', 'P-JUS-CKGL', 'P-JUS-CKP', 'P-MON-CKGL', 'P-MON-CKP', 'P-MON-SDV-P', 'PT-P', 'QBS', 'QGL', 'T-JUS-CKP', 'T-MON-CKP', 'T-PDG']",0
dataset/0/WELL-00002_20170613110000.parquet,WELL-00002_20170613110000.parquet,0,REAL,WELL-00002,21532,1.0,21531.0,3600,3600,-1,0,21532,False,{'0': 17932},23,"['ABER-CKGL', 'ABER-CKP', 'ESTADO-DHSV', 'ESTADO-M1', 'ESTADO-M2', 'ESTADO-PXO', 'ESTADO-SDV-GL', 'ESTADO-SDV-P', 'ESTADO-W1', 'ESTADO-W2', 'ESTADO-XO', 'P-JUS-BS', 'P-JUS-CKGL', 'P-JUS-CKP', 'P-MON-CKGL', 'P-MON-CKP', 'P-MON-SDV-P', 'PT-P', 'QBS', 'QGL', 'T-JUS-CKP', 'T-MON-CKP', 'T-PDG']",0
dataset/0/WELL-00002_20170613160000.parquet,WELL-00002_20170613160000.parquet,0,REAL,WELL-00002,21532,1.0,21531.0,3600,3600,-1,0,21532,False,{'0': 17932},23,"['ABER-CKGL', 'ABER-CKP', 'ESTADO-DHSV', 'ESTADO-M1', 'ESTADO-M2', 'ESTADO-PXO', 'ESTADO-SDV-GL', 'ESTADO-SDV-P', 'ESTADO-W1', 'ESTADO-W2', 'ESTADO-XO', 'P-JUS-BS', 'P-JUS-CKGL', 'P-JUS-CKP', 'P-MON-CKGL', 'P-MON-CKP', 'P-MON-SDV-P', 'PT-P', 'QBS', 'QGL', 'T-JUS-CKP', 'T-MON-CKP', 'T-PDG']",0
dataset/0/WELL-00002_20170613210000.parquet,WELL-00002_20170613210000.parquet,0,REAL,WELL-00002,21429,1.0,21428.0,3600,3600,-1,0,21429,False,{'0': 17829},23,"['ABER-CKGL', 'ABER-CKP', 'ESTADO-DHSV', 'ESTADO-M1', 'ESTADO-M2', 'ESTADO-PXO', 'ESTADO-SDV-GL', 'ESTADO-SDV-P', 'ESTADO-W1', 'ESTADO-W2', 'ESTADO-XO', 'P-JUS-BS', 'P-JUS-CKGL', 'P-JUS-CKP', 'P-MON-CKGL', 'P-MON-CKP', 'P-MON-SDV-P', 'PT-P', 'QBS', 'QGL', 'T-JUS-CKP', 'T-MON-CKP', 'T-PDG']",0
dataset/0/WELL-00002_20170614020000.parquet,WELL-00002_20170614020000.parquet,0,REAL,WELL-00002,21530,1.0,21529.0,3600,3600,-1,0,21530,False,{'0': 17930},23,"['ABER-CKGL', 'ABER-CKP', 'ESTADO-DHSV', 'ESTADO-M1', 'ESTADO-M2', 'ESTADO-PXO', 'ESTADO-SDV-GL', 'ESTADO-SDV-P', 'ESTADO-W1', 'ESTADO-W2', 'ESTADO-XO', 'P-JUS-BS', 'P-JUS-CKGL', 'P-JUS-CKP', 'P-MON-CKGL', 'P-MON-CKP', 'P-MON-SDV-P', 'PT-P', 'QBS', 'QGL', 'T-JUS-CKP', 'T-MON-CKP', 'T-PDG']",0
dataset/0/WELL-00002_20170614070057.parquet,WELL-00002_20170614070057.parquet,0,REAL,WELL-00002,21532,1.0,21531.0,3600,3600,-1,0,21532,False,{'0': 17932},23,"['ABER-CKGL', 'ABER-CKP', 'ESTADO-DHSV', 'ESTADO-M1', 'ESTADO-M2', 'ESTADO-PXO', 'ESTADO-SDV-GL', 'ESTADO-SDV-P', 'ESTADO-W1', 'ESTADO-W2', 'ESTADO-XO', 'P-JUS-BS', 'P-JUS-CKGL', 'P-JUS-CKP', 'P-MON-CKGL', 'P-MON-CKP', 'P-MON-SDV-P', 'PT-P', 'QBS', 'QGL', 'T-JUS-CKP', 'T-MON-CKP', 'T-PDG']",0
dataset/0/WELL-00002_20170614120000.parquet,WELL-00002_20170614120000.parquet,0,REAL,WELL-00002,21483,1.0,21482.0,3600,3600,-1,0,21483,False,{'0': 17883},23,"['ABER-CKGL', 'ABER-CKP', 'ESTADO-DHSV', 'ESTADO-M1', 'ESTADO-M2', 'ESTADO-PXO', 'ESTADO-SDV-GL', 'ESTADO-SDV-P', 'ESTADO-W1', 'ESTADO-W2', 'ESTADO-XO', 'P-JUS-BS', 'P-JUS-CKGL', 'P-JUS-CKP', 'P-MON-CKGL', 'P-MON-CKP', 'P-MON-SDV-P', 'PT-P', 'QBS', 'QGL', 'T-JUS-CKP', 'T-MON-CKP', 'T-PDG']",4
dataset/0/WELL-00002_20170614170000.parquet,WELL-00002_20170614170000.parquet,0,REAL,WELL-00002,21486,1.0,21485.0,3600,3600,-1,0,21486,False,{'0': 17886},23,"['ABER-CKGL', 'ABER-CKP', 'ESTADO-DHSV', 'ESTADO-M1', 'ESTADO-M2', 'ESTADO-PXO', 'ESTADO-SDV-GL', 'ESTADO-SDV-P', 'ESTADO-W1', 'ESTADO-W2', 'ESTADO-XO', 'P-JUS-BS', 'P-JUS-CKGL', 'P-JUS-CKP', 'P-MON-CKGL', 'P-MON-CKP', 'P-MON-SDV-P', 'PT-P', 'QBS', 'QGL', 'T-JUS-CKP', 'T-MON-CKP', 'T-PDG']",0
dataset/0/WELL-00002_20170614220200.parquet,WELL-00002_20170614220200.parquet,0,REAL,WELL-00002,21481,1.0,21480.0,3600,3600,-1,0,21481,False,{'0': 17881},23,"['ABER-CKGL', 'ABER-CKP', 'ESTADO-DHSV', 'ESTADO-M1', 'ESTADO-M2', 'ESTADO-PXO', 'ESTADO-SDV-GL', 'ESTADO-SDV-P', 'ESTADO-W1', 'ESTADO-W2', 'ESTADO-XO', 'P-JUS-BS', 'P-JUS-CKGL', 'P-JUS-CKP', 'P-MON-CKGL', 'P-MON-CKP', 'P-MON-SDV-P', 'PT-P', 'QBS', 'QGL', 'T-JUS-CKP', 'T-MON-CKP', 'T-PDG']",0
dataset/0/WELL-00002_20170615030032.parquet,WELL-00002_20170615030032.parquet,0,REAL,WELL-00002,21569,1.0,21568.0,3600,3600,-1,0,21569,False,{'0': 17969},23,"['ABER-CKGL', 'ABER-CKP', 'ESTADO-DHSV', 'ESTADO-M1', 'ESTADO-M2', 'ESTADO-PXO', 'ESTADO-SDV-GL', 'ESTADO-SDV-P', 'ESTADO-W1', 'ESTADO-W2', 'ESTADO-XO', 'P-JUS-BS', 'P-JUS-CKGL', 'P-JUS-CKP', 'P-MON-CKGL', 'P-MON-CKP', 'P-MON-SDV-P', 'PT-P', 'QBS', 'QGL', 'T-JUS-CKP', 'T-MON-CKP', 'T-PDG']",0
dataset/0/WELL-00002_20170615080400.parquet,WELL-00002_20170615080400.parquet,0,REAL,WELL-00002,21361,1.0,21360.0,3600,3600,-1,0,21361,False,{'0': 17761},23,"['ABER-CKGL', 'ABER-CKP', 'ESTADO-DHSV', 'ESTADO-M1', 'ESTADO-M2', 'ESTADO-PXO', 'ESTADO-SDV-GL', 'ESTADO-SDV-P', 'ESTADO-W1', 'ESTADO-W2', 'ESTADO-XO', 'P-JUS-BS', 'P-JUS-CKGL', 'P-JUS-CKP', 'P-MON-CKGL', 'P-MON-CKP', 'P-MON-SDV-P', 'PT-P', 'QBS', 'QGL', 'T-JUS-CKP', 'T-MON-CKP', 'T-PDG']",0
dataset/0/WELL-00002_20170615130021.parquet,WELL-00002_20170615130021.parquet,0,REAL,WELL-00002,21580,1.0,21579.0,3600,3600,-1,0,21580,False,{'0': 17980},23,"['ABER-CKGL', 'ABER-CKP', 'ESTADO-DHSV', 'ESTADO-M1', 'ESTADO-M2', 'ESTADO-PXO', 'ESTADO-SDV-GL', 'ESTADO-SDV-P', 'ESTADO-W1', 'ESTADO-W2', 'ESTADO-XO', 'P-JUS-BS', 'P-JUS-CKGL', 'P-JUS-CKP', 'P-MON-CKGL', 'P-MON-CKP', 'P-MON-SDV-P', 'PT-P', 'QBS', 'QGL', 'T-JUS-CKP', 'T-MON-CKP', 'T-PDG']",0
dataset/0/WELL-00002_20170615180127.parquet,WELL-00002_20170615180127.parquet,0,REAL,WELL-00002,21514,1.0,21513.0,3600,3600,-1,0,21514,False,{'0': 17914},23,"['ABER-CKGL', 'ABER-CKP', 'ESTADO-DHSV', 'ESTADO-M1', 'ESTADO-M2', 'ESTADO-PXO', 'ESTADO-SDV-GL', 'ESTADO-SDV-P', 'ESTADO-W1', 'ESTADO-W2', 'ESTADO-XO', 'P-JUS-BS', 'P-JUS-CKGL', 'P-JUS-CKP', 'P-MON-CKGL', 'P-MON-CKP', 'P-MON-SDV-P', 'PT-P', 'QBS', 'QGL', 'T-JUS-CKP', 'T-MON-CKP', 'T-PDG']",0
dataset/0/WELL-00002_20170615230149.parquet,WELL-00002_20170615230149.parquet,0,REAL,WELL-00002,21492,1.0,21491.0,3600,3600,-1,0,21492,False,{'0': 17892},23,"['ABER-CKGL', 'ABER-CKP', 'ESTADO-DHSV', 'ESTADO-M1', 'ESTADO-M2', 'ESTADO-PXO', 'ESTADO-SDV-GL', 'ESTADO-SDV-P', 'ESTADO-W1', 'ESTADO-W2', 'ESTADO-XO', 'P-JUS-BS', 'P-JUS-CKGL', 'P-JUS-CKP', 'P-MON-CKGL', 'P-MON-CKP', 'P-MON-SDV-P', 'PT-P', 'QBS', 'QGL', 'T-JUS-CKP', 'T-MON-CKP', 'T-PDG']",0
dataset/0/WELL-00002_20170616040043.parquet,WELL-00002_20170616040043.parquet,0,REAL,WELL-00002,21558,1.0,21557.0,3600,3600,-1,0,21558,False,{'0': 17958},23,"['ABER-CKGL', 'ABER-CKP', 'ESTADO-DHSV', 'ESTADO-M1', 'ESTADO-M2', 'ESTADO-PXO', 'ESTADO-SDV-GL', 'ESTADO-SDV-P', 'ESTADO-W1', 'ESTADO-W2', 'ESTADO-XO', 'P-JUS-BS', 'P-JUS-CKGL', 'P-JUS-CKP', 'P-MON-CKGL', 'P-MON-CKP', 'P-MON-SDV-P', 'PT-P', 'QBS', 'QGL', 'T-JUS-CKP', 'T-MON-CKP', 'T-PDG']",0
dataset/0/WELL-00002_20170616090516.parquet,WELL-00002_20170616090516.parquet,0,REAL,WELL-00002,21285,1.0,21284.0,3600,3600,-1,0,21285,False,{'0': 17685},23,"['ABER-CKGL', 'ABER-CKP', 'ESTADO-DHSV', 'ESTADO-M1', 'ESTADO-M2', 'ESTADO-PXO', 'ESTADO-SDV-GL', 'ESTADO-SDV-P', 'ESTADO-W1', 'ESTADO-W2', 'ESTADO-XO', 'P-JUS-BS', 'P-JUS-CKGL', 'P-JUS-CKP', 'P-MON-CKGL', 'P-MON-CKP', 'P-MON-SDV-P', 'PT-P', 'QBS', 'QGL', 'T-JUS-CKP', 'T-MON-CKP', 'T-PDG']",0
dataset/0/WELL-00002_20170616140211.parquet,WELL-00002_20170616140211.parquet,0,REAL,WELL-00002,21470,1.0,21469.0,3600,3600,-1,0,21470,False,{'0': 17870},23,"['ABER-CKGL', 'ABER-CKP', 'ESTADO-DHSV', 'ESTADO-M1', 'ESTADO-M2', 'ESTADO-PXO', 'ESTADO-SDV-GL', 'ESTADO-SDV-P', 'ESTADO-W1', 'ESTADO-W2', 'ESTADO-XO', 'P-JUS-BS', 'P-JUS-CKGL', 'P-JUS-CKP', 'P-MON-CKGL', 'P-MON-CKP', 'P-MON-SDV-P', 'PT-P', 'QBS', 'QGL', 'T-JUS-CKP', 'T-MON-CKP', 'T-PDG']",0
dataset/0/WELL-00002_20170616190349.parquet,WELL-00002_20170616190349.parquet,0,REAL,WELL-00002,21372,1.0,21371.0,3600,3600,-1,0,21372,False,{'0': 17772},23,"['ABER-CKGL', 'ABER-CKP', 'ESTADO-DHSV', 'ESTADO-M1', 'ESTADO-M2', 'ESTADO-PXO', 'ESTADO-SDV-GL', 'ESTADO-SDV-P', 'ESTADO-W1', 'ESTADO-W2', 'ESTADO-XO', 'P-JUS-BS', 'P-JUS-CKGL', 'P-JUS-CKP', 'P-MON-CKGL', 'P-MON-CKP', 'P-MON-SDV-P', 'PT-P', 'QBS', 'QGL', 'T-JUS-CKP', 'T-MON-CKP', 'T-PDG']",0
dataset/0/WELL-00002_20170617000127.parquet,WELL-00002_20170617000127.parquet,0,REAL,WELL-00002,21514,1.0,21513.0,3600,3600,-1,0,21514,False,{'0': 17914},23,"['ABER-CKGL', 'ABER-CKP', 'ESTADO-DHSV', 'ESTADO-M1', 'ESTADO-M2', 'ESTADO-PXO', 'ESTADO-SDV-GL', 'ESTADO-SDV-P', 'ESTADO-W1', 'ESTADO-W2', 'ESTADO-XO', 'P-JUS-BS', 'P-JUS-CKGL', 'P-JUS-CKP', 'P-MON-CKGL', 'P-MON-CKP', 'P-MON-SDV-P', 'PT-P', 'QBS', 'QGL', 'T-JUS-CKP', 'T-MON-CKP', 'T-PDG']",0
dataset/0/WELL-00002_20170617050043.parquet,WELL-00002_20170617050043.parquet,0,REAL,WELL-00002,21558,1.0,21557.0,3600,3600,-1,0,21558,False,{'0': 17958},23,"['ABER-CKGL', 'ABER-CKP', 'ESTADO-DHSV', 'ESTADO-M1', 'ESTADO-M2', 'ESTADO-PXO', 'ESTADO-SDV-GL', 'ESTADO-SDV-P', 'ESTADO-W1', 'ESTADO-W2', 'ESTADO-XO', 'P-JUS-BS', 'P-JUS-CKGL', 'P-JUS-CKP', 'P-MON-CKGL', 'P-MON-CKP', 'P-MON-SDV-P', 'PT-P', 'QBS', 'QGL', 'T-JUS-CKP', 'T-MON-CKP', 'T-PDG']",0
dataset/0/WELL-00002_20170617100221.parquet,WELL-00002_20170617100221.parquet,0,REAL,WELL-00002,21460,1.0,21459.0,3600,3600,-1,0,21460,False,{'0': 17860},23,"['ABER-CKGL', 'ABER-CKP', 'ESTADO-DHSV', 'ESTADO-M1', 'ESTADO-M2', 'ESTADO-PXO', 'ESTADO-SDV-GL', 'ESTADO-SDV-P', 'ESTADO-W1', 'ESTADO-W2', 'ESTADO-XO', 'P-JUS-BS', 'P-JUS-CKGL', 'P-JUS-CKP', 'P-MON-CKGL', 'P-MON-CKP', 'P-MON-SDV-P', 'PT-P', 'QBS', 'QGL', 'T-JUS-CKP', 'T-MON-CKP', 'T-PDG']",0
dataset/0/WELL-00002_20170617150149.parquet,WELL-00002_20170617150149.parquet,0,REAL,WELL-00002,21492,1.0,21491.0,3600,3600,-1,0,21492,False,{'0': 17892},23,"['ABER-CKGL', 'ABER-CKP', 'ESTADO-DHSV', 'ESTADO-M1', 'ESTADO-M2', 'ESTADO-PXO', 'ESTADO-SDV-GL', 'ESTADO-SDV-P', 'ESTADO-W1', 'ESTADO-W2', 'ESTADO-XO', 'P-JUS-BS', 'P-JUS-CKGL', 'P-JUS-CKP', 'P-MON-CKGL', 'P-MON-CKP', 'P-MON-SDV-P', 'PT-P', 'QBS', 'QGL', 'T-JUS-CKP', 'T-MON-CKP', 'T-PDG']",0
dataset/0/WELL-00002_20170617210127.parquet,WELL-00002_20170617210127.parquet,0,REAL,WELL-00002,17914,1.0,17913.0,3600,3600,-1,0,17914,False,{'0': 14314},23,"['ABER-CKGL', 'ABER-CKP', 'ESTADO-DHSV', 'ESTADO-M1', 'ESTADO-M2', 'ESTADO-PXO', 'ESTADO-SDV-GL', 'ESTADO-SDV-P', 'ESTADO-W1', 'ESTADO-W2', 'ESTADO-XO', 'P-JUS-BS', 'P-JUS-CKGL', 'P-JUS-CKP', 'P-MON-CKGL', 'P-MON-CKP', 'P-MON-SDV-P', 'PT-P', 'QBS', 'QGL', 'T-JUS-CKP', 'T-MON-CKP', 'T-PDG']",0
dataset/0/WELL-00002_20170618010105.parquet,WELL-00002_20170618010105.parquet,0,REAL,WELL-00002,21536,1.0,21535.0,3600,3600,-1,0,21536,False,{'0': 17936},23,"['ABER-CKGL', 'ABER-CKP', 'ESTADO-DHSV', 'ESTADO-M1', 'ESTADO-M2', 'ESTADO-PXO', 'ESTADO-SDV-GL', 'ESTADO-SDV-P', 'ESTADO-W1', 'ESTADO-W2', 'ESTADO-XO', 'P-JUS-BS', 'P-JUS-CKGL', 'P-JUS-CKP', 'P-MON-CKGL', 'P-MON-CKP', 'P-MON-SDV-P', 'PT-P', 'QBS', 'QGL', 'T-JUS-CKP', 'T-MON-CKP', 'T-PDG']",0
dataset/0/WELL-00002_20170618060105.parquet,WELL-00002_20170618060105.parquet,0,REAL,WELL-00002,21536,1.0,21535.0,3600,3600,-1,0,21536,False,{'0': 17936},23,"['ABER-CKGL', 'ABER-CKP', 'ESTADO-DHSV', 'ESTADO-M1', 'ESTADO-M2', 'ESTADO-PXO', 'ESTADO-SDV-GL', 'ESTADO-SDV-P', 'ESTADO-W1', 'ESTADO-W2', 'ESTADO-XO', 'P-JUS-BS', 'P-JUS-CKGL', 'P-JUS-CKP', 'P-MON-CKGL', 'P-MON-CKP', 'P-MON-SDV-P', 'PT-P', 'QBS', 'QGL', 'T-JUS-CKP', 'T-MON-CKP', 'T-PDG']",0
dataset/0/WELL-00002_20170618110600.parquet,WELL-00002_20170618110600.parquet,0,REAL,WELL-00002,21241,1.0,21240.0,3600,3600,-1,0,21241,False,{'0': 17641},23,"['ABER-CKGL', 'ABER-CKP', 'ESTADO-DHSV', 'ESTADO-M1', 'ESTADO-M2', 'ESTADO-PXO', 'ESTADO-SDV-GL', 'ESTADO-SDV-P', 'ESTADO-W1', 'ESTADO-W2', 'ESTADO-XO', 'P-JUS-BS', 'P-JUS-CKGL', 'P-JUS-CKP', 'P-MON-CKGL', 'P-MON-CKP', 'P-MON-SDV-P', 'PT-P', 'QBS', 'QGL', 'T-JUS-CKP', 'T-MON-CKP', 'T-PDG']",0
dataset/0/WELL-00002_20170618160211.parquet,WELL-00002_20170618160211.parquet,0,REAL,WELL-00002,21470,1.0,21469.0,3600,3600,-1,0,21470,False,{'0': 17870},23,"['ABER-CKGL', 'ABER-CKP', 'ESTADO-DHSV', 'ESTADO-M1', 'ESTADO-M2', 'ESTADO-PXO', 'ESTADO-SDV-GL', 'ESTADO-SDV-P', 'ESTADO-W1', 'ESTADO-W2', 'ESTADO-XO', 'P-JUS-BS', 'P-JUS-CKGL', 'P-JUS-CKP', 'P-MON-CKGL', 'P-MON-CKP', 'P-MON-SDV-P', 'PT-P', 'QBS', 'QGL', 'T-JUS-CKP', 'T-MON-CKP', 'T-PDG']",0
dataset/0/WELL-00002_20170618210043.parquet,WELL-00002_20170618210043.parquet,0,REAL,WELL-00002,21558,1.0,21557.0,3600,3600,-1,0,21558,False,{'0': 17958},23,"['ABER-CKGL', 'ABER-CKP', 'ESTADO-DHSV', 'ESTADO-M1', 'ESTADO-M2', 'ESTADO-PXO', 'ESTADO-SDV-GL', 'ESTADO-SDV-P', 'ESTADO-W1', 'ESTADO-W2', 'ESTADO-XO', 'P-JUS-BS', 'P-JUS-CKGL', 'P-JUS-CKP', 'P-MON-CKGL', 'P-MON-CKP', 'P-MON-SDV-P', 'PT-P', 'QBS', 'QGL', 'T-JUS-CKP', 'T-MON-CKP', 'T-PDG']",0
dataset/0/WELL-00002_20170619020032.parquet,WELL-00002_20170619020032.parquet,0,REAL,WELL-00002,21569,1.0,21568.0,3600,3600,-1,0,21569,False,{'0': 17969},23,"['ABER-CKGL', 'ABER-CKP', 'ESTADO-DHSV', 'ESTADO-M1', 'ESTADO-M2', 'ESTADO-PXO', 'ESTADO-SDV-GL', 'ESTADO-SDV-P', 'ESTADO-W1', 'ESTADO-W2', 'ESTADO-XO', 'P-JUS-BS', 'P-JUS-CKGL', 'P-JUS-CKP', 'P-MON-CKGL', 'P-MON-CKP', 'P-MON-SDV-P', 'PT-P', 'QBS', 'QGL', 'T-JUS-CKP', 'T-MON-CKP', 'T-PDG']",0
dataset/0/WELL-00002_20170619070054.parquet,WELL-00002_20170619070054.parquet,0,REAL,WELL-00002,21547,1.0,21546.0,3600,3600,-1,0,21547,False,{'0': 17947},23,"['ABER-CKGL', 'ABER-CKP', 'ESTADO-DHSV', 'ESTADO-M1', 'ESTADO-M2', 'ESTADO-PXO', 'ESTADO-SDV-GL', 'ESTADO-SDV-P', 'ESTADO-W1', 'ESTADO-W2', 'ESTADO-XO', 'P-JUS-BS', 'P-JUS-CKGL', 'P-JUS-CKP', 'P-MON-CKGL', 'P-MON-CKP', 'P-MON-SDV-P', 'PT-P', 'QBS', 'QGL', 'T-JUS-CKP', 'T-MON-CKP', 'T-PDG']",0
dataset/0/WELL-00002_20170619120021.parquet,WELL-00002_20170619120021.parquet,0,REAL,WELL-00002,21580,1.0,21579.0,3600,3600,-1,0,21580,False,{'0': 17980},23,"['ABER-CKGL', 'ABER-CKP', 'ESTADO-DHSV', 'ESTADO-M1', 'ESTADO-M2', 'ESTADO-PXO', 'ESTADO-SDV-GL', 'ESTADO-SDV-P', 'ESTADO-W1', 'ESTADO-W2', 'ESTADO-XO', 'P-JUS-BS', 'P-JUS-CKGL', 'P-JUS-CKP', 'P-MON-CKGL', 'P-MON-CKP', 'P-MON-SDV-P', 'PT-P', 'QBS', 'QGL', 'T-JUS-CKP', 'T-MON-CKP', 'T-PDG']",0
dataset/0/WELL-00002_20170619170149.parquet,WELL-00002_20170619170149.parquet,0,REAL,WELL-00002,21492,1.0,21491.0,3600,3600,-1,0,21492,False,{'0': 17892},23,"['ABER-CKGL', 'ABER-CKP', 'ESTADO-DHSV', 'ESTADO-M1', 'ESTADO-M2', 'ESTADO-PXO', 'ESTADO-SDV-GL', 'ESTADO-SDV-P', 'ESTADO-W1', 'ESTADO-W2', 'ESTADO-XO', 'P-JUS-BS', 'P-JUS-CKGL', 'P-JUS-CKP', 'P-MON-CKGL', 'P-MON-CKP', 'P-MON-SDV-P', 'PT-P', 'QBS', 'QGL', 'T-JUS-CKP', 'T-MON-CKP', 'T-PDG']",0
dataset/0/WELL-00002_20170619220043.parquet,WELL-00002_20170619220043.parquet,0,REAL,WELL-00002,21558,1.0,21557.0,3600,3600,-1,0,21558,False,{'0': 17958},23,"['ABER-CKGL', 'ABER-CKP', 'ESTADO-DHSV', 'ESTADO-M1', 'ESTADO-M2', 'ESTADO-PXO', 'ESTADO-SDV-GL', 'ESTADO-SDV-P', 'ESTADO-W1', 'ESTADO-W2', 'ESTADO-XO', 'P-JUS-BS', 'P-JUS-CKGL', 'P-JUS-CKP', 'P-MON-CKGL', 'P-MON-CKP', 'P-MON-SDV-P', 'PT-P', 'QBS', 'QGL', 'T-JUS-CKP', 'T-MON-CKP', 'T-PDG']",0
dataset/0/WELL-00002_20170620030505.parquet,WELL-00002_20170620030505.parquet,0,REAL,WELL-00002,21296,1.0,21295.0,3600,3600,-1,0,21296,False,{'0': 17696},23,"['ABER-CKGL', 'ABER-CKP', 'ESTADO-DHSV', 'ESTADO-M1', 'ESTADO-M2', 'ESTADO-PXO', 'ESTADO-SDV-GL', 'ESTADO-SDV-P', 'ESTADO-W1', 'ESTADO-W2', 'ESTADO-XO', 'P-JUS-BS', 'P-JUS-CKGL', 'P-JUS-CKP', 'P-MON-CKGL', 'P-MON-CKP', 'P-MON-SDV-P', 'PT-P', 'QBS', 'QGL', 'T-JUS-CKP', 'T-MON-CKP', 'T-PDG']",0
dataset/0/WELL-00002_20170620080254.parquet,WELL-00002_20170620080254.parquet,0,REAL,WELL-00002,21427,1.0,21426.0,3600,3600,-1,0,21427,False,{'0': 17827},23,"['ABER-CKGL', 'ABER-CKP', 'ESTADO-DHSV', 'ESTADO-M1', 'ESTADO-M2', 'ESTADO-PXO', 'ESTADO-SDV-GL', 'ESTADO-SDV-P', 'ESTADO-W1', 'ESTADO-W2', 'ESTADO-XO', 'P-JUS-BS', 'P-JUS-CKGL', 'P-JUS-CKP', 'P-MON-CKGL', 'P-MON-CKP', 'P-MON-SDV-P', 'PT-P', 'QBS', 'QGL', 'T-JUS-CKP', 'T-MON-CKP', 'T-PDG']",0
dataset/0/WELL-00002_20170620130116.parquet,WELL-00002_20170620130116.parquet,0,REAL,WELL-00002,21525,1.0,21524.0,3600,3600,-1,0,21525,False,{'0': 17925},23,"['ABER-CKGL', 'ABER-CKP', 'ESTADO-DHSV', 'ESTADO-M1', 'ESTADO-M2', 'ESTADO-PXO', 'ESTADO-SDV-GL', 'ESTADO-SDV-P', 'ESTADO-W1', 'ESTADO-W2', 'ESTADO-XO', 'P-JUS-BS', 'P-JUS-CKGL', 'P-JUS-CKP', 'P-MON-CKGL', 'P-MON-CKP', 'P-MON-SDV-P', 'PT-P', 'QBS', 'QGL', 'T-JUS-CKP', 'T-MON-CKP', 'T-PDG']",0
dataset/0/WELL-00002_20170620180211.parquet,WELL-00002_20170620180211.parquet,0,REAL,WELL-00002,17870,1.0,17869.0,3600,3600,-1,0,17870,False,{'0': 14270},23,"['ABER-CKGL', 'ABER-CKP', 'ESTADO-DHSV', 'ESTADO-M1', 'ESTADO-M2', 'ESTADO-PXO', 'ESTADO-SDV-GL', 'ESTADO-SDV-P', 'ESTADO-W1', 'ESTADO-W2', 'ESTADO-XO', 'P-JUS-BS', 'P-JUS-CKGL', 'P-JUS-CKP', 'P-MON-CKGL', 'P-MON-CKP', 'P-MON-SDV-P', 'PT-P', 'QBS', 'QGL', 'T-JUS-CKP', 'T-MON-CKP', 'T-PDG']",0
dataset/0/WELL-00002_20170620220109.parquet,WELL-00002_20170620220109.parquet,0,REAL,WELL-00002,17932,1.0,17931.0,3600,3600,-1,0,17932,False,{'0': 14332},23,"['ABER-CKGL', 'ABER-CKP', 'ESTADO-DHSV', 'ESTADO-M1', 'ESTADO-M2', 'ESTADO-PXO', 'ESTADO-SDV-GL', 'ESTADO-SDV-P', 'ESTADO-W1', 'ESTADO-W2', 'ESTADO-XO', 'P-JUS-BS', 'P-JUS-CKGL', 'P-JUS-CKP', 'P-MON-CKGL', 'P-MON-CKP', 'P-MON-SDV-P', 'PT-P', 'QBS', 'QGL', 'T-JUS-CKP', 'T-MON-CKP', 'T-PDG']",0
dataset/0/WELL-00002_20170621020054.parquet,WELL-00002_20170621020054.parquet,0,REAL,WELL-00002,21547,1.0,21546.0,3600,3600,-1,0,21547,False,{'0': 17947},23,"['ABER-CKGL', 'ABER-CKP', 'ESTADO-DHSV', 'ESTADO-M1', 'ESTADO-M2', 'ESTADO-PXO', 'ESTADO-SDV-GL', 'ESTADO-SDV-P', 'ESTADO-W1', 'ESTADO-W2', 'ESTADO-XO', 'P-JUS-BS', 'P-JUS-CKGL', 'P-JUS-CKP', 'P-MON-CKGL', 'P-MON-CKP', 'P-MON-SDV-P', 'PT-P', 'QBS', 'QGL', 'T-JUS-CKP', 'T-MON-CKP', 'T-PDG']",0
dataset/0/WELL-00002_20170621070422.parquet,WELL-00002_20170621070422.parquet,0,REAL,WELL-00002,21339,1.0,21338.0,3600,3600,-1,0,21339,False,{'0': 17739},23,"['ABER-CKGL', 'ABER-CKP', 'ESTADO-DHSV', 'ESTADO-M1', 'ESTADO-M2', 'ESTADO-PXO', 'ESTADO-SDV-GL', 'ESTADO-SDV-P', 'ESTADO-W1', 'ESTADO-W2', 'ESTADO-XO', 'P-JUS-BS', 'P-JUS-CKGL', 'P-JUS-CKP', 'P-MON-CKGL', 'P-MON-CKP', 'P-MON-SDV-P', 'PT-P', 'QBS', 'QGL', 'T-JUS-CKP', 'T-MON-CKP', 'T-PDG']",0
dataset/0/WELL-00002_20170621120116.parquet,WELL-00002_20170621120116.parquet,0,REAL,WELL-00002,21525,1.0,21524.0,3600,3600,-1,0,21525,False,{'0': 17925},23,"['ABER-CKGL', 'ABER-CKP', 'ESTADO-DHSV', 'ESTADO-M1', 'ESTADO-M2', 'ESTADO-PXO', 'ESTADO-SDV-GL', 'ESTADO-SDV-P', 'ESTADO-W1', 'ESTADO-W2', 'ESTADO-XO', 'P-JUS-BS', 'P-JUS-CKGL', 'P-JUS-CKP', 'P-MON-CKGL', 'P-MON-CKP', 'P-MON-SDV-P', 'PT-P', 'QBS', 'QGL', 'T-JUS-CKP', 'T-MON-CKP', 'T-PDG']",0
dataset/0/WELL-00002_20170621170032.parquet,WELL-00002_20170621170032.parquet,0,REAL,WELL-00002,21569,1.0,21568.0,3600,3600,-1,0,21569,False,{'0': 17969},23,"['ABER-CKGL', 'ABER-CKP', 'ESTADO-DHSV', 'ESTADO-M1', 'ESTADO-M2', 'ESTADO-PXO', 'ESTADO-SDV-GL', 'ESTADO-SDV-P', 'ESTADO-W1', 'ESTADO-W2', 'ESTADO-XO', 'P-JUS-BS', 'P-JUS-CKGL', 'P-JUS-CKP', 'P-MON-CKGL', 'P-MON-CKP', 'P-MON-SDV-P', 'PT-P', 'QBS', 'QGL', 'T-JUS-CKP', 'T-MON-CKP', 'T-PDG']",0
dataset/0/WELL-00002_20170621220054.parquet,WELL-00002_20170621220054.parquet,0,REAL,WELL-00002,21547,1.0,21546.0,3600,3600,-1,0,21547,False,{'0': 17947},23,"['ABER-CKGL', 'ABER-CKP', 'ESTADO-DHSV', 'ESTADO-M1', 'ESTADO-M2', 'ESTADO-PXO', 'ESTADO-SDV-GL', 'ESTADO-SDV-P', 'ESTADO-W1', 'ESTADO-W2', 'ESTADO-XO', 'P-JUS-BS', 'P-JUS-CKGL', 'P-JUS-CKP', 'P-MON-CKGL', 'P-MON-CKP', 'P-MON-SDV-P', 'PT-P', 'QBS', 'QGL', 'T-JUS-CKP', 'T-MON-CKP', 'T-PDG']",0
dataset/0/WELL-00002_20170622030105.parquet,WELL-00002_20170622030105.parquet,0,REAL,WELL-00002,21536,1.0,21535.0,3600,3600,-1,0,21536,False,{'0': 17936},23,"['ABER-CKGL', 'ABER-CKP', 'ESTADO-DHSV', 'ESTADO-M1', 'ESTADO-M2', 'ESTADO-PXO', 'ESTADO-SDV-GL', 'ESTADO-SDV-P', 'ESTADO-W1', 'ESTADO-W2', 'ESTADO-XO', 'P-JUS-BS', 'P-JUS-CKGL', 'P-JUS-CKP', 'P-MON-CKGL', 'P-MON-CKP', 'P-MON-SDV-P', 'PT-P', 'QBS', 'QGL', 'T-JUS-CKP', 'T-MON-CKP', 'T-PDG']",0
dataset/0/WELL-00002_20170622080043.parquet,WELL-00002_20170622080043.parquet,0,REAL,WELL-00002,21558,1.0,21557.0,3600,3600,-1,0,21558,False,{'0': 17958},23,"['ABER-CKGL', 'ABER-CKP', 'ESTADO-DHSV', 'ESTADO-M1', 'ESTADO-M2', 'ESTADO-PXO', 'ESTADO-SDV-GL', 'ESTADO-SDV-P', 'ESTADO-W1', 'ESTADO-W2', 'ESTADO-XO', 'P-JUS-BS', 'P-JUS-CKGL', 'P-JUS-CKP', 'P-MON-CKGL', 'P-MON-CKP', 'P-MON-SDV-P', 'PT-P', 'QBS', 'QGL', 'T-JUS-CKP', 'T-MON-CKP', 'T-PDG']",0
dataset/0/WELL-00002_20170622130127.parquet,WELL-00002_20170622130127.parquet,0,REAL,WELL-00002,21514,1.0,21513.0,3600,3600,-1,0,21514,False,{'0': 17914},23,"['ABER-CKGL', 'ABER-CKP', 'ESTADO-DHSV', 'ESTADO-M1', 'ESTADO-M2', 'ESTADO-PXO', 'ESTADO-SDV-GL', 'ESTADO-SDV-P', 'ESTADO-W1', 'ESTADO-W2', 'ESTADO-XO', 'P-JUS-BS', 'P-JUS-CKGL', 'P-JUS-CKP', 'P-MON-CKGL', 'P-MON-CKP', 'P-MON-SDV-P', 'PT-P', 'QBS', 'QGL', 'T-JUS-CKP', 'T-MON-CKP', 'T-PDG']",0
dataset/0/WELL-00002_20170622180316.parquet,WELL-00002_20170622180316.parquet,0,REAL,WELL-00002,21405,1.0,21404.0,3600,3600,-1,0,21405,False,{'0': 17805},23,"['ABER-CKGL', 'ABER-CKP', 'ESTADO-DHSV', 'ESTADO-M1', 'ESTADO-M2', 'ESTADO-PXO', 'ESTADO-SDV-GL', 'ESTADO-SDV-P', 'ESTADO-W1', 'ESTADO-W2', 'ESTADO-XO', 'P-JUS-BS', 'P-JUS-CKGL', 'P-JUS-CKP', 'P-MON-CKGL', 'P-MON-CKP', 'P-MON-SDV-P', 'PT-P', 'QBS', 'QGL', 'T-JUS-CKP', 'T-MON-CKP', 'T-PDG']",0
dataset/0/WELL-00002_20170622230305.parquet,WELL-00002_20170622230305.parquet,0,REAL,WELL-00002,21416,1.0,21415.0,3600,3600,-1,0,21416,False,{'0': 17816},23,"['ABER-CKGL', 'ABER-CKP', 'ESTADO-DHSV', 'ESTADO-M1', 'ESTADO-M2', 'ESTADO-PXO', 'ESTADO-SDV-GL', 'ESTADO-SDV-P', 'ESTADO-W1', 'ESTADO-W2', 'ESTADO-XO', 'P-JUS-BS', 'P-JUS-CKGL', 'P-JUS-CKP', 'P-MON-CKGL', 'P-MON-CKP', 'P-MON-SDV-P', 'PT-P', 'QBS', 'QGL', 'T-JUS-CKP', 'T-MON-CKP', 'T-PDG']",0
dataset/0/WELL-00002_20170623040021.parquet,WELL-00002_20170623040021.parquet,0,REAL,WELL-00002,21580,1.0,21579.0,3600,3600,-1,0,21580,False,{'0': 17980},23,"['ABER-CKGL', 'ABER-CKP', 'ESTADO-DHSV', 'ESTADO-M1', 'ESTADO-M2', 'ESTADO-PXO', 'ESTADO-SDV-GL', 'ESTADO-SDV-P', 'ESTADO-W1', 'ESTADO-W2', 'ESTADO-XO', 'P-JUS-BS', 'P-JUS-CKGL', 'P-JUS-CKP', 'P-MON-CKGL', 'P-MON-CKP', 'P-MON-SDV-P', 'PT-P', 'QBS', 'QGL', 'T-JUS-CKP', 'T-MON-CKP', 'T-PDG']",0
dataset/0/WELL-00002_20170623090032.parquet,WELL-00002_20170623090032.parquet,0,REAL,WELL-00002,21569,1.0,21568.0,3600,3600,-1,0,21569,False,{'0': 17969},23,"['ABER-CKGL', 'ABER-CKP', 'ESTADO-DHSV', 'ESTADO-M1', 'ESTADO-M2', 'ESTADO-PXO', 'ESTADO-SDV-GL', 'ESTADO-SDV-P', 'ESTADO-W1', 'ESTADO-W2', 'ESTADO-XO', 'P-JUS-BS', 'P-JUS-CKGL', 'P-JUS-CKP', 'P-MON-CKGL', 'P-MON-CKP', 'P-MON-SDV-P', 'PT-P', 'QBS', 'QGL', 'T-JUS-CKP', 'T-MON-CKP', 'T-PDG']",0
dataset/0/WELL-00002_20170623140127.parquet,WELL-00002_20170623140127.parquet,0,REAL,WELL-00002,21514,1.0,21513.0,3600,3600,-1,0,21514,False,{'0': 17914},23,"['ABER-CKGL', 'ABER-CKP', 'ESTADO-DHSV', 'ESTADO-M1', 'ESTADO-M2', 'ESTADO-PXO', 'ESTADO-SDV-GL', 'ESTADO-SDV-P', 'ESTADO-W1', 'ESTADO-W2', 'ESTADO-XO', 'P-JUS-BS', 'P-JUS-CKGL', 'P-JUS-CKP', 'P-MON-CKGL', 'P-MON-CKP', 'P-MON-SDV-P', 'PT-P', 'QBS', 'QGL', 'T-JUS-CKP', 'T-MON-CKP', 'T-PDG']",0
dataset/0/WELL-00002_20170623190211.parquet,WELL-00002_20170623190211.parquet,0,REAL,WELL-00002,21470,1.0,21469.0,3600,3600,-1,0,21470,False,{'0': 17870},23,"['ABER-CKGL', 'ABER-CKP', 'ESTADO-DHSV', 'ESTADO-M1', 'ESTADO-M2', 'ESTADO-PXO', 'ESTADO-SDV-GL', 'ESTADO-SDV-P', 'ESTADO-W1', 'ESTADO-W2', 'ESTADO-XO', 'P-JUS-BS', 'P-JUS-CKGL', 'P-JUS-CKP', 'P-MON-CKGL', 'P-MON-CKP', 'P-MON-SDV-P', 'PT-P', 'QBS', 'QGL', 'T-JUS-CKP', 'T-MON-CKP', 'T-PDG']",0
dataset/0/WELL-00002_20170624000032.parquet,WELL-00002_20170624000032.parquet,0,REAL,WELL-00002,21569,1.0,21568.0,3600,3600,-1,0,21569,False,{'0': 17969},23,"['ABER-CKGL', 'ABER-CKP', 'ESTADO-DHSV', 'ESTADO-M1', 'ESTADO-M2', 'ESTADO-PXO', 'ESTADO-SDV-GL', 'ESTADO-SDV-P', 'ESTADO-W1', 'ESTADO-W2', 'ESTADO-XO', 'P-JUS-BS', 'P-JUS-CKGL', 'P-JUS-CKP', 'P-MON-CKGL', 'P-MON-CKP', 'P-MON-SDV-P', 'PT-P', 'QBS', 'QGL', 'T-JUS-CKP', 'T-MON-CKP', 'T-PDG']",0
dataset/0/WELL-00002_20170624050127.parquet,WELL-00002_20170624050127.parquet,0,REAL,WELL-00002,21514,1.0,21513.0,3600,3600,-1,0,21514,False,{'0': 17914},23,"['ABER-CKGL', 'ABER-CKP', 'ESTADO-DHSV', 'ESTADO-M1', 'ESTADO-M2', 'ESTADO-PXO', 'ESTADO-SDV-GL', 'ESTADO-SDV-P', 'ESTADO-W1', 'ESTADO-W2', 'ESTADO-XO', 'P-JUS-BS', 'P-JUS-CKGL', 'P-JUS-CKP', 'P-MON-CKGL', 'P-MON-CKP', 'P-MON-SDV-P', 'PT-P', 'QBS', 'QGL', 'T-JUS-CKP', 'T-MON-CKP', 'T-PDG']",0
dataset/0/WELL-00002_20170624100021.parquet,WELL-00002_20170624100021.parquet,0,REAL,WELL-00002,21580,1.0,21579.0,3600,3600,-1,0,21580,False,{'0': 17980},23,"['ABER-CKGL', 'ABER-CKP', 'ESTADO-DHSV', 'ESTADO-M1', 'ESTADO-M2', 'ESTADO-PXO', 'ESTADO-SDV-GL', 'ESTADO-SDV-P', 'ESTADO-W1', 'ESTADO-W2', 'ESTADO-XO', 'P-JUS-BS', 'P-JUS-CKGL', 'P-JUS-CKP', 'P-MON-CKGL', 'P-MON-CKP', 'P-MON-SDV-P', 'PT-P', 'QBS', 'QGL', 'T-JUS-CKP', 'T-MON-CKP', 'T-PDG']",0
dataset/0/WELL-00002_20170624150054.parquet,WELL-00002_20170624150054.parquet,0,REAL,WELL-00002,21547,1.0,21546.0,3600,3600,-1,0,21547,False,{'0': 17947},23,"['ABER-CKGL', 'ABER-CKP', 'ESTADO-DHSV', 'ESTADO-M1', 'ESTADO-M2', 'ESTADO-PXO', 'ESTADO-SDV-GL', 'ESTADO-SDV-P', 'ESTADO-W1', 'ESTADO-W2', 'ESTADO-XO', 'P-JUS-BS', 'P-JUS-CKGL', 'P-JUS-CKP', 'P-MON-CKGL', 'P-MON-CKP', 'P-MON-SDV-P', 'PT-P', 'QBS', 'QGL', 'T-JUS-CKP', 'T-MON-CKP', 'T-PDG']",0
dataset/0/WELL-00002_20170624200211.parquet,WELL-00002_20170624200211.parquet,0,REAL,WELL-00002,21470,1.0,21469.0,3600,3600,-1,0,21470,False,{'0': 17870},23,"['ABER-CKGL', 'ABER-CKP', 'ESTADO-DHSV', 'ESTADO-M1', 'ESTADO-M2', 'ESTADO-PXO', 'ESTADO-SDV-GL', 'ESTADO-SDV-P', 'ESTADO-W1', 'ESTADO-W2', 'ESTADO-XO', 'P-JUS-BS', 'P-JUS-CKGL', 'P-JUS-CKP', 'P-MON-CKGL', 'P-MON-CKP', 'P-MON-SDV-P', 'PT-P', 'QBS', 'QGL', 'T-JUS-CKP', 'T-MON-CKP', 'T-PDG']",0
dataset/0/WELL-00002_20170625010200.parquet,WELL-00002_20170625010200.parquet,0,REAL,WELL-00002,21481,1.0,21480.0,3600,3600,-1,0,21481,False,{'0': 17881},23,"['ABER-CKGL', 'ABER-CKP', 'ESTADO-DHSV', 'ESTADO-M1', 'ESTADO-M2', 'ESTADO-PXO', 'ESTADO-SDV-GL', 'ESTADO-SDV-P', 'ESTADO-W1', 'ESTADO-W2', 'ESTADO-XO', 'P-JUS-BS', 'P-JUS-CKGL', 'P-JUS-CKP', 'P-MON-CKGL', 'P-MON-CKP', 'P-MON-SDV-P', 'PT-P', 'QBS', 'QGL', 'T-JUS-CKP', 'T-MON-CKP', 'T-PDG']",0
dataset/0/WELL-00002_20170625060243.parquet,WELL-00002_20170625060243.parquet,0,REAL,WELL-00002,21438,1.0,21437.0,3600,3600,-1,0,21438,False,{'0': 17838},23,"['ABER-CKGL', 'ABER-CKP', 'ESTADO-DHSV', 'ESTADO-M1', 'ESTADO-M2', 'ESTADO-PXO', 'ESTADO-SDV-GL', 'ESTADO-SDV-P', 'ESTADO-W1', 'ESTADO-W2', 'ESTADO-XO', 'P-JUS-BS', 'P-JUS-CKGL', 'P-JUS-CKP', 'P-MON-CKGL', 'P-MON-CKP', 'P-MON-SDV-P', 'PT-P', 'QBS', 'QGL', 'T-JUS-CKP', 'T-MON-CKP', 'T-PDG']",0
dataset/0/WELL-00002_20170625110032.parquet,WELL-00002_20170625110032.parquet,0,REAL,WELL-00002,21569,1.0,21568.0,3600,3600,-1,0,21569,False,{'0': 17969},23,"['ABER-CKGL', 'ABER-CKP', 'ESTADO-DHSV', 'ESTADO-M1', 'ESTADO-M2', 'ESTADO-PXO', 'ESTADO-SDV-GL', 'ESTADO-SDV-P', 'ESTADO-W1', 'ESTADO-W2', 'ESTADO-XO', 'P-JUS-BS', 'P-JUS-CKGL', 'P-JUS-CKP', 'P-MON-CKGL', 'P-MON-CKP', 'P-MON-SDV-P', 'PT-P', 'QBS', 'QGL', 'T-JUS-CKP', 'T-MON-CKP', 'T-PDG']",0
dataset/0/WELL-00002_20170625160232.parquet,WELL-00002_20170625160232.parquet,0,REAL,WELL-00002,21449,1.0,21448.0,3600,3600,-1,0,21449,False,{'0': 17849},23,"['ABER-CKGL', 'ABER-CKP', 'ESTADO-DHSV', 'ESTADO-M1', 'ESTADO-M2', 'ESTADO-PXO', 'ESTADO-SDV-GL', 'ESTADO-SDV-P', 'ESTADO-W1', 'ESTADO-W2', 'ESTADO-XO', 'P-JUS-BS', 'P-JUS-CKGL', 'P-JUS-CKP', 'P-MON-CKGL', 'P-MON-CKP', 'P-MON-SDV-P', 'PT-P', 'QBS', 'QGL', 'T-JUS-CKP', 'T-MON-CKP', 'T-PDG']",0
dataset/0/WELL-00002_20170625210127.parquet,WELL-00002_20170625210127.parquet,0,REAL,WELL-00002,21514,1.0,21513.0,3600,3600,-1,0,21514,False,{'0': 17914},23,"['ABER-CKGL', 'ABER-CKP', 'ESTADO-DHSV', 'ESTADO-M1', 'ESTADO-M2', 'ESTADO-PXO', 'ESTADO-SDV-GL', 'ESTADO-SDV-P', 'ESTADO-W1', 'ESTADO-W2', 'ESTADO-XO', 'P-JUS-BS', 'P-JUS-CKGL', 'P-JUS-CKP', 'P-MON-CKGL', 'P-MON-CKP', 'P-MON-SDV-P', 'PT-P', 'QBS', 'QGL', 'T-JUS-CKP', 'T-MON-CKP', 'T-PDG']",0
dataset/0/WELL-00002_20170626020043.parquet,WELL-00002_20170626020043.parquet,0,REAL,WELL-00002,21558,1.0,21557.0,3600,3600,-1,0,21558,False,{'0': 17958},23,"['ABER-CKGL', 'ABER-CKP', 'ESTADO-DHSV', 'ESTADO-M1', 'ESTADO-M2', 'ESTADO-PXO', 'ESTADO-SDV-GL', 'ESTADO-SDV-P', 'ESTADO-W1', 'ESTADO-W2', 'ESTADO-XO', 'P-JUS-BS', 'P-JUS-CKGL', 'P-JUS-CKP', 'P-MON-CKGL', 'P-MON-CKP', 'P-MON-SDV-P', 'PT-P', 'QBS', 'QGL', 'T-JUS-CKP', 'T-MON-CKP', 'T-PDG']",0
dataset/0/WELL-00002_20170626070149.parquet,WELL-00002_20170626070149.parquet,0,REAL,WELL-00002,21492,1.0,21491.0,3600,3600,-1,0,21492,False,{'0': 17892},23,"['ABER-CKGL', 'ABER-CKP', 'ESTADO-DHSV', 'ESTADO-M1', 'ESTADO-M2', 'ESTADO-PXO', 'ESTADO-SDV-GL', 'ESTADO-SDV-P', 'ESTADO-W1', 'ESTADO-W2', 'ESTADO-XO', 'P-JUS-BS', 'P-JUS-CKGL', 'P-JUS-CKP', 'P-MON-CKGL', 'P-MON-CKP', 'P-MON-SDV-P', 'PT-P', 'QBS', 'QGL', 'T-JUS-CKP', 'T-MON-CKP', 'T-PDG']",0
dataset/0/WELL-00002_20170626120032.parquet,WELL-00002_20170626120032.parquet,0,REAL,WELL-00002,21569,1.0,21568.0,3600,3600,-1,0,21569,False,{'0': 17969},23,"['ABER-CKGL', 'ABER-CKP', 'ESTADO-DHSV', 'ESTADO-M1', 'ESTADO-M2', 'ESTADO-PXO', 'ESTADO-SDV-GL', 'ESTADO-SDV-P', 'ESTADO-W1', 'ESTADO-W2', 'ESTADO-XO', 'P-JUS-BS', 'P-JUS-CKGL', 'P-JUS-CKP', 'P-MON-CKGL', 'P-MON-CKP', 'P-MON-SDV-P', 'PT-P', 'QBS', 'QGL', 'T-JUS-CKP', 'T-MON-CKP', 'T-PDG']",0
dataset/0/WELL-00002_20170626170138.parquet,WELL-00002_20170626170138.parquet,0,REAL,WELL-00002,21503,1.0,21502.0,3600,3600,-1,0,21503,False,{'0': 17903},23,"['ABER-CKGL', 'ABER-CKP', 'ESTADO-DHSV', 'ESTADO-M1', 'ESTADO-M2', 'ESTADO-PXO', 'ESTADO-SDV-GL', 'ESTADO-SDV-P', 'ESTADO-W1', 'ESTADO-W2', 'ESTADO-XO', 'P-JUS-BS', 'P-JUS-CKGL', 'P-JUS-CKP', 'P-MON-CKGL', 'P-MON-CKP', 'P-MON-SDV-P', 'PT-P', 'QBS', 'QGL', 'T-JUS-CKP', 'T-MON-CKP', 'T-PDG']",0
dataset/0/WELL-00002_20170626220316.parquet,WELL-00002_20170626220316.parquet,0,REAL,WELL-00002,21405,1.0,21404.0,3600,3600,-1,0,21405,False,{'0': 17805},23,"['ABER-CKGL', 'ABER-CKP', 'ESTADO-DHSV', 'ESTADO-M1', 'ESTADO-M2', 'ESTADO-PXO', 'ESTADO-SDV-GL', 'ESTADO-SDV-P', 'ESTADO-W1', 'ESTADO-W2', 'ESTADO-XO', 'P-JUS-BS', 'P-JUS-CKGL', 'P-JUS-CKP', 'P-MON-CKGL', 'P-MON-CKP', 'P-MON-SDV-P', 'PT-P', 'QBS', 'QGL', 'T-JUS-CKP', 'T-MON-CKP', 'T-PDG']",0
dataset/0/WELL-00002_20170804200000.parquet,WELL-00002_20170804200000.parquet,0,REAL,WELL-00002,21506,1.0,21505.0,3600,3600,-1,0,21506,False,{'0': 17906},23,"['ABER-CKGL', 'ABER-CKP', 'ESTADO-DHSV', 'ESTADO-M1', 'ESTADO-M2', 'ESTADO-PXO', 'ESTADO-SDV-GL', 'ESTADO-SDV-P', 'ESTADO-W1', 'ESTADO-W2', 'ESTADO-XO', 'P-JUS-BS', 'P-JUS-CKGL', 'P-JUS-CKP', 'P-MON-CKGL', 'P-MON-CKP', 'P-MON-SDV-P', 'PT-P', 'QBS', 'QGL', 'T-JUS-CKP', 'T-MON-CKP', 'T-PDG']",0
dataset/0/WELL-00002_20170805010000.parquet,WELL-00002_20170805010000.parquet,0,REAL,WELL-00002,21533,1.0,21532.0,3600,3600,-1,0,21533,False,{'0': 17933},23,"['ABER-CKGL', 'ABER-CKP', 'ESTADO-DHSV', 'ESTADO-M1', 'ESTADO-M2', 'ESTADO-PXO', 'ESTADO-SDV-GL', 'ESTADO-SDV-P', 'ESTADO-W1', 'ESTADO-W2', 'ESTADO-XO', 'P-JUS-BS', 'P-JUS-CKGL', 'P-JUS-CKP', 'P-MON-CKGL', 'P-MON-CKP', 'P-MON-SDV-P', 'PT-P', 'QBS', 'QGL', 'T-JUS-CKP', 'T-MON-CKP', 'T-PDG']",0
dataset/0/WELL-00002_20170805060000.parquet,WELL-00002_20170805060000.parquet,0,REAL,WELL-00002,21344,1.0,21343.0,3600,3600,-1,0,21344,False,{'0': 17744},23,"['ABER-CKGL', 'ABER-CKP', 'ESTADO-DHSV', 'ESTADO-M1', 'ESTADO-M2', 'ESTADO-PXO', 'ESTADO-SDV-GL', 'ESTADO-SDV-P', 'ESTADO-W1', 'ESTADO-W2', 'ESTADO-XO', 'P-JUS-BS', 'P-JUS-CKGL', 'P-JUS-CKP', 'P-MON-CKGL', 'P-MON-CKP', 'P-MON-SDV-P', 'PT-P', 'QBS', 'QGL', 'T-JUS-CKP', 'T-MON-CKP', 'T-PDG']",0
dataset/0/WELL-00002_20170805110000.parquet,WELL-00002_20170805110000.parquet,0,REAL,WELL-00002,21344,1.0,21343.0,3600,3600,-1,0,21344,False,{'0': 17744},23,"['ABER-CKGL', 'ABER-CKP', 'ESTADO-DHSV', 'ESTADO-M1', 'ESTADO-M2', 'ESTADO-PXO', 'ESTADO-SDV-GL', 'ESTADO-SDV-P', 'ESTADO-W1', 'ESTADO-W2', 'ESTADO-XO', 'P-JUS-BS', 'P-JUS-CKGL', 'P-JUS-CKP', 'P-MON-CKGL', 'P-MON-CKP', 'P-MON-SDV-P', 'PT-P', 'QBS', 'QGL', 'T-JUS-CKP', 'T-MON-CKP', 'T-PDG']",0
dataset/0/WELL-00002_20170805160000.parquet,WELL-00002_20170805160000.parquet,0,REAL,WELL-00002,21533,1.0,21532.0,3600,3600,-1,0,21533,False,{'0': 17933},23,"['ABER-CKGL', 'ABER-CKP', 'ESTADO-DHSV', 'ESTADO-M1', 'ESTADO-M2', 'ESTADO-PXO', 'ESTADO-SDV-GL', 'ESTADO-SDV-P', 'ESTADO-W1', 'ESTADO-W2', 'ESTADO-XO', 'P-JUS-BS', 'P-JUS-CKGL', 'P-JUS-CKP', 'P-MON-CKGL', 'P-MON-CKP', 'P-MON-SDV-P', 'PT-P', 'QBS', 'QGL', 'T-JUS-CKP', 'T-MON-CKP', 'T-PDG']",0
dataset/0/WELL-00002_20170805210000.parquet,WELL-00002_20170805210000.parquet,0,REAL,WELL-00002,21533,1.0,21532.0,3600,3600,-1,0,21533,False,{'0': 17933},23,"['ABER-CKGL', 'ABER-CKP', 'ESTADO-DHSV', 'ESTADO-M1', 'ESTADO-M2', 'ESTADO-PXO', 'ESTADO-SDV-GL', 'ESTADO-SDV-P', 'ESTADO-W1', 'ESTADO-W2', 'ESTADO-XO', 'P-JUS-BS', 'P-JUS-CKGL', 'P-JUS-CKP', 'P-MON-CKGL', 'P-MON-CKP', 'P-MON-SDV-P', 'PT-P', 'QBS', 'QGL', 'T-JUS-CKP', 'T-MON-CKP', 'T-PDG']",0
dataset/0/WELL-00002_20170806020000.parquet,WELL-00002_20170806020000.parquet,0,REAL,WELL-00002,21479,1.0,21478.0,3600,3600,-1,0,21479,False,{'0': 17879},23,"['ABER-CKGL', 'ABER-CKP', 'ESTADO-DHSV', 'ESTADO-M1', 'ESTADO-M2', 'ESTADO-PXO', 'ESTADO-SDV-GL', 'ESTADO-SDV-P', 'ESTADO-W1', 'ESTADO-W2', 'ESTADO-XO', 'P-JUS-BS', 'P-JUS-CKGL', 'P-JUS-CKP', 'P-MON-CKGL', 'P-MON-CKP', 'P-MON-SDV-P', 'PT-P', 'QBS', 'QGL', 'T-JUS-CKP', 'T-MON-CKP', 'T-PDG']",0
dataset/0/WELL-00002_20170806070000.parquet,WELL-00002_20170806070000.parquet,0,REAL,WELL-00002,21560,1.0,21559.0,3600,3600,-1,0,21560,False,{'0': 17960},23,"['ABER-CKGL', 'ABER-CKP', 'ESTADO-DHSV', 'ESTADO-M1', 'ESTADO-M2', 'ESTADO-PXO', 'ESTADO-SDV-GL', 'ESTADO-SDV-P', 'ESTADO-W1', 'ESTADO-W2', 'ESTADO-XO', 'P-JUS-BS', 'P-JUS-CKGL', 'P-JUS-CKP', 'P-MON-CKGL', 'P-MON-CKP', 'P-MON-SDV-P', 'PT-P', 'QBS', 'QGL', 'T-JUS-CKP', 'T-MON-CKP', 'T-PDG']",0
dataset/0/WELL-00002_20170806120000.parquet,WELL-00002_20170806120000.parquet,0,REAL,WELL-00002,21466,1.0,21465.0,3600,3600,-1,0,21466,False,{'0': 17866},23,"['ABER-CKGL', 'ABER-CKP', 'ESTADO-DHSV', 'ESTADO-M1', 'ESTADO-M2', 'ESTADO-PXO', 'ESTADO-SDV-GL', 'ESTADO-SDV-P', 'ESTADO-W1', 'ESTADO-W2', 'ESTADO-XO', 'P-JUS-BS', 'P-JUS-CKGL', 'P-JUS-CKP', 'P-MON-CKGL', 'P-MON-CKP', 'P-MON-SDV-P', 'PT-P', 'QBS', 'QGL', 'T-JUS-CKP', 'T-MON-CKP', 'T-PDG']",0
dataset/0/WELL-00002_20170806170000.parquet,WELL-00002_20170806170000.parquet,0,REAL,WELL-00002,21493,1.0,21492.0,3600,3600,-1,0,21493,False,{'0': 17893},23,"['ABER-CKGL', 'ABER-CKP', 'ESTADO-DHSV', 'ESTADO-M1', 'ESTADO-M2', 'ESTADO-PXO', 'ESTADO-SDV-GL', 'ESTADO-SDV-P', 'ESTADO-W1', 'ESTADO-W2', 'ESTADO-XO', 'P-JUS-BS', 'P-JUS-CKGL', 'P-JUS-CKP', 'P-MON-CKGL', 'P-MON-CKP', 'P-MON-SDV-P', 'PT-P', 'QBS', 'QGL', 'T-JUS-CKP', 'T-MON-CKP', 'T-PDG']",0
dataset/0/WELL-00002_20170806220000.parquet,WELL-00002_20170806220000.parquet,0,REAL,WELL-00002,21547,1.0,21546.0,3600,3600,-1,0,21547,False,{'0': 17947},23,"['ABER-CKGL', 'ABER-CKP', 'ESTADO-DHSV', 'ESTADO-M1', 'ESTADO-M2', 'ESTADO-PXO', 'ESTADO-SDV-GL', 'ESTADO-SDV-P', 'ESTADO-W1', 'ESTADO-W2', 'ESTADO-XO', 'P-JUS-BS', 'P-JUS-CKGL', 'P-JUS-CKP', 'P-MON-CKGL', 'P-MON-CKP', 'P-MON-SDV-P', 'PT-P', 'QBS', 'QGL', 'T-JUS-CKP', 'T-MON-CKP', 'T-PDG']",0
dataset/0/WELL-00002_20170807030000.parquet,WELL-00002_20170807030000.parquet,0,REAL,WELL-00002,21425,1.0,21424.0,3600,3600,-1,0,21425,False,{'0': 17825},23,"['ABER-CKGL', 'ABER-CKP', 'ESTADO-DHSV', 'ESTADO-M1', 'ESTADO-M2', 'ESTADO-PXO', 'ESTADO-SDV-GL', 'ESTADO-SDV-P', 'ESTADO-W1', 'ESTADO-W2', 'ESTADO-XO', 'P-JUS-BS', 'P-JUS-CKGL', 'P-JUS-CKP', 'P-MON-CKGL', 'P-MON-CKP', 'P-MON-SDV-P', 'PT-P', 'QBS', 'QGL', 'T-JUS-CKP', 'T-MON-CKP', 'T-PDG']",0
dataset/0/WELL-00002_20170807080000.parquet,WELL-00002_20170807080000.parquet,0,REAL,WELL-00002,21088,1.0,21087.0,3600,3600,-1,0,21088,False,{'0': 17488},23,"['ABER-CKGL', 'ABER-CKP', 'ESTADO-DHSV', 'ESTADO-M1', 'ESTADO-M2', 'ESTADO-PXO', 'ESTADO-SDV-GL', 'ESTADO-SDV-P', 'ESTADO-W1', 'ESTADO-W2', 'ESTADO-XO', 'P-JUS-BS', 'P-JUS-CKGL', 'P-JUS-CKP', 'P-MON-CKGL', 'P-MON-CKP', 'P-MON-SDV-P', 'PT-P', 'QBS', 'QGL', 'T-JUS-CKP', 'T-MON-CKP', 'T-PDG']",0
dataset/0/WELL-00002_20170807130000.parquet,WELL-00002_20170807130000.parquet,0,REAL,WELL-00002,21574,1.0,21573.0,3600,3600,-1,0,21574,False,{'0': 17974},23,"['ABER-CKGL', 'ABER-CKP', 'ESTADO-DHSV', 'ESTADO-M1', 'ESTADO-M2', 'ESTADO-PXO', 'ESTADO-SDV-GL', 'ESTADO-SDV-P', 'ESTADO-W1', 'ESTADO-W2', 'ESTADO-XO', 'P-JUS-BS', 'P-JUS-CKGL', 'P-JUS-CKP', 'P-MON-CKGL', 'P-MON-CKP', 'P-MON-SDV-P', 'PT-P', 'QBS', 'QGL', 'T-JUS-CKP', 'T-MON-CKP', 'T-PDG']",0
dataset/0/WELL-00002_20170807180000.parquet,WELL-00002_20170807180000.parquet,0,REAL,WELL-00002,21560,1.0,21559.0,3600,3600,-1,0,21560,False,{'0': 17960},23,"['ABER-CKGL', 'ABER-CKP', 'ESTADO-DHSV', 'ESTADO-M1', 'ESTADO-M2', 'ESTADO-PXO', 'ESTADO-SDV-GL', 'ESTADO-SDV-P', 'ESTADO-W1', 'ESTADO-W2', 'ESTADO-XO', 'P-JUS-BS', 'P-JUS-CKGL', 'P-JUS-CKP', 'P-MON-CKGL', 'P-MON-CKP', 'P-MON-SDV-P', 'PT-P', 'QBS', 'QGL', 'T-JUS-CKP', 'T-MON-CKP', 'T-PDG']",0
dataset/0/WELL-00002_20170807230000.parquet,WELL-00002_20170807230000.parquet,0,REAL,WELL-00002,21506,1.0,21505.0,3600,3600,-1,0,21506,False,{'0': 17906},23,"['ABER-CKGL', 'ABER-CKP', 'ESTADO-DHSV', 'ESTADO-M1', 'ESTADO-M2', 'ESTADO-PXO', 'ESTADO-SDV-GL', 'ESTADO-SDV-P', 'ESTADO-W1', 'ESTADO-W2', 'ESTADO-XO', 'P-JUS-BS', 'P-JUS-CKGL', 'P-JUS-CKP', 'P-MON-CKGL', 'P-MON-CKP', 'P-MON-SDV-P', 'PT-P', 'QBS', 'QGL', 'T-JUS-CKP', 'T-MON-CKP', 'T-PDG']",0
dataset/0/WELL-00002_20170808040000.parquet,WELL-00002_20170808040000.parquet,0,REAL,WELL-00002,21560,1.0,21559.0,3600,3600,-1,0,21560,False,{'0': 17960},23,"['ABER-CKGL', 'ABER-CKP', 'ESTADO-DHSV', 'ESTADO-M1', 'ESTADO-M2', 'ESTADO-PXO', 'ESTADO-SDV-GL', 'ESTADO-SDV-P', 'ESTADO-W1', 'ESTADO-W2', 'ESTADO-XO', 'P-JUS-BS', 'P-JUS-CKGL', 'P-JUS-CKP', 'P-MON-CKGL', 'P-MON-CKP', 'P-MON-SDV-P', 'PT-P', 'QBS', 'QGL', 'T-JUS-CKP', 'T-MON-CKP', 'T-PDG']",0
dataset/0/WELL-00002_20170808090000.parquet,WELL-00002_20170808090000.parquet,0,REAL,WELL-00002,21452,1.0,21451.0,3600,3600,-1,0,21452,False,{'0': 17852},23,"['ABER-CKGL', 'ABER-CKP', 'ESTADO-DHSV', 'ESTADO-M1', 'ESTADO-M2', 'ESTADO-PXO', 'ESTADO-SDV-GL', 'ESTADO-SDV-P', 'ESTADO-W1', 'ESTADO-W2', 'ESTADO-XO', 'P-JUS-BS', 'P-JUS-CKGL', 'P-JUS-CKP', 'P-MON-CKGL', 'P-MON-CKP', 'P-MON-SDV-P', 'PT-P', 'QBS', 'QGL', 'T-JUS-CKP', 'T-MON-CKP', 'T-PDG']",0
dataset/0/WELL-00002_20170808140000.parquet,WELL-00002_20170808140000.parquet,0,REAL,WELL-00002,21574,1.0,21573.0,3600,3600,-1,0,21574,False,{'0': 17974},23,"['ABER-CKGL', 'ABER-CKP', 'ESTADO-DHSV', 'ESTADO-M1', 'ESTADO-M2', 'ESTADO-PXO', 'ESTADO-SDV-GL', 'ESTADO-SDV-P', 'ESTADO-W1', 'ESTADO-W2', 'ESTADO-XO', 'P-JUS-BS', 'P-JUS-CKGL', 'P-JUS-CKP', 'P-MON-CKGL', 'P-MON-CKP', 'P-MON-SDV-P', 'PT-P', 'QBS', 'QGL', 'T-JUS-CKP', 'T-MON-CKP', 'T-PDG']",0
dataset/0/WELL-00002_20170808190026.parquet,WELL-00002_20170808190026.parquet,0,REAL,WELL-00002,21575,1.0,21574.0,3600,3600,-1,0,21575,False,{'0': 17975},23,"['ABER-CKGL', 'ABER-CKP', 'ESTADO-DHSV', 'ESTADO-M1', 'ESTADO-M2', 'ESTADO-PXO', 'ESTADO-SDV-GL', 'ESTADO-SDV-P', 'ESTADO-W1', 'ESTADO-W2', 'ESTADO-XO', 'P-JUS-BS', 'P-JUS-CKGL', 'P-JUS-CKP', 'P-MON-CKGL', 'P-MON-CKP', 'P-MON-SDV-P', 'PT-P', 'QBS', 'QGL', 'T-JUS-CKP', 'T-MON-CKP', 'T-PDG']",0
dataset/0/WELL-00002_20170809000000.parquet,WELL-00002_20170809000000.parquet,0,REAL,WELL-00002,21547,1.0,21546.0,3600,3600,-1,0,21547,False,{'0': 17947},23,"['ABER-CKGL', 'ABER-CKP', 'ESTADO-DHSV', 'ESTADO-M1', 'ESTADO-M2', 'ESTADO-PXO', 'ESTADO-SDV-GL', 'ESTADO-SDV-P', 'ESTADO-W1', 'ESTADO-W2', 'ESTADO-XO', 'P-JUS-BS', 'P-JUS-CKGL', 'P-JUS-CKP', 'P-MON-CKGL', 'P-MON-CKP', 'P-MON-SDV-P', 'PT-P', 'QBS', 'QGL', 'T-JUS-CKP', 'T-MON-CKP', 'T-PDG']",0
dataset/0/WELL-00002_20170809050000.parquet,WELL-00002_20170809050000.parquet,0,REAL,WELL-00002,21533,1.0,21532.0,3600,3600,-1,0,21533,False,{'0': 17933},23,"['ABER-CKGL', 'ABER-CKP', 'ESTADO-DHSV', 'ESTADO-M1', 'ESTADO-M2', 'ESTADO-PXO', 'ESTADO-SDV-GL', 'ESTADO-SDV-P', 'ESTADO-W1', 'ESTADO-W2', 'ESTADO-XO', 'P-JUS-BS', 'P-JUS-CKGL', 'P-JUS-CKP', 'P-MON-CKGL', 'P-MON-CKP', 'P-MON-SDV-P', 'PT-P', 'QBS', 'QGL', 'T-JUS-CKP', 'T-MON-CKP', 'T-PDG']",0
dataset/0/WELL-00002_20170809100000.parquet,WELL-00002_20170809100000.parquet,0,REAL,WELL-00002,21533,1.0,21532.0,3600,3600,-1,0,21533,False,{'0': 17933},23,"['ABER-CKGL', 'ABER-CKP', 'ESTADO-DHSV', 'ESTADO-M1', 'ESTADO-M2', 'ESTADO-PXO', 'ESTADO-SDV-GL', 'ESTADO-SDV-P', 'ESTADO-W1', 'ESTADO-W2', 'ESTADO-XO', 'P-JUS-BS', 'P-JUS-CKGL', 'P-JUS-CKP', 'P-MON-CKGL', 'P-MON-CKP', 'P-MON-SDV-P', 'PT-P', 'QBS', 'QGL', 'T-JUS-CKP', 'T-MON-CKP', 'T-PDG']",0
dataset/0/WELL-00002_20170809150026.parquet,WELL-00002_20170809150026.parquet,0,REAL,WELL-00002,21575,1.0,21574.0,3600,3600,-1,0,21575,False,{'0': 17975},23,"['ABER-CKGL', 'ABER-CKP', 'ESTADO-DHSV', 'ESTADO-M1', 'ESTADO-M2', 'ESTADO-PXO', 'ESTADO-SDV-GL', 'ESTADO-SDV-P', 'ESTADO-W1', 'ESTADO-W2', 'ESTADO-XO', 'P-JUS-BS', 'P-JUS-CKGL', 'P-JUS-CKP', 'P-MON-CKGL', 'P-MON-CKP', 'P-MON-SDV-P', 'PT-P', 'QBS', 'QGL', 'T-JUS-CKP', 'T-MON-CKP', 'T-PDG']",0
dataset/0/WELL-00002_20170809200000.parquet,WELL-00002_20170809200000.parquet,0,REAL,WELL-00002,21493,1.0,21492.0,3600,3600,-1,0,21493,False,{'0': 17893},23,"['ABER-CKGL', 'ABER-CKP', 'ESTADO-DHSV', 'ESTADO-M1', 'ESTADO-M2', 'ESTADO-PXO', 'ESTADO-SDV-GL', 'ESTADO-SDV-P', 'ESTADO-W1', 'ESTADO-W2', 'ESTADO-XO', 'P-JUS-BS', 'P-JUS-CKGL', 'P-JUS-CKP', 'P-MON-CKGL', 'P-MON-CKP', 'P-MON-SDV-P', 'PT-P', 'QBS', 'QGL', 'T-JUS-CKP', 'T-MON-CKP', 'T-PDG']",0
dataset/0/WELL-00002_20170810010026.parquet,WELL-00002_20170810010026.parquet,0,REAL,WELL-00002,21548,1.0,21547.0,3600,3600,-1,0,21548,False,{'0': 17948},23,"['ABER-CKGL', 'ABER-CKP', 'ESTADO-DHSV', 'ESTADO-M1', 'ESTADO-M2', 'ESTADO-PXO', 'ESTADO-SDV-GL', 'ESTADO-SDV-P', 'ESTADO-W1', 'ESTADO-W2', 'ESTADO-XO', 'P-JUS-BS', 'P-JUS-CKGL', 'P-JUS-CKP', 'P-MON-CKGL', 'P-MON-CKP', 'P-MON-SDV-P', 'PT-P', 'QBS', 'QGL', 'T-JUS-CKP', 'T-MON-CKP', 'T-PDG']",0
dataset/0/WELL-00002_20170810060000.parquet,WELL-00002_20170810060000.parquet,0,REAL,WELL-00002,21533,1.0,21532.0,3600,3600,-1,0,21533,False,{'0': 17933},23,"['ABER-CKGL', 'ABER-CKP', 'ESTADO-DHSV', 'ESTADO-M1', 'ESTADO-M2', 'ESTADO-PXO', 'ESTADO-SDV-GL', 'ESTADO-SDV-P', 'ESTADO-W1', 'ESTADO-W2', 'ESTADO-XO', 'P-JUS-BS', 'P-JUS-CKGL', 'P-JUS-CKP', 'P-MON-CKGL', 'P-MON-CKP', 'P-MON-SDV-P', 'PT-P', 'QBS', 'QGL', 'T-JUS-CKP', 'T-MON-CKP', 'T-PDG']",0
dataset/0/WELL-00002_20170810110000.parquet,WELL-00002_20170810110000.parquet,0,REAL,WELL-00002,20900,1.0,20899.0,3600,3600,-1,0,20900,False,{'0': 17300},23,"['ABER-CKGL', 'ABER-CKP', 'ESTADO-DHSV', 'ESTADO-M1', 'ESTADO-M2', 'ESTADO-PXO', 'ESTADO-SDV-GL', 'ESTADO-SDV-P', 'ESTADO-W1', 'ESTADO-W2', 'ESTADO-XO', 'P-JUS-BS', 'P-JUS-CKGL', 'P-JUS-CKP', 'P-MON-CKGL', 'P-MON-CKP', 'P-MON-SDV-P', 'PT-P', 'QBS', 'QGL', 'T-JUS-CKP', 'T-MON-CKP', 'T-PDG']",4
dataset/0/WELL-00002_20170810160000.parquet,WELL-00002_20170810160000.parquet,0,REAL,WELL-00002,21547,1.0,21546.0,3600,3600,-1,0,21547,False,{'0': 17947},23,"['ABER-CKGL', 'ABER-CKP', 'ESTADO-DHSV', 'ESTADO-M1', 'ESTADO-M2', 'ESTADO-PXO', 'ESTADO-SDV-GL', 'ESTADO-SDV-P', 'ESTADO-W1', 'ESTADO-W2', 'ESTADO-XO', 'P-JUS-BS', 'P-JUS-CKGL', 'P-JUS-CKP', 'P-MON-CKGL', 'P-MON-CKP', 'P-MON-SDV-P', 'PT-P', 'QBS', 'QGL', 'T-JUS-CKP', 'T-MON-CKP', 'T-PDG']",4
dataset/0/WELL-00002_20170810210000.parquet,WELL-00002_20170810210000.parquet,0,REAL,WELL-00002,21412,1.0,21411.0,3600,3600,-1,0,21412,False,{'0': 17812},23,"['ABER-CKGL', 'ABER-CKP', 'ESTADO-DHSV', 'ESTADO-M1', 'ESTADO-M2', 'ESTADO-PXO', 'ESTADO-SDV-GL', 'ESTADO-SDV-P', 'ESTADO-W1', 'ESTADO-W2', 'ESTADO-XO', 'P-JUS-BS', 'P-JUS-CKGL', 'P-JUS-CKP', 'P-MON-CKGL', 'P-MON-CKP', 'P-MON-SDV-P', 'PT-P', 'QBS', 'QGL', 'T-JUS-CKP', 'T-MON-CKP', 'T-PDG']",0
dataset/0/WELL-00002_20170811020000.parquet,WELL-00002_20170811020000.parquet,0,REAL,WELL-00002,21520,1.0,21519.0,3600,3600,-1,0,21520,False,{'0': 17920},23,"['ABER-CKGL', 'ABER-CKP', 'ESTADO-DHSV', 'ESTADO-M1', 'ESTADO-M2', 'ESTADO-PXO', 'ESTADO-SDV-GL', 'ESTADO-SDV-P', 'ESTADO-W1', 'ESTADO-W2', 'ESTADO-XO', 'P-JUS-BS', 'P-JUS-CKGL', 'P-JUS-CKP', 'P-MON-CKGL', 'P-MON-CKP', 'P-MON-SDV-P', 'PT-P', 'QBS', 'QGL', 'T-JUS-CKP', 'T-MON-CKP', 'T-PDG']",0
dataset/0/WELL-00002_20170811070000.parquet,WELL-00002_20170811070000.parquet,0,REAL,WELL-00002,21466,1.0,21465.0,3600,3600,-1,0,21466,False,{'0': 17866},23,"['ABER-CKGL', 'ABER-CKP', 'ESTADO-DHSV', 'ESTADO-M1', 'ESTADO-M2', 'ESTADO-PXO', 'ESTADO-SDV-GL', 'ESTADO-SDV-P', 'ESTADO-W1', 'ESTADO-W2', 'ESTADO-XO', 'P-JUS-BS', 'P-JUS-CKGL', 'P-JUS-CKP', 'P-MON-CKGL', 'P-MON-CKP', 'P-MON-SDV-P', 'PT-P', 'QBS', 'QGL', 'T-JUS-CKP', 'T-MON-CKP', 'T-PDG']",0
dataset/0/WELL-00002_20170811120000.parquet,WELL-00002_20170811120000.parquet,0,REAL,WELL-00002,21075,1.0,21074.0,3600,3600,-1,0,21075,False,{'0': 17475},23,"['ABER-CKGL', 'ABER-CKP', 'ESTADO-DHSV', 'ESTADO-M1', 'ESTADO-M2', 'ESTADO-PXO', 'ESTADO-SDV-GL', 'ESTADO-SDV-P', 'ESTADO-W1', 'ESTADO-W2', 'ESTADO-XO', 'P-JUS-BS', 'P-JUS-CKGL', 'P-JUS-CKP', 'P-MON-CKGL', 'P-MON-CKP', 'P-MON-SDV-P', 'PT-P', 'QBS', 'QGL', 'T-JUS-CKP', 'T-MON-CKP', 'T-PDG']",0
dataset/0/WELL-00002_20170811170000.parquet,WELL-00002_20170811170000.parquet,0,REAL,WELL-00002,21547,1.0,21546.0,3600,3600,-1,0,21547,False,{'0': 17947},23,"['ABER-CKGL', 'ABER-CKP', 'ESTADO-DHSV', 'ESTADO-M1', 'ESTADO-M2', 'ESTADO-PXO', 'ESTADO-SDV-GL', 'ESTADO-SDV-P', 'ESTADO-W1', 'ESTADO-W2', 'ESTADO-XO', 'P-JUS-BS', 'P-JUS-CKGL', 'P-JUS-CKP', 'P-MON-CKGL', 'P-MON-CKP', 'P-MON-SDV-P', 'PT-P', 'QBS', 'QGL', 'T-JUS-CKP', 'T-MON-CKP', 'T-PDG']",0
dataset/0/WELL-00002_20170811220000.parquet,WELL-00002_20170811220000.parquet,0,REAL,WELL-00002,21506,1.0,21505.0,3600,3600,-1,0,21506,False,{'0': 17906},23,"['ABER-CKGL', 'ABER-CKP', 'ESTADO-DHSV', 'ESTADO-M1', 'ESTADO-M2', 'ESTADO-PXO', 'ESTADO-SDV-GL', 'ESTADO-SDV-P', 'ESTADO-W1', 'ESTADO-W2', 'ESTADO-XO', 'P-JUS-BS', 'P-JUS-CKGL', 'P-JUS-CKP', 'P-MON-CKGL', 'P-MON-CKP', 'P-MON-SDV-P', 'PT-P', 'QBS', 'QGL', 'T-JUS-CKP', 'T-MON-CKP', 'T-PDG']",0
dataset/0/WELL-00002_20170812030000.parquet,WELL-00002_20170812030000.parquet,0,REAL,WELL-00002,21560,1.0,21559.0,3600,3600,-1,0,21560,False,{'0': 17960},23,"['ABER-CKGL', 'ABER-CKP', 'ESTADO-DHSV', 'ESTADO-M1', 'ESTADO-M2', 'ESTADO-PXO', 'ESTADO-SDV-GL', 'ESTADO-SDV-P', 'ESTADO-W1', 'ESTADO-W2', 'ESTADO-XO', 'P-JUS-BS', 'P-JUS-CKGL', 'P-JUS-CKP', 'P-MON-CKGL', 'P-MON-CKP', 'P-MON-SDV-P', 'PT-P', 'QBS', 'QGL', 'T-JUS-CKP', 'T-MON-CKP', 'T-PDG']",0
dataset/0/WELL-00002_20170812080000.parquet,WELL-00002_20170812080000.parquet,0,REAL,WELL-00002,21520,1.0,21519.0,3600,3600,-1,0,21520,False,{'0': 17920},23,"['ABER-CKGL', 'ABER-CKP', 'ESTADO-DHSV', 'ESTADO-M1', 'ESTADO-M2', 'ESTADO-PXO', 'ESTADO-SDV-GL', 'ESTADO-SDV-P', 'ESTADO-W1', 'ESTADO-W2', 'ESTADO-XO', 'P-JUS-BS', 'P-JUS-CKGL', 'P-JUS-CKP', 'P-MON-CKGL', 'P-MON-CKP', 'P-MON-SDV-P', 'PT-P', 'QBS', 'QGL', 'T-JUS-CKP', 'T-MON-CKP', 'T-PDG']",0
dataset/0/WELL-00002_20170812130000.parquet,WELL-00002_20170812130000.parquet,0,REAL,WELL-00002,21142,1.0,21141.0,3600,3600,-1,0,21142,False,{'0': 17542},23,"['ABER-CKGL', 'ABER-CKP', 'ESTADO-DHSV', 'ESTADO-M1', 'ESTADO-M2', 'ESTADO-PXO', 'ESTADO-SDV-GL', 'ESTADO-SDV-P', 'ESTADO-W1', 'ESTADO-W2', 'ESTADO-XO', 'P-JUS-BS', 'P-JUS-CKGL', 'P-JUS-CKP', 'P-MON-CKGL', 'P-MON-CKP', 'P-MON-SDV-P', 'PT-P', 'QBS', 'QGL', 'T-JUS-CKP', 'T-MON-CKP', 'T-PDG']",0
dataset/0/WELL-00002_20170812180000.parquet,WELL-00002_20170812180000.parquet,0,REAL,WELL-00002,21439,1.0,21438.0,3600,3600,-1,0,21439,False,{'0': 17839},23,"['ABER-CKGL', 'ABER-CKP', 'ESTADO-DHSV', 'ESTADO-M1', 'ESTADO-M2', 'ESTADO-PXO', 'ESTADO-SDV-GL', 'ESTADO-SDV-P', 'ESTADO-W1', 'ESTADO-W2', 'ESTADO-XO', 'P-JUS-BS', 'P-JUS-CKGL', 'P-JUS-CKP', 'P-MON-CKGL', 'P-MON-CKP', 'P-MON-SDV-P', 'PT-P', 'QBS', 'QGL', 'T-JUS-CKP', 'T-MON-CKP', 'T-PDG']",0
dataset/0/WELL-00002_20170812230000.parquet,WELL-00002_20170812230000.parquet,0,REAL,WELL-00002,21506,1.0,21505.0,3600,3600,-1,0,21506,False,{'0': 17906},23,"['ABER-CKGL', 'ABER-CKP', 'ESTADO-DHSV', 'ESTADO-M1', 'ESTADO-M2', 'ESTADO-PXO', 'ESTADO-SDV-GL', 'ESTADO-SDV-P', 'ESTADO-W1', 'ESTADO-W2', 'ESTADO-XO', 'P-JUS-BS', 'P-JUS-CKGL', 'P-JUS-CKP', 'P-MON-CKGL', 'P-MON-CKP', 'P-MON-SDV-P', 'PT-P', 'QBS', 'QGL', 'T-JUS-CKP', 'T-MON-CKP', 'T-PDG']",0
dataset/0/WELL-00002_20170813040000.parquet,WELL-00002_20170813040000.parquet,0,REAL,WELL-00002,21560,1.0,21559.0,3600,3600,-1,0,21560,False,{'0': 17960},23,"['ABER-CKGL', 'ABER-CKP', 'ESTADO-DHSV', 'ESTADO-M1', 'ESTADO-M2', 'ESTADO-PXO', 'ESTADO-SDV-GL', 'ESTADO-SDV-P', 'ESTADO-W1', 'ESTADO-W2', 'ESTADO-XO', 'P-JUS-BS', 'P-JUS-CKGL', 'P-JUS-CKP', 'P-MON-CKGL', 'P-MON-CKP', 'P-MON-SDV-P', 'PT-P', 'QBS', 'QGL', 'T-JUS-CKP', 'T-MON-CKP', 'T-PDG']",0
dataset/0/WELL-00002_20170813090000.parquet,WELL-00002_20170813090000.parquet,0,REAL,WELL-00002,21520,1.0,21519.0,3600,3600,-1,0,21520,False,{'0': 17920},23,"['ABER-CKGL', 'ABER-CKP', 'ESTADO-DHSV', 'ESTADO-M1', 'ESTADO-M2', 'ESTADO-PXO', 'ESTADO-SDV-GL', 'ESTADO-SDV-P', 'ESTADO-W1', 'ESTADO-W2', 'ESTADO-XO', 'P-JUS-BS', 'P-JUS-CKGL', 'P-JUS-CKP', 'P-MON-CKGL', 'P-MON-CKP', 'P-MON-SDV-P', 'PT-P', 'QBS', 'QGL', 'T-JUS-CKP', 'T-MON-CKP', 'T-PDG']",0
dataset/0/WELL-00002_20170813140000.parquet,WELL-00002_20170813140000.parquet,0,REAL,WELL-00002,21528,1.0,21527.0,3600,3600,-1,0,21528,False,{'0': 17928},23,"['ABER-CKGL', 'ABER-CKP', 'ESTADO-DHSV', 'ESTADO-M1', 'ESTADO-M2', 'ESTADO-PXO', 'ESTADO-SDV-GL', 'ESTADO-SDV-P', 'ESTADO-W1', 'ESTADO-W2', 'ESTADO-XO', 'P-JUS-BS', 'P-JUS-CKGL', 'P-JUS-CKP', 'P-MON-CKGL', 'P-MON-CKP', 'P-MON-SDV-P', 'PT-P', 'QBS', 'QGL', 'T-JUS-CKP', 'T-MON-CKP', 'T-PDG']",0
dataset/0/WELL-00003_20170514000000.parquet,WELL-00003_20170514000000.parquet,0,REAL,WELL-00003,21532,1.0,21531.0,3600,3600,-1,0,21532,False,{'0': 17932},17,"['ABER-CKGL', 'ABER-CKP', 'ESTADO-DHSV', 'ESTADO-M1', 'ESTADO-M2', 'ESTADO-SDV-GL', 'ESTADO-W1', 'P-JUS-BS', 'P-JUS-CKGL', 'P-JUS-CKP', 'P-MON-CKGL', 'P-MON-SDV-P', 'PT-P', 'QBS', 'T-JUS-CKP', 'T-MON-CKP', 'T-PDG']",0
dataset/0/WELL-00003_20170514050000.parquet,WELL-00003_20170514050000.parquet,0,REAL,WELL-00003,21166,1.0,21165.0,3600,3600,-1,0,21166,False,{'0': 17566},17,"['ABER-CKGL', 'ABER-CKP', 'ESTADO-DHSV', 'ESTADO-M1', 'ESTADO-M2', 'ESTADO-SDV-GL', 'ESTADO-W1', 'P-JUS-BS', 'P-JUS-CKGL', 'P-JUS-CKP', 'P-MON-CKGL', 'P-MON-SDV-P', 'PT-P', 'QBS', 'T-JUS-CKP', 'T-MON-CKP', 'T-PDG']",4
dataset/0/WELL-00003_20170514100000.parquet,WELL-00003_20170514100000.parquet,0,REAL,WELL-00003,21239,1.0,21238.0,3600,3600,-1,0,21239,False,{'0': 17639},17,"['ABER-CKGL', 'ABER-CKP', 'ESTADO-DHSV', 'ESTADO-M1', 'ESTADO-M2', 'ESTADO-SDV-GL', 'ESTADO-W1', 'P-JUS-BS', 'P-JUS-CKGL', 'P-JUS-CKP', 'P-MON-CKGL', 'P-MON-SDV-P', 'PT-P', 'QBS', 'T-JUS-CKP', 'T-MON-CKP', 'T-PDG']",8
dataset/0/WELL-00003_20170514150000.parquet,WELL-00003_20170514150000.parquet,0,REAL,WELL-00003,21227,1.0,21226.0,3600,3600,-1,0,21227,False,{'0': 17627},17,"['ABER-CKGL', 'ABER-CKP', 'ESTADO-DHSV', 'ESTADO-M1', 'ESTADO-M2', 'ESTADO-SDV-GL', 'ESTADO-W1', 'P-JUS-BS', 'P-JUS-CKGL', 'P-JUS-CKP', 'P-MON-CKGL', 'P-MON-SDV-P', 'PT-P', 'QBS', 'T-JUS-CKP', 'T-MON-CKP', 'T-PDG']",4
dataset/0/WELL-00003_20170807090000.parquet,WELL-00003_20170807090000.parquet,0,REAL,WELL-00003,21575,1.0,21574.0,3600,3600,-1,0,21575,False,{'0': 17975},17,"['ABER-CKGL', 'ABER-CKP', 'ESTADO-DHSV', 'ESTADO-M1', 'ESTADO-M2', 'ESTADO-SDV-GL', 'ESTADO-W1', 'P-JUS-BS', 'P-JUS-CKGL', 'P-JUS-CKP', 'P-MON-CKGL', 'P-MON-SDV-P', 'PT-P', 'QBS', 'T-JUS-CKP', 'T-MON-CKP', 'T-PDG']",0
dataset/0/WELL-00003_20170812010116.parquet,WELL-00003_20170812010116.parquet,0,REAL,WELL-00003,21186,1.0,21185.0,3600,3600,-1,0,21186,False,{'0': 17586},17,"['ABER-CKGL', 'ABER-CKP', 'ESTADO-DHSV', 'ESTADO-M1', 'ESTADO-M2', 'ESTADO-SDV-GL', 'ESTADO-W1', 'P-JUS-BS', 'P-JUS-CKGL', 'P-JUS-CKP', 'P-MON-CKGL', 'P-MON-SDV-P', 'PT-P', 'QBS', 'T-JUS-CKP', 'T-MON-CKP', 'T-PDG']",4
dataset/0/WELL-00003_20170812060038.parquet,WELL-00003_20170812060038.parquet,0,REAL,WELL-00003,21311,1.0,21310.0,3600,3600,-1,0,21311,False,{'0': 17711},17,"['ABER-CKGL', 'ABER-CKP', 'ESTADO-DHSV', 'ESTADO-M1', 'ESTADO-M2', 'ESTADO-SDV-GL', 'ESTADO-W1', 'P-JUS-BS', 'P-JUS-CKGL', 'P-JUS-CKP', 'P-MON-CKGL', 'P-MON-SDV-P', 'PT-P', 'QBS', 'T-JUS-CKP', 'T-MON-CKP', 'T-PDG']",4
dataset/0/WELL-00003_20170812110000.parquet,WELL-00003_20170812110000.parquet,0,REAL,WELL-00003,21484,1.0,21483.0,3600,3600,-1,0,21484,False,{'0': 17884},17,"['ABER-CKGL', 'ABER-CKP', 'ESTADO-DHSV', 'ESTADO-M1', 'ESTADO-M2', 'ESTADO-SDV-GL', 'ESTADO-W1', 'P-JUS-BS', 'P-JUS-CKGL', 'P-JUS-CKP', 'P-MON-CKGL', 'P-MON-SDV-P', 'PT-P', 'QBS', 'T-JUS-CKP', 'T-MON-CKP', 'T-PDG']",0
dataset/0/WELL-00003_20170812160025.parquet,WELL-00003_20170812160025.parquet,0,REAL,WELL-00003,21458,1.0,21457.0,3600,3600,-1,0,21458,False,{'0': 17858},17,"['ABER-CKGL', 'ABER-CKP', 'ESTADO-DHSV', 'ESTADO-M1', 'ESTADO-M2', 'ESTADO-SDV-GL', 'ESTADO-W1', 'P-JUS-BS', 'P-JUS-CKGL', 'P-JUS-CKP', 'P-MON-CKGL', 'P-MON-SDV-P', 'PT-P', 'QBS', 'T-JUS-CKP', 'T-MON-CKP', 'T-PDG']",4
dataset/0/WELL-00003_20170812210116.parquet,WELL-00003_20170812210116.parquet,0,REAL,WELL-00003,21349,1.0,21348.0,3600,3600,-1,0,21349,False,{'0': 17749},17,"['ABER-CKGL', 'ABER-CKP', 'ESTADO-DHSV', 'ESTADO-M1', 'ESTADO-M2', 'ESTADO-SDV-GL', 'ESTADO-W1', 'P-JUS-BS', 'P-JUS-CKGL', 'P-JUS-CKP', 'P-MON-CKGL', 'P-MON-SDV-P', 'PT-P', 'QBS', 'T-JUS-CKP', 'T-MON-CKP', 'T-PDG']",4
dataset/0/WELL-00003_20170813020000.parquet,WELL-00003_20170813020000.parquet,0,REAL,WELL-00003,21356,1.0,21355.0,3600,3600,-1,0,21356,False,{'0': 17756},17,"['ABER-CKGL', 'ABER-CKP', 'ESTADO-DHSV', 'ESTADO-M1', 'ESTADO-M2', 'ESTADO-SDV-GL', 'ESTADO-W1', 'P-JUS-BS', 'P-JUS-CKGL', 'P-JUS-CKP', 'P-MON-CKGL', 'P-MON-SDV-P', 'PT-P', 'QBS', 'T-JUS-CKP', 'T-MON-CKP', 'T-PDG']",4
dataset/0/WELL-00003_20170813070105.parquet,WELL-00003_20170813070105.parquet,0,REAL,WELL-00003,21448,1.0,21447.0,3600,3600,-1,0,21448,False,{'0': 17848},17,"['ABER-CKGL', 'ABER-CKP', 'ESTADO-DHSV', 'ESTADO-M1', 'ESTADO-M2', 'ESTADO-SDV-GL', 'ESTADO-W1', 'P-JUS-BS', 'P-JUS-CKGL', 'P-JUS-CKP', 'P-MON-CKGL', 'P-MON-SDV-P', 'PT-P', 'QBS', 'T-JUS-CKP', 'T-MON-CKP', 'T-PDG']",4
dataset/0/WELL-00003_20170813120131.parquet,WELL-00003_20170813120131.parquet,0,REAL,WELL-00003,21396,1.0,21395.0,3600,3600,-1,0,21396,False,{'0': 17796},17,"['ABER-CKGL', 'ABER-CKP', 'ESTADO-DHSV', 'ESTADO-M1', 'ESTADO-M2', 'ESTADO-SDV-GL', 'ESTADO-W1', 'P-JUS-BS', 'P-JUS-CKGL', 'P-JUS-CKP', 'P-MON-CKGL', 'P-MON-SDV-P', 'PT-P', 'QBS', 'T-JUS-CKP', 'T-MON-CKP', 'T-PDG']",4
dataset/0/WELL-00003_20170813170118.parquet,WELL-00003_20170813170118.parquet,0,REAL,WELL-00003,21444,1.0,21443.0,3600,3600,-1,0,21444,False,{'0': 17844},17,"['ABER-CKGL', 'ABER-CKP', 'ESTADO-DHSV', 'ESTADO-M1', 'ESTADO-M2', 'ESTADO-SDV-GL', 'ESTADO-W1', 'P-JUS-BS', 'P-JUS-CKGL', 'P-JUS-CKP', 'P-MON-CKGL', 'P-MON-SDV-P', 'PT-P', 'QBS', 'T-JUS-CKP', 'T-MON-CKP', 'T-PDG']",4
dataset/0/WELL-00003_20170820220053.parquet,WELL-00003_20170820220053.parquet,0,REAL,WELL-00003,21548,1.0,21547.0,3600,3600,-1,0,21548,False,{'0': 17948},17,"['ABER-CKGL', 'ABER-CKP', 'ESTADO-DHSV', 'ESTADO-M1', 'ESTADO-M2', 'ESTADO-SDV-GL', 'ESTADO-W1', 'P-JUS-BS', 'P-JUS-CKGL', 'P-JUS-CKP', 'P-MON-CKGL', 'P-MON-SDV-P', 'PT-P', 'QBS', 'T-JUS-CKP', 'T-MON-CKP', 'T-PDG']",0
dataset/0/WELL-00003_20170821030114.parquet,WELL-00003_20170821030114.parquet,0,REAL,WELL-00003,21527,1.0,21526.0,3600,3600,-1,0,21527,False,{'0': 17927},17,"['ABER-CKGL', 'ABER-CKP', 'ESTADO-DHSV', 'ESTADO-M1', 'ESTADO-M2', 'ESTADO-SDV-GL', 'ESTADO-W1', 'P-JUS-BS', 'P-JUS-CKGL', 'P-JUS-CKP', 'P-MON-CKGL', 'P-MON-SDV-P', 'PT-P', 'QBS', 'T-JUS-CKP', 'T-MON-CKP', 'T-PDG']",0
dataset/0/WELL-00003_20170821080300.parquet,WELL-00003_20170821080300.parquet,0,REAL,WELL-00003,21421,1.0,21420.0,3600,3600,-1,0,21421,False,{'0': 17821},17,"['ABER-CKGL', 'ABER-CKP', 'ESTADO-DHSV', 'ESTADO-M1', 'ESTADO-M2', 'ESTADO-SDV-GL', 'ESTADO-W1', 'P-JUS-BS', 'P-JUS-CKGL', 'P-JUS-CKP', 'P-MON-CKGL', 'P-MON-SDV-P', 'PT-P', 'QBS', 'T-JUS-CKP', 'T-MON-CKP', 'T-PDG']",0
dataset/0/WELL-00003_20170821130207.parquet,WELL-00003_20170821130207.parquet,0,REAL,WELL-00003,21474,1.0,21473.0,3600,3600,-1,0,21474,False,{'0': 17874},17,"['ABER-CKGL', 'ABER-CKP', 'ESTADO-DHSV', 'ESTADO-M1', 'ESTADO-M2', 'ESTADO-SDV-GL', 'ESTADO-W1', 'P-JUS-BS', 'P-JUS-CKGL', 'P-JUS-CKP', 'P-MON-CKGL', 'P-MON-SDV-P', 'PT-P', 'QBS', 'T-JUS-CKP', 'T-MON-CKP', 'T-PDG']",0
dataset/0/WELL-00003_20170914100000.parquet,WELL-00003_20170914100000.parquet,0,REAL,WELL-00003,21510,1.0,21509.0,3600,3600,-1,0,21510,False,{'0': 17910},17,"['ABER-CKGL', 'ABER-CKP', 'ESTADO-DHSV', 'ESTADO-M1', 'ESTADO-M2', 'ESTADO-SDV-GL', 'ESTADO-W1', 'P-JUS-BS', 'P-JUS-CKGL', 'P-JUS-CKP', 'P-MON-CKGL', 'P-MON-SDV-P', 'PT-P', 'QBS', 'T-JUS-CKP', 'T-MON-CKP', 'T-PDG']",0
dataset/0/WELL-00003_20170914150000.parquet,WELL-00003_20170914150000.parquet,0,REAL,WELL-00003,21484,1.0,21483.0,3600,3600,-1,0,21484,False,{'0': 17884},17,"['ABER-CKGL', 'ABER-CKP', 'ESTADO-DHSV', 'ESTADO-M1', 'ESTADO-M2', 'ESTADO-SDV-GL', 'ESTADO-W1', 'P-JUS-BS', 'P-JUS-CKGL', 'P-JUS-CKP', 'P-MON-CKGL', 'P-MON-SDV-P', 'PT-P', 'QBS', 'T-JUS-CKP', 'T-MON-CKP', 'T-PDG']",0
dataset/0/WELL-00003_20170914200000.parquet,WELL-00003_20170914200000.parquet,0,REAL,WELL-00003,21536,1.0,21535.0,3600,3600,-1,0,21536,False,{'0': 17936},17,"['ABER-CKGL', 'ABER-CKP', 'ESTADO-DHSV', 'ESTADO-M1', 'ESTADO-M2', 'ESTADO-SDV-GL', 'ESTADO-W1', 'P-JUS-BS', 'P-JUS-CKGL', 'P-JUS-CKP', 'P-MON-CKGL', 'P-MON-SDV-P', 'PT-P', 'QBS', 'T-JUS-CKP', 'T-MON-CKP', 'T-PDG']",0
dataset/0/WELL-00003_20170915010000.parquet,WELL-00003_20170915010000.parquet,0,REAL,WELL-00003,21484,1.0,21483.0,3600,3600,-1,0,21484,False,{'0': 17884},17,"['ABER-CKGL', 'ABER-CKP', 'ESTADO-DHSV', 'ESTADO-M1', 'ESTADO-M2', 'ESTADO-SDV-GL', 'ESTADO-W1', 'P-JUS-BS', 'P-JUS-CKGL', 'P-JUS-CKP', 'P-MON-CKGL', 'P-MON-SDV-P', 'PT-P', 'QBS', 'T-JUS-CKP', 'T-MON-CKP', 'T-PDG']",0
dataset/0/WELL-00003_20170915060000.parquet,WELL-00003_20170915060000.parquet,0,REAL,WELL-00003,21458,1.0,21457.0,3600,3600,-1,0,21458,False,{'0': 17858},17,"['ABER-CKGL', 'ABER-CKP', 'ESTADO-DHSV', 'ESTADO-M1', 'ESTADO-M2', 'ESTADO-SDV-GL', 'ESTADO-W1', 'P-JUS-BS', 'P-JUS-CKGL', 'P-JUS-CKP', 'P-MON-CKGL', 'P-MON-SDV-P', 'PT-P', 'QBS', 'T-JUS-CKP', 'T-MON-CKP', 'T-PDG']",0
dataset/0/WELL-00003_20170915110000.parquet,WELL-00003_20170915110000.parquet,0,REAL,WELL-00003,21432,1.0,21431.0,3600,3600,-1,0,21432,False,{'0': 17832},17,"['ABER-CKGL', 'ABER-CKP', 'ESTADO-DHSV', 'ESTADO-M1', 'ESTADO-M2', 'ESTADO-SDV-GL', 'ESTADO-W1', 'P-JUS-BS', 'P-JUS-CKGL', 'P-JUS-CKP', 'P-MON-CKGL', 'P-MON-SDV-P', 'PT-P', 'QBS', 'T-JUS-CKP', 'T-MON-CKP', 'T-PDG']",0
dataset/0/WELL-00003_20170915160000.parquet,WELL-00003_20170915160000.parquet,0,REAL,WELL-00003,21549,1.0,21548.0,3600,3600,-1,0,21549,False,{'0': 17949},17,"['ABER-CKGL', 'ABER-CKP', 'ESTADO-DHSV', 'ESTADO-M1', 'ESTADO-M2', 'ESTADO-SDV-GL', 'ESTADO-W1', 'P-JUS-BS', 'P-JUS-CKGL', 'P-JUS-CKP', 'P-MON-CKGL', 'P-MON-SDV-P', 'PT-P', 'QBS', 'T-JUS-CKP', 'T-MON-CKP', 'T-PDG']",0
dataset/0/WELL-00003_20170915210000.parquet,WELL-00003_20170915210000.parquet,0,REAL,WELL-00003,21549,1.0,21548.0,3600,3600,-1,0,21549,False,{'0': 17949},17,"['ABER-CKGL', 'ABER-CKP', 'ESTADO-DHSV', 'ESTADO-M1', 'ESTADO-M2', 'ESTADO-SDV-GL', 'ESTADO-W1', 'P-JUS-BS', 'P-JUS-CKGL', 'P-JUS-CKP', 'P-MON-CKGL', 'P-MON-SDV-P', 'PT-P', 'QBS', 'T-JUS-CKP', 'T-MON-CKP', 'T-PDG']",0
dataset/0/WELL-00004_20140806210033.parquet,WELL-00004_20140806210033.parquet,0,REAL,WELL-00004,10768,1.0,10767.0,3600,3600,-1,0,10768,False,{'0': 7168},11,"['ESTADO-SDV-GL', 'ESTADO-SDV-P', 'P-JUS-BS', 'P-JUS-CKGL', 'P-JUS-CKP', 'P-MON-CKGL', 'P-MON-SDV-P', 'PT-P', 'QBS', 'QGL', 'T-MON-CKP']",0
dataset/0/WELL-00004_20140806230129.parquet,WELL-00004_20140806230129.parquet,0,REAL,WELL-00004,10712,1.0,10711.0,3600,3600,-1,0,10712,False,{'0': 7112},11,"['ESTADO-SDV-GL', 'ESTADO-SDV-P', 'P-JUS-BS', 'P-JUS-CKGL', 'P-JUS-CKP', 'P-MON-CKGL', 'P-MON-SDV-P', 'PT-P', 'QBS', 'QGL', 'T-MON-CKP']",0
dataset/0/WELL-00004_20140807010107.parquet,WELL-00004_20140807010107.parquet,0,REAL,WELL-00004,10734,1.0,10733.0,3600,3600,-1,0,10734,False,{'0': 7134},11,"['ESTADO-SDV-GL', 'ESTADO-SDV-P', 'P-JUS-BS', 'P-JUS-CKGL', 'P-JUS-CKP', 'P-MON-CKGL', 'P-MON-SDV-P', 'PT-P', 'QBS', 'QGL', 'T-MON-CKP']",0
dataset/0/WELL-00004_20140807030137.parquet,WELL-00004_20140807030137.parquet,0,REAL,WELL-00004,10704,1.0,10703.0,3600,3600,-1,0,10704,False,{'0': 7104},11,"['ESTADO-SDV-GL', 'ESTADO-SDV-P', 'P-JUS-BS', 'P-JUS-CKGL', 'P-JUS-CKP', 'P-MON-CKGL', 'P-MON-SDV-P', 'PT-P', 'QBS', 'QGL', 'T-MON-CKP']",0
dataset/0/WELL-00004_20140807050141.parquet,WELL-00004_20140807050141.parquet,0,REAL,WELL-00004,10700,1.0,10699.0,3600,3600,-1,0,10700,False,{'0': 7100},11,"['ESTADO-SDV-GL', 'ESTADO-SDV-P', 'P-JUS-BS', 'P-JUS-CKGL', 'P-JUS-CKP', 'P-MON-CKGL', 'P-MON-SDV-P', 'PT-P', 'QBS', 'QGL', 'T-MON-CKP']",0
dataset/0/WELL-00004_20140807070055.parquet,WELL-00004_20140807070055.parquet,0,REAL,WELL-00004,10746,1.0,10745.0,3600,3600,-1,0,10746,False,{'0': 7146},11,"['ESTADO-SDV-GL', 'ESTADO-SDV-P', 'P-JUS-BS', 'P-JUS-CKGL', 'P-JUS-CKP', 'P-MON-CKGL', 'P-MON-SDV-P', 'PT-P', 'QBS', 'QGL', 'T-MON-CKP']",0
dataset/0/WELL-00004_20140807090112.parquet,WELL-00004_20140807090112.parquet,0,REAL,WELL-00004,10729,1.0,10728.0,3600,3600,-1,0,10729,False,{'0': 7129},11,"['ESTADO-SDV-GL', 'ESTADO-SDV-P', 'P-JUS-BS', 'P-JUS-CKGL', 'P-JUS-CKP', 'P-MON-CKGL', 'P-MON-SDV-P', 'PT-P', 'QBS', 'QGL', 'T-MON-CKP']",0
dataset/0/WELL-00004_20140807110112.parquet,WELL-00004_20140807110112.parquet,0,REAL,WELL-00004,10729,1.0,10728.0,3600,3600,-1,0,10729,False,{'0': 7129},11,"['ESTADO-SDV-GL', 'ESTADO-SDV-P', 'P-JUS-BS', 'P-JUS-CKGL', 'P-JUS-CKP', 'P-MON-CKGL', 'P-MON-SDV-P', 'PT-P', 'QBS', 'QGL', 'T-MON-CKP']",0
dataset/0/WELL-00004_20140807130038.parquet,WELL-00004_20140807130038.parquet,0,REAL,WELL-00004,10763,1.0,10762.0,3600,3600,-1,0,10763,False,{'0': 7163},11,"['ESTADO-SDV-GL', 'ESTADO-SDV-P', 'P-JUS-BS', 'P-JUS-CKGL', 'P-JUS-CKP', 'P-MON-CKGL', 'P-MON-SDV-P', 'PT-P', 'QBS', 'QGL', 'T-MON-CKP']",0
dataset/0/WELL-00004_20140807150311.parquet,WELL-00004_20140807150311.parquet,0,REAL,WELL-00004,10610,1.0,10609.0,3600,3600,-1,0,10610,False,{'0': 7010},11,"['ESTADO-SDV-GL', 'ESTADO-SDV-P', 'P-JUS-BS', 'P-JUS-CKGL', 'P-JUS-CKP', 'P-MON-CKGL', 'P-MON-SDV-P', 'PT-P', 'QBS', 'QGL', 'T-MON-CKP']",0
dataset/0/WELL-00004_20140807170050.parquet,WELL-00004_20140807170050.parquet,0,REAL,WELL-00004,10751,1.0,10750.0,3600,3600,-1,0,10751,False,{'0': 7151},11,"['ESTADO-SDV-GL', 'ESTADO-SDV-P', 'P-JUS-BS', 'P-JUS-CKGL', 'P-JUS-CKP', 'P-MON-CKGL', 'P-MON-SDV-P', 'PT-P', 'QBS', 'QGL', 'T-MON-CKP']",0
dataset/0/WELL-00004_20140807190042.parquet,WELL-00004_20140807190042.parquet,0,REAL,WELL-00004,10759,1.0,10758.0,3600,3600,-1,0,10759,False,{'0': 7159},11,"['ESTADO-SDV-GL', 'ESTADO-SDV-P', 'P-JUS-BS', 'P-JUS-CKGL', 'P-JUS-CKP', 'P-MON-CKGL', 'P-MON-SDV-P', 'PT-P', 'QBS', 'QGL', 'T-MON-CKP']",0
dataset/0/WELL-00005_20170331050014.parquet,WELL-00005_20170331050014.parquet,0,REAL,WELL-00005,21514,1.0,21513.0,3600,3600,-1,0,21514,False,{'0': 17914},11,"['ESTADO-SDV-GL', 'P-JUS-BS', 'P-JUS-CKP', 'P-MON-CKGL', 'P-MON-SDV-P', 'P-PDG', 'PT-P', 'QBS', 'QGL', 'T-MON-CKP', 'T-PDG']",0
dataset/0/WELL-00005_20170331100000.parquet,WELL-00005_20170331100000.parquet,0,REAL,WELL-00005,21455,1.0,21454.0,3600,3600,-1,0,21455,False,{'0': 17855},11,"['ESTADO-SDV-GL', 'P-JUS-BS', 'P-JUS-CKP', 'P-MON-CKGL', 'P-MON-SDV-P', 'P-PDG', 'PT-P', 'QBS', 'QGL', 'T-MON-CKP', 'T-PDG']",0
dataset/0/WELL-00005_20170331150000.parquet,WELL-00005_20170331150000.parquet,0,REAL,WELL-00005,21513,1.0,21512.0,3600,3600,-1,0,21513,False,{'0': 17913},11,"['ESTADO-SDV-GL', 'P-JUS-BS', 'P-JUS-CKP', 'P-MON-CKGL', 'P-MON-SDV-P', 'P-PDG', 'PT-P', 'QBS', 'QGL', 'T-MON-CKP', 'T-PDG']",0
dataset/0/WELL-00005_20170331200112.parquet,WELL-00005_20170331200112.parquet,0,REAL,WELL-00005,21529,1.0,21528.0,3600,3600,-1,0,21529,False,{'0': 17929},11,"['ESTADO-SDV-GL', 'P-JUS-BS', 'P-JUS-CKP', 'P-MON-CKGL', 'P-MON-SDV-P', 'P-PDG', 'PT-P', 'QBS', 'QGL', 'T-MON-CKP', 'T-PDG']",0
dataset/0/WELL-00005_20170401010000.parquet,WELL-00005_20170401010000.parquet,0,REAL,WELL-00005,21499,1.0,21498.0,3600,3600,-1,0,21499,False,{'0': 17899},11,"['ESTADO-SDV-GL', 'P-JUS-BS', 'P-JUS-CKP', 'P-MON-CKGL', 'P-MON-SDV-P', 'P-PDG', 'PT-P', 'QBS', 'QGL', 'T-MON-CKP', 'T-PDG']",0
dataset/0/WELL-00005_20170401060000.parquet,WELL-00005_20170401060000.parquet,0,REAL,WELL-00005,21542,1.0,21541.0,3600,3600,-1,0,21542,False,{'0': 17942},11,"['ESTADO-SDV-GL', 'P-JUS-BS', 'P-JUS-CKP', 'P-MON-CKGL', 'P-MON-SDV-P', 'P-PDG', 'PT-P', 'QBS', 'QGL', 'T-MON-CKP', 'T-PDG']",0
dataset/0/WELL-00005_20170401110141.parquet,WELL-00005_20170401110141.parquet,0,REAL,WELL-00005,21470,1.0,21469.0,3600,3600,-1,0,21470,False,{'0': 17870},11,"['ESTADO-SDV-GL', 'P-JUS-BS', 'P-JUS-CKP', 'P-MON-CKGL', 'P-MON-SDV-P', 'P-PDG', 'PT-P', 'QBS', 'QGL', 'T-MON-CKP', 'T-PDG']",0
dataset/0/WELL-00005_20170401160000.parquet,WELL-00005_20170401160000.parquet,0,REAL,WELL-00005,21557,1.0,21556.0,3600,3600,-1,0,21557,False,{'0': 17957},11,"['ESTADO-SDV-GL', 'P-JUS-BS', 'P-JUS-CKP', 'P-MON-CKGL', 'P-MON-SDV-P', 'P-PDG', 'PT-P', 'QBS', 'QGL', 'T-MON-CKP', 'T-PDG']",0
dataset/0/WELL-00005_20170401210156.parquet,WELL-00005_20170401210156.parquet,0,REAL,WELL-00005,21455,1.0,21454.0,3600,3600,-1,0,21455,False,{'0': 17855},11,"['ESTADO-SDV-GL', 'P-JUS-BS', 'P-JUS-CKP', 'P-MON-CKGL', 'P-MON-SDV-P', 'P-PDG', 'PT-P', 'QBS', 'QGL', 'T-MON-CKP', 'T-PDG']",0
dataset/0/WELL-00005_20170402020029.parquet,WELL-00005_20170402020029.parquet,0,REAL,WELL-00005,21470,1.0,21469.0,3600,3600,-1,0,21470,False,{'0': 17870},11,"['ESTADO-SDV-GL', 'P-JUS-BS', 'P-JUS-CKP', 'P-MON-CKGL', 'P-MON-SDV-P', 'P-PDG', 'PT-P', 'QBS', 'QGL', 'T-MON-CKP', 'T-PDG']",0
dataset/0/WELL-00005_20170402070043.parquet,WELL-00005_20170402070043.parquet,0,REAL,WELL-00005,21499,1.0,21498.0,3600,3600,-1,0,21499,False,{'0': 17899},11,"['ESTADO-SDV-GL', 'P-JUS-BS', 'P-JUS-CKP', 'P-MON-CKGL', 'P-MON-SDV-P', 'P-PDG', 'PT-P', 'QBS', 'QGL', 'T-MON-CKP', 'T-PDG']",0
dataset/0/WELL-00005_20170402120029.parquet,WELL-00005_20170402120029.parquet,0,REAL,WELL-00005,21426,1.0,21425.0,3600,3600,-1,0,21426,False,{'0': 17826},11,"['ESTADO-SDV-GL', 'P-JUS-BS', 'P-JUS-CKP', 'P-MON-CKGL', 'P-MON-SDV-P', 'P-PDG', 'PT-P', 'QBS', 'QGL', 'T-MON-CKP', 'T-PDG']",0
dataset/0/WELL-00005_20170402170043.parquet,WELL-00005_20170402170043.parquet,0,REAL,WELL-00005,21470,1.0,21469.0,3600,3600,-1,0,21470,False,{'0': 17870},11,"['ESTADO-SDV-GL', 'P-JUS-BS', 'P-JUS-CKP', 'P-MON-CKGL', 'P-MON-SDV-P', 'P-PDG', 'PT-P', 'QBS', 'QGL', 'T-MON-CKP', 'T-PDG']",0
dataset/0/WELL-00005_20170402220127.parquet,WELL-00005_20170402220127.parquet,0,REAL,WELL-00005,21441,1.0,21440.0,3600,3600,-1,0,21441,False,{'0': 17841},11,"['ESTADO-SDV-GL', 'P-JUS-BS', 'P-JUS-CKP', 'P-MON-CKGL', 'P-MON-SDV-P', 'P-PDG', 'PT-P', 'QBS', 'QGL', 'T-MON-CKP', 'T-PDG']",0
dataset/0/WELL-00005_20170403030000.parquet,WELL-00005_20170403030000.parquet,0,REAL,WELL-00005,21484,1.0,21483.0,3600,3600,-1,0,21484,False,{'0': 17884},11,"['ESTADO-SDV-GL', 'P-JUS-BS', 'P-JUS-CKP', 'P-MON-CKGL', 'P-MON-SDV-P', 'P-PDG', 'PT-P', 'QBS', 'QGL', 'T-MON-CKP', 'T-PDG']",0
dataset/0/WELL-00005_20170403080000.parquet,WELL-00005_20170403080000.parquet,0,REAL,WELL-00005,21528,1.0,21527.0,3600,3600,-1,0,21528,False,{'0': 17928},11,"['ESTADO-SDV-GL', 'P-JUS-BS', 'P-JUS-CKP', 'P-MON-CKGL', 'P-MON-SDV-P', 'P-PDG', 'PT-P', 'QBS', 'QGL', 'T-MON-CKP', 'T-PDG']",0
dataset/0/WELL-00005_20170403130000.parquet,WELL-00005_20170403130000.parquet,0,REAL,WELL-00005,21513,1.0,21512.0,3600,3600,-1,0,21513,False,{'0': 17913},11,"['ESTADO-SDV-GL', 'P-JUS-BS', 'P-JUS-CKP', 'P-MON-CKGL', 'P-MON-SDV-P', 'P-PDG', 'PT-P', 'QBS', 'QGL', 'T-MON-CKP', 'T-PDG']",0
dataset/0/WELL-00005_20170403180000.parquet,WELL-00005_20170403180000.parquet,0,REAL,WELL-00005,21484,1.0,21483.0,3600,3600,-1,0,21484,False,{'0': 17884},11,"['ESTADO-SDV-GL', 'P-JUS-BS', 'P-JUS-CKP', 'P-MON-CKGL', 'P-MON-SDV-P', 'P-PDG', 'PT-P', 'QBS', 'QGL', 'T-MON-CKP', 'T-PDG']",0
dataset/0/WELL-00005_20170403230043.parquet,WELL-00005_20170403230043.parquet,0,REAL,WELL-00005,21558,1.0,21557.0,3600,3600,-1,0,21558,False,{'0': 17958},11,"['ESTADO-SDV-GL', 'P-JUS-BS', 'P-JUS-CKP', 'P-MON-CKGL', 'P-MON-SDV-P', 'P-PDG', 'PT-P', 'QBS', 'QGL', 'T-MON-CKP', 'T-PDG']",0
dataset/0/WELL-00005_20170516040046.parquet,WELL-00005_20170516040046.parquet,0,REAL,WELL-00005,14269,1.0,14268.0,3600,3600,-1,0,14269,False,{'0': 10669},11,"['ESTADO-SDV-GL', 'P-JUS-BS', 'P-JUS-CKP', 'P-MON-CKGL', 'P-MON-SDV-P', 'P-PDG', 'PT-P', 'QBS', 'QGL', 'T-MON-CKP', 'T-PDG']",0
dataset/0/WELL-00005_20170516070038.parquet,WELL-00005_20170516070038.parquet,0,REAL,WELL-00005,14363,1.0,14362.0,3600,3600,-1,0,14363,False,{'0': 10763},11,"['ESTADO-SDV-GL', 'P-JUS-BS', 'P-JUS-CKP', 'P-MON-CKGL', 'P-MON-SDV-P', 'P-PDG', 'PT-P', 'QBS', 'QGL', 'T-MON-CKP', 'T-PDG']",0
dataset/0/WELL-00005_20170516100000.parquet,WELL-00005_20170516100000.parquet,0,REAL,WELL-00005,14284,1.0,14283.0,3600,3600,-1,0,14284,False,{'0': 10684},11,"['ESTADO-SDV-GL', 'P-JUS-BS', 'P-JUS-CKP', 'P-MON-CKGL', 'P-MON-SDV-P', 'P-PDG', 'PT-P', 'QBS', 'QGL', 'T-MON-CKP', 'T-PDG']",0
dataset/0/WELL-00005_20170516130007.parquet,WELL-00005_20170516130007.parquet,0,REAL,WELL-00005,14300,1.0,14299.0,3600,3600,-1,0,14300,False,{'0': 10700},11,"['ESTADO-SDV-GL', 'P-JUS-BS', 'P-JUS-CKP', 'P-MON-CKGL', 'P-MON-SDV-P', 'P-PDG', 'PT-P', 'QBS', 'QGL', 'T-MON-CKP', 'T-PDG']",0
dataset/0/WELL-00005_20170516160000.parquet,WELL-00005_20170516160000.parquet,0,REAL,WELL-00005,14330,1.0,14329.0,3600,3600,-1,0,14330,False,{'0': 10730},11,"['ESTADO-SDV-GL', 'P-JUS-BS', 'P-JUS-CKP', 'P-MON-CKGL', 'P-MON-SDV-P', 'P-PDG', 'PT-P', 'QBS', 'QGL', 'T-MON-CKP', 'T-PDG']",0
dataset/0/WELL-00005_20170516190038.parquet,WELL-00005_20170516190038.parquet,0,REAL,WELL-00005,14300,1.0,14299.0,3600,3600,-1,0,14300,False,{'0': 10700},11,"['ESTADO-SDV-GL', 'P-JUS-BS', 'P-JUS-CKP', 'P-MON-CKGL', 'P-MON-SDV-P', 'P-PDG', 'PT-P', 'QBS', 'QGL', 'T-MON-CKP', 'T-PDG']",0
dataset/0/WELL-00005_20170516220000.parquet,WELL-00005_20170516220000.parquet,0,REAL,WELL-00005,14354,1.0,14353.0,3600,3600,-1,0,14354,False,{'0': 10754},11,"['ESTADO-SDV-GL', 'P-JUS-BS', 'P-JUS-CKP', 'P-MON-CKGL', 'P-MON-SDV-P', 'P-PDG', 'PT-P', 'QBS', 'QGL', 'T-MON-CKP', 'T-PDG']",0
dataset/0/WELL-00005_20170812100000.parquet,WELL-00005_20170812100000.parquet,0,REAL,WELL-00005,14133,1.0,14132.0,3600,3600,-1,0,14133,False,{'0': 10533},11,"['ESTADO-SDV-GL', 'P-JUS-BS', 'P-JUS-CKP', 'P-MON-CKGL', 'P-MON-SDV-P', 'P-PDG', 'PT-P', 'QBS', 'QGL', 'T-MON-CKP', 'T-PDG']",0
dataset/0/WELL-00005_20170812130000.parquet,WELL-00005_20170812130000.parquet,0,REAL,WELL-00005,14079,1.0,14078.0,3600,3600,-1,0,14079,False,{'0': 10479},11,"['ESTADO-SDV-GL', 'P-JUS-BS', 'P-JUS-CKP', 'P-MON-CKGL', 'P-MON-SDV-P', 'P-PDG', 'PT-P', 'QBS', 'QGL', 'T-MON-CKP', 'T-PDG']",0
dataset/0/WELL-00005_20170812160000.parquet,WELL-00005_20170812160000.parquet,0,REAL,WELL-00005,13964,1.0,13963.0,3600,3600,-1,0,13964,False,{'0': 10364},11,"['ESTADO-SDV-GL', 'P-JUS-BS', 'P-JUS-CKP', 'P-MON-CKGL', 'P-MON-SDV-P', 'P-PDG', 'PT-P', 'QBS', 'QGL', 'T-MON-CKP', 'T-PDG']",0
dataset/0/WELL-00005_20170812190000.parquet,WELL-00005_20170812190000.parquet,0,REAL,WELL-00005,14133,1.0,14132.0,3600,3600,-1,0,14133,False,{'0': 10533},11,"['ESTADO-SDV-GL', 'P-JUS-BS', 'P-JUS-CKP', 'P-MON-CKGL', 'P-MON-SDV-P', 'P-PDG', 'PT-P', 'QBS', 'QGL', 'T-MON-CKP', 'T-PDG']",0
dataset/0/WELL-00005_20170812220000.parquet,WELL-00005_20170812220000.parquet,0,REAL,WELL-00005,14365,1.0,14364.0,3600,3600,-1,0,14365,False,{'0': 10765},11,"['ESTADO-SDV-GL', 'P-JUS-BS', 'P-JUS-CKP', 'P-MON-CKGL', 'P-MON-SDV-P', 'P-PDG', 'PT-P', 'QBS', 'QGL', 'T-MON-CKP', 'T-PDG']",0
dataset/0/WELL-00005_20170813010000.parquet,WELL-00005_20170813010000.parquet,0,REAL,WELL-00005,14178,1.0,14177.0,3600,3600,-1,0,14178,False,{'0': 10578},11,"['ESTADO-SDV-GL', 'P-JUS-BS', 'P-JUS-CKP', 'P-MON-CKGL', 'P-MON-SDV-P', 'P-PDG', 'PT-P', 'QBS', 'QGL', 'T-MON-CKP', 'T-PDG']",0
dataset/0/WELL-00005_20170813040000.parquet,WELL-00005_20170813040000.parquet,0,REAL,WELL-00005,14124,1.0,14123.0,3600,3600,-1,0,14124,False,{'0': 10524},11,"['ESTADO-SDV-GL', 'P-JUS-BS', 'P-JUS-CKP', 'P-MON-CKGL', 'P-MON-SDV-P', 'P-PDG', 'PT-P', 'QBS', 'QGL', 'T-MON-CKP', 'T-PDG']",0
dataset/0/WELL-00005_20170813070000.parquet,WELL-00005_20170813070000.parquet,0,REAL,WELL-00005,14374,1.0,14373.0,3600,3600,-1,0,14374,False,{'0': 10774},11,"['ESTADO-SDV-GL', 'P-JUS-BS', 'P-JUS-CKP', 'P-MON-CKGL', 'P-MON-SDV-P', 'P-PDG', 'PT-P', 'QBS', 'QGL', 'T-MON-CKP', 'T-PDG']",0
dataset/0/WELL-00005_20170813100000.parquet,WELL-00005_20170813100000.parquet,0,REAL,WELL-00005,14258,1.0,14257.0,3600,3600,-1,0,14258,False,{'0': 10658},11,"['ESTADO-SDV-GL', 'P-JUS-BS', 'P-JUS-CKP', 'P-MON-CKGL', 'P-MON-SDV-P', 'P-PDG', 'PT-P', 'QBS', 'QGL', 'T-MON-CKP', 'T-PDG']",0
dataset/0/WELL-00005_20170813130000.parquet,WELL-00005_20170813130000.parquet,0,REAL,WELL-00005,14347,1.0,14346.0,3600,3600,-1,0,14347,False,{'0': 10747},11,"['ESTADO-SDV-GL', 'P-JUS-BS', 'P-JUS-CKP', 'P-MON-CKGL', 'P-MON-SDV-P', 'P-PDG', 'PT-P', 'QBS', 'QGL', 'T-MON-CKP', 'T-PDG']",0
dataset/0/WELL-00005_20170813160000.parquet,WELL-00005_20170813160000.parquet,0,REAL,WELL-00005,14293,1.0,14292.0,3600,3600,-1,0,14293,False,{'0': 10693},11,"['ESTADO-SDV-GL', 'P-JUS-BS', 'P-JUS-CKP', 'P-MON-CKGL', 'P-MON-SDV-P', 'P-PDG', 'PT-P', 'QBS', 'QGL', 'T-MON-CKP', 'T-PDG']",0
dataset/0/WELL-00005_20170813190000.parquet,WELL-00005_20170813190000.parquet,0,REAL,WELL-00005,14293,1.0,14292.0,3600,3600,-1,0,14293,False,{'0': 10693},11,"['ESTADO-SDV-GL', 'P-JUS-BS', 'P-JUS-CKP', 'P-MON-CKGL', 'P-MON-SDV-P', 'P-PDG', 'PT-P', 'QBS', 'QGL', 'T-MON-CKP', 'T-PDG']",0
dataset/0/WELL-00005_20170813220000.parquet,WELL-00005_20170813220000.parquet,0,REAL,WELL-00005,14356,1.0,14355.0,3600,3600,-1,0,14356,False,{'0': 10756},11,"['ESTADO-SDV-GL', 'P-JUS-BS', 'P-JUS-CKP', 'P-MON-CKGL', 'P-MON-SDV-P', 'P-PDG', 'PT-P', 'QBS', 'QGL', 'T-MON-CKP', 'T-PDG']",0
dataset/0/WELL-00005_20170814010000.parquet,WELL-00005_20170814010000.parquet,0,REAL,WELL-00005,14195,1.0,14194.0,3600,3600,-1,0,14195,False,{'0': 10595},11,"['ESTADO-SDV-GL', 'P-JUS-BS', 'P-JUS-CKP', 'P-MON-CKGL', 'P-MON-SDV-P', 'P-PDG', 'PT-P', 'QBS', 'QGL', 'T-MON-CKP', 'T-PDG']",0
dataset/0/WELL-00005_20170814040000.parquet,WELL-00005_20170814040000.parquet,0,REAL,WELL-00005,14285,1.0,14284.0,3600,3600,-1,0,14285,False,{'0': 10685},11,"['ESTADO-SDV-GL', 'P-JUS-BS', 'P-JUS-CKP', 'P-MON-CKGL', 'P-MON-SDV-P', 'P-PDG', 'PT-P', 'QBS', 'QGL', 'T-MON-CKP', 'T-PDG']",0
dataset/0/WELL-00005_20170814070000.parquet,WELL-00005_20170814070000.parquet,0,REAL,WELL-00005,14320,1.0,14319.0,3600,3600,-1,0,14320,False,{'0': 10720},11,"['ESTADO-SDV-GL', 'P-JUS-BS', 'P-JUS-CKP', 'P-MON-CKGL', 'P-MON-SDV-P', 'P-PDG', 'PT-P', 'QBS', 'QGL', 'T-MON-CKP', 'T-PDG']",0
dataset/0/WELL-00005_20170814100000.parquet,WELL-00005_20170814100000.parquet,0,REAL,WELL-00005,13946,1.0,13945.0,3600,3600,-1,0,13946,False,{'0': 10346},11,"['ESTADO-SDV-GL', 'P-JUS-BS', 'P-JUS-CKP', 'P-MON-CKGL', 'P-MON-SDV-P', 'P-PDG', 'PT-P', 'QBS', 'QGL', 'T-MON-CKP', 'T-PDG']",0
dataset/0/WELL-00005_20170814130000.parquet,WELL-00005_20170814130000.parquet,0,REAL,WELL-00005,14374,1.0,14373.0,3600,3600,-1,0,14374,False,{'0': 10774},11,"['ESTADO-SDV-GL', 'P-JUS-BS', 'P-JUS-CKP', 'P-MON-CKGL', 'P-MON-SDV-P', 'P-PDG', 'PT-P', 'QBS', 'QGL', 'T-MON-CKP', 'T-PDG']",0
dataset/0/WELL-00005_20170814160000.parquet,WELL-00005_20170814160000.parquet,0,REAL,WELL-00005,14062,1.0,14061.0,3600,3600,-1,0,14062,False,{'0': 10462},11,"['ESTADO-SDV-GL', 'P-JUS-BS', 'P-JUS-CKP', 'P-MON-CKGL', 'P-MON-SDV-P', 'P-PDG', 'PT-P', 'QBS', 'QGL', 'T-MON-CKP', 'T-PDG']",0
dataset/0/WELL-00005_20170814190000.parquet,WELL-00005_20170814190000.parquet,0,REAL,WELL-00005,14347,1.0,14346.0,3600,3600,-1,0,14347,False,{'0': 10747},11,"['ESTADO-SDV-GL', 'P-JUS-BS', 'P-JUS-CKP', 'P-MON-CKGL', 'P-MON-SDV-P', 'P-PDG', 'PT-P', 'QBS', 'QGL', 'T-MON-CKP', 'T-PDG']",0
dataset/0/WELL-00005_20170814220000.parquet,WELL-00005_20170814220000.parquet,0,REAL,WELL-00005,14017,1.0,14016.0,3600,3600,-1,0,14017,False,{'0': 10417},11,"['ESTADO-SDV-GL', 'P-JUS-BS', 'P-JUS-CKP', 'P-MON-CKGL', 'P-MON-SDV-P', 'P-PDG', 'PT-P', 'QBS', 'QGL', 'T-MON-CKP', 'T-PDG']",0
dataset/0/WELL-00005_20170815040000.parquet,WELL-00005_20170815040000.parquet,0,REAL,WELL-00005,14266,1.0,14265.0,3600,3600,-1,0,14266,False,{'0': 10666},11,"['ESTADO-SDV-GL', 'P-JUS-BS', 'P-JUS-CKP', 'P-MON-CKGL', 'P-MON-SDV-P', 'P-PDG', 'PT-P', 'QBS', 'QGL', 'T-MON-CKP', 'T-PDG']",0
dataset/0/WELL-00005_20170815070000.parquet,WELL-00005_20170815070000.parquet,0,REAL,WELL-00005,14231,1.0,14230.0,3600,3600,-1,0,14231,False,{'0': 10631},11,"['ESTADO-SDV-GL', 'P-JUS-BS', 'P-JUS-CKP', 'P-MON-CKGL', 'P-MON-SDV-P', 'P-PDG', 'PT-P', 'QBS', 'QGL', 'T-MON-CKP', 'T-PDG']",0
dataset/0/WELL-00005_20170815100000.parquet,WELL-00005_20170815100000.parquet,0,REAL,WELL-00005,14106,1.0,14105.0,3600,3600,-1,0,14106,False,{'0': 10506},11,"['ESTADO-SDV-GL', 'P-JUS-BS', 'P-JUS-CKP', 'P-MON-CKGL', 'P-MON-SDV-P', 'P-PDG', 'PT-P', 'QBS', 'QGL', 'T-MON-CKP', 'T-PDG']",0
dataset/0/WELL-00005_20170815130000.parquet,WELL-00005_20170815130000.parquet,0,REAL,WELL-00005,14267,1.0,14266.0,3600,3600,-1,0,14267,False,{'0': 10667},11,"['ESTADO-SDV-GL', 'P-JUS-BS', 'P-JUS-CKP', 'P-MON-CKGL', 'P-MON-SDV-P', 'P-PDG', 'PT-P', 'QBS', 'QGL', 'T-MON-CKP', 'T-PDG']",0
dataset/0/WELL-00005_20170815160000.parquet,WELL-00005_20170815160000.parquet,0,REAL,WELL-00005,14258,1.0,14257.0,3600,3600,-1,0,14258,False,{'0': 10658},11,"['ESTADO-SDV-GL', 'P-JUS-BS', 'P-JUS-CKP', 'P-MON-CKGL', 'P-MON-SDV-P', 'P-PDG', 'PT-P', 'QBS', 'QGL', 'T-MON-CKP', 'T-PDG']",0
dataset/0/WELL-00005_20170815190000.parquet,WELL-00005_20170815190000.parquet,0,REAL,WELL-00005,14302,1.0,14301.0,3600,3600,-1,0,14302,False,{'0': 10702},11,"['ESTADO-SDV-GL', 'P-JUS-BS', 'P-JUS-CKP', 'P-MON-CKGL', 'P-MON-SDV-P', 'P-PDG', 'PT-P', 'QBS', 'QGL', 'T-MON-CKP', 'T-PDG']",0
dataset/0/WELL-00005_20170815220000.parquet,WELL-00005_20170815220000.parquet,0,REAL,WELL-00005,14276,1.0,14275.0,3600,3600,-1,0,14276,False,{'0': 10676},11,"['ESTADO-SDV-GL', 'P-JUS-BS', 'P-JUS-CKP', 'P-MON-CKGL', 'P-MON-SDV-P', 'P-PDG', 'PT-P', 'QBS', 'QGL', 'T-MON-CKP', 'T-PDG']",0
dataset/0/WELL-00005_20170816010000.parquet,WELL-00005_20170816010000.parquet,0,REAL,WELL-00005,14249,1.0,14248.0,3600,3600,-1,0,14249,False,{'0': 10649},11,"['ESTADO-SDV-GL', 'P-JUS-BS', 'P-JUS-CKP', 'P-MON-CKGL', 'P-MON-SDV-P', 'P-PDG', 'PT-P', 'QBS', 'QGL', 'T-MON-CKP', 'T-PDG']",0
dataset/0/WELL-00005_20170816040000.parquet,WELL-00005_20170816040000.parquet,0,REAL,WELL-00005,14383,1.0,14382.0,3600,3600,-1,0,14383,False,{'0': 10783},11,"['ESTADO-SDV-GL', 'P-JUS-BS', 'P-JUS-CKP', 'P-MON-CKGL', 'P-MON-SDV-P', 'P-PDG', 'PT-P', 'QBS', 'QGL', 'T-MON-CKP', 'T-PDG']",0
dataset/0/WELL-00005_20170816070000.parquet,WELL-00005_20170816070000.parquet,0,REAL,WELL-00005,14311,1.0,14310.0,3600,3600,-1,0,14311,False,{'0': 10711},11,"['ESTADO-SDV-GL', 'P-JUS-BS', 'P-JUS-CKP', 'P-MON-CKGL', 'P-MON-SDV-P', 'P-PDG', 'PT-P', 'QBS', 'QGL', 'T-MON-CKP', 'T-PDG']",0
dataset/0/WELL-00005_20170816100000.parquet,WELL-00005_20170816100000.parquet,0,REAL,WELL-00005,14338,1.0,14337.0,3600,3600,-1,0,14338,False,{'0': 10738},11,"['ESTADO-SDV-GL', 'P-JUS-BS', 'P-JUS-CKP', 'P-MON-CKGL', 'P-MON-SDV-P', 'P-PDG', 'PT-P', 'QBS', 'QGL', 'T-MON-CKP', 'T-PDG']",0
dataset/0/WELL-00005_20170816130000.parquet,WELL-00005_20170816130000.parquet,0,REAL,WELL-00005,14097,1.0,14096.0,3600,3600,-1,0,14097,False,{'0': 10497},11,"['ESTADO-SDV-GL', 'P-JUS-BS', 'P-JUS-CKP', 'P-MON-CKGL', 'P-MON-SDV-P', 'P-PDG', 'PT-P', 'QBS', 'QGL', 'T-MON-CKP', 'T-PDG']",0
dataset/0/WELL-00005_20170816160000.parquet,WELL-00005_20170816160000.parquet,0,REAL,WELL-00005,14204,1.0,14203.0,3600,3600,-1,0,14204,False,{'0': 10604},11,"['ESTADO-SDV-GL', 'P-JUS-BS', 'P-JUS-CKP', 'P-MON-CKGL', 'P-MON-SDV-P', 'P-PDG', 'PT-P', 'QBS', 'QGL', 'T-MON-CKP', 'T-PDG']",0
dataset/0/WELL-00005_20170816190000.parquet,WELL-00005_20170816190000.parquet,0,REAL,WELL-00005,14347,1.0,14346.0,3600,3600,-1,0,14347,False,{'0': 10747},11,"['ESTADO-SDV-GL', 'P-JUS-BS', 'P-JUS-CKP', 'P-MON-CKGL', 'P-MON-SDV-P', 'P-PDG', 'PT-P', 'QBS', 'QGL', 'T-MON-CKP', 'T-PDG']",0
dataset/0/WELL-00005_20170816220000.parquet,WELL-00005_20170816220000.parquet,0,REAL,WELL-00005,14383,1.0,14382.0,3600,3600,-1,0,14383,False,{'0': 10783},11,"['ESTADO-SDV-GL', 'P-JUS-BS', 'P-JUS-CKP', 'P-MON-CKGL', 'P-MON-SDV-P', 'P-PDG', 'PT-P', 'QBS', 'QGL', 'T-MON-CKP', 'T-PDG']",0
dataset/0/WELL-00005_20170817010000.parquet,WELL-00005_20170817010000.parquet,0,REAL,WELL-00005,14347,1.0,14346.0,3600,3600,-1,0,14347,False,{'0': 10747},11,"['ESTADO-SDV-GL', 'P-JUS-BS', 'P-JUS-CKP', 'P-MON-CKGL', 'P-MON-SDV-P', 'P-PDG', 'PT-P', 'QBS', 'QGL', 'T-MON-CKP', 'T-PDG']",0
dataset/0/WELL-00005_20170817040000.parquet,WELL-00005_20170817040000.parquet,0,REAL,WELL-00005,14213,1.0,14212.0,3600,3600,-1,0,14213,False,{'0': 10613},11,"['ESTADO-SDV-GL', 'P-JUS-BS', 'P-JUS-CKP', 'P-MON-CKGL', 'P-MON-SDV-P', 'P-PDG', 'PT-P', 'QBS', 'QGL', 'T-MON-CKP', 'T-PDG']",0
dataset/0/WELL-00005_20170817070000.parquet,WELL-00005_20170817070000.parquet,0,REAL,WELL-00005,14374,1.0,14373.0,3600,3600,-1,0,14374,False,{'0': 10774},11,"['ESTADO-SDV-GL', 'P-JUS-BS', 'P-JUS-CKP', 'P-MON-CKGL', 'P-MON-SDV-P', 'P-PDG', 'PT-P', 'QBS', 'QGL', 'T-MON-CKP', 'T-PDG']",0
dataset/0/WELL-00005_20170817100000.parquet,WELL-00005_20170817100000.parquet,0,REAL,WELL-00005,14276,1.0,14275.0,3600,3600,-1,0,14276,False,{'0': 10676},11,"['ESTADO-SDV-GL', 'P-JUS-BS', 'P-JUS-CKP', 'P-MON-CKGL', 'P-MON-SDV-P', 'P-PDG', 'PT-P', 'QBS', 'QGL', 'T-MON-CKP', 'T-PDG']",0
dataset/0/WELL-00005_20170817130000.parquet,WELL-00005_20170817130000.parquet,0,REAL,WELL-00005,14293,1.0,14292.0,3600,3600,-1,0,14293,False,{'0': 10693},11,"['ESTADO-SDV-GL', 'P-JUS-BS', 'P-JUS-CKP', 'P-MON-CKGL', 'P-MON-SDV-P', 'P-PDG', 'PT-P', 'QBS', 'QGL', 'T-MON-CKP', 'T-PDG']",0
dataset/0/WELL-00005_20170817160000.parquet,WELL-00005_20170817160000.parquet,0,REAL,WELL-00005,14160,1.0,14159.0,3600,3600,-1,0,14160,False,{'0': 10560},11,"['ESTADO-SDV-GL', 'P-JUS-BS', 'P-JUS-CKP', 'P-MON-CKGL', 'P-MON-SDV-P', 'P-PDG', 'PT-P', 'QBS', 'QGL', 'T-MON-CKP', 'T-PDG']",0
dataset/0/WELL-00005_20170817190000.parquet,WELL-00005_20170817190000.parquet,0,REAL,WELL-00005,14249,1.0,14248.0,3600,3600,-1,0,14249,False,{'0': 10649},11,"['ESTADO-SDV-GL', 'P-JUS-BS', 'P-JUS-CKP', 'P-MON-CKGL', 'P-MON-SDV-P', 'P-PDG', 'PT-P', 'QBS', 'QGL', 'T-MON-CKP', 'T-PDG']",0
dataset/0/WELL-00005_20170830050000.parquet,WELL-00005_20170830050000.parquet,0,REAL,WELL-00005,14377,1.0,14376.0,3600,3600,-1,0,14377,False,{'0': 10777},11,"['ESTADO-SDV-GL', 'P-JUS-BS', 'P-JUS-CKP', 'P-MON-CKGL', 'P-MON-SDV-P', 'P-PDG', 'PT-P', 'QBS', 'QGL', 'T-MON-CKP', 'T-PDG']",0
dataset/0/WELL-00005_20170830080000.parquet,WELL-00005_20170830080000.parquet,0,REAL,WELL-00005,14282,1.0,14281.0,3600,3600,-1,0,14282,False,{'0': 10682},11,"['ESTADO-SDV-GL', 'P-JUS-BS', 'P-JUS-CKP', 'P-MON-CKGL', 'P-MON-SDV-P', 'P-PDG', 'PT-P', 'QBS', 'QGL', 'T-MON-CKP', 'T-PDG']",0
dataset/0/WELL-00005_20170830110000.parquet,WELL-00005_20170830110000.parquet,0,REAL,WELL-00005,14274,1.0,14273.0,3600,3600,-1,0,14274,False,{'0': 10674},11,"['ESTADO-SDV-GL', 'P-JUS-BS', 'P-JUS-CKP', 'P-MON-CKGL', 'P-MON-SDV-P', 'P-PDG', 'PT-P', 'QBS', 'QGL', 'T-MON-CKP', 'T-PDG']",0
dataset/0/WELL-00005_20170830140000.parquet,WELL-00005_20170830140000.parquet,0,REAL,WELL-00005,14377,1.0,14376.0,3600,3600,-1,0,14377,False,{'0': 10777},11,"['ESTADO-SDV-GL', 'P-JUS-BS', 'P-JUS-CKP', 'P-MON-CKGL', 'P-MON-SDV-P', 'P-PDG', 'PT-P', 'QBS', 'QGL', 'T-MON-CKP', 'T-PDG']",0
dataset/0/WELL-00005_20170830170000.parquet,WELL-00005_20170830170000.parquet,0,REAL,WELL-00005,14266,1.0,14265.0,3600,3600,-1,0,14266,False,{'0': 10666},11,"['ESTADO-SDV-GL', 'P-JUS-BS', 'P-JUS-CKP', 'P-MON-CKGL', 'P-MON-SDV-P', 'P-PDG', 'PT-P', 'QBS', 'QGL', 'T-MON-CKP', 'T-PDG']",0
dataset/0/WELL-00005_20170830200000.parquet,WELL-00005_20170830200000.parquet,0,REAL,WELL-00005,14306,1.0,14305.0,3600,3600,-1,0,14306,False,{'0': 10706},11,"['ESTADO-SDV-GL', 'P-JUS-BS', 'P-JUS-CKP', 'P-MON-CKGL', 'P-MON-SDV-P', 'P-PDG', 'PT-P', 'QBS', 'QGL', 'T-MON-CKP', 'T-PDG']",0
dataset/0/WELL-00005_20170910020004.parquet,WELL-00005_20170910020004.parquet,0,REAL,WELL-00005,10772,1.0,10771.0,3600,3600,-1,0,10772,False,{'0': 7172},11,"['ESTADO-SDV-GL', 'P-JUS-BS', 'P-JUS-CKP', 'P-MON-CKGL', 'P-MON-SDV-P', 'P-PDG', 'PT-P', 'QBS', 'QGL', 'T-MON-CKP', 'T-PDG']",0
dataset/0/WELL-00005_20170910040000.parquet,WELL-00005_20170910040000.parquet,0,REAL,WELL-00005,10732,1.0,10731.0,3600,3600,-1,0,10732,False,{'0': 7132},11,"['ESTADO-SDV-GL', 'P-JUS-BS', 'P-JUS-CKP', 'P-MON-CKGL', 'P-MON-SDV-P', 'P-PDG', 'PT-P', 'QBS', 'QGL', 'T-MON-CKP', 'T-PDG']",0
dataset/0/WELL-00005_20170910060000.parquet,WELL-00005_20170910060000.parquet,0,REAL,WELL-00005,10742,1.0,10741.0,3600,3600,-1,0,10742,False,{'0': 7142},11,"['ESTADO-SDV-GL', 'P-JUS-BS', 'P-JUS-CKP', 'P-MON-CKGL', 'P-MON-SDV-P', 'P-PDG', 'PT-P', 'QBS', 'QGL', 'T-MON-CKP', 'T-PDG']",0
dataset/0/WELL-00005_20170910080000.parquet,WELL-00005_20170910080000.parquet,0,REAL,WELL-00005,10708,1.0,10707.0,3600,3600,-1,0,10708,False,{'0': 7108},11,"['ESTADO-SDV-GL', 'P-JUS-BS', 'P-JUS-CKP', 'P-MON-CKGL', 'P-MON-SDV-P', 'P-PDG', 'PT-P', 'QBS', 'QGL', 'T-MON-CKP', 'T-PDG']",10
dataset/0/WELL-00005_20170910100000.parquet,WELL-00005_20170910100000.parquet,0,REAL,WELL-00005,10727,1.0,10726.0,3600,3600,-1,0,10727,False,{'0': 7127},11,"['ESTADO-SDV-GL', 'P-JUS-BS', 'P-JUS-CKP', 'P-MON-CKGL', 'P-MON-SDV-P', 'P-PDG', 'PT-P', 'QBS', 'QGL', 'T-MON-CKP', 'T-PDG']",10
dataset/0/WELL-00005_20170910120000.parquet,WELL-00005_20170910120000.parquet,0,REAL,WELL-00005,10668,1.0,10667.0,3600,3600,-1,0,10668,False,{'0': 7068},11,"['ESTADO-SDV-GL', 'P-JUS-BS', 'P-JUS-CKP', 'P-MON-CKGL', 'P-MON-SDV-P', 'P-PDG', 'PT-P', 'QBS', 'QGL', 'T-MON-CKP', 'T-PDG']",0
dataset/0/WELL-00006_20170206210031.parquet,WELL-00006_20170206210031.parquet,0,REAL,WELL-00006,21570,1.0,21569.0,3600,3600,-1,0,21570,False,{'0': 17970},9,"['ABER-CKGL', 'ABER-CKP', 'P-JUS-BS', 'P-JUS-CKP', 'P-MON-CKGL', 'P-MON-SDV-P', 'PT-P', 'QBS', 'T-MON-CKP']",0
dataset/0/WELL-00006_20170207020135.parquet,WELL-00006_20170207020135.parquet,0,REAL,WELL-00006,21506,1.0,21505.0,3600,3600,-1,0,21506,False,{'0': 17906},9,"['ABER-CKGL', 'ABER-CKP', 'P-JUS-BS', 'P-JUS-CKP', 'P-MON-CKGL', 'P-MON-SDV-P', 'PT-P', 'QBS', 'T-MON-CKP']",0
dataset/0/WELL-00006_20170207070124.parquet,WELL-00006_20170207070124.parquet,0,REAL,WELL-00006,21517,1.0,21516.0,3600,3600,-1,0,21517,False,{'0': 17917},9,"['ABER-CKGL', 'ABER-CKP', 'P-JUS-BS', 'P-JUS-CKP', 'P-MON-CKGL', 'P-MON-SDV-P', 'PT-P', 'QBS', 'T-MON-CKP']",0
dataset/0/WELL-00006_20170207120228.parquet,WELL-00006_20170207120228.parquet,0,REAL,WELL-00006,21453,1.0,21452.0,3600,3600,-1,0,21453,False,{'0': 17853},9,"['ABER-CKGL', 'ABER-CKP', 'P-JUS-BS', 'P-JUS-CKP', 'P-MON-CKGL', 'P-MON-SDV-P', 'PT-P', 'QBS', 'T-MON-CKP']",0
dataset/0/WELL-00006_20170207170042.parquet,WELL-00006_20170207170042.parquet,0,REAL,WELL-00006,21559,1.0,21558.0,3600,3600,-1,0,21559,False,{'0': 17959},9,"['ABER-CKGL', 'ABER-CKP', 'P-JUS-BS', 'P-JUS-CKP', 'P-MON-CKGL', 'P-MON-SDV-P', 'PT-P', 'QBS', 'T-MON-CKP']",0
dataset/0/WELL-00006_20170207220207.parquet,WELL-00006_20170207220207.parquet,0,REAL,WELL-00006,21474,1.0,21473.0,3600,3600,-1,0,21474,False,{'0': 17874},9,"['ABER-CKGL', 'ABER-CKP', 'P-JUS-BS', 'P-JUS-CKP', 'P-MON-CKGL', 'P-MON-SDV-P', 'PT-P', 'QBS', 'T-MON-CKP']",0
dataset/0/WELL-00006_20170208030124.parquet,WELL-00006_20170208030124.parquet,0,REAL,WELL-00006,21517,1.0,21516.0,3600,3600,-1,0,21517,False,{'0': 17917},9,"['ABER-CKGL', 'ABER-CKP', 'P-JUS-BS', 'P-JUS-CKP', 'P-MON-CKGL', 'P-MON-SDV-P', 'PT-P', 'QBS', 'T-MON-CKP']",0
dataset/0/WELL-00006_20170208080053.parquet,WELL-00006_20170208080053.parquet,0,REAL,WELL-00006,21548,1.0,21547.0,3600,3600,-1,0,21548,False,{'0': 17948},9,"['ABER-CKGL', 'ABER-CKP', 'P-JUS-BS', 'P-JUS-CKP', 'P-MON-CKGL', 'P-MON-SDV-P', 'PT-P', 'QBS', 'T-MON-CKP']",0
dataset/0/WELL-00006_20170208130146.parquet,WELL-00006_20170208130146.parquet,0,REAL,WELL-00006,21495,1.0,21494.0,3600,3600,-1,0,21495,False,{'0': 17895},9,"['ABER-CKGL', 'ABER-CKP', 'P-JUS-BS', 'P-JUS-CKP', 'P-MON-CKGL', 'P-MON-SDV-P', 'PT-P', 'QBS', 'T-MON-CKP']",0
dataset/0/WELL-00006_20170208180207.parquet,WELL-00006_20170208180207.parquet,0,REAL,WELL-00006,21474,1.0,21473.0,3600,3600,-1,0,21474,False,{'0': 17874},9,"['ABER-CKGL', 'ABER-CKP', 'P-JUS-BS', 'P-JUS-CKP', 'P-MON-CKGL', 'P-MON-SDV-P', 'PT-P', 'QBS', 'T-MON-CKP']",0
dataset/0/WELL-00006_20170208230114.parquet,WELL-00006_20170208230114.parquet,0,REAL,WELL-00006,21527,1.0,21526.0,3600,3600,-1,0,21527,False,{'0': 17927},9,"['ABER-CKGL', 'ABER-CKP', 'P-JUS-BS', 'P-JUS-CKP', 'P-MON-CKGL', 'P-MON-SDV-P', 'PT-P', 'QBS', 'T-MON-CKP']",0
dataset/0/WELL-00006_20170209040042.parquet,WELL-00006_20170209040042.parquet,0,REAL,WELL-00006,21559,1.0,21558.0,3600,3600,-1,0,21559,False,{'0': 17959},9,"['ABER-CKGL', 'ABER-CKP', 'P-JUS-BS', 'P-JUS-CKP', 'P-MON-CKGL', 'P-MON-SDV-P', 'PT-P', 'QBS', 'T-MON-CKP']",0
dataset/0/WELL-00006_20170209090207.parquet,WELL-00006_20170209090207.parquet,0,REAL,WELL-00006,21474,1.0,21473.0,3600,3600,-1,0,21474,False,{'0': 17874},9,"['ABER-CKGL', 'ABER-CKP', 'P-JUS-BS', 'P-JUS-CKP', 'P-MON-CKGL', 'P-MON-SDV-P', 'PT-P', 'QBS', 'T-MON-CKP']",0
dataset/0/WELL-00006_20170209140146.parquet,WELL-00006_20170209140146.parquet,0,REAL,WELL-00006,21495,1.0,21494.0,3600,3600,-1,0,21495,False,{'0': 17895},9,"['ABER-CKGL', 'ABER-CKP', 'P-JUS-BS', 'P-JUS-CKP', 'P-MON-CKGL', 'P-MON-SDV-P', 'PT-P', 'QBS', 'T-MON-CKP']",0
dataset/0/WELL-00006_20170209190114.parquet,WELL-00006_20170209190114.parquet,0,REAL,WELL-00006,21527,1.0,21526.0,3600,3600,-1,0,21527,False,{'0': 17927},9,"['ABER-CKGL', 'ABER-CKP', 'P-JUS-BS', 'P-JUS-CKP', 'P-MON-CKGL', 'P-MON-SDV-P', 'PT-P', 'QBS', 'T-MON-CKP']",0
dataset/0/WELL-00006_20170210000135.parquet,WELL-00006_20170210000135.parquet,0,REAL,WELL-00006,21506,1.0,21505.0,3600,3600,-1,0,21506,False,{'0': 17906},9,"['ABER-CKGL', 'ABER-CKP', 'P-JUS-BS', 'P-JUS-CKP', 'P-MON-CKGL', 'P-MON-SDV-P', 'PT-P', 'QBS', 'T-MON-CKP']",0
dataset/0/WELL-00006_20170221230000.parquet,WELL-00006_20170221230000.parquet,0,REAL,WELL-00006,21549,1.0,21548.0,3600,3600,-1,0,21549,False,{'0': 17949},9,"['ABER-CKGL', 'ABER-CKP', 'P-JUS-BS', 'P-JUS-CKP', 'P-MON-CKGL', 'P-MON-SDV-P', 'PT-P', 'QBS', 'T-MON-CKP']",0
dataset/0/WELL-00006_20170222040000.parquet,WELL-00006_20170222040000.parquet,0,REAL,WELL-00006,21536,1.0,21535.0,3600,3600,-1,0,21536,False,{'0': 17936},9,"['ABER-CKGL', 'ABER-CKP', 'P-JUS-BS', 'P-JUS-CKP', 'P-MON-CKGL', 'P-MON-SDV-P', 'PT-P', 'QBS', 'T-MON-CKP']",0
dataset/0/WELL-00006_20170222090000.parquet,WELL-00006_20170222090000.parquet,0,REAL,WELL-00006,21484,1.0,21483.0,3600,3600,-1,0,21484,False,{'0': 17884},9,"['ABER-CKGL', 'ABER-CKP', 'P-JUS-BS', 'P-JUS-CKP', 'P-MON-CKGL', 'P-MON-SDV-P', 'PT-P', 'QBS', 'T-MON-CKP']",0
dataset/0/WELL-00006_20170222140000.parquet,WELL-00006_20170222140000.parquet,0,REAL,WELL-00006,21562,1.0,21561.0,3600,3600,-1,0,21562,False,{'0': 17962},9,"['ABER-CKGL', 'ABER-CKP', 'P-JUS-BS', 'P-JUS-CKP', 'P-MON-CKGL', 'P-MON-SDV-P', 'PT-P', 'QBS', 'T-MON-CKP']",0
dataset/0/WELL-00006_20170222190000.parquet,WELL-00006_20170222190000.parquet,0,REAL,WELL-00006,21562,1.0,21561.0,3600,3600,-1,0,21562,False,{'0': 17962},9,"['ABER-CKGL', 'ABER-CKP', 'P-JUS-BS', 'P-JUS-CKP', 'P-MON-CKGL', 'P-MON-SDV-P', 'PT-P', 'QBS', 'T-MON-CKP']",0
dataset/0/WELL-00006_20170223000000.parquet,WELL-00006_20170223000000.parquet,0,REAL,WELL-00006,21523,1.0,21522.0,3600,3600,-1,0,21523,False,{'0': 17923},9,"['ABER-CKGL', 'ABER-CKP', 'P-JUS-BS', 'P-JUS-CKP', 'P-MON-CKGL', 'P-MON-SDV-P', 'PT-P', 'QBS', 'T-MON-CKP']",0
dataset/0/WELL-00006_20170223050000.parquet,WELL-00006_20170223050000.parquet,0,REAL,WELL-00006,21536,1.0,21535.0,3600,3600,-1,0,21536,False,{'0': 17936},9,"['ABER-CKGL', 'ABER-CKP', 'P-JUS-BS', 'P-JUS-CKP', 'P-MON-CKGL', 'P-MON-SDV-P', 'PT-P', 'QBS', 'T-MON-CKP']",0
dataset/0/WELL-00006_20170223100000.parquet,WELL-00006_20170223100000.parquet,0,REAL,WELL-00006,21536,1.0,21535.0,3600,3600,-1,0,21536,False,{'0': 17936},9,"['ABER-CKGL', 'ABER-CKP', 'P-JUS-BS', 'P-JUS-CKP', 'P-MON-CKGL', 'P-MON-SDV-P', 'PT-P', 'QBS', 'T-MON-CKP']",0
dataset/0/WELL-00006_20170223150000.parquet,WELL-00006_20170223150000.parquet,0,REAL,WELL-00006,21575,1.0,21574.0,3600,3600,-1,0,21575,False,{'0': 17975},9,"['ABER-CKGL', 'ABER-CKP', 'P-JUS-BS', 'P-JUS-CKP', 'P-MON-CKGL', 'P-MON-SDV-P', 'PT-P', 'QBS', 'T-MON-CKP']",0
dataset/0/WELL-00006_20170223200000.parquet,WELL-00006_20170223200000.parquet,0,REAL,WELL-00006,21497,1.0,21496.0,3600,3600,-1,0,21497,False,{'0': 17897},9,"['ABER-CKGL', 'ABER-CKP', 'P-JUS-BS', 'P-JUS-CKP', 'P-MON-CKGL', 'P-MON-SDV-P', 'PT-P', 'QBS', 'T-MON-CKP']",0
dataset/0/WELL-00006_20170224010000.parquet,WELL-00006_20170224010000.parquet,0,REAL,WELL-00006,21433,1.0,21432.0,3600,3600,-1,0,21433,False,{'0': 17833},9,"['ABER-CKGL', 'ABER-CKP', 'P-JUS-BS', 'P-JUS-CKP', 'P-MON-CKGL', 'P-MON-SDV-P', 'PT-P', 'QBS', 'T-MON-CKP']",0
dataset/0/WELL-00006_20170224060000.parquet,WELL-00006_20170224060000.parquet,0,REAL,WELL-00006,21471,1.0,21470.0,3600,3600,-1,0,21471,False,{'0': 17871},9,"['ABER-CKGL', 'ABER-CKP', 'P-JUS-BS', 'P-JUS-CKP', 'P-MON-CKGL', 'P-MON-SDV-P', 'PT-P', 'QBS', 'T-MON-CKP']",0
dataset/0/WELL-00006_20170224110025.parquet,WELL-00006_20170224110025.parquet,0,REAL,WELL-00006,21576,1.0,21575.0,3600,3600,-1,0,21576,False,{'0': 17976},9,"['ABER-CKGL', 'ABER-CKP', 'P-JUS-BS', 'P-JUS-CKP', 'P-MON-CKGL', 'P-MON-SDV-P', 'PT-P', 'QBS', 'T-MON-CKP']",0
dataset/0/WELL-00006_20170224160000.parquet,WELL-00006_20170224160000.parquet,0,REAL,WELL-00006,21562,1.0,21561.0,3600,3600,-1,0,21562,False,{'0': 17962},9,"['ABER-CKGL', 'ABER-CKP', 'P-JUS-BS', 'P-JUS-CKP', 'P-MON-CKGL', 'P-MON-SDV-P', 'PT-P', 'QBS', 'T-MON-CKP']",0
dataset/0/WELL-00006_20170505200021.parquet,WELL-00006_20170505200021.parquet,0,REAL,WELL-00006,21580,1.0,21579.0,3600,3600,-1,0,21580,False,{'0': 17980},9,"['ABER-CKGL', 'ABER-CKP', 'P-JUS-BS', 'P-JUS-CKP', 'P-MON-CKGL', 'P-MON-SDV-P', 'PT-P', 'QBS', 'T-MON-CKP']",0
dataset/0/WELL-00006_20170506010103.parquet,WELL-00006_20170506010103.parquet,0,REAL,WELL-00006,21538,1.0,21537.0,3600,3600,-1,0,21538,False,{'0': 17938},9,"['ABER-CKGL', 'ABER-CKP', 'P-JUS-BS', 'P-JUS-CKP', 'P-MON-CKGL', 'P-MON-SDV-P', 'PT-P', 'QBS', 'T-MON-CKP']",0
dataset/0/WELL-00006_20170506060114.parquet,WELL-00006_20170506060114.parquet,0,REAL,WELL-00006,21527,1.0,21526.0,3600,3600,-1,0,21527,False,{'0': 17927},9,"['ABER-CKGL', 'ABER-CKP', 'P-JUS-BS', 'P-JUS-CKP', 'P-MON-CKGL', 'P-MON-SDV-P', 'PT-P', 'QBS', 'T-MON-CKP']",0
dataset/0/WELL-00006_20170506110042.parquet,WELL-00006_20170506110042.parquet,0,REAL,WELL-00006,21559,1.0,21558.0,3600,3600,-1,0,21559,False,{'0': 17959},9,"['ABER-CKGL', 'ABER-CKP', 'P-JUS-BS', 'P-JUS-CKP', 'P-MON-CKGL', 'P-MON-SDV-P', 'PT-P', 'QBS', 'T-MON-CKP']",0
dataset/0/WELL-00006_20170506160053.parquet,WELL-00006_20170506160053.parquet,0,REAL,WELL-00006,21548,1.0,21547.0,3600,3600,-1,0,21548,False,{'0': 17948},9,"['ABER-CKGL', 'ABER-CKP', 'P-JUS-BS', 'P-JUS-CKP', 'P-MON-CKGL', 'P-MON-SDV-P', 'PT-P', 'QBS', 'T-MON-CKP']",0
dataset/0/WELL-00006_20170506210103.parquet,WELL-00006_20170506210103.parquet,0,REAL,WELL-00006,21538,1.0,21537.0,3600,3600,-1,0,21538,False,{'0': 17938},9,"['ABER-CKGL', 'ABER-CKP', 'P-JUS-BS', 'P-JUS-CKP', 'P-MON-CKGL', 'P-MON-SDV-P', 'PT-P', 'QBS', 'T-MON-CKP']",0
dataset/0/WELL-00006_20170507020249.parquet,WELL-00006_20170507020249.parquet,0,REAL,WELL-00006,21432,1.0,21431.0,3600,3600,-1,0,21432,False,{'0': 17832},9,"['ABER-CKGL', 'ABER-CKP', 'P-JUS-BS', 'P-JUS-CKP', 'P-MON-CKGL', 'P-MON-SDV-P', 'PT-P', 'QBS', 'T-MON-CKP']",0
dataset/0/WELL-00006_20170507070124.parquet,WELL-00006_20170507070124.parquet,0,REAL,WELL-00006,21517,1.0,21516.0,3600,3600,-1,0,21517,False,{'0': 17917},9,"['ABER-CKGL', 'ABER-CKP', 'P-JUS-BS', 'P-JUS-CKP', 'P-MON-CKGL', 'P-MON-SDV-P', 'PT-P', 'QBS', 'T-MON-CKP']",0
dataset/0/WELL-00006_20170507120135.parquet,WELL-00006_20170507120135.parquet,0,REAL,WELL-00006,21506,1.0,21505.0,3600,3600,-1,0,21506,False,{'0': 17906},9,"['ABER-CKGL', 'ABER-CKP', 'P-JUS-BS', 'P-JUS-CKP', 'P-MON-CKGL', 'P-MON-SDV-P', 'PT-P', 'QBS', 'T-MON-CKP']",0
dataset/0/WELL-00006_20170507170103.parquet,WELL-00006_20170507170103.parquet,0,REAL,WELL-00006,21538,1.0,21537.0,3600,3600,-1,0,21538,False,{'0': 17938},9,"['ABER-CKGL', 'ABER-CKP', 'P-JUS-BS', 'P-JUS-CKP', 'P-MON-CKGL', 'P-MON-SDV-P', 'PT-P', 'QBS', 'T-MON-CKP']",0
dataset/0/WELL-00006_20170507220053.parquet,WELL-00006_20170507220053.parquet,0,REAL,WELL-00006,21548,1.0,21547.0,3600,3600,-1,0,21548,False,{'0': 17948},9,"['ABER-CKGL', 'ABER-CKP', 'P-JUS-BS', 'P-JUS-CKP', 'P-MON-CKGL', 'P-MON-SDV-P', 'PT-P', 'QBS', 'T-MON-CKP']",0
dataset/0/WELL-00006_20170508030021.parquet,WELL-00006_20170508030021.parquet,0,REAL,WELL-00006,21580,1.0,21579.0,3600,3600,-1,0,21580,False,{'0': 17980},9,"['ABER-CKGL', 'ABER-CKP', 'P-JUS-BS', 'P-JUS-CKP', 'P-MON-CKGL', 'P-MON-SDV-P', 'PT-P', 'QBS', 'T-MON-CKP']",0
dataset/0/WELL-00006_20170508080031.parquet,WELL-00006_20170508080031.parquet,0,REAL,WELL-00006,21570,1.0,21569.0,3600,3600,-1,0,21570,False,{'0': 17970},9,"['ABER-CKGL', 'ABER-CKP', 'P-JUS-BS', 'P-JUS-CKP', 'P-MON-CKGL', 'P-MON-SDV-P', 'PT-P', 'QBS', 'T-MON-CKP']",0
dataset/0/WELL-00006_20170508130053.parquet,WELL-00006_20170508130053.parquet,0,REAL,WELL-00006,21548,1.0,21547.0,3600,3600,-1,0,21548,False,{'0': 17948},9,"['ABER-CKGL', 'ABER-CKP', 'P-JUS-BS', 'P-JUS-CKP', 'P-MON-CKGL', 'P-MON-SDV-P', 'PT-P', 'QBS', 'T-MON-CKP']",0
dataset/0/WELL-00006_20170508180053.parquet,WELL-00006_20170508180053.parquet,0,REAL,WELL-00006,21548,1.0,21547.0,3600,3600,-1,0,21548,False,{'0': 17948},9,"['ABER-CKGL', 'ABER-CKP', 'P-JUS-BS', 'P-JUS-CKP', 'P-MON-CKGL', 'P-MON-SDV-P', 'PT-P', 'QBS', 'T-MON-CKP']",0
dataset/0/WELL-00006_20170508230053.parquet,WELL-00006_20170508230053.parquet,0,REAL,WELL-00006,21548,1.0,21547.0,3600,3600,-1,0,21548,False,{'0': 17948},9,"['ABER-CKGL', 'ABER-CKP', 'P-JUS-BS', 'P-JUS-CKP', 'P-MON-CKGL', 'P-MON-SDV-P', 'PT-P', 'QBS', 'T-MON-CKP']",0
dataset/0/WELL-00006_20170509040031.parquet,WELL-00006_20170509040031.parquet,0,REAL,WELL-00006,21570,1.0,21569.0,3600,3600,-1,0,21570,False,{'0': 17970},9,"['ABER-CKGL', 'ABER-CKP', 'P-JUS-BS', 'P-JUS-CKP', 'P-MON-CKGL', 'P-MON-SDV-P', 'PT-P', 'QBS', 'T-MON-CKP']",0
dataset/0/WELL-00006_20170509090135.parquet,WELL-00006_20170509090135.parquet,0,REAL,WELL-00006,21506,1.0,21505.0,3600,3600,-1,0,21506,False,{'0': 17906},9,"['ABER-CKGL', 'ABER-CKP', 'P-JUS-BS', 'P-JUS-CKP', 'P-MON-CKGL', 'P-MON-SDV-P', 'PT-P', 'QBS', 'T-MON-CKP']",0
dataset/0/WELL-00006_20170509140042.parquet,WELL-00006_20170509140042.parquet,0,REAL,WELL-00006,21559,1.0,21558.0,3600,3600,-1,0,21559,False,{'0': 17959},9,"['ABER-CKGL', 'ABER-CKP', 'P-JUS-BS', 'P-JUS-CKP', 'P-MON-CKGL', 'P-MON-SDV-P', 'PT-P', 'QBS', 'T-MON-CKP']",0
dataset/0/WELL-00006_20170509190135.parquet,WELL-00006_20170509190135.parquet,0,REAL,WELL-00006,21506,1.0,21505.0,3600,3600,-1,0,21506,False,{'0': 17906},9,"['ABER-CKGL', 'ABER-CKP', 'P-JUS-BS', 'P-JUS-CKP', 'P-MON-CKGL', 'P-MON-SDV-P', 'PT-P', 'QBS', 'T-MON-CKP']",0
dataset/0/WELL-00006_20170815050000.parquet,WELL-00006_20170815050000.parquet,0,REAL,WELL-00006,21575,1.0,21574.0,3600,3600,-1,0,21575,False,{'0': 17975},9,"['ABER-CKGL', 'ABER-CKP', 'P-JUS-BS', 'P-JUS-CKP', 'P-MON-CKGL', 'P-MON-SDV-P', 'PT-P', 'QBS', 'T-MON-CKP']",0
dataset/0/WELL-00006_20170815100000.parquet,WELL-00006_20170815100000.parquet,0,REAL,WELL-00006,21510,1.0,21509.0,3600,3600,-1,0,21510,False,{'0': 17910},9,"['ABER-CKGL', 'ABER-CKP', 'P-JUS-BS', 'P-JUS-CKP', 'P-MON-CKGL', 'P-MON-SDV-P', 'PT-P', 'QBS', 'T-MON-CKP']",0
dataset/0/WELL-00006_20170815150000.parquet,WELL-00006_20170815150000.parquet,0,REAL,WELL-00006,21510,1.0,21509.0,3600,3600,-1,0,21510,False,{'0': 17910},9,"['ABER-CKGL', 'ABER-CKP', 'P-JUS-BS', 'P-JUS-CKP', 'P-MON-CKGL', 'P-MON-SDV-P', 'PT-P', 'QBS', 'T-MON-CKP']",0
dataset/0/WELL-00006_20170815200000.parquet,WELL-00006_20170815200000.parquet,0,REAL,WELL-00006,21536,1.0,21535.0,3600,3600,-1,0,21536,False,{'0': 17936},9,"['ABER-CKGL', 'ABER-CKP', 'P-JUS-BS', 'P-JUS-CKP', 'P-MON-CKGL', 'P-MON-SDV-P', 'PT-P', 'QBS', 'T-MON-CKP']",0
dataset/0/WELL-00006_20170816010000.parquet,WELL-00006_20170816010000.parquet,0,REAL,WELL-00006,21368,1.0,21367.0,3600,3600,-1,0,21368,False,{'0': 17768},9,"['ABER-CKGL', 'ABER-CKP', 'P-JUS-BS', 'P-JUS-CKP', 'P-MON-CKGL', 'P-MON-SDV-P', 'PT-P', 'QBS', 'T-MON-CKP']",0
dataset/0/WELL-00006_20170816060000.parquet,WELL-00006_20170816060000.parquet,0,REAL,WELL-00006,21394,1.0,21393.0,3600,3600,-1,0,21394,False,{'0': 17794},9,"['ABER-CKGL', 'ABER-CKP', 'P-JUS-BS', 'P-JUS-CKP', 'P-MON-CKGL', 'P-MON-SDV-P', 'PT-P', 'QBS', 'T-MON-CKP']",0
dataset/0/WELL-00006_20170816110000.parquet,WELL-00006_20170816110000.parquet,0,REAL,WELL-00006,21239,1.0,21238.0,3600,3600,-1,0,21239,False,{'0': 17639},9,"['ABER-CKGL', 'ABER-CKP', 'P-JUS-BS', 'P-JUS-CKP', 'P-MON-CKGL', 'P-MON-SDV-P', 'PT-P', 'QBS', 'T-MON-CKP']",0
dataset/0/WELL-00006_20170816160000.parquet,WELL-00006_20170816160000.parquet,0,REAL,WELL-00006,21536,1.0,21535.0,3600,3600,-1,0,21536,False,{'0': 17936},9,"['ABER-CKGL', 'ABER-CKP', 'P-JUS-BS', 'P-JUS-CKP', 'P-MON-CKGL', 'P-MON-SDV-P', 'PT-P', 'QBS', 'T-MON-CKP']",0
dataset/0/WELL-00006_20170816210000.parquet,WELL-00006_20170816210000.parquet,0,REAL,WELL-00006,21265,1.0,21264.0,3600,3600,-1,0,21265,False,{'0': 17665},9,"['ABER-CKGL', 'ABER-CKP', 'P-JUS-BS', 'P-JUS-CKP', 'P-MON-CKGL', 'P-MON-SDV-P', 'PT-P', 'QBS', 'T-MON-CKP']",0
dataset/0/WELL-00006_20170817020000.parquet,WELL-00006_20170817020000.parquet,0,REAL,WELL-00006,21549,1.0,21548.0,3600,3600,-1,0,21549,False,{'0': 17949},9,"['ABER-CKGL', 'ABER-CKP', 'P-JUS-BS', 'P-JUS-CKP', 'P-MON-CKGL', 'P-MON-SDV-P', 'PT-P', 'QBS', 'T-MON-CKP']",0
dataset/0/WELL-00006_20170817070000.parquet,WELL-00006_20170817070000.parquet,0,REAL,WELL-00006,21226,1.0,21225.0,3600,3600,-1,0,21226,False,{'0': 17626},9,"['ABER-CKGL', 'ABER-CKP', 'P-JUS-BS', 'P-JUS-CKP', 'P-MON-CKGL', 'P-MON-SDV-P', 'PT-P', 'QBS', 'T-MON-CKP']",0
dataset/0/WELL-00006_20170817120000.parquet,WELL-00006_20170817120000.parquet,0,REAL,WELL-00006,21562,1.0,21561.0,3600,3600,-1,0,21562,False,{'0': 17962},9,"['ABER-CKGL', 'ABER-CKP', 'P-JUS-BS', 'P-JUS-CKP', 'P-MON-CKGL', 'P-MON-SDV-P', 'PT-P', 'QBS', 'T-MON-CKP']",0
dataset/0/WELL-00006_20170817170000.parquet,WELL-00006_20170817170000.parquet,0,REAL,WELL-00006,21536,1.0,21535.0,3600,3600,-1,0,21536,False,{'0': 17936},9,"['ABER-CKGL', 'ABER-CKP', 'P-JUS-BS', 'P-JUS-CKP', 'P-MON-CKGL', 'P-MON-SDV-P', 'PT-P', 'QBS', 'T-MON-CKP']",0
dataset/0/WELL-00006_20170817220000.parquet,WELL-00006_20170817220000.parquet,0,REAL,WELL-00006,21459,1.0,21458.0,3600,3600,-1,0,21459,False,{'0': 17859},9,"['ABER-CKGL', 'ABER-CKP', 'P-JUS-BS', 'P-JUS-CKP', 'P-MON-CKGL', 'P-MON-SDV-P', 'PT-P', 'QBS', 'T-MON-CKP']",0
dataset/0/WELL-00006_20170818030000.parquet,WELL-00006_20170818030000.parquet,0,REAL,WELL-00006,21446,1.0,21445.0,3600,3600,-1,0,21446,False,{'0': 17846},9,"['ABER-CKGL', 'ABER-CKP', 'P-JUS-BS', 'P-JUS-CKP', 'P-MON-CKGL', 'P-MON-SDV-P', 'PT-P', 'QBS', 'T-MON-CKP']",0
dataset/0/WELL-00006_20170818080000.parquet,WELL-00006_20170818080000.parquet,0,REAL,WELL-00006,21549,1.0,21548.0,3600,3600,-1,0,21549,False,{'0': 17949},9,"['ABER-CKGL', 'ABER-CKP', 'P-JUS-BS', 'P-JUS-CKP', 'P-MON-CKGL', 'P-MON-SDV-P', 'PT-P', 'QBS', 'T-MON-CKP']",0
dataset/0/WELL-00006_20170818130000.parquet,WELL-00006_20170818130000.parquet,0,REAL,WELL-00006,21536,1.0,21535.0,3600,3600,-1,0,21536,False,{'0': 17936},9,"['ABER-CKGL', 'ABER-CKP', 'P-JUS-BS', 'P-JUS-CKP', 'P-MON-CKGL', 'P-MON-SDV-P', 'PT-P', 'QBS', 'T-MON-CKP']",0
dataset/0/WELL-00006_20170818180000.parquet,WELL-00006_20170818180000.parquet,0,REAL,WELL-00006,21330,1.0,21329.0,3600,3600,-1,0,21330,False,{'0': 17730},9,"['ABER-CKGL', 'ABER-CKP', 'P-JUS-BS', 'P-JUS-CKP', 'P-MON-CKGL', 'P-MON-SDV-P', 'PT-P', 'QBS', 'T-MON-CKP']",0
dataset/0/WELL-00006_20170818230000.parquet,WELL-00006_20170818230000.parquet,0,REAL,WELL-00006,21278,1.0,21277.0,3600,3600,-1,0,21278,False,{'0': 17678},9,"['ABER-CKGL', 'ABER-CKP', 'P-JUS-BS', 'P-JUS-CKP', 'P-MON-CKGL', 'P-MON-SDV-P', 'PT-P', 'QBS', 'T-MON-CKP']",0
dataset/0/WELL-00006_20170819040000.parquet,WELL-00006_20170819040000.parquet,0,REAL,WELL-00006,21330,1.0,21329.0,3600,3600,-1,0,21330,False,{'0': 17730},9,"['ABER-CKGL', 'ABER-CKP', 'P-JUS-BS', 'P-JUS-CKP', 'P-MON-CKGL', 'P-MON-SDV-P', 'PT-P', 'QBS', 'T-MON-CKP']",0
dataset/0/WELL-00006_20170819090000.parquet,WELL-00006_20170819090000.parquet,0,REAL,WELL-00006,21575,1.0,21574.0,3600,3600,-1,0,21575,False,{'0': 17975},9,"['ABER-CKGL', 'ABER-CKP', 'P-JUS-BS', 'P-JUS-CKP', 'P-MON-CKGL', 'P-MON-SDV-P', 'PT-P', 'QBS', 'T-MON-CKP']",0
dataset/0/WELL-00006_20170819140000.parquet,WELL-00006_20170819140000.parquet,0,REAL,WELL-00006,21368,1.0,21367.0,3600,3600,-1,0,21368,False,{'0': 17768},9,"['ABER-CKGL', 'ABER-CKP', 'P-JUS-BS', 'P-JUS-CKP', 'P-MON-CKGL', 'P-MON-SDV-P', 'PT-P', 'QBS', 'T-MON-CKP']",0
dataset/0/WELL-00006_20170819190000.parquet,WELL-00006_20170819190000.parquet,0,REAL,WELL-00006,21471,1.0,21470.0,3600,3600,-1,0,21471,False,{'0': 17871},9,"['ABER-CKGL', 'ABER-CKP', 'P-JUS-BS', 'P-JUS-CKP', 'P-MON-CKGL', 'P-MON-SDV-P', 'PT-P', 'QBS', 'T-MON-CKP']",0
dataset/0/WELL-00006_20170820000000.parquet,WELL-00006_20170820000000.parquet,0,REAL,WELL-00006,21355,1.0,21354.0,3600,3600,-1,0,21355,False,{'0': 17755},9,"['ABER-CKGL', 'ABER-CKP', 'P-JUS-BS', 'P-JUS-CKP', 'P-MON-CKGL', 'P-MON-SDV-P', 'PT-P', 'QBS', 'T-MON-CKP']",0
dataset/0/WELL-00006_20170820050000.parquet,WELL-00006_20170820050000.parquet,0,REAL,WELL-00006,21562,1.0,21561.0,3600,3600,-1,0,21562,False,{'0': 17962},9,"['ABER-CKGL', 'ABER-CKP', 'P-JUS-BS', 'P-JUS-CKP', 'P-MON-CKGL', 'P-MON-SDV-P', 'PT-P', 'QBS', 'T-MON-CKP']",0
dataset/0/WELL-00006_20170820100000.parquet,WELL-00006_20170820100000.parquet,0,REAL,WELL-00006,21549,1.0,21548.0,3600,3600,-1,0,21549,False,{'0': 17949},9,"['ABER-CKGL', 'ABER-CKP', 'P-JUS-BS', 'P-JUS-CKP', 'P-MON-CKGL', 'P-MON-SDV-P', 'PT-P', 'QBS', 'T-MON-CKP']",0
dataset/0/WELL-00006_20170820150000.parquet,WELL-00006_20170820150000.parquet,0,REAL,WELL-00006,21484,1.0,21483.0,3600,3600,-1,0,21484,False,{'0': 17884},9,"['ABER-CKGL', 'ABER-CKP', 'P-JUS-BS', 'P-JUS-CKP', 'P-MON-CKGL', 'P-MON-SDV-P', 'PT-P', 'QBS', 'T-MON-CKP']",0
dataset/0/WELL-00006_20170820200000.parquet,WELL-00006_20170820200000.parquet,0,REAL,WELL-00006,21446,1.0,21445.0,3600,3600,-1,0,21446,False,{'0': 17846},9,"['ABER-CKGL', 'ABER-CKP', 'P-JUS-BS', 'P-JUS-CKP', 'P-MON-CKGL', 'P-MON-SDV-P', 'PT-P', 'QBS', 'T-MON-CKP']",0
dataset/0/WELL-00006_20170821010000.parquet,WELL-00006_20170821010000.parquet,0,REAL,WELL-00006,21536,1.0,21535.0,3600,3600,-1,0,21536,False,{'0': 17936},9,"['ABER-CKGL', 'ABER-CKP', 'P-JUS-BS', 'P-JUS-CKP', 'P-MON-CKGL', 'P-MON-SDV-P', 'PT-P', 'QBS', 'T-MON-CKP']",0
dataset/0/WELL-00006_20170821060000.parquet,WELL-00006_20170821060000.parquet,0,REAL,WELL-00006,21549,1.0,21548.0,3600,3600,-1,0,21549,False,{'0': 17949},9,"['ABER-CKGL', 'ABER-CKP', 'P-JUS-BS', 'P-JUS-CKP', 'P-MON-CKGL', 'P-MON-SDV-P', 'PT-P', 'QBS', 'T-MON-CKP']",0
dataset/0/WELL-00006_20170821110000.parquet,WELL-00006_20170821110000.parquet,0,REAL,WELL-00006,21420,1.0,21419.0,3600,3600,-1,0,21420,False,{'0': 17820},9,"['ABER-CKGL', 'ABER-CKP', 'P-JUS-BS', 'P-JUS-CKP', 'P-MON-CKGL', 'P-MON-SDV-P', 'PT-P', 'QBS', 'T-MON-CKP']",0
dataset/0/WELL-00006_20170821160000.parquet,WELL-00006_20170821160000.parquet,0,REAL,WELL-00006,21497,1.0,21496.0,3600,3600,-1,0,21497,False,{'0': 17897},9,"['ABER-CKGL', 'ABER-CKP', 'P-JUS-BS', 'P-JUS-CKP', 'P-MON-CKGL', 'P-MON-SDV-P', 'PT-P', 'QBS', 'T-MON-CKP']",0
dataset/0/WELL-00006_20170821210000.parquet,WELL-00006_20170821210000.parquet,0,REAL,WELL-00006,21433,1.0,21432.0,3600,3600,-1,0,21433,False,{'0': 17833},9,"['ABER-CKGL', 'ABER-CKP', 'P-JUS-BS', 'P-JUS-CKP', 'P-MON-CKGL', 'P-MON-SDV-P', 'PT-P', 'QBS', 'T-MON-CKP']",0
dataset/0/WELL-00006_20170822020000.parquet,WELL-00006_20170822020000.parquet,0,REAL,WELL-00006,21523,1.0,21522.0,3600,3600,-1,0,21523,False,{'0': 17923},9,"['ABER-CKGL', 'ABER-CKP', 'P-JUS-BS', 'P-JUS-CKP', 'P-MON-CKGL', 'P-MON-SDV-P', 'PT-P', 'QBS', 'T-MON-CKP']",0
dataset/0/WELL-00006_20170822170000.parquet,WELL-00006_20170822170000.parquet,0,REAL,WELL-00006,21536,1.0,21535.0,3600,3600,-1,0,21536,False,{'0': 17936},9,"['ABER-CKGL', 'ABER-CKP', 'P-JUS-BS', 'P-JUS-CKP', 'P-MON-CKGL', 'P-MON-SDV-P', 'PT-P', 'QBS', 'T-MON-CKP']",0
dataset/0/WELL-00006_20170822220000.parquet,WELL-00006_20170822220000.parquet,0,REAL,WELL-00006,21484,1.0,21483.0,3600,3600,-1,0,21484,False,{'0': 17884},9,"['ABER-CKGL', 'ABER-CKP', 'P-JUS-BS', 'P-JUS-CKP', 'P-MON-CKGL', 'P-MON-SDV-P', 'PT-P', 'QBS', 'T-MON-CKP']",0
dataset/0/WELL-00006_20170823030000.parquet,WELL-00006_20170823030000.parquet,0,REAL,WELL-00006,21575,1.0,21574.0,3600,3600,-1,0,21575,False,{'0': 17975},9,"['ABER-CKGL', 'ABER-CKP', 'P-JUS-BS', 'P-JUS-CKP', 'P-MON-CKGL', 'P-MON-SDV-P', 'PT-P', 'QBS', 'T-MON-CKP']",0
dataset/0/WELL-00006_20170823080000.parquet,WELL-00006_20170823080000.parquet,0,REAL,WELL-00006,21536,1.0,21535.0,3600,3600,-1,0,21536,False,{'0': 17936},9,"['ABER-CKGL', 'ABER-CKP', 'P-JUS-BS', 'P-JUS-CKP', 'P-MON-CKGL', 'P-MON-SDV-P', 'PT-P', 'QBS', 'T-MON-CKP']",0
dataset/0/WELL-00006_20170823130000.parquet,WELL-00006_20170823130000.parquet,0,REAL,WELL-00006,21381,1.0,21380.0,3600,3600,-1,0,21381,False,{'0': 17781},9,"['ABER-CKGL', 'ABER-CKP', 'P-JUS-BS', 'P-JUS-CKP', 'P-MON-CKGL', 'P-MON-SDV-P', 'PT-P', 'QBS', 'T-MON-CKP']",0
dataset/0/WELL-00006_20170823180000.parquet,WELL-00006_20170823180000.parquet,0,REAL,WELL-00006,21549,1.0,21548.0,3600,3600,-1,0,21549,False,{'0': 17949},9,"['ABER-CKGL', 'ABER-CKP', 'P-JUS-BS', 'P-JUS-CKP', 'P-MON-CKGL', 'P-MON-SDV-P', 'PT-P', 'QBS', 'T-MON-CKP']",0
dataset/0/WELL-00006_20170823230000.parquet,WELL-00006_20170823230000.parquet,0,REAL,WELL-00006,21536,1.0,21535.0,3600,3600,-1,0,21536,False,{'0': 17936},9,"['ABER-CKGL', 'ABER-CKP', 'P-JUS-BS', 'P-JUS-CKP', 'P-MON-CKGL', 'P-MON-SDV-P', 'PT-P', 'QBS', 'T-MON-CKP']",0
dataset/0/WELL-00006_20170824040000.parquet,WELL-00006_20170824040000.parquet,0,REAL,WELL-00006,21433,1.0,21432.0,3600,3600,-1,0,21433,False,{'0': 17833},9,"['ABER-CKGL', 'ABER-CKP', 'P-JUS-BS', 'P-JUS-CKP', 'P-MON-CKGL', 'P-MON-SDV-P', 'PT-P', 'QBS', 'T-MON-CKP']",0
dataset/0/WELL-00006_20170824090000.parquet,WELL-00006_20170824090000.parquet,0,REAL,WELL-00006,21549,1.0,21548.0,3600,3600,-1,0,21549,False,{'0': 17949},9,"['ABER-CKGL', 'ABER-CKP', 'P-JUS-BS', 'P-JUS-CKP', 'P-MON-CKGL', 'P-MON-SDV-P', 'PT-P', 'QBS', 'T-MON-CKP']",0
dataset/0/WELL-00006_20170824140000.parquet,WELL-00006_20170824140000.parquet,0,REAL,WELL-00006,21471,1.0,21470.0,3600,3600,-1,0,21471,False,{'0': 17871},9,"['ABER-CKGL', 'ABER-CKP', 'P-JUS-BS', 'P-JUS-CKP', 'P-MON-CKGL', 'P-MON-SDV-P', 'PT-P', 'QBS', 'T-MON-CKP']",0
dataset/0/WELL-00006_20170824190135.parquet,WELL-00006_20170824190135.parquet,0,REAL,WELL-00006,21506,1.0,21505.0,3600,3600,-1,0,21506,False,{'0': 17906},9,"['ABER-CKGL', 'ABER-CKP', 'P-JUS-BS', 'P-JUS-CKP', 'P-MON-CKGL', 'P-MON-SDV-P', 'PT-P', 'QBS', 'T-MON-CKP']",0
dataset/0/WELL-00006_20170825000042.parquet,WELL-00006_20170825000042.parquet,0,REAL,WELL-00006,21559,1.0,21558.0,3600,3600,-1,0,21559,False,{'0': 17959},9,"['ABER-CKGL', 'ABER-CKP', 'P-JUS-BS', 'P-JUS-CKP', 'P-MON-CKGL', 'P-MON-SDV-P', 'PT-P', 'QBS', 'T-MON-CKP']",0
dataset/0/WELL-00006_20170825050135.parquet,WELL-00006_20170825050135.parquet,0,REAL,WELL-00006,21506,1.0,21505.0,3600,3600,-1,0,21506,False,{'0': 17906},9,"['ABER-CKGL', 'ABER-CKP', 'P-JUS-BS', 'P-JUS-CKP', 'P-MON-CKGL', 'P-MON-SDV-P', 'PT-P', 'QBS', 'T-MON-CKP']",0
dataset/0/WELL-00006_20170825100249.parquet,WELL-00006_20170825100249.parquet,0,REAL,WELL-00006,21432,1.0,21431.0,3600,3600,-1,0,21432,False,{'0': 17832},9,"['ABER-CKGL', 'ABER-CKP', 'P-JUS-BS', 'P-JUS-CKP', 'P-MON-CKGL', 'P-MON-SDV-P', 'PT-P', 'QBS', 'T-MON-CKP']",0
dataset/0/WELL-00006_20170825150135.parquet,WELL-00006_20170825150135.parquet,0,REAL,WELL-00006,21506,1.0,21505.0,3600,3600,-1,0,21506,False,{'0': 17906},9,"['ABER-CKGL', 'ABER-CKP', 'P-JUS-BS', 'P-JUS-CKP', 'P-MON-CKGL', 'P-MON-SDV-P', 'PT-P', 'QBS', 'T-MON-CKP']",0
dataset/0/WELL-00006_20170825200053.parquet,WELL-00006_20170825200053.parquet,0,REAL,WELL-00006,21548,1.0,21547.0,3600,3600,-1,0,21548,False,{'0': 17948},9,"['ABER-CKGL', 'ABER-CKP', 'P-JUS-BS', 'P-JUS-CKP', 'P-MON-CKGL', 'P-MON-SDV-P', 'PT-P', 'QBS', 'T-MON-CKP']",0
dataset/0/WELL-00006_20170826010207.parquet,WELL-00006_20170826010207.parquet,0,REAL,WELL-00006,21474,1.0,21473.0,3600,3600,-1,0,21474,False,{'0': 17874},9,"['ABER-CKGL', 'ABER-CKP', 'P-JUS-BS', 'P-JUS-CKP', 'P-MON-CKGL', 'P-MON-SDV-P', 'PT-P', 'QBS', 'T-MON-CKP']",0
dataset/0/WELL-00006_20170826060135.parquet,WELL-00006_20170826060135.parquet,0,REAL,WELL-00006,21506,1.0,21505.0,3600,3600,-1,0,21506,False,{'0': 17906},9,"['ABER-CKGL', 'ABER-CKP', 'P-JUS-BS', 'P-JUS-CKP', 'P-MON-CKGL', 'P-MON-SDV-P', 'PT-P', 'QBS', 'T-MON-CKP']",0
dataset/0/WELL-00006_20170826110103.parquet,WELL-00006_20170826110103.parquet,0,REAL,WELL-00006,21538,1.0,21537.0,3600,3600,-1,0,21538,False,{'0': 17938},9,"['ABER-CKGL', 'ABER-CKP', 'P-JUS-BS', 'P-JUS-CKP', 'P-MON-CKGL', 'P-MON-SDV-P', 'PT-P', 'QBS', 'T-MON-CKP']",0
dataset/0/WELL-00006_20170826160103.parquet,WELL-00006_20170826160103.parquet,0,REAL,WELL-00006,21538,1.0,21537.0,3600,3600,-1,0,21538,False,{'0': 17938},9,"['ABER-CKGL', 'ABER-CKP', 'P-JUS-BS', 'P-JUS-CKP', 'P-MON-CKGL', 'P-MON-SDV-P', 'PT-P', 'QBS', 'T-MON-CKP']",0
dataset/0/WELL-00006_20170826210114.parquet,WELL-00006_20170826210114.parquet,0,REAL,WELL-00006,21527,1.0,21526.0,3600,3600,-1,0,21527,False,{'0': 17927},9,"['ABER-CKGL', 'ABER-CKP', 'P-JUS-BS', 'P-JUS-CKP', 'P-MON-CKGL', 'P-MON-SDV-P', 'PT-P', 'QBS', 'T-MON-CKP']",0
dataset/0/WELL-00006_20170827020218.parquet,WELL-00006_20170827020218.parquet,0,REAL,WELL-00006,21463,1.0,21462.0,3600,3600,-1,0,21463,False,{'0': 17863},9,"['ABER-CKGL', 'ABER-CKP', 'P-JUS-BS', 'P-JUS-CKP', 'P-MON-CKGL', 'P-MON-SDV-P', 'PT-P', 'QBS', 'T-MON-CKP']",0
dataset/0/WELL-00006_20170827070114.parquet,WELL-00006_20170827070114.parquet,0,REAL,WELL-00006,21527,1.0,21526.0,3600,3600,-1,0,21527,False,{'0': 17927},9,"['ABER-CKGL', 'ABER-CKP', 'P-JUS-BS', 'P-JUS-CKP', 'P-MON-CKGL', 'P-MON-SDV-P', 'PT-P', 'QBS', 'T-MON-CKP']",0
dataset/0/WELL-00006_20170827120321.parquet,WELL-00006_20170827120321.parquet,0,REAL,WELL-00006,21400,1.0,21399.0,3600,3600,-1,0,21400,False,{'0': 17800},9,"['ABER-CKGL', 'ABER-CKP', 'P-JUS-BS', 'P-JUS-CKP', 'P-MON-CKGL', 'P-MON-SDV-P', 'PT-P', 'QBS', 'T-MON-CKP']",0
dataset/0/WELL-00006_20170827170146.parquet,WELL-00006_20170827170146.parquet,0,REAL,WELL-00006,21495,1.0,21494.0,3600,3600,-1,0,21495,False,{'0': 17895},9,"['ABER-CKGL', 'ABER-CKP', 'P-JUS-BS', 'P-JUS-CKP', 'P-MON-CKGL', 'P-MON-SDV-P', 'PT-P', 'QBS', 'T-MON-CKP']",0
dataset/0/WELL-00006_20170827220218.parquet,WELL-00006_20170827220218.parquet,0,REAL,WELL-00006,21463,1.0,21462.0,3600,3600,-1,0,21463,False,{'0': 17863},9,"['ABER-CKGL', 'ABER-CKP', 'P-JUS-BS', 'P-JUS-CKP', 'P-MON-CKGL', 'P-MON-SDV-P', 'PT-P', 'QBS', 'T-MON-CKP']",0
dataset/0/WELL-00006_20170828030343.parquet,WELL-00006_20170828030343.parquet,0,REAL,WELL-00006,21378,1.0,21377.0,3600,3600,-1,0,21378,False,{'0': 17778},9,"['ABER-CKGL', 'ABER-CKP', 'P-JUS-BS', 'P-JUS-CKP', 'P-MON-CKGL', 'P-MON-SDV-P', 'PT-P', 'QBS', 'T-MON-CKP']",0
dataset/0/WELL-00006_20170828080311.parquet,WELL-00006_20170828080311.parquet,0,REAL,WELL-00006,21410,1.0,21409.0,3600,3600,-1,0,21410,False,{'0': 17810},9,"['ABER-CKGL', 'ABER-CKP', 'P-JUS-BS', 'P-JUS-CKP', 'P-MON-CKGL', 'P-MON-SDV-P', 'PT-P', 'QBS', 'T-MON-CKP']",0
dataset/0/WELL-00006_20170828130031.parquet,WELL-00006_20170828130031.parquet,0,REAL,WELL-00006,21570,1.0,21569.0,3600,3600,-1,0,21570,False,{'0': 17970},9,"['ABER-CKGL', 'ABER-CKP', 'P-JUS-BS', 'P-JUS-CKP', 'P-MON-CKGL', 'P-MON-SDV-P', 'PT-P', 'QBS', 'T-MON-CKP']",0
dataset/0/WELL-00007_20170801170000.parquet,WELL-00007_20170801170000.parquet,0,REAL,WELL-00007,10785,1.0,10784.0,3600,3600,-1,0,10785,False,{'0': 7185},8,"['P-ANULAR', 'P-JUS-BS', 'P-JUS-CKP', 'P-MON-CKGL', 'P-MON-SDV-P', 'PT-P', 'QBS', 'T-MON-CKP']",0
dataset/0/WELL-00007_20170801190000.parquet,WELL-00007_20170801190000.parquet,0,REAL,WELL-00007,10785,1.0,10784.0,3600,3600,-1,0,10785,False,{'0': 7185},8,"['P-ANULAR', 'P-JUS-BS', 'P-JUS-CKP', 'P-MON-CKGL', 'P-MON-SDV-P', 'PT-P', 'QBS', 'T-MON-CKP']",0
dataset/0/WELL-00008_20170610210246.parquet,WELL-00008_20170610210246.parquet,0,REAL,WELL-00008,21209,1.0,21208.0,3600,3600,-1,0,21209,False,{'0': 17609},26,"['ABER-CKGL', 'ABER-CKP', 'ESTADO-DHSV', 'ESTADO-M1', 'ESTADO-M2', 'ESTADO-PXO', 'ESTADO-SDV-GL', 'ESTADO-SDV-P', 'ESTADO-W1', 'ESTADO-W2', 'ESTADO-XO', 'P-ANULAR', 'P-JUS-BS', 'P-JUS-CKP', 'P-MON-CKGL', 'P-MON-CKP', 'P-MON-SDV-P', 'P-PDG', 'PT-P', 'P-TPT', 'QBS', 'QGL', 'T-JUS-CKP', 'T-MON-CKP', 'T-PDG', 'T-TPT']",0
dataset/0/WELL-00008_20170611020246.parquet,WELL-00008_20170611020246.parquet,0,REAL,WELL-00008,21304,1.0,21303.0,3600,3600,-1,0,21304,False,{'0': 17704},26,"['ABER-CKGL', 'ABER-CKP', 'ESTADO-DHSV', 'ESTADO-M1', 'ESTADO-M2', 'ESTADO-PXO', 'ESTADO-SDV-GL', 'ESTADO-SDV-P', 'ESTADO-W1', 'ESTADO-W2', 'ESTADO-XO', 'P-ANULAR', 'P-JUS-BS', 'P-JUS-CKP', 'P-MON-CKGL', 'P-MON-CKP', 'P-MON-SDV-P', 'P-PDG', 'PT-P', 'P-TPT', 'QBS', 'QGL', 'T-JUS-CKP', 'T-MON-CKP', 'T-PDG', 'T-TPT']",0
dataset/0/WELL-00008_20170611070445.parquet,WELL-00008_20170611070445.parquet,0,REAL,WELL-00008,21137,1.0,21136.0,3600,3600,-1,0,21137,False,{'0': 17537},26,"['ABER-CKGL', 'ABER-CKP', 'ESTADO-DHSV', 'ESTADO-M1', 'ESTADO-M2', 'ESTADO-PXO', 'ESTADO-SDV-GL', 'ESTADO-SDV-P', 'ESTADO-W1', 'ESTADO-W2', 'ESTADO-XO', 'P-ANULAR', 'P-JUS-BS', 'P-JUS-CKP', 'P-MON-CKGL', 'P-MON-CKP', 'P-MON-SDV-P', 'P-PDG', 'PT-P', 'P-TPT', 'QBS', 'QGL', 'T-JUS-CKP', 'T-MON-CKP', 'T-PDG', 'T-TPT']",0
dataset/0/WELL-00008_20170611120123.parquet,WELL-00008_20170611120123.parquet,0,REAL,WELL-00008,21280,1.0,21279.0,3600,3600,-1,0,21280,False,{'0': 17680},26,"['ABER-CKGL', 'ABER-CKP', 'ESTADO-DHSV', 'ESTADO-M1', 'ESTADO-M2', 'ESTADO-PXO', 'ESTADO-SDV-GL', 'ESTADO-SDV-P', 'ESTADO-W1', 'ESTADO-W2', 'ESTADO-XO', 'P-ANULAR', 'P-JUS-BS', 'P-JUS-CKP', 'P-MON-CKGL', 'P-MON-CKP', 'P-MON-SDV-P', 'P-PDG', 'PT-P', 'P-TPT', 'QBS', 'QGL', 'T-JUS-CKP', 'T-MON-CKP', 'T-PDG', 'T-TPT']",0
dataset/0/WELL-00008_20170611170123.parquet,WELL-00008_20170611170123.parquet,0,REAL,WELL-00008,21375,1.0,21374.0,3600,3600,-1,0,21375,False,{'0': 17775},26,"['ABER-CKGL', 'ABER-CKP', 'ESTADO-DHSV', 'ESTADO-M1', 'ESTADO-M2', 'ESTADO-PXO', 'ESTADO-SDV-GL', 'ESTADO-SDV-P', 'ESTADO-W1', 'ESTADO-W2', 'ESTADO-XO', 'P-ANULAR', 'P-JUS-BS', 'P-JUS-CKP', 'P-MON-CKGL', 'P-MON-CKP', 'P-MON-SDV-P', 'P-PDG', 'PT-P', 'P-TPT', 'QBS', 'QGL', 'T-JUS-CKP', 'T-MON-CKP', 'T-PDG', 'T-TPT']",0
dataset/0/WELL-00008_20170611220123.parquet,WELL-00008_20170611220123.parquet,0,REAL,WELL-00008,21399,1.0,21398.0,3600,3600,-1,0,21399,False,{'0': 17799},26,"['ABER-CKGL', 'ABER-CKP', 'ESTADO-DHSV', 'ESTADO-M1', 'ESTADO-M2', 'ESTADO-PXO', 'ESTADO-SDV-GL', 'ESTADO-SDV-P', 'ESTADO-W1', 'ESTADO-W2', 'ESTADO-XO', 'P-ANULAR', 'P-JUS-BS', 'P-JUS-CKP', 'P-MON-CKGL', 'P-MON-CKP', 'P-MON-SDV-P', 'P-PDG', 'PT-P', 'P-TPT', 'QBS', 'QGL', 'T-JUS-CKP', 'T-MON-CKP', 'T-PDG', 'T-TPT']",1
dataset/0/WELL-00008_20170612030000.parquet,WELL-00008_20170612030000.parquet,0,REAL,WELL-00008,21517,1.0,21516.0,3600,3600,-1,0,21517,False,{'0': 17917},26,"['ABER-CKGL', 'ABER-CKP', 'ESTADO-DHSV', 'ESTADO-M1', 'ESTADO-M2', 'ESTADO-PXO', 'ESTADO-SDV-GL', 'ESTADO-SDV-P', 'ESTADO-W1', 'ESTADO-W2', 'ESTADO-XO', 'P-ANULAR', 'P-JUS-BS', 'P-JUS-CKP', 'P-MON-CKGL', 'P-MON-CKP', 'P-MON-SDV-P', 'P-PDG', 'PT-P', 'P-TPT', 'QBS', 'QGL', 'T-JUS-CKP', 'T-MON-CKP', 'T-PDG', 'T-TPT']",0
dataset/0/WELL-00008_20170612080246.parquet,WELL-00008_20170612080246.parquet,0,REAL,WELL-00008,21292,1.0,21291.0,3600,3600,-1,0,21292,False,{'0': 17692},26,"['ABER-CKGL', 'ABER-CKP', 'ESTADO-DHSV', 'ESTADO-M1', 'ESTADO-M2', 'ESTADO-PXO', 'ESTADO-SDV-GL', 'ESTADO-SDV-P', 'ESTADO-W1', 'ESTADO-W2', 'ESTADO-XO', 'P-ANULAR', 'P-JUS-BS', 'P-JUS-CKP', 'P-MON-CKGL', 'P-MON-CKP', 'P-MON-SDV-P', 'P-PDG', 'PT-P', 'P-TPT', 'QBS', 'QGL', 'T-JUS-CKP', 'T-MON-CKP', 'T-PDG', 'T-TPT']",0
dataset/0/WELL-00008_20170612130047.parquet,WELL-00008_20170612130047.parquet,0,REAL,WELL-00008,21470,1.0,21469.0,3600,3600,-1,0,21470,False,{'0': 17870},26,"['ABER-CKGL', 'ABER-CKP', 'ESTADO-DHSV', 'ESTADO-M1', 'ESTADO-M2', 'ESTADO-PXO', 'ESTADO-SDV-GL', 'ESTADO-SDV-P', 'ESTADO-W1', 'ESTADO-W2', 'ESTADO-XO', 'P-ANULAR', 'P-JUS-BS', 'P-JUS-CKP', 'P-MON-CKGL', 'P-MON-CKP', 'P-MON-SDV-P', 'P-PDG', 'PT-P', 'P-TPT', 'QBS', 'QGL', 'T-JUS-CKP', 'T-MON-CKP', 'T-PDG', 'T-TPT']",0
dataset/0/WELL-00008_20170612180111.parquet,WELL-00008_20170612180111.parquet,0,REAL,WELL-00008,21458,1.0,21457.0,3600,3600,-1,0,21458,False,{'0': 17858},26,"['ABER-CKGL', 'ABER-CKP', 'ESTADO-DHSV', 'ESTADO-M1', 'ESTADO-M2', 'ESTADO-PXO', 'ESTADO-SDV-GL', 'ESTADO-SDV-P', 'ESTADO-W1', 'ESTADO-W2', 'ESTADO-XO', 'P-ANULAR', 'P-JUS-BS', 'P-JUS-CKP', 'P-MON-CKGL', 'P-MON-CKP', 'P-MON-SDV-P', 'P-PDG', 'PT-P', 'P-TPT', 'QBS', 'QGL', 'T-JUS-CKP', 'T-MON-CKP', 'T-PDG', 'T-TPT']",0
dataset/0/WELL-00008_20170612230222.parquet,WELL-00008_20170612230222.parquet,0,REAL,WELL-00008,21387,1.0,21386.0,3600,3600,-1,0,21387,False,{'0': 17787},26,"['ABER-CKGL', 'ABER-CKP', 'ESTADO-DHSV', 'ESTADO-M1', 'ESTADO-M2', 'ESTADO-PXO', 'ESTADO-SDV-GL', 'ESTADO-SDV-P', 'ESTADO-W1', 'ESTADO-W2', 'ESTADO-XO', 'P-ANULAR', 'P-JUS-BS', 'P-JUS-CKP', 'P-MON-CKGL', 'P-MON-CKP', 'P-MON-SDV-P', 'P-PDG', 'PT-P', 'P-TPT', 'QBS', 'QGL', 'T-JUS-CKP', 'T-MON-CKP', 'T-PDG', 'T-TPT']",0
dataset/0/WELL-00008_20170613210222.parquet,WELL-00008_20170613210222.parquet,0,REAL,WELL-00008,21292,1.0,21291.0,3600,3600,-1,0,21292,False,{'0': 17692},26,"['ABER-CKGL', 'ABER-CKP', 'ESTADO-DHSV', 'ESTADO-M1', 'ESTADO-M2', 'ESTADO-PXO', 'ESTADO-SDV-GL', 'ESTADO-SDV-P', 'ESTADO-W1', 'ESTADO-W2', 'ESTADO-XO', 'P-ANULAR', 'P-JUS-BS', 'P-JUS-CKP', 'P-MON-CKGL', 'P-MON-CKP', 'P-MON-SDV-P', 'P-PDG', 'PT-P', 'P-TPT', 'QBS', 'QGL', 'T-JUS-CKP', 'T-MON-CKP', 'T-PDG', 'T-TPT']",0
dataset/0/WELL-00008_20170614020135.parquet,WELL-00008_20170614020135.parquet,0,REAL,WELL-00008,21422,1.0,21421.0,3600,3600,-1,0,21422,False,{'0': 17822},26,"['ABER-CKGL', 'ABER-CKP', 'ESTADO-DHSV', 'ESTADO-M1', 'ESTADO-M2', 'ESTADO-PXO', 'ESTADO-SDV-GL', 'ESTADO-SDV-P', 'ESTADO-W1', 'ESTADO-W2', 'ESTADO-XO', 'P-ANULAR', 'P-JUS-BS', 'P-JUS-CKP', 'P-MON-CKGL', 'P-MON-CKP', 'P-MON-SDV-P', 'P-PDG', 'PT-P', 'P-TPT', 'QBS', 'QGL', 'T-JUS-CKP', 'T-MON-CKP', 'T-PDG', 'T-TPT']",0
dataset/0/WELL-00008_20170614070246.parquet,WELL-00008_20170614070246.parquet,0,REAL,WELL-00008,21233,1.0,21232.0,3600,3600,-1,0,21233,False,{'0': 17633},26,"['ABER-CKGL', 'ABER-CKP', 'ESTADO-DHSV', 'ESTADO-M1', 'ESTADO-M2', 'ESTADO-PXO', 'ESTADO-SDV-GL', 'ESTADO-SDV-P', 'ESTADO-W1', 'ESTADO-W2', 'ESTADO-XO', 'P-ANULAR', 'P-JUS-BS', 'P-JUS-CKP', 'P-MON-CKGL', 'P-MON-CKP', 'P-MON-SDV-P', 'P-PDG', 'PT-P', 'P-TPT', 'QBS', 'QGL', 'T-JUS-CKP', 'T-MON-CKP', 'T-PDG', 'T-TPT']",0
dataset/0/WELL-00008_20170614120135.parquet,WELL-00008_20170614120135.parquet,0,REAL,WELL-00008,21220,1.0,21219.0,3600,3600,-1,0,21220,False,{'0': 17620},26,"['ABER-CKGL', 'ABER-CKP', 'ESTADO-DHSV', 'ESTADO-M1', 'ESTADO-M2', 'ESTADO-PXO', 'ESTADO-SDV-GL', 'ESTADO-SDV-P', 'ESTADO-W1', 'ESTADO-W2', 'ESTADO-XO', 'P-ANULAR', 'P-JUS-BS', 'P-JUS-CKP', 'P-MON-CKGL', 'P-MON-CKP', 'P-MON-SDV-P', 'P-PDG', 'PT-P', 'P-TPT', 'QBS', 'QGL', 'T-JUS-CKP', 'T-MON-CKP', 'T-PDG', 'T-TPT']",0
dataset/0/WELL-00008_20170614170123.parquet,WELL-00008_20170614170123.parquet,0,REAL,WELL-00008,21399,1.0,21398.0,3600,3600,-1,0,21399,False,{'0': 17799},26,"['ABER-CKGL', 'ABER-CKP', 'ESTADO-DHSV', 'ESTADO-M1', 'ESTADO-M2', 'ESTADO-PXO', 'ESTADO-SDV-GL', 'ESTADO-SDV-P', 'ESTADO-W1', 'ESTADO-W2', 'ESTADO-XO', 'P-ANULAR', 'P-JUS-BS', 'P-JUS-CKP', 'P-MON-CKGL', 'P-MON-CKP', 'P-MON-SDV-P', 'P-PDG', 'PT-P', 'P-TPT', 'QBS', 'QGL', 'T-JUS-CKP', 'T-MON-CKP', 'T-PDG', 'T-TPT']",0
dataset/0/WELL-00008_20170614220333.parquet,WELL-00008_20170614220333.parquet,0,REAL,WELL-00008,21186,1.0,21185.0,3600,3600,-1,0,21186,False,{'0': 17586},26,"['ABER-CKGL', 'ABER-CKP', 'ESTADO-DHSV', 'ESTADO-M1', 'ESTADO-M2', 'ESTADO-PXO', 'ESTADO-SDV-GL', 'ESTADO-SDV-P', 'ESTADO-W1', 'ESTADO-W2', 'ESTADO-XO', 'P-ANULAR', 'P-JUS-BS', 'P-JUS-CKP', 'P-MON-CKGL', 'P-MON-CKP', 'P-MON-SDV-P', 'P-PDG', 'PT-P', 'P-TPT', 'QBS', 'QGL', 'T-JUS-CKP', 'T-MON-CKP', 'T-PDG', 'T-TPT']",0
dataset/0/WELL-00008_20170615030123.parquet,WELL-00008_20170615030123.parquet,0,REAL,WELL-00008,21446,1.0,21445.0,3600,3600,-1,0,21446,False,{'0': 17846},26,"['ABER-CKGL', 'ABER-CKP', 'ESTADO-DHSV', 'ESTADO-M1', 'ESTADO-M2', 'ESTADO-PXO', 'ESTADO-SDV-GL', 'ESTADO-SDV-P', 'ESTADO-W1', 'ESTADO-W2', 'ESTADO-XO', 'P-ANULAR', 'P-JUS-BS', 'P-JUS-CKP', 'P-MON-CKGL', 'P-MON-CKP', 'P-MON-SDV-P', 'P-PDG', 'PT-P', 'P-TPT', 'QBS', 'QGL', 'T-JUS-CKP', 'T-MON-CKP', 'T-PDG', 'T-TPT']",0
dataset/0/WELL-00008_20170615080234.parquet,WELL-00008_20170615080234.parquet,0,REAL,WELL-00008,21292,1.0,21291.0,3600,3600,-1,0,21292,False,{'0': 17692},26,"['ABER-CKGL', 'ABER-CKP', 'ESTADO-DHSV', 'ESTADO-M1', 'ESTADO-M2', 'ESTADO-PXO', 'ESTADO-SDV-GL', 'ESTADO-SDV-P', 'ESTADO-W1', 'ESTADO-W2', 'ESTADO-XO', 'P-ANULAR', 'P-JUS-BS', 'P-JUS-CKP', 'P-MON-CKGL', 'P-MON-CKP', 'P-MON-SDV-P', 'P-PDG', 'PT-P', 'P-TPT', 'QBS', 'QGL', 'T-JUS-CKP', 'T-MON-CKP', 'T-PDG', 'T-TPT']",0
dataset/0/WELL-00008_20170615130310.parquet,WELL-00008_20170615130310.parquet,0,REAL,WELL-00008,21197,1.0,21196.0,3600,3600,-1,0,21197,False,{'0': 17597},26,"['ABER-CKGL', 'ABER-CKP', 'ESTADO-DHSV', 'ESTADO-M1', 'ESTADO-M2', 'ESTADO-PXO', 'ESTADO-SDV-GL', 'ESTADO-SDV-P', 'ESTADO-W1', 'ESTADO-W2', 'ESTADO-XO', 'P-ANULAR', 'P-JUS-BS', 'P-JUS-CKP', 'P-MON-CKGL', 'P-MON-CKP', 'P-MON-SDV-P', 'P-PDG', 'PT-P', 'P-TPT', 'QBS', 'QGL', 'T-JUS-CKP', 'T-MON-CKP', 'T-PDG', 'T-TPT']",0
dataset/0/WELL-00008_20170615180111.parquet,WELL-00008_20170615180111.parquet,0,REAL,WELL-00008,21316,1.0,21315.0,3600,3600,-1,0,21316,False,{'0': 17716},26,"['ABER-CKGL', 'ABER-CKP', 'ESTADO-DHSV', 'ESTADO-M1', 'ESTADO-M2', 'ESTADO-PXO', 'ESTADO-SDV-GL', 'ESTADO-SDV-P', 'ESTADO-W1', 'ESTADO-W2', 'ESTADO-XO', 'P-ANULAR', 'P-JUS-BS', 'P-JUS-CKP', 'P-MON-CKGL', 'P-MON-CKP', 'P-MON-SDV-P', 'P-PDG', 'PT-P', 'P-TPT', 'QBS', 'QGL', 'T-JUS-CKP', 'T-MON-CKP', 'T-PDG', 'T-TPT']",0
dataset/0/WELL-00008_20170629160123.parquet,WELL-00008_20170629160123.parquet,0,REAL,WELL-00008,21292,1.0,21291.0,3600,3600,-1,0,21292,False,{'0': 17692},26,"['ABER-CKGL', 'ABER-CKP', 'ESTADO-DHSV', 'ESTADO-M1', 'ESTADO-M2', 'ESTADO-PXO', 'ESTADO-SDV-GL', 'ESTADO-SDV-P', 'ESTADO-W1', 'ESTADO-W2', 'ESTADO-XO', 'P-ANULAR', 'P-JUS-BS', 'P-JUS-CKP', 'P-MON-CKGL', 'P-MON-CKP', 'P-MON-SDV-P', 'P-PDG', 'PT-P', 'P-TPT', 'QBS', 'QGL', 'T-JUS-CKP', 'T-MON-CKP', 'T-PDG', 'T-TPT']",0
dataset/0/WELL-00008_20170629210321.parquet,WELL-00008_20170629210321.parquet,0,REAL,WELL-00008,21174,1.0,21173.0,3600,3600,-1,0,21174,False,{'0': 17574},26,"['ABER-CKGL', 'ABER-CKP', 'ESTADO-DHSV', 'ESTADO-M1', 'ESTADO-M2', 'ESTADO-PXO', 'ESTADO-SDV-GL', 'ESTADO-SDV-P', 'ESTADO-W1', 'ESTADO-W2', 'ESTADO-XO', 'P-ANULAR', 'P-JUS-BS', 'P-JUS-CKP', 'P-MON-CKGL', 'P-MON-CKP', 'P-MON-SDV-P', 'P-PDG', 'PT-P', 'P-TPT', 'QBS', 'QGL', 'T-JUS-CKP', 'T-MON-CKP', 'T-PDG', 'T-TPT']",0
dataset/0/WELL-00008_20170630020222.parquet,WELL-00008_20170630020222.parquet,0,REAL,WELL-00008,21268,1.0,21267.0,3600,3600,-1,0,21268,False,{'0': 17668},26,"['ABER-CKGL', 'ABER-CKP', 'ESTADO-DHSV', 'ESTADO-M1', 'ESTADO-M2', 'ESTADO-PXO', 'ESTADO-SDV-GL', 'ESTADO-SDV-P', 'ESTADO-W1', 'ESTADO-W2', 'ESTADO-XO', 'P-ANULAR', 'P-JUS-BS', 'P-JUS-CKP', 'P-MON-CKGL', 'P-MON-CKP', 'P-MON-SDV-P', 'P-PDG', 'PT-P', 'P-TPT', 'QBS', 'QGL', 'T-JUS-CKP', 'T-MON-CKP', 'T-PDG', 'T-TPT']",0
dataset/0/WELL-00008_20170630070310.parquet,WELL-00008_20170630070310.parquet,0,REAL,WELL-00008,21197,1.0,21196.0,3600,3600,-1,0,21197,False,{'0': 17597},26,"['ABER-CKGL', 'ABER-CKP', 'ESTADO-DHSV', 'ESTADO-M1', 'ESTADO-M2', 'ESTADO-PXO', 'ESTADO-SDV-GL', 'ESTADO-SDV-P', 'ESTADO-W1', 'ESTADO-W2', 'ESTADO-XO', 'P-ANULAR', 'P-JUS-BS', 'P-JUS-CKP', 'P-MON-CKGL', 'P-MON-CKP', 'P-MON-SDV-P', 'P-PDG', 'PT-P', 'P-TPT', 'QBS', 'QGL', 'T-JUS-CKP', 'T-MON-CKP', 'T-PDG', 'T-TPT']",0
dataset/0/WELL-00008_20170630120246.parquet,WELL-00008_20170630120246.parquet,0,REAL,WELL-00008,21268,1.0,21267.0,3600,3600,-1,0,21268,False,{'0': 17668},26,"['ABER-CKGL', 'ABER-CKP', 'ESTADO-DHSV', 'ESTADO-M1', 'ESTADO-M2', 'ESTADO-PXO', 'ESTADO-SDV-GL', 'ESTADO-SDV-P', 'ESTADO-W1', 'ESTADO-W2', 'ESTADO-XO', 'P-ANULAR', 'P-JUS-BS', 'P-JUS-CKP', 'P-MON-CKGL', 'P-MON-CKP', 'P-MON-SDV-P', 'P-PDG', 'PT-P', 'P-TPT', 'QBS', 'QGL', 'T-JUS-CKP', 'T-MON-CKP', 'T-PDG', 'T-TPT']",0
dataset/0/WELL-00008_20170630170321.parquet,WELL-00008_20170630170321.parquet,0,REAL,WELL-00008,21126,1.0,21125.0,3600,3600,-1,0,21126,False,{'0': 17526},26,"['ABER-CKGL', 'ABER-CKP', 'ESTADO-DHSV', 'ESTADO-M1', 'ESTADO-M2', 'ESTADO-PXO', 'ESTADO-SDV-GL', 'ESTADO-SDV-P', 'ESTADO-W1', 'ESTADO-W2', 'ESTADO-XO', 'P-ANULAR', 'P-JUS-BS', 'P-JUS-CKP', 'P-MON-CKGL', 'P-MON-CKP', 'P-MON-SDV-P', 'P-PDG', 'PT-P', 'P-TPT', 'QBS', 'QGL', 'T-JUS-CKP', 'T-MON-CKP', 'T-PDG', 'T-TPT']",0
dataset/0/WELL-00008_20170630220146.parquet,WELL-00008_20170630220146.parquet,0,REAL,WELL-00008,21245,1.0,21244.0,3600,3600,-1,0,21245,False,{'0': 17645},26,"['ABER-CKGL', 'ABER-CKP', 'ESTADO-DHSV', 'ESTADO-M1', 'ESTADO-M2', 'ESTADO-PXO', 'ESTADO-SDV-GL', 'ESTADO-SDV-P', 'ESTADO-W1', 'ESTADO-W2', 'ESTADO-XO', 'P-ANULAR', 'P-JUS-BS', 'P-JUS-CKP', 'P-MON-CKGL', 'P-MON-CKP', 'P-MON-SDV-P', 'P-PDG', 'PT-P', 'P-TPT', 'QBS', 'QGL', 'T-JUS-CKP', 'T-MON-CKP', 'T-PDG', 'T-TPT']",0
dataset/0/WELL-00008_20170701030210.parquet,WELL-00008_20170701030210.parquet,0,REAL,WELL-00008,21280,1.0,21279.0,3600,3600,-1,0,21280,False,{'0': 17680},26,"['ABER-CKGL', 'ABER-CKP', 'ESTADO-DHSV', 'ESTADO-M1', 'ESTADO-M2', 'ESTADO-PXO', 'ESTADO-SDV-GL', 'ESTADO-SDV-P', 'ESTADO-W1', 'ESTADO-W2', 'ESTADO-XO', 'P-ANULAR', 'P-JUS-BS', 'P-JUS-CKP', 'P-MON-CKGL', 'P-MON-CKP', 'P-MON-SDV-P', 'P-PDG', 'PT-P', 'P-TPT', 'QBS', 'QGL', 'T-JUS-CKP', 'T-MON-CKP', 'T-PDG', 'T-TPT']",0
dataset/0/WELL-00008_20170701080222.parquet,WELL-00008_20170701080222.parquet,0,REAL,WELL-00008,21221,1.0,21220.0,3600,3600,-1,0,21221,False,{'0': 17621},26,"['ABER-CKGL', 'ABER-CKP', 'ESTADO-DHSV', 'ESTADO-M1', 'ESTADO-M2', 'ESTADO-PXO', 'ESTADO-SDV-GL', 'ESTADO-SDV-P', 'ESTADO-W1', 'ESTADO-W2', 'ESTADO-XO', 'P-ANULAR', 'P-JUS-BS', 'P-JUS-CKP', 'P-MON-CKGL', 'P-MON-CKP', 'P-MON-SDV-P', 'P-PDG', 'PT-P', 'P-TPT', 'QBS', 'QGL', 'T-JUS-CKP', 'T-MON-CKP', 'T-PDG', 'T-TPT']",0
dataset/0/WELL-00008_20170701130135.parquet,WELL-00008_20170701130135.parquet,0,REAL,WELL-00008,21399,1.0,21398.0,3600,3600,-1,0,21399,False,{'0': 17799},26,"['ABER-CKGL', 'ABER-CKP', 'ESTADO-DHSV', 'ESTADO-M1', 'ESTADO-M2', 'ESTADO-PXO', 'ESTADO-SDV-GL', 'ESTADO-SDV-P', 'ESTADO-W1', 'ESTADO-W2', 'ESTADO-XO', 'P-ANULAR', 'P-JUS-BS', 'P-JUS-CKP', 'P-MON-CKGL', 'P-MON-CKP', 'P-MON-SDV-P', 'P-PDG', 'PT-P', 'P-TPT', 'QBS', 'QGL', 'T-JUS-CKP', 'T-MON-CKP', 'T-PDG', 'T-TPT']",0
dataset/0/WELL-00008_20170701180222.parquet,WELL-00008_20170701180222.parquet,0,REAL,WELL-00008,21161,1.0,21160.0,3600,3600,-1,0,21161,False,{'0': 17561},26,"['ABER-CKGL', 'ABER-CKP', 'ESTADO-DHSV', 'ESTADO-M1', 'ESTADO-M2', 'ESTADO-PXO', 'ESTADO-SDV-GL', 'ESTADO-SDV-P', 'ESTADO-W1', 'ESTADO-W2', 'ESTADO-XO', 'P-ANULAR', 'P-JUS-BS', 'P-JUS-CKP', 'P-MON-CKGL', 'P-MON-CKP', 'P-MON-SDV-P', 'P-PDG', 'PT-P', 'P-TPT', 'QBS', 'QGL', 'T-JUS-CKP', 'T-MON-CKP', 'T-PDG', 'T-TPT']",0
dataset/0/WELL-00008_20170701230246.parquet,WELL-00008_20170701230246.parquet,0,REAL,WELL-00008,21280,1.0,21279.0,3600,3600,-1,0,21280,False,{'0': 17680},26,"['ABER-CKGL', 'ABER-CKP', 'ESTADO-DHSV', 'ESTADO-M1', 'ESTADO-M2', 'ESTADO-PXO', 'ESTADO-SDV-GL', 'ESTADO-SDV-P', 'ESTADO-W1', 'ESTADO-W2', 'ESTADO-XO', 'P-ANULAR', 'P-JUS-BS', 'P-JUS-CKP', 'P-MON-CKGL', 'P-MON-CKP', 'P-MON-SDV-P', 'P-PDG', 'PT-P', 'P-TPT', 'QBS', 'QGL', 'T-JUS-CKP', 'T-MON-CKP', 'T-PDG', 'T-TPT']",0
dataset/0/WELL-00008_20170702040135.parquet,WELL-00008_20170702040135.parquet,0,REAL,WELL-00008,21292,1.0,21291.0,3600,3600,-1,0,21292,False,{'0': 17692},26,"['ABER-CKGL', 'ABER-CKP', 'ESTADO-DHSV', 'ESTADO-M1', 'ESTADO-M2', 'ESTADO-PXO', 'ESTADO-SDV-GL', 'ESTADO-SDV-P', 'ESTADO-W1', 'ESTADO-W2', 'ESTADO-XO', 'P-ANULAR', 'P-JUS-BS', 'P-JUS-CKP', 'P-MON-CKGL', 'P-MON-CKP', 'P-MON-SDV-P', 'P-PDG', 'PT-P', 'P-TPT', 'QBS', 'QGL', 'T-JUS-CKP', 'T-MON-CKP', 'T-PDG', 'T-TPT']",0
dataset/0/WELL-00008_20170702090222.parquet,WELL-00008_20170702090222.parquet,0,REAL,WELL-00008,21316,1.0,21315.0,3600,3600,-1,0,21316,False,{'0': 17716},26,"['ABER-CKGL', 'ABER-CKP', 'ESTADO-DHSV', 'ESTADO-M1', 'ESTADO-M2', 'ESTADO-PXO', 'ESTADO-SDV-GL', 'ESTADO-SDV-P', 'ESTADO-W1', 'ESTADO-W2', 'ESTADO-XO', 'P-ANULAR', 'P-JUS-BS', 'P-JUS-CKP', 'P-MON-CKGL', 'P-MON-CKP', 'P-MON-SDV-P', 'P-PDG', 'PT-P', 'P-TPT', 'QBS', 'QGL', 'T-JUS-CKP', 'T-MON-CKP', 'T-PDG', 'T-TPT']",0
dataset/0/WELL-00008_20170702140532.parquet,WELL-00008_20170702140532.parquet,0,REAL,WELL-00008,20960,1.0,20959.0,3600,3600,-1,0,20960,False,{'0': 17360},26,"['ABER-CKGL', 'ABER-CKP', 'ESTADO-DHSV', 'ESTADO-M1', 'ESTADO-M2', 'ESTADO-PXO', 'ESTADO-SDV-GL', 'ESTADO-SDV-P', 'ESTADO-W1', 'ESTADO-W2', 'ESTADO-XO', 'P-ANULAR', 'P-JUS-BS', 'P-JUS-CKP', 'P-MON-CKGL', 'P-MON-CKP', 'P-MON-SDV-P', 'P-PDG', 'PT-P', 'P-TPT', 'QBS', 'QGL', 'T-JUS-CKP', 'T-MON-CKP', 'T-PDG', 'T-TPT']",0
dataset/0/WELL-00008_20170702190135.parquet,WELL-00008_20170702190135.parquet,0,REAL,WELL-00008,21280,1.0,21279.0,3600,3600,-1,0,21280,False,{'0': 17680},26,"['ABER-CKGL', 'ABER-CKP', 'ESTADO-DHSV', 'ESTADO-M1', 'ESTADO-M2', 'ESTADO-PXO', 'ESTADO-SDV-GL', 'ESTADO-SDV-P', 'ESTADO-W1', 'ESTADO-W2', 'ESTADO-XO', 'P-ANULAR', 'P-JUS-BS', 'P-JUS-CKP', 'P-MON-CKGL', 'P-MON-CKP', 'P-MON-SDV-P', 'P-PDG', 'PT-P', 'P-TPT', 'QBS', 'QGL', 'T-JUS-CKP', 'T-MON-CKP', 'T-PDG', 'T-TPT']",0
dataset/0/WELL-00008_20170703000445.parquet,WELL-00008_20170703000445.parquet,0,REAL,WELL-00008,21220,1.0,21219.0,3600,3600,-1,0,21220,False,{'0': 17620},26,"['ABER-CKGL', 'ABER-CKP', 'ESTADO-DHSV', 'ESTADO-M1', 'ESTADO-M2', 'ESTADO-PXO', 'ESTADO-SDV-GL', 'ESTADO-SDV-P', 'ESTADO-W1', 'ESTADO-W2', 'ESTADO-XO', 'P-ANULAR', 'P-JUS-BS', 'P-JUS-CKP', 'P-MON-CKGL', 'P-MON-CKP', 'P-MON-SDV-P', 'P-PDG', 'PT-P', 'P-TPT', 'QBS', 'QGL', 'T-JUS-CKP', 'T-MON-CKP', 'T-PDG', 'T-TPT']",0
dataset/0/WELL-00008_20170703050123.parquet,WELL-00008_20170703050123.parquet,0,REAL,WELL-00008,21327,1.0,21326.0,3600,3600,-1,0,21327,False,{'0': 17727},26,"['ABER-CKGL', 'ABER-CKP', 'ESTADO-DHSV', 'ESTADO-M1', 'ESTADO-M2', 'ESTADO-PXO', 'ESTADO-SDV-GL', 'ESTADO-SDV-P', 'ESTADO-W1', 'ESTADO-W2', 'ESTADO-XO', 'P-ANULAR', 'P-JUS-BS', 'P-JUS-CKP', 'P-MON-CKGL', 'P-MON-CKP', 'P-MON-SDV-P', 'P-PDG', 'PT-P', 'P-TPT', 'QBS', 'QGL', 'T-JUS-CKP', 'T-MON-CKP', 'T-PDG', 'T-TPT']",0
dataset/0/WELL-00008_20170816130222.parquet,WELL-00008_20170816130222.parquet,0,REAL,WELL-00008,21233,1.0,21232.0,3600,3600,-1,0,21233,False,{'0': 17633},26,"['ABER-CKGL', 'ABER-CKP', 'ESTADO-DHSV', 'ESTADO-M1', 'ESTADO-M2', 'ESTADO-PXO', 'ESTADO-SDV-GL', 'ESTADO-SDV-P', 'ESTADO-W1', 'ESTADO-W2', 'ESTADO-XO', 'P-ANULAR', 'P-JUS-BS', 'P-JUS-CKP', 'P-MON-CKGL', 'P-MON-CKP', 'P-MON-SDV-P', 'P-PDG', 'PT-P', 'P-TPT', 'QBS', 'QGL', 'T-JUS-CKP', 'T-MON-CKP', 'T-PDG', 'T-TPT']",0
dataset/0/WELL-00008_20170816180321.parquet,WELL-00008_20170816180321.parquet,0,REAL,WELL-00008,21269,1.0,21268.0,3600,3600,-1,0,21269,False,{'0': 17669},26,"['ABER-CKGL', 'ABER-CKP', 'ESTADO-DHSV', 'ESTADO-M1', 'ESTADO-M2', 'ESTADO-PXO', 'ESTADO-SDV-GL', 'ESTADO-SDV-P', 'ESTADO-W1', 'ESTADO-W2', 'ESTADO-XO', 'P-ANULAR', 'P-JUS-BS', 'P-JUS-CKP', 'P-MON-CKGL', 'P-MON-CKP', 'P-MON-SDV-P', 'P-PDG', 'PT-P', 'P-TPT', 'QBS', 'QGL', 'T-JUS-CKP', 'T-MON-CKP', 'T-PDG', 'T-TPT']",0
dataset/0/WELL-00008_20170816230146.parquet,WELL-00008_20170816230146.parquet,0,REAL,WELL-00008,21388,1.0,21387.0,3600,3600,-1,0,21388,False,{'0': 17788},26,"['ABER-CKGL', 'ABER-CKP', 'ESTADO-DHSV', 'ESTADO-M1', 'ESTADO-M2', 'ESTADO-PXO', 'ESTADO-SDV-GL', 'ESTADO-SDV-P', 'ESTADO-W1', 'ESTADO-W2', 'ESTADO-XO', 'P-ANULAR', 'P-JUS-BS', 'P-JUS-CKP', 'P-MON-CKGL', 'P-MON-CKP', 'P-MON-SDV-P', 'P-PDG', 'PT-P', 'P-TPT', 'QBS', 'QGL', 'T-JUS-CKP', 'T-MON-CKP', 'T-PDG', 'T-TPT']",0
dataset/0/WELL-00008_20170817040135.parquet,WELL-00008_20170817040135.parquet,0,REAL,WELL-00008,21304,1.0,21303.0,3600,3600,-1,0,21304,False,{'0': 17704},26,"['ABER-CKGL', 'ABER-CKP', 'ESTADO-DHSV', 'ESTADO-M1', 'ESTADO-M2', 'ESTADO-PXO', 'ESTADO-SDV-GL', 'ESTADO-SDV-P', 'ESTADO-W1', 'ESTADO-W2', 'ESTADO-XO', 'P-ANULAR', 'P-JUS-BS', 'P-JUS-CKP', 'P-MON-CKGL', 'P-MON-CKP', 'P-MON-SDV-P', 'P-PDG', 'PT-P', 'P-TPT', 'QBS', 'QGL', 'T-JUS-CKP', 'T-MON-CKP', 'T-PDG', 'T-TPT']",0
dataset/0/WELL-00008_20170817090246.parquet,WELL-00008_20170817090246.parquet,0,REAL,WELL-00008,21102,1.0,21101.0,3600,3600,-1,0,21102,False,{'0': 17502},26,"['ABER-CKGL', 'ABER-CKP', 'ESTADO-DHSV', 'ESTADO-M1', 'ESTADO-M2', 'ESTADO-PXO', 'ESTADO-SDV-GL', 'ESTADO-SDV-P', 'ESTADO-W1', 'ESTADO-W2', 'ESTADO-XO', 'P-ANULAR', 'P-JUS-BS', 'P-JUS-CKP', 'P-MON-CKGL', 'P-MON-CKP', 'P-MON-SDV-P', 'P-PDG', 'PT-P', 'P-TPT', 'QBS', 'QGL', 'T-JUS-CKP', 'T-MON-CKP', 'T-PDG', 'T-TPT']",0
dataset/0/WELL-00008_20170817140222.parquet,WELL-00008_20170817140222.parquet,0,REAL,WELL-00008,21292,1.0,21291.0,3600,3600,-1,0,21292,False,{'0': 17692},26,"['ABER-CKGL', 'ABER-CKP', 'ESTADO-DHSV', 'ESTADO-M1', 'ESTADO-M2', 'ESTADO-PXO', 'ESTADO-SDV-GL', 'ESTADO-SDV-P', 'ESTADO-W1', 'ESTADO-W2', 'ESTADO-XO', 'P-ANULAR', 'P-JUS-BS', 'P-JUS-CKP', 'P-MON-CKGL', 'P-MON-CKP', 'P-MON-SDV-P', 'P-PDG', 'PT-P', 'P-TPT', 'QBS', 'QGL', 'T-JUS-CKP', 'T-MON-CKP', 'T-PDG', 'T-TPT']",0
dataset/0/WELL-00008_20170817190123.parquet,WELL-00008_20170817190123.parquet,0,REAL,WELL-00008,21351,1.0,21350.0,3600,3600,-1,0,21351,False,{'0': 17751},26,"['ABER-CKGL', 'ABER-CKP', 'ESTADO-DHSV', 'ESTADO-M1', 'ESTADO-M2', 'ESTADO-PXO', 'ESTADO-SDV-GL', 'ESTADO-SDV-P', 'ESTADO-W1', 'ESTADO-W2', 'ESTADO-XO', 'P-ANULAR', 'P-JUS-BS', 'P-JUS-CKP', 'P-MON-CKGL', 'P-MON-CKP', 'P-MON-SDV-P', 'P-PDG', 'PT-P', 'P-TPT', 'QBS', 'QGL', 'T-JUS-CKP', 'T-MON-CKP', 'T-PDG', 'T-TPT']",0
dataset/0/WELL-00008_20170818000222.parquet,WELL-00008_20170818000222.parquet,0,REAL,WELL-00008,21328,1.0,21327.0,3600,3600,-1,0,21328,False,{'0': 17728},26,"['ABER-CKGL', 'ABER-CKP', 'ESTADO-DHSV', 'ESTADO-M1', 'ESTADO-M2', 'ESTADO-PXO', 'ESTADO-SDV-GL', 'ESTADO-SDV-P', 'ESTADO-W1', 'ESTADO-W2', 'ESTADO-XO', 'P-ANULAR', 'P-JUS-BS', 'P-JUS-CKP', 'P-MON-CKGL', 'P-MON-CKP', 'P-MON-SDV-P', 'P-PDG', 'PT-P', 'P-TPT', 'QBS', 'QGL', 'T-JUS-CKP', 'T-MON-CKP', 'T-PDG', 'T-TPT']",0
dataset/0/WELL-00008_20170818050210.parquet,WELL-00008_20170818050210.parquet,0,REAL,WELL-00008,21280,1.0,21279.0,3600,3600,-1,0,21280,False,{'0': 17680},26,"['ABER-CKGL', 'ABER-CKP', 'ESTADO-DHSV', 'ESTADO-M1', 'ESTADO-M2', 'ESTADO-PXO', 'ESTADO-SDV-GL', 'ESTADO-SDV-P', 'ESTADO-W1', 'ESTADO-W2', 'ESTADO-XO', 'P-ANULAR', 'P-JUS-BS', 'P-JUS-CKP', 'P-MON-CKGL', 'P-MON-CKP', 'P-MON-SDV-P', 'P-PDG', 'PT-P', 'P-TPT', 'QBS', 'QGL', 'T-JUS-CKP', 'T-MON-CKP', 'T-PDG', 'T-TPT']",0
dataset/0/WELL-00008_20170818100258.parquet,WELL-00008_20170818100258.parquet,0,REAL,WELL-00008,21197,1.0,21196.0,3600,3600,-1,0,21197,False,{'0': 17597},26,"['ABER-CKGL', 'ABER-CKP', 'ESTADO-DHSV', 'ESTADO-M1', 'ESTADO-M2', 'ESTADO-PXO', 'ESTADO-SDV-GL', 'ESTADO-SDV-P', 'ESTADO-W1', 'ESTADO-W2', 'ESTADO-XO', 'P-ANULAR', 'P-JUS-BS', 'P-JUS-CKP', 'P-MON-CKGL', 'P-MON-CKP', 'P-MON-SDV-P', 'P-PDG', 'PT-P', 'P-TPT', 'QBS', 'QGL', 'T-JUS-CKP', 'T-MON-CKP', 'T-PDG', 'T-TPT']",0
dataset/0/WELL-00008_20170818150123.parquet,WELL-00008_20170818150123.parquet,0,REAL,WELL-00008,21351,1.0,21350.0,3600,3600,-1,0,21351,False,{'0': 17751},26,"['ABER-CKGL', 'ABER-CKP', 'ESTADO-DHSV', 'ESTADO-M1', 'ESTADO-M2', 'ESTADO-PXO', 'ESTADO-SDV-GL', 'ESTADO-SDV-P', 'ESTADO-W1', 'ESTADO-W2', 'ESTADO-XO', 'P-ANULAR', 'P-JUS-BS', 'P-JUS-CKP', 'P-MON-CKGL', 'P-MON-CKP', 'P-MON-SDV-P', 'P-PDG', 'PT-P', 'P-TPT', 'QBS', 'QGL', 'T-JUS-CKP', 'T-MON-CKP', 'T-PDG', 'T-TPT']",0
dataset/0/WELL-00008_20170818200310.parquet,WELL-00008_20170818200310.parquet,0,REAL,WELL-00008,21315,1.0,21314.0,3600,3600,-1,0,21315,False,{'0': 17715},26,"['ABER-CKGL', 'ABER-CKP', 'ESTADO-DHSV', 'ESTADO-M1', 'ESTADO-M2', 'ESTADO-PXO', 'ESTADO-SDV-GL', 'ESTADO-SDV-P', 'ESTADO-W1', 'ESTADO-W2', 'ESTADO-XO', 'P-ANULAR', 'P-JUS-BS', 'P-JUS-CKP', 'P-MON-CKGL', 'P-MON-CKP', 'P-MON-SDV-P', 'P-PDG', 'PT-P', 'P-TPT', 'QBS', 'QGL', 'T-JUS-CKP', 'T-MON-CKP', 'T-PDG', 'T-TPT']",0
dataset/0/WELL-00008_20170819010123.parquet,WELL-00008_20170819010123.parquet,0,REAL,WELL-00008,21422,1.0,21421.0,3600,3600,-1,0,21422,False,{'0': 17822},26,"['ABER-CKGL', 'ABER-CKP', 'ESTADO-DHSV', 'ESTADO-M1', 'ESTADO-M2', 'ESTADO-PXO', 'ESTADO-SDV-GL', 'ESTADO-SDV-P', 'ESTADO-W1', 'ESTADO-W2', 'ESTADO-XO', 'P-ANULAR', 'P-JUS-BS', 'P-JUS-CKP', 'P-MON-CKGL', 'P-MON-CKP', 'P-MON-SDV-P', 'P-PDG', 'PT-P', 'P-TPT', 'QBS', 'QGL', 'T-JUS-CKP', 'T-MON-CKP', 'T-PDG', 'T-TPT']",0
dataset/0/WELL-00008_20170819060246.parquet,WELL-00008_20170819060246.parquet,0,REAL,WELL-00008,21244,1.0,21243.0,3600,3600,-1,0,21244,False,{'0': 17644},26,"['ABER-CKGL', 'ABER-CKP', 'ESTADO-DHSV', 'ESTADO-M1', 'ESTADO-M2', 'ESTADO-PXO', 'ESTADO-SDV-GL', 'ESTADO-SDV-P', 'ESTADO-W1', 'ESTADO-W2', 'ESTADO-XO', 'P-ANULAR', 'P-JUS-BS', 'P-JUS-CKP', 'P-MON-CKGL', 'P-MON-CKP', 'P-MON-SDV-P', 'P-PDG', 'PT-P', 'P-TPT', 'QBS', 'QGL', 'T-JUS-CKP', 'T-MON-CKP', 'T-PDG', 'T-TPT']",0
dataset/0/WELL-00008_20170819110210.parquet,WELL-00008_20170819110210.parquet,0,REAL,WELL-00008,21292,1.0,21291.0,3600,3600,-1,0,21292,False,{'0': 17692},26,"['ABER-CKGL', 'ABER-CKP', 'ESTADO-DHSV', 'ESTADO-M1', 'ESTADO-M2', 'ESTADO-PXO', 'ESTADO-SDV-GL', 'ESTADO-SDV-P', 'ESTADO-W1', 'ESTADO-W2', 'ESTADO-XO', 'P-ANULAR', 'P-JUS-BS', 'P-JUS-CKP', 'P-MON-CKGL', 'P-MON-CKP', 'P-MON-SDV-P', 'P-PDG', 'PT-P', 'P-TPT', 'QBS', 'QGL', 'T-JUS-CKP', 'T-MON-CKP', 'T-PDG', 'T-TPT']",0
dataset/0/WELL-00008_20170914010321.parquet,WELL-00008_20170914010321.parquet,0,REAL,WELL-00008,21304,1.0,21303.0,3600,3600,-1,0,21304,False,{'0': 17704},26,"['ABER-CKGL', 'ABER-CKP', 'ESTADO-DHSV', 'ESTADO-M1', 'ESTADO-M2', 'ESTADO-PXO', 'ESTADO-SDV-GL', 'ESTADO-SDV-P', 'ESTADO-W1', 'ESTADO-W2', 'ESTADO-XO', 'P-ANULAR', 'P-JUS-BS', 'P-JUS-CKP', 'P-MON-CKGL', 'P-MON-CKP', 'P-MON-SDV-P', 'P-PDG', 'PT-P', 'P-TPT', 'QBS', 'QGL', 'T-JUS-CKP', 'T-MON-CKP', 'T-PDG', 'T-TPT']",0
dataset/0/WELL-00008_20170914060222.parquet,WELL-00008_20170914060222.parquet,0,REAL,WELL-00008,21280,1.0,21279.0,3600,3600,-1,0,21280,False,{'0': 17680},26,"['ABER-CKGL', 'ABER-CKP', 'ESTADO-DHSV', 'ESTADO-M1', 'ESTADO-M2', 'ESTADO-PXO', 'ESTADO-SDV-GL', 'ESTADO-SDV-P', 'ESTADO-W1', 'ESTADO-W2', 'ESTADO-XO', 'P-ANULAR', 'P-JUS-BS', 'P-JUS-CKP', 'P-MON-CKGL', 'P-MON-CKP', 'P-MON-SDV-P', 'P-PDG', 'PT-P', 'P-TPT', 'QBS', 'QGL', 'T-JUS-CKP', 'T-MON-CKP', 'T-PDG', 'T-TPT']",0
dataset/0/WELL-00008_20170914110246.parquet,WELL-00008_20170914110246.parquet,0,REAL,WELL-00008,21233,1.0,21232.0,3600,3600,-1,0,21233,False,{'0': 17633},26,"['ABER-CKGL', 'ABER-CKP', 'ESTADO-DHSV', 'ESTADO-M1', 'ESTADO-M2', 'ESTADO-PXO', 'ESTADO-SDV-GL', 'ESTADO-SDV-P', 'ESTADO-W1', 'ESTADO-W2', 'ESTADO-XO', 'P-ANULAR', 'P-JUS-BS', 'P-JUS-CKP', 'P-MON-CKGL', 'P-MON-CKP', 'P-MON-SDV-P', 'P-PDG', 'PT-P', 'P-TPT', 'QBS', 'QGL', 'T-JUS-CKP', 'T-MON-CKP', 'T-PDG', 'T-TPT']",0
dataset/0/WELL-00019_20170307235203.parquet,WELL-00019_20170307235203.parquet,0,REAL,WELL-00019,143231,1.0,143230.0,3600,3600,-1,0,143231,False,{'0': 139631},9,"['ABER-CKGL', 'ESTADO-DHSV', 'P-ANULAR', 'P-JUS-BS', 'P-MON-CKGL', 'P-MON-SDV-P', 'PT-P', 'QBS', 'T-JUS-CKP']",0
dataset/1/WELL-00001_20140124083303.parquet,WELL-00001_20140124083303.parquet,1,REAL,WELL-00001,62068,1.0,62067.0,3600,3600,47616,44016,47616,True,"{'0': 44016, '1': 4640, '101': 9812}",9,"['ABER-CKGL', 'ABER-CKP', 'P-JUS-BS', 'P-JUS-CKP', 'P-MON-CKGL', 'P-MON-SDV-P', 'PT-P', 'QBS', 'T-MON-CKP']",0
dataset/1/WELL-00002_20140126180030.parquet,WELL-00002_20140126180030.parquet,1,REAL,WELL-00002,17971,1.0,17970.0,3600,3600,8354,4754,8354,True,"{'0': 4754, '1': 3002, '101': 6615}",23,"['ABER-CKGL', 'ABER-CKP', 'ESTADO-DHSV', 'ESTADO-M1', 'ESTADO-M2', 'ESTADO-PXO', 'ESTADO-SDV-GL', 'ESTADO-SDV-P', 'ESTADO-W1', 'ESTADO-W2', 'ESTADO-XO', 'P-JUS-BS', 'P-JUS-CKGL', 'P-JUS-CKP', 'P-MON-CKGL', 'P-MON-CKP', 'P-MON-SDV-P', 'PT-P', 'QBS', 'QGL', 'T-JUS-CKP', 'T-MON-CKP', 'T-PDG']",0
dataset/1/WELL-00006_20170731170930.parquet,WELL-00006_20170731170930.parquet,1,REAL,WELL-00006,99331,1.0,99330.0,3600,3600,58972,55372,58972,True,"{'0': 55372, '1': 1269, '101': 39090}",9,"['ABER-CKGL', 'ABER-CKP', 'P-JUS-BS', 'P-JUS-CKP', 'P-MON-CKGL', 'P-MON-SDV-P', 'PT-P', 'QBS', 'T-MON-CKP']",0
dataset/1/WELL-00006_20180617190257.parquet,WELL-00006_20180617190257.parquet,1,REAL,WELL-00006,57424,1.0,57423.0,3600,3600,46729,43129,46729,True,"{'0': 43129, '1': 872, '101': 9823}",9,"['ABER-CKGL', 'ABER-CKP', 'P-JUS-BS', 'P-JUS-CKP', 'P-MON-CKGL', 'P-MON-SDV-P', 'PT-P', 'QBS', 'T-MON-CKP']",0
dataset/2/WELL-00002_20131104004101.parquet,WELL-00002_20131104004101.parquet,2,REAL,WELL-00002,12721,1.0,12720.0,3600,3600,7355,3755,7355,True,"{'0': 3755, '2': 217, '102': 5149}",23,"['ABER-CKGL', 'ABER-CKP', 'ESTADO-DHSV', 'ESTADO-M1', 'ESTADO-M2', 'ESTADO-PXO', 'ESTADO-SDV-GL', 'ESTADO-SDV-P', 'ESTADO-W1', 'ESTADO-W2', 'ESTADO-XO', 'P-JUS-BS', 'P-JUS-CKGL', 'P-JUS-CKP', 'P-MON-CKGL', 'P-MON-CKP', 'P-MON-SDV-P', 'PT-P', 'QBS', 'QGL', 'T-JUS-CKP', 'T-MON-CKP', 'T-PDG']",0
dataset/2/WELL-00003_20141122190000.parquet,WELL-00003_20141122190000.parquet,2,REAL,WELL-00003,19290,1.0,19289.0,3600,3600,12205,8605,12205,True,"{'0': 8605, '2': 156, '102': 6929}",18,"['ABER-CKGL', 'ABER-CKP', 'ESTADO-DHSV', 'ESTADO-M1', 'ESTADO-M2', 'ESTADO-SDV-GL', 'ESTADO-SDV-P', 'ESTADO-W1', 'P-JUS-BS', 'P-JUS-CKGL', 'P-JUS-CKP', 'P-MON-CKGL', 'P-MON-SDV-P', 'PT-P', 'QBS', 'T-JUS-CKP', 'T-MON-CKP', 'T-PDG']",0
dataset/2/WELL-00003_20170728130240.parquet,WELL-00003_20170728130240.parquet,2,REAL,WELL-00003,15780,1.0,15779.0,3600,3600,9532,5932,9532,True,"{'0': 5932, '2': 1839, '102': 4409}",17,"['ABER-CKGL', 'ABER-CKP', 'ESTADO-DHSV', 'ESTADO-M1', 'ESTADO-M2', 'ESTADO-SDV-GL', 'ESTADO-W1', 'P-JUS-BS', 'P-JUS-CKGL', 'P-JUS-CKP', 'P-MON-CKGL', 'P-MON-SDV-P', 'PT-P', 'QBS', 'T-JUS-CKP', 'T-MON-CKP', 'T-PDG']",2
dataset/2/WELL-00003_20180206171508.parquet,WELL-00003_20180206171508.parquet,2,REAL,WELL-00003,10829,1.0,10828.0,3600,3600,5093,1493,5093,True,"{'0': 1493, '2': 1866, '102': 3870}",17,"['ABER-CKGL', 'ABER-CKP', 'ESTADO-DHSV', 'ESTADO-M1', 'ESTADO-M2', 'ESTADO-SDV-GL', 'ESTADO-W1', 'P-JUS-BS', 'P-JUS-CKGL', 'P-JUS-CKP', 'P-MON-CKGL', 'P-MON-SDV-P', 'PT-P', 'QBS', 'T-JUS-CKP', 'T-MON-CKP', 'T-PDG']",0
dataset/2/WELL-00009_20170313150804.parquet,WELL-00009_20170313150804.parquet,2,REAL,WELL-00009,10338,1.0,10337.0,3600,3600,7122,3522,7122,True,"{'0': 3522, '2': 1120, '102': 2096}",9,"['ABER-CKGL', 'ABER-CKP', 'P-JUS-BS', 'P-JUS-CKP', 'P-MON-CKGL', 'P-MON-SDV-P', 'PT-P', 'QBS', 'T-MON-CKP']",0
dataset/2/WELL-00010_20171218180131.parquet,WELL-00010_20171218180131.parquet,2,REAL,WELL-00010,13409,1.0,13408.0,3600,3600,9504,5904,9504,True,"{'0': 5904, '2': 1746, '102': 2159}",21,"['ABER-CKGL', 'ABER-CKP', 'ESTADO-DHSV', 'ESTADO-M1', 'ESTADO-M2', 'ESTADO-PXO', 'ESTADO-W1', 'ESTADO-W2', 'ESTADO-XO', 'P-ANULAR', 'P-JUS-BS', 'P-JUS-CKP', 'P-MON-CKGL', 'P-MON-SDV-P', 'P-PDG', 'PT-P', 'P-TPT', 'QBS', 'QGL', 'T-JUS-CKP', 'T-MON-CKP']",0
dataset/2/WELL-00011_20140515083000.parquet,WELL-00011_20140515083000.parquet,2,REAL,WELL-00011,30601,1.0,30600.0,3600,3600,10374,6774,10374,True,"{'0': 6774, '2': 8986, '102': 11241}",22,"['ABER-CKGL', 'ABER-CKP', 'ESTADO-DHSV', 'ESTADO-M1', 'ESTADO-M2', 'ESTADO-PXO', 'ESTADO-SDV-GL', 'ESTADO-SDV-P', 'ESTADO-W1', 'ESTADO-W2', 'ESTADO-XO', 'P-JUS-BS', 'P-JUS-CKGL', 'P-JUS-CKP', 'P-MON-CKGL', 'P-MON-CKP', 'P-MON-SDV-P', 'PT-P', 'QBS', 'QGL', 'T-JUS-CKP', 'T-MON-CKP']",4
dataset/2/WELL-00011_20140530083203.parquet,WELL-00011_20140530083203.parquet,2,REAL,WELL-00011,7272,1.0,7271.0,3600,3600,5759,2159,5759,True,"{'0': 2159, '102': 1513}",22,"['ABER-CKGL', 'ABER-CKP', 'ESTADO-DHSV', 'ESTADO-M1', 'ESTADO-M2', 'ESTADO-PXO', 'ESTADO-SDV-GL', 'ESTADO-SDV-P', 'ESTADO-W1', 'ESTADO-W2', 'ESTADO-XO', 'P-JUS-BS', 'P-JUS-CKGL', 'P-JUS-CKP', 'P-MON-CKGL', 'P-MON-CKP', 'P-MON-SDV-P', 'PT-P', 'QBS', 'QGL', 'T-JUS-CKP', 'T-MON-CKP']",0
dataset/2/WELL-00011_20140606213810.parquet,WELL-00011_20140606213810.parquet,2,REAL,WELL-00011,18217,1.0,18216.0,3600,3600,6857,3257,6857,True,"{'0': 3257, '2': 704, '102': 10656}",22,"['ABER-CKGL', 'ABER-CKP', 'ESTADO-DHSV', 'ESTADO-M1', 'ESTADO-M2', 'ESTADO-PXO', 'ESTADO-SDV-GL', 'ESTADO-SDV-P', 'ESTADO-W1', 'ESTADO-W2', 'ESTADO-XO', 'P-JUS-BS', 'P-JUS-CKGL', 'P-JUS-CKP', 'P-MON-CKGL', 'P-MON-CKP', 'P-MON-SDV-P', 'PT-P', 'QBS', 'QGL', 'T-JUS-CKP', 'T-MON-CKP']",0
dataset/2/WELL-00011_20140720110102.parquet,WELL-00011_20140720110102.parquet,2,REAL,WELL-00011,15551,1.0,15550.0,3600,3600,10587,6987,10587,True,"{'0': 6987, '102': 4964}",22,"['ABER-CKGL', 'ABER-CKP', 'ESTADO-DHSV', 'ESTADO-M1', 'ESTADO-M2', 'ESTADO-PXO', 'ESTADO-SDV-GL', 'ESTADO-SDV-P', 'ESTADO-W1', 'ESTADO-W2', 'ESTADO-XO', 'P-JUS-BS', 'P-JUS-CKGL', 'P-JUS-CKP', 'P-MON-CKGL', 'P-MON-CKP', 'P-MON-SDV-P', 'PT-P', 'QBS', 'QGL', 'T-JUS-CKP', 'T-MON-CKP']",0
dataset/2/WELL-00011_20140726165720.parquet,WELL-00011_20140726165720.parquet,2,REAL,WELL-00011,7225,1.0,7224.0,3600,3600,4683,1083,4683,True,"{'0': 1083, '102': 2542}",22,"['ABER-CKGL', 'ABER-CKP', 'ESTADO-DHSV', 'ESTADO-M1', 'ESTADO-M2', 'ESTADO-PXO', 'ESTADO-SDV-GL', 'ESTADO-SDV-P', 'ESTADO-W1', 'ESTADO-W2', 'ESTADO-XO', 'P-JUS-BS', 'P-JUS-CKGL', 'P-JUS-CKP', 'P-MON-CKGL', 'P-MON-CKP', 'P-MON-SDV-P', 'PT-P', 'QBS', 'QGL', 'T-JUS-CKP', 'T-MON-CKP']",0
dataset/2/WELL-00011_20140823230118.parquet,WELL-00011_20140823230118.parquet,2,REAL,WELL-00011,21523,1.0,21522.0,3600,3600,6427,2827,6427,True,"{'0': 2827, '2': 3488, '102': 11608}",22,"['ABER-CKGL', 'ABER-CKP', 'ESTADO-DHSV', 'ESTADO-M1', 'ESTADO-M2', 'ESTADO-PXO', 'ESTADO-SDV-GL', 'ESTADO-SDV-P', 'ESTADO-W1', 'ESTADO-W2', 'ESTADO-XO', 'P-JUS-BS', 'P-JUS-CKGL', 'P-JUS-CKP', 'P-MON-CKGL', 'P-MON-CKP', 'P-MON-SDV-P', 'PT-P', 'QBS', 'QGL', 'T-JUS-CKP', 'T-MON-CKP']",0
dataset/2/WELL-00011_20140916050300.parquet,WELL-00011_20140916050300.parquet,2,REAL,WELL-00011,9214,1.0,9213.0,3600,3600,7260,3660,7260,True,"{'0': 3660, '102': 1954}",22,"['ABER-CKGL', 'ABER-CKP', 'ESTADO-DHSV', 'ESTADO-M1', 'ESTADO-M2', 'ESTADO-PXO', 'ESTADO-SDV-GL', 'ESTADO-SDV-P', 'ESTADO-W1', 'ESTADO-W2', 'ESTADO-XO', 'P-JUS-BS', 'P-JUS-CKGL', 'P-JUS-CKP', 'P-MON-CKGL', 'P-MON-CKP', 'P-MON-SDV-P', 'PT-P', 'QBS', 'QGL', 'T-JUS-CKP', 'T-MON-CKP']",0
dataset/2/WELL-00011_20140921183228.parquet,WELL-00011_20140921183228.parquet,2,REAL,WELL-00011,8007,1.0,8006.0,3600,3600,5968,2368,5968,True,"{'0': 2368, '102': 2039}",22,"['ABER-CKGL', 'ABER-CKP', 'ESTADO-DHSV', 'ESTADO-M1', 'ESTADO-M2', 'ESTADO-PXO', 'ESTADO-SDV-GL', 'ESTADO-SDV-P', 'ESTADO-W1', 'ESTADO-W2', 'ESTADO-XO', 'P-JUS-BS', 'P-JUS-CKGL', 'P-JUS-CKP', 'P-MON-CKGL', 'P-MON-CKP', 'P-MON-SDV-P', 'PT-P', 'QBS', 'QGL', 'T-JUS-CKP', 'T-MON-CKP']",4
dataset/2/WELL-00011_20140928090056.parquet,WELL-00011_20140928090056.parquet,2,REAL,WELL-00011,9193,1.0,9192.0,3600,3600,7169,3569,7169,True,"{'0': 3569, '102': 2024}",22,"['ABER-CKGL', 'ABER-CKP', 'ESTADO-DHSV', 'ESTADO-M1', 'ESTADO-M2', 'ESTADO-PXO', 'ESTADO-SDV-GL', 'ESTADO-SDV-P', 'ESTADO-W1', 'ESTADO-W2', 'ESTADO-XO', 'P-JUS-BS', 'P-JUS-CKGL', 'P-JUS-CKP', 'P-MON-CKGL', 'P-MON-CKP', 'P-MON-SDV-P', 'PT-P', 'QBS', 'QGL', 'T-JUS-CKP', 'T-MON-CKP']",4
dataset/2/WELL-00011_20140929153332.parquet,WELL-00011_20140929153332.parquet,2,REAL,WELL-00011,7918,1.0,7917.0,3600,3600,6188,2588,6188,True,"{'0': 2588, '102': 1730}",22,"['ABER-CKGL', 'ABER-CKP', 'ESTADO-DHSV', 'ESTADO-M1', 'ESTADO-M2', 'ESTADO-PXO', 'ESTADO-SDV-GL', 'ESTADO-SDV-P', 'ESTADO-W1', 'ESTADO-W2', 'ESTADO-XO', 'P-JUS-BS', 'P-JUS-CKGL', 'P-JUS-CKP', 'P-MON-CKGL', 'P-MON-CKP', 'P-MON-SDV-P', 'PT-P', 'QBS', 'QGL', 'T-JUS-CKP', 'T-MON-CKP']",0
dataset/2/WELL-00011_20140929210121.parquet,WELL-00011_20140929210121.parquet,2,REAL,WELL-00011,8232,1.0,8231.0,3600,3600,7022,3422,7022,True,"{'0': 3422, '102': 1210}",22,"['ABER-CKGL', 'ABER-CKP', 'ESTADO-DHSV', 'ESTADO-M1', 'ESTADO-M2', 'ESTADO-PXO', 'ESTADO-SDV-GL', 'ESTADO-SDV-P', 'ESTADO-W1', 'ESTADO-W2', 'ESTADO-XO', 'P-JUS-BS', 'P-JUS-CKGL', 'P-JUS-CKP', 'P-MON-CKGL', 'P-MON-CKP', 'P-MON-SDV-P', 'PT-P', 'QBS', 'QGL', 'T-JUS-CKP', 'T-MON-CKP']",0
dataset/2/WELL-00011_20141005160056.parquet,WELL-00011_20141005160056.parquet,2,REAL,WELL-00011,8715,1.0,8714.0,3600,3600,5786,2186,5786,True,"{'0': 2186, '102': 2929}",22,"['ABER-CKGL', 'ABER-CKP', 'ESTADO-DHSV', 'ESTADO-M1', 'ESTADO-M2', 'ESTADO-PXO', 'ESTADO-SDV-GL', 'ESTADO-SDV-P', 'ESTADO-W1', 'ESTADO-W2', 'ESTADO-XO', 'P-JUS-BS', 'P-JUS-CKGL', 'P-JUS-CKP', 'P-MON-CKGL', 'P-MON-CKP', 'P-MON-SDV-P', 'PT-P', 'QBS', 'QGL', 'T-JUS-CKP', 'T-MON-CKP']",0
dataset/2/WELL-00011_20141006150121.parquet,WELL-00011_20141006150121.parquet,2,REAL,WELL-00011,8056,1.0,8055.0,3600,3600,6295,2695,6295,True,"{'0': 2695, '102': 1761}",22,"['ABER-CKGL', 'ABER-CKP', 'ESTADO-DHSV', 'ESTADO-M1', 'ESTADO-M2', 'ESTADO-PXO', 'ESTADO-SDV-GL', 'ESTADO-SDV-P', 'ESTADO-W1', 'ESTADO-W2', 'ESTADO-XO', 'P-JUS-BS', 'P-JUS-CKGL', 'P-JUS-CKP', 'P-MON-CKGL', 'P-MON-CKP', 'P-MON-SDV-P', 'PT-P', 'QBS', 'QGL', 'T-JUS-CKP', 'T-MON-CKP']",0
dataset/2/WELL-00012_20170320011000.parquet,WELL-00012_20170320011000.parquet,2,REAL,WELL-00012,10539,1.0,10538.0,3600,3600,9187,5587,9187,True,"{'0': 5587, '2': 415, '102': 937}",13,"['ABER-CKGL', 'ESTADO-DHSV', 'ESTADO-M1', 'ESTADO-SDV-GL', 'P-JUS-BS', 'P-JUS-CKGL', 'P-JUS-CKP', 'P-MON-CKGL', 'P-MON-SDV-P', 'PT-P', 'QBS', 'T-JUS-CKP', 'T-MON-CKP']",1
dataset/2/WELL-00012_20170320123144.parquet,WELL-00012_20170320123144.parquet,2,REAL,WELL-00012,10553,1.0,10552.0,3600,3600,9027,5427,9027,True,"{'0': 5427, '102': 1526}",13,"['ABER-CKGL', 'ESTADO-DHSV', 'ESTADO-M1', 'ESTADO-SDV-GL', 'P-JUS-BS', 'P-JUS-CKGL', 'P-JUS-CKP', 'P-MON-CKGL', 'P-MON-SDV-P', 'PT-P', 'QBS', 'T-JUS-CKP', 'T-MON-CKP']",1
dataset/2/WELL-00013_20170329010229.parquet,WELL-00013_20170329010229.parquet,2,REAL,WELL-00013,13818,1.0,13817.0,3600,3600,7236,3636,7236,True,"{'0': 3636, '2': 737, '102': 5845}",17,"['ABER-CKGL', 'ABER-CKP', 'ESTADO-DHSV', 'ESTADO-M1', 'ESTADO-SDV-GL', 'ESTADO-SDV-P', 'ESTADO-W1', 'P-JUS-BS', 'P-JUS-CKGL', 'P-JUS-CKP', 'P-MON-CKGL', 'P-MON-CKP', 'P-MON-SDV-P', 'PT-P', 'QBS', 'T-JUS-CKP', 'T-MON-CKP']",0
dataset/3/WELL-00001_20170320120025.parquet,WELL-00001_20170320120025.parquet,3,REAL,WELL-00001,21576,1.0,21575.0,3600,3600,3600,0,3600,False,{'3': 17976},9,"['ABER-CKGL', 'ABER-CKP', 'P-JUS-BS', 'P-JUS-CKP', 'P-MON-CKGL', 'P-MON-SDV-P', 'PT-P', 'QBS', 'T-MON-CKP']",0
dataset/3/WELL-00014_20170917140000.parquet,WELL-00014_20170917140000.parquet,3,REAL,WELL-00014,21376,1.0,21375.0,3600,3600,3600,0,3600,False,{'3': 17776},13,"['ESTADO-DHSV', 'ESTADO-M1', 'ESTADO-M2', 'ESTADO-PXO', 'ESTADO-W2', 'ESTADO-XO', 'P-JUS-BS', 'P-JUS-CKP', 'P-MON-CKGL', 'P-MON-SDV-P', 'PT-P', 'QBS', 'T-MON-CKP']",14
dataset/3/WELL-00014_20170917190000.parquet,WELL-00014_20170917190000.parquet,3,REAL,WELL-00014,21562,1.0,21561.0,3600,3600,3600,0,3600,False,{'3': 17962},13,"['ESTADO-DHSV', 'ESTADO-M1', 'ESTADO-M2', 'ESTADO-PXO', 'ESTADO-W2', 'ESTADO-XO', 'P-JUS-BS', 'P-JUS-CKP', 'P-MON-CKGL', 'P-MON-SDV-P', 'PT-P', 'QBS', 'T-MON-CKP']",12
dataset/3/WELL-00014_20170918010114.parquet,WELL-00014_20170918010114.parquet,3,REAL,WELL-00014,21527,1.0,21526.0,3600,3600,3600,0,3600,False,{'3': 17927},13,"['ESTADO-DHSV', 'ESTADO-M1', 'ESTADO-M2', 'ESTADO-PXO', 'ESTADO-W2', 'ESTADO-XO', 'P-JUS-BS', 'P-JUS-CKP', 'P-MON-CKGL', 'P-MON-SDV-P', 'PT-P', 'QBS', 'T-MON-CKP']",0
dataset/3/WELL-00014_20170918060135.parquet,WELL-00014_20170918060135.parquet,3,REAL,WELL-00014,21506,1.0,21505.0,3600,3600,3600,0,3600,False,{'3': 17906},13,"['ESTADO-DHSV', 'ESTADO-M1', 'ESTADO-M2', 'ESTADO-PXO', 'ESTADO-W2', 'ESTADO-XO', 'P-JUS-BS', 'P-JUS-CKP', 'P-MON-CKGL', 'P-MON-SDV-P', 'PT-P', 'QBS', 'T-MON-CKP']",0
dataset/3/WELL-00014_20170918110103.parquet,WELL-00014_20170918110103.parquet,3,REAL,WELL-00014,21538,1.0,21537.0,3600,3600,3600,0,3600,False,{'3': 17938},13,"['ESTADO-DHSV', 'ESTADO-M1', 'ESTADO-M2', 'ESTADO-PXO', 'ESTADO-W2', 'ESTADO-XO', 'P-JUS-BS', 'P-JUS-CKP', 'P-MON-CKGL', 'P-MON-SDV-P', 'PT-P', 'QBS', 'T-MON-CKP']",0
dataset/3/WELL-00014_20170919200016.parquet,WELL-00014_20170919200016.parquet,3,REAL,WELL-00014,17985,1.0,17984.0,3600,3600,3600,0,3600,False,{'3': 14385},13,"['ESTADO-DHSV', 'ESTADO-M1', 'ESTADO-M2', 'ESTADO-PXO', 'ESTADO-W2', 'ESTADO-XO', 'P-JUS-BS', 'P-JUS-CKP', 'P-MON-CKGL', 'P-MON-SDV-P', 'PT-P', 'QBS', 'T-MON-CKP']",11
dataset/3/WELL-00014_20170920000042.parquet,WELL-00014_20170920000042.parquet,3,REAL,WELL-00014,21559,1.0,21558.0,3600,3600,3600,0,3600,False,{'3': 17959},13,"['ESTADO-DHSV', 'ESTADO-M1', 'ESTADO-M2', 'ESTADO-PXO', 'ESTADO-W2', 'ESTADO-XO', 'P-JUS-BS', 'P-JUS-CKP', 'P-MON-CKGL', 'P-MON-SDV-P', 'PT-P', 'QBS', 'T-MON-CKP']",0
dataset/3/WELL-00014_20170920050228.parquet,WELL-00014_20170920050228.parquet,3,REAL,WELL-00014,21453,1.0,21452.0,3600,3600,3600,0,3600,False,{'3': 17853},13,"['ESTADO-DHSV', 'ESTADO-M1', 'ESTADO-M2', 'ESTADO-PXO', 'ESTADO-W2', 'ESTADO-XO', 'P-JUS-BS', 'P-JUS-CKP', 'P-MON-CKGL', 'P-MON-SDV-P', 'PT-P', 'QBS', 'T-MON-CKP']",0
dataset/3/WELL-00014_20170920100053.parquet,WELL-00014_20170920100053.parquet,3,REAL,WELL-00014,21548,1.0,21547.0,3600,3600,3600,0,3600,False,{'3': 17948},13,"['ESTADO-DHSV', 'ESTADO-M1', 'ESTADO-M2', 'ESTADO-PXO', 'ESTADO-W2', 'ESTADO-XO', 'P-JUS-BS', 'P-JUS-CKP', 'P-MON-CKGL', 'P-MON-SDV-P', 'PT-P', 'QBS', 'T-MON-CKP']",0
dataset/3/WELL-00014_20170920180207.parquet,WELL-00014_20170920180207.parquet,3,REAL,WELL-00014,21474,1.0,21473.0,3600,3600,3600,0,3600,False,{'3': 17874},13,"['ESTADO-DHSV', 'ESTADO-M1', 'ESTADO-M2', 'ESTADO-PXO', 'ESTADO-W2', 'ESTADO-XO', 'P-JUS-BS', 'P-JUS-CKP', 'P-MON-CKGL', 'P-MON-SDV-P', 'PT-P', 'QBS', 'T-MON-CKP']",0
dataset/3/WELL-00014_20170920230053.parquet,WELL-00014_20170920230053.parquet,3,REAL,WELL-00014,21548,1.0,21547.0,3600,3600,3600,0,3600,False,{'3': 17948},13,"['ESTADO-DHSV', 'ESTADO-M1', 'ESTADO-M2', 'ESTADO-PXO', 'ESTADO-W2', 'ESTADO-XO', 'P-JUS-BS', 'P-JUS-CKP', 'P-MON-CKGL', 'P-MON-SDV-P', 'PT-P', 'QBS', 'T-MON-CKP']",0
dataset/3/WELL-00014_20170921040404.parquet,WELL-00014_20170921040404.parquet,3,REAL,WELL-00014,21357,1.0,21356.0,3600,3600,3600,0,3600,False,{'3': 17757},13,"['ESTADO-DHSV', 'ESTADO-M1', 'ESTADO-M2', 'ESTADO-PXO', 'ESTADO-W2', 'ESTADO-XO', 'P-JUS-BS', 'P-JUS-CKP', 'P-MON-CKGL', 'P-MON-SDV-P', 'PT-P', 'QBS', 'T-MON-CKP']",0
dataset/3/WELL-00014_20170921090155.parquet,WELL-00014_20170921090155.parquet,3,REAL,WELL-00014,21338,1.0,21337.0,3600,3600,3600,0,3600,False,{'3': 17738},13,"['ESTADO-DHSV', 'ESTADO-M1', 'ESTADO-M2', 'ESTADO-PXO', 'ESTADO-W2', 'ESTADO-XO', 'P-JUS-BS', 'P-JUS-CKP', 'P-MON-CKGL', 'P-MON-SDV-P', 'PT-P', 'QBS', 'T-MON-CKP']",14
dataset/3/WELL-00014_20170921140042.parquet,WELL-00014_20170921140042.parquet,3,REAL,WELL-00014,21559,1.0,21558.0,3600,3600,3600,0,3600,False,{'3': 17959},13,"['ESTADO-DHSV', 'ESTADO-M1', 'ESTADO-M2', 'ESTADO-PXO', 'ESTADO-W2', 'ESTADO-XO', 'P-JUS-BS', 'P-JUS-CKP', 'P-MON-CKGL', 'P-MON-SDV-P', 'PT-P', 'QBS', 'T-MON-CKP']",14
dataset/3/WELL-00014_20170921190114.parquet,WELL-00014_20170921190114.parquet,3,REAL,WELL-00014,21527,1.0,21526.0,3600,3600,3600,0,3600,False,{'3': 17927},13,"['ESTADO-DHSV', 'ESTADO-M1', 'ESTADO-M2', 'ESTADO-PXO', 'ESTADO-W2', 'ESTADO-XO', 'P-JUS-BS', 'P-JUS-CKP', 'P-MON-CKGL', 'P-MON-SDV-P', 'PT-P', 'QBS', 'T-MON-CKP']",0
dataset/3/WELL-00014_20170922000042.parquet,WELL-00014_20170922000042.parquet,3,REAL,WELL-00014,21559,1.0,21558.0,3600,3600,3600,0,3600,False,{'3': 17959},13,"['ESTADO-DHSV', 'ESTADO-M1', 'ESTADO-M2', 'ESTADO-PXO', 'ESTADO-W2', 'ESTADO-XO', 'P-JUS-BS', 'P-JUS-CKP', 'P-MON-CKGL', 'P-MON-SDV-P', 'PT-P', 'QBS', 'T-MON-CKP']",0
dataset/3/WELL-00014_20170922050124.parquet,WELL-00014_20170922050124.parquet,3,REAL,WELL-00014,21517,1.0,21516.0,3600,3600,3600,0,3600,False,{'3': 17917},13,"['ESTADO-DHSV', 'ESTADO-M1', 'ESTADO-M2', 'ESTADO-PXO', 'ESTADO-W2', 'ESTADO-XO', 'P-JUS-BS', 'P-JUS-CKP', 'P-MON-CKGL', 'P-MON-SDV-P', 'PT-P', 'QBS', 'T-MON-CKP']",0
dataset/3/WELL-00014_20170922100042.parquet,WELL-00014_20170922100042.parquet,3,REAL,WELL-00014,21559,1.0,21558.0,3600,3600,3600,0,3600,False,{'3': 17959},13,"['ESTADO-DHSV', 'ESTADO-M1', 'ESTADO-M2', 'ESTADO-PXO', 'ESTADO-W2', 'ESTADO-XO', 'P-JUS-BS', 'P-JUS-CKP', 'P-MON-CKGL', 'P-MON-SDV-P', 'PT-P', 'QBS', 'T-MON-CKP']",0
dataset/3/WELL-00014_20170922150249.parquet,WELL-00014_20170922150249.parquet,3,REAL,WELL-00014,21432,1.0,21431.0,3600,3600,3600,0,3600,False,{'3': 17832},13,"['ESTADO-DHSV', 'ESTADO-M1', 'ESTADO-M2', 'ESTADO-PXO', 'ESTADO-W2', 'ESTADO-XO', 'P-JUS-BS', 'P-JUS-CKP', 'P-MON-CKGL', 'P-MON-SDV-P', 'PT-P', 'QBS', 'T-MON-CKP']",0
dataset/3/WELL-00014_20170925000031.parquet,WELL-00014_20170925000031.parquet,3,REAL,WELL-00014,21570,1.0,21569.0,3600,3600,3600,0,3600,False,{'3': 17970},13,"['ESTADO-DHSV', 'ESTADO-M1', 'ESTADO-M2', 'ESTADO-PXO', 'ESTADO-W2', 'ESTADO-XO', 'P-JUS-BS', 'P-JUS-CKP', 'P-MON-CKGL', 'P-MON-SDV-P', 'PT-P', 'QBS', 'T-MON-CKP']",0
dataset/3/WELL-00014_20170925050042.parquet,WELL-00014_20170925050042.parquet,3,REAL,WELL-00014,21559,1.0,21558.0,3600,3600,3600,0,3600,False,{'3': 17959},13,"['ESTADO-DHSV', 'ESTADO-M1', 'ESTADO-M2', 'ESTADO-PXO', 'ESTADO-W2', 'ESTADO-XO', 'P-JUS-BS', 'P-JUS-CKP', 'P-MON-CKGL', 'P-MON-SDV-P', 'PT-P', 'QBS', 'T-MON-CKP']",0
dataset/3/WELL-00014_20170925100124.parquet,WELL-00014_20170925100124.parquet,3,REAL,WELL-00014,21517,1.0,21516.0,3600,3600,3600,0,3600,False,{'3': 17917},13,"['ESTADO-DHSV', 'ESTADO-M1', 'ESTADO-M2', 'ESTADO-PXO', 'ESTADO-W2', 'ESTADO-XO', 'P-JUS-BS', 'P-JUS-CKP', 'P-MON-CKGL', 'P-MON-SDV-P', 'PT-P', 'QBS', 'T-MON-CKP']",0
dataset/3/WELL-00014_20170925150218.parquet,WELL-00014_20170925150218.parquet,3,REAL,WELL-00014,21463,1.0,21462.0,3600,3600,3600,0,3600,False,{'3': 17863},13,"['ESTADO-DHSV', 'ESTADO-M1', 'ESTADO-M2', 'ESTADO-PXO', 'ESTADO-W2', 'ESTADO-XO', 'P-JUS-BS', 'P-JUS-CKP', 'P-MON-CKGL', 'P-MON-SDV-P', 'PT-P', 'QBS', 'T-MON-CKP']",0
dataset/3/WELL-00014_20170925200042.parquet,WELL-00014_20170925200042.parquet,3,REAL,WELL-00014,21559,1.0,21558.0,3600,3600,3600,0,3600,False,{'3': 17959},13,"['ESTADO-DHSV', 'ESTADO-M1', 'ESTADO-M2', 'ESTADO-PXO', 'ESTADO-W2', 'ESTADO-XO', 'P-JUS-BS', 'P-JUS-CKP', 'P-MON-CKGL', 'P-MON-SDV-P', 'PT-P', 'QBS', 'T-MON-CKP']",0
dataset/3/WELL-00014_20170926010340.parquet,WELL-00014_20170926010340.parquet,3,REAL,WELL-00014,21195,1.0,21194.0,3600,3600,3600,0,3600,False,{'3': 17595},13,"['ESTADO-DHSV', 'ESTADO-M1', 'ESTADO-M2', 'ESTADO-PXO', 'ESTADO-W2', 'ESTADO-XO', 'P-JUS-BS', 'P-JUS-CKP', 'P-MON-CKGL', 'P-MON-SDV-P', 'PT-P', 'QBS', 'T-MON-CKP']",10
dataset/3/WELL-00014_20170926060042.parquet,WELL-00014_20170926060042.parquet,3,REAL,WELL-00014,21559,1.0,21558.0,3600,3600,3600,0,3600,False,{'3': 17959},13,"['ESTADO-DHSV', 'ESTADO-M1', 'ESTADO-M2', 'ESTADO-PXO', 'ESTADO-W2', 'ESTADO-XO', 'P-JUS-BS', 'P-JUS-CKP', 'P-MON-CKGL', 'P-MON-SDV-P', 'PT-P', 'QBS', 'T-MON-CKP']",3
dataset/3/WELL-00014_20170926110103.parquet,WELL-00014_20170926110103.parquet,3,REAL,WELL-00014,21355,1.0,21354.0,3600,3600,3600,0,3600,False,{'3': 17755},13,"['ESTADO-DHSV', 'ESTADO-M1', 'ESTADO-M2', 'ESTADO-PXO', 'ESTADO-W2', 'ESTADO-XO', 'P-JUS-BS', 'P-JUS-CKP', 'P-MON-CKGL', 'P-MON-SDV-P', 'PT-P', 'QBS', 'T-MON-CKP']",11
dataset/3/WELL-00014_20170926160228.parquet,WELL-00014_20170926160228.parquet,3,REAL,WELL-00014,21453,1.0,21452.0,3600,3600,3600,0,3600,False,{'3': 17853},13,"['ESTADO-DHSV', 'ESTADO-M1', 'ESTADO-M2', 'ESTADO-PXO', 'ESTADO-W2', 'ESTADO-XO', 'P-JUS-BS', 'P-JUS-CKP', 'P-MON-CKGL', 'P-MON-SDV-P', 'PT-P', 'QBS', 'T-MON-CKP']",1
dataset/3/WELL-00014_20171028070000.parquet,WELL-00014_20171028070000.parquet,3,REAL,WELL-00014,21575,1.0,21574.0,3600,3600,3600,0,3600,False,{'3': 17975},13,"['ESTADO-DHSV', 'ESTADO-M1', 'ESTADO-M2', 'ESTADO-PXO', 'ESTADO-W2', 'ESTADO-XO', 'P-JUS-BS', 'P-JUS-CKP', 'P-MON-CKGL', 'P-MON-SDV-P', 'PT-P', 'QBS', 'T-MON-CKP']",0
dataset/3/WELL-00014_20171028120000.parquet,WELL-00014_20171028120000.parquet,3,REAL,WELL-00014,21562,1.0,21561.0,3600,3600,3600,0,3600,False,{'3': 17962},13,"['ESTADO-DHSV', 'ESTADO-M1', 'ESTADO-M2', 'ESTADO-PXO', 'ESTADO-W2', 'ESTADO-XO', 'P-JUS-BS', 'P-JUS-CKP', 'P-MON-CKGL', 'P-MON-SDV-P', 'PT-P', 'QBS', 'T-MON-CKP']",0
dataset/3/WELL-00014_20171028170038.parquet,WELL-00014_20171028170038.parquet,3,REAL,WELL-00014,21485,1.0,21484.0,3600,3600,3600,0,3600,False,{'3': 17885},13,"['ESTADO-DHSV', 'ESTADO-M1', 'ESTADO-M2', 'ESTADO-PXO', 'ESTADO-W2', 'ESTADO-XO', 'P-JUS-BS', 'P-JUS-CKP', 'P-MON-CKGL', 'P-MON-SDV-P', 'PT-P', 'QBS', 'T-MON-CKP']",0
dataset/4/WELL-00001_20170316110203.parquet,WELL-00001_20170316110203.parquet,4,REAL,WELL-00001,10678,1.0,10677.0,3600,3600,3600,0,3600,False,{'4': 7078},9,"['ABER-CKGL', 'ABER-CKP', 'P-JUS-BS', 'P-JUS-CKP', 'P-MON-CKGL', 'P-MON-SDV-P', 'PT-P', 'QBS', 'T-MON-CKP']",0
dataset/4/WELL-00001_20170316130000.parquet,WELL-00001_20170316130000.parquet,4,REAL,WELL-00001,10749,1.0,10748.0,3600,3600,3600,0,3600,False,{'4': 7149},9,"['ABER-CKGL', 'ABER-CKP', 'P-JUS-BS', 'P-JUS-CKP', 'P-MON-CKGL', 'P-MON-SDV-P', 'PT-P', 'QBS', 'T-MON-CKP']",0
dataset/4/WELL-00001_20170316150005.parquet,WELL-00001_20170316150005.parquet,4,REAL,WELL-00001,10770,1.0,10769.0,3600,3600,3600,0,3600,False,{'4': 7170},9,"['ABER-CKGL', 'ABER-CKP', 'P-JUS-BS', 'P-JUS-CKP', 'P-MON-CKGL', 'P-MON-SDV-P', 'PT-P', 'QBS', 'T-MON-CKP']",0
dataset/4/WELL-00001_20170316170000.parquet,WELL-00001_20170316170000.parquet,4,REAL,WELL-00001,10775,1.0,10774.0,3600,3600,3600,0,3600,False,{'4': 7175},9,"['ABER-CKGL', 'ABER-CKP', 'P-JUS-BS', 'P-JUS-CKP', 'P-MON-CKGL', 'P-MON-SDV-P', 'PT-P', 'QBS', 'T-MON-CKP']",0
dataset/4/WELL-00001_20170316190000.parquet,WELL-00001_20170316190000.parquet,4,REAL,WELL-00001,10785,1.0,10784.0,3600,3600,3600,0,3600,False,{'4': 7185},9,"['ABER-CKGL', 'ABER-CKP', 'P-JUS-BS', 'P-JUS-CKP', 'P-MON-CKGL', 'P-MON-SDV-P', 'PT-P', 'QBS', 'T-MON-CKP']",0
dataset/4/WELL-00001_20170316210000.parquet,WELL-00001_20170316210000.parquet,4,REAL,WELL-00001,10780,1.0,10779.0,3600,3600,3600,0,3600,False,{'4': 7180},9,"['ABER-CKGL', 'ABER-CKP', 'P-JUS-BS', 'P-JUS-CKP', 'P-MON-CKGL', 'P-MON-SDV-P', 'PT-P', 'QBS', 'T-MON-CKP']",0
dataset/4/WELL-00001_20170316230000.parquet,WELL-00001_20170316230000.parquet,4,REAL,WELL-00001,10790,1.0,10789.0,3600,3600,3600,0,3600,False,{'4': 7190},9,"['ABER-CKGL', 'ABER-CKP', 'P-JUS-BS', 'P-JUS-CKP', 'P-MON-CKGL', 'P-MON-SDV-P', 'PT-P', 'QBS', 'T-MON-CKP']",0
dataset/4/WELL-00001_20170317010000.parquet,WELL-00001_20170317010000.parquet,4,REAL,WELL-00001,10785,1.0,10784.0,3600,3600,3600,0,3600,False,{'4': 7185},9,"['ABER-CKGL', 'ABER-CKP', 'P-JUS-BS', 'P-JUS-CKP', 'P-MON-CKGL', 'P-MON-SDV-P', 'PT-P', 'QBS', 'T-MON-CKP']",0
dataset/4/WELL-00001_20170317030000.parquet,WELL-00001_20170317030000.parquet,4,REAL,WELL-00001,10764,1.0,10763.0,3600,3600,3600,0,3600,False,{'4': 7164},9,"['ABER-CKGL', 'ABER-CKP', 'P-JUS-BS', 'P-JUS-CKP', 'P-MON-CKGL', 'P-MON-SDV-P', 'PT-P', 'QBS', 'T-MON-CKP']",0
dataset/4/WELL-00001_20170317050000.parquet,WELL-00001_20170317050000.parquet,4,REAL,WELL-00001,10775,1.0,10774.0,3600,3600,3600,0,3600,False,{'4': 7175},9,"['ABER-CKGL', 'ABER-CKP', 'P-JUS-BS', 'P-JUS-CKP', 'P-MON-CKGL', 'P-MON-SDV-P', 'PT-P', 'QBS', 'T-MON-CKP']",0
dataset/4/WELL-00001_20170317070000.parquet,WELL-00001_20170317070000.parquet,4,REAL,WELL-00001,10790,1.0,10789.0,3600,3600,3600,0,3600,False,{'4': 7190},9,"['ABER-CKGL', 'ABER-CKP', 'P-JUS-BS', 'P-JUS-CKP', 'P-MON-CKGL', 'P-MON-SDV-P', 'PT-P', 'QBS', 'T-MON-CKP']",0
dataset/4/WELL-00001_20170317090000.parquet,WELL-00001_20170317090000.parquet,4,REAL,WELL-00001,10770,1.0,10769.0,3600,3600,3600,0,3600,False,{'4': 7170},9,"['ABER-CKGL', 'ABER-CKP', 'P-JUS-BS', 'P-JUS-CKP', 'P-MON-CKGL', 'P-MON-SDV-P', 'PT-P', 'QBS', 'T-MON-CKP']",0
dataset/4/WELL-00001_20170317110000.parquet,WELL-00001_20170317110000.parquet,4,REAL,WELL-00001,10780,1.0,10779.0,3600,3600,3600,0,3600,False,{'4': 7180},9,"['ABER-CKGL', 'ABER-CKP', 'P-JUS-BS', 'P-JUS-CKP', 'P-MON-CKGL', 'P-MON-SDV-P', 'PT-P', 'QBS', 'T-MON-CKP']",0
dataset/4/WELL-00001_20170317130005.parquet,WELL-00001_20170317130005.parquet,4,REAL,WELL-00001,10780,1.0,10779.0,3600,3600,3600,0,3600,False,{'4': 7180},9,"['ABER-CKGL', 'ABER-CKP', 'P-JUS-BS', 'P-JUS-CKP', 'P-MON-CKGL', 'P-MON-SDV-P', 'PT-P', 'QBS', 'T-MON-CKP']",0
dataset/4/WELL-00001_20170317150000.parquet,WELL-00001_20170317150000.parquet,4,REAL,WELL-00001,10785,1.0,10784.0,3600,3600,3600,0,3600,False,{'4': 7185},9,"['ABER-CKGL', 'ABER-CKP', 'P-JUS-BS', 'P-JUS-CKP', 'P-MON-CKGL', 'P-MON-SDV-P', 'PT-P', 'QBS', 'T-MON-CKP']",0
dataset/4/WELL-00001_20170317170000.parquet,WELL-00001_20170317170000.parquet,4,REAL,WELL-00001,10770,1.0,10769.0,3600,3600,3600,0,3600,False,{'4': 7170},9,"['ABER-CKGL', 'ABER-CKP', 'P-JUS-BS', 'P-JUS-CKP', 'P-MON-CKGL', 'P-MON-SDV-P', 'PT-P', 'QBS', 'T-MON-CKP']",0
dataset/4/WELL-00001_20170317190000.parquet,WELL-00001_20170317190000.parquet,4,REAL,WELL-00001,10770,1.0,10769.0,3600,3600,3600,0,3600,False,{'4': 7170},9,"['ABER-CKGL', 'ABER-CKP', 'P-JUS-BS', 'P-JUS-CKP', 'P-MON-CKGL', 'P-MON-SDV-P', 'PT-P', 'QBS', 'T-MON-CKP']",0
dataset/4/WELL-00001_20170317210000.parquet,WELL-00001_20170317210000.parquet,4,REAL,WELL-00001,10785,1.0,10784.0,3600,3600,3600,0,3600,False,{'4': 7185},9,"['ABER-CKGL', 'ABER-CKP', 'P-JUS-BS', 'P-JUS-CKP', 'P-MON-CKGL', 'P-MON-SDV-P', 'PT-P', 'QBS', 'T-MON-CKP']",0
dataset/4/WELL-00001_20170317230020.parquet,WELL-00001_20170317230020.parquet,4,REAL,WELL-00001,10781,1.0,10780.0,3600,3600,3600,0,3600,False,{'4': 7181},9,"['ABER-CKGL', 'ABER-CKP', 'P-JUS-BS', 'P-JUS-CKP', 'P-MON-CKGL', 'P-MON-SDV-P', 'PT-P', 'QBS', 'T-MON-CKP']",0
dataset/4/WELL-00001_20170318010000.parquet,WELL-00001_20170318010000.parquet,4,REAL,WELL-00001,10744,1.0,10743.0,3600,3600,3600,0,3600,False,{'4': 7144},9,"['ABER-CKGL', 'ABER-CKP', 'P-JUS-BS', 'P-JUS-CKP', 'P-MON-CKGL', 'P-MON-SDV-P', 'PT-P', 'QBS', 'T-MON-CKP']",0
dataset/4/WELL-00001_20170318030000.parquet,WELL-00001_20170318030000.parquet,4,REAL,WELL-00001,10785,1.0,10784.0,3600,3600,3600,0,3600,False,{'4': 7185},9,"['ABER-CKGL', 'ABER-CKP', 'P-JUS-BS', 'P-JUS-CKP', 'P-MON-CKGL', 'P-MON-SDV-P', 'PT-P', 'QBS', 'T-MON-CKP']",0
dataset/4/WELL-00001_20170318050025.parquet,WELL-00001_20170318050025.parquet,4,REAL,WELL-00001,10776,1.0,10775.0,3600,3600,3600,0,3600,False,{'4': 7176},9,"['ABER-CKGL', 'ABER-CKP', 'P-JUS-BS', 'P-JUS-CKP', 'P-MON-CKGL', 'P-MON-SDV-P', 'PT-P', 'QBS', 'T-MON-CKP']",0
dataset/4/WELL-00001_20170318070000.parquet,WELL-00001_20170318070000.parquet,4,REAL,WELL-00001,10785,1.0,10784.0,3600,3600,3600,0,3600,False,{'4': 7185},9,"['ABER-CKGL', 'ABER-CKP', 'P-JUS-BS', 'P-JUS-CKP', 'P-MON-CKGL', 'P-MON-SDV-P', 'PT-P', 'QBS', 'T-MON-CKP']",0
dataset/4/WELL-00001_20170318090000.parquet,WELL-00001_20170318090000.parquet,4,REAL,WELL-00001,10770,1.0,10769.0,3600,3600,3600,0,3600,False,{'4': 7170},9,"['ABER-CKGL', 'ABER-CKP', 'P-JUS-BS', 'P-JUS-CKP', 'P-MON-CKGL', 'P-MON-SDV-P', 'PT-P', 'QBS', 'T-MON-CKP']",0
dataset/4/WELL-00001_20170318110000.parquet,WELL-00001_20170318110000.parquet,4,REAL,WELL-00001,10770,1.0,10769.0,3600,3600,3600,0,3600,False,{'4': 7170},9,"['ABER-CKGL', 'ABER-CKP', 'P-JUS-BS', 'P-JUS-CKP', 'P-MON-CKGL', 'P-MON-SDV-P', 'PT-P', 'QBS', 'T-MON-CKP']",0
dataset/4/WELL-00001_20170318130000.parquet,WELL-00001_20170318130000.parquet,4,REAL,WELL-00001,10759,1.0,10758.0,3600,3600,3600,0,3600,False,{'4': 7159},9,"['ABER-CKGL', 'ABER-CKP', 'P-JUS-BS', 'P-JUS-CKP', 'P-MON-CKGL', 'P-MON-SDV-P', 'PT-P', 'QBS', 'T-MON-CKP']",0
dataset/4/WELL-00001_20170319170033.parquet,WELL-00001_20170319170033.parquet,4,REAL,WELL-00001,10758,1.0,10757.0,3600,3600,3600,0,3600,False,{'4': 7158},9,"['ABER-CKGL', 'ABER-CKP', 'P-JUS-BS', 'P-JUS-CKP', 'P-MON-CKGL', 'P-MON-SDV-P', 'PT-P', 'QBS', 'T-MON-CKP']",0
dataset/4/WELL-00001_20170320180146.parquet,WELL-00001_20170320180146.parquet,4,REAL,WELL-00001,14138,1.0,14137.0,3600,3600,3600,0,3600,False,{'4': 10538},9,"['ABER-CKGL', 'ABER-CKP', 'P-JUS-BS', 'P-JUS-CKP', 'P-MON-CKGL', 'P-MON-SDV-P', 'PT-P', 'QBS', 'T-MON-CKP']",0
dataset/4/WELL-00001_20170421150000.parquet,WELL-00001_20170421150000.parquet,4,REAL,WELL-00001,10780,1.0,10779.0,3600,3600,3600,0,3600,False,{'4': 7180},9,"['ABER-CKGL', 'ABER-CKP', 'P-JUS-BS', 'P-JUS-CKP', 'P-MON-CKGL', 'P-MON-SDV-P', 'PT-P', 'QBS', 'T-MON-CKP']",0
dataset/4/WELL-00001_20170421170000.parquet,WELL-00001_20170421170000.parquet,4,REAL,WELL-00001,10780,1.0,10779.0,3600,3600,3600,0,3600,False,{'4': 7180},9,"['ABER-CKGL', 'ABER-CKP', 'P-JUS-BS', 'P-JUS-CKP', 'P-MON-CKGL', 'P-MON-SDV-P', 'PT-P', 'QBS', 'T-MON-CKP']",0
dataset/4/WELL-00001_20170421190000.parquet,WELL-00001_20170421190000.parquet,4,REAL,WELL-00001,10775,1.0,10774.0,3600,3600,3600,0,3600,False,{'4': 7175},9,"['ABER-CKGL', 'ABER-CKP', 'P-JUS-BS', 'P-JUS-CKP', 'P-MON-CKGL', 'P-MON-SDV-P', 'PT-P', 'QBS', 'T-MON-CKP']",0
dataset/4/WELL-00001_20170421210000.parquet,WELL-00001_20170421210000.parquet,4,REAL,WELL-00001,10764,1.0,10763.0,3600,3600,3600,0,3600,False,{'4': 7164},9,"['ABER-CKGL', 'ABER-CKP', 'P-JUS-BS', 'P-JUS-CKP', 'P-MON-CKGL', 'P-MON-SDV-P', 'PT-P', 'QBS', 'T-MON-CKP']",0
dataset/4/WELL-00001_20170421230000.parquet,WELL-00001_20170421230000.parquet,4,REAL,WELL-00001,10702,1.0,10701.0,3600,3600,3600,0,3600,False,{'4': 7102},9,"['ABER-CKGL', 'ABER-CKP', 'P-JUS-BS', 'P-JUS-CKP', 'P-MON-CKGL', 'P-MON-SDV-P', 'PT-P', 'QBS', 'T-MON-CKP']",0
dataset/4/WELL-00001_20170422010000.parquet,WELL-00001_20170422010000.parquet,4,REAL,WELL-00001,10775,1.0,10774.0,3600,3600,3600,0,3600,False,{'4': 7175},9,"['ABER-CKGL', 'ABER-CKP', 'P-JUS-BS', 'P-JUS-CKP', 'P-MON-CKGL', 'P-MON-SDV-P', 'PT-P', 'QBS', 'T-MON-CKP']",0
dataset/4/WELL-00001_20170626050000.parquet,WELL-00001_20170626050000.parquet,4,REAL,WELL-00001,10759,1.0,10758.0,3600,3600,3600,0,3600,False,{'4': 7159},9,"['ABER-CKGL', 'ABER-CKP', 'P-JUS-BS', 'P-JUS-CKP', 'P-MON-CKGL', 'P-MON-SDV-P', 'PT-P', 'QBS', 'T-MON-CKP']",0
dataset/4/WELL-00001_20170626070000.parquet,WELL-00001_20170626070000.parquet,4,REAL,WELL-00001,10775,1.0,10774.0,3600,3600,3600,0,3600,False,{'4': 7175},9,"['ABER-CKGL', 'ABER-CKP', 'P-JUS-BS', 'P-JUS-CKP', 'P-MON-CKGL', 'P-MON-SDV-P', 'PT-P', 'QBS', 'T-MON-CKP']",0
dataset/4/WELL-00002_20131208220000.parquet,WELL-00002_20131208220000.parquet,4,REAL,WELL-00002,10775,1.0,10774.0,3600,3600,3600,0,3600,False,{'4': 7175},23,"['ABER-CKGL', 'ABER-CKP', 'ESTADO-DHSV', 'ESTADO-M1', 'ESTADO-M2', 'ESTADO-PXO', 'ESTADO-SDV-GL', 'ESTADO-SDV-P', 'ESTADO-W1', 'ESTADO-W2', 'ESTADO-XO', 'P-JUS-BS', 'P-JUS-CKGL', 'P-JUS-CKP', 'P-MON-CKGL', 'P-MON-CKP', 'P-MON-SDV-P', 'PT-P', 'QBS', 'QGL', 'T-JUS-CKP', 'T-MON-CKP', 'T-PDG']",0
dataset/4/WELL-00002_20131209000000.parquet,WELL-00002_20131209000000.parquet,4,REAL,WELL-00002,10790,1.0,10789.0,3600,3600,3600,0,3600,False,{'4': 7190},23,"['ABER-CKGL', 'ABER-CKP', 'ESTADO-DHSV', 'ESTADO-M1', 'ESTADO-M2', 'ESTADO-PXO', 'ESTADO-SDV-GL', 'ESTADO-SDV-P', 'ESTADO-W1', 'ESTADO-W2', 'ESTADO-XO', 'P-JUS-BS', 'P-JUS-CKGL', 'P-JUS-CKP', 'P-MON-CKGL', 'P-MON-CKP', 'P-MON-SDV-P', 'PT-P', 'QBS', 'QGL', 'T-JUS-CKP', 'T-MON-CKP', 'T-PDG']",0
dataset/4/WELL-00002_20131209020000.parquet,WELL-00002_20131209020000.parquet,4,REAL,WELL-00002,10775,1.0,10774.0,3600,3600,3600,0,3600,False,{'4': 7175},23,"['ABER-CKGL', 'ABER-CKP', 'ESTADO-DHSV', 'ESTADO-M1', 'ESTADO-M2', 'ESTADO-PXO', 'ESTADO-SDV-GL', 'ESTADO-SDV-P', 'ESTADO-W1', 'ESTADO-W2', 'ESTADO-XO', 'P-JUS-BS', 'P-JUS-CKGL', 'P-JUS-CKP', 'P-MON-CKGL', 'P-MON-CKP', 'P-MON-SDV-P', 'PT-P', 'QBS', 'QGL', 'T-JUS-CKP', 'T-MON-CKP', 'T-PDG']",0
dataset/4/WELL-00002_20131209040000.parquet,WELL-00002_20131209040000.parquet,4,REAL,WELL-00002,10790,1.0,10789.0,3600,3600,3600,0,3600,False,{'4': 7190},23,"['ABER-CKGL', 'ABER-CKP', 'ESTADO-DHSV', 'ESTADO-M1', 'ESTADO-M2', 'ESTADO-PXO', 'ESTADO-SDV-GL', 'ESTADO-SDV-P', 'ESTADO-W1', 'ESTADO-W2', 'ESTADO-XO', 'P-JUS-BS', 'P-JUS-CKGL', 'P-JUS-CKP', 'P-MON-CKGL', 'P-MON-CKP', 'P-MON-SDV-P', 'PT-P', 'QBS', 'QGL', 'T-JUS-CKP', 'T-MON-CKP', 'T-PDG']",0
dataset/4/WELL-00002_20131209060000.parquet,WELL-00002_20131209060000.parquet,4,REAL,WELL-00002,10754,1.0,10753.0,3600,3600,3600,0,3600,False,{'4': 7154},23,"['ABER-CKGL', 'ABER-CKP', 'ESTADO-DHSV', 'ESTADO-M1', 'ESTADO-M2', 'ESTADO-PXO', 'ESTADO-SDV-GL', 'ESTADO-SDV-P', 'ESTADO-W1', 'ESTADO-W2', 'ESTADO-XO', 'P-JUS-BS', 'P-JUS-CKGL', 'P-JUS-CKP', 'P-MON-CKGL', 'P-MON-CKP', 'P-MON-SDV-P', 'PT-P', 'QBS', 'QGL', 'T-JUS-CKP', 'T-MON-CKP', 'T-PDG']",0
dataset/4/WELL-00002_20131209080000.parquet,WELL-00002_20131209080000.parquet,4,REAL,WELL-00002,10759,1.0,10758.0,3600,3600,3600,0,3600,False,{'4': 7159},23,"['ABER-CKGL', 'ABER-CKP', 'ESTADO-DHSV', 'ESTADO-M1', 'ESTADO-M2', 'ESTADO-PXO', 'ESTADO-SDV-GL', 'ESTADO-SDV-P', 'ESTADO-W1', 'ESTADO-W2', 'ESTADO-XO', 'P-JUS-BS', 'P-JUS-CKGL', 'P-JUS-CKP', 'P-MON-CKGL', 'P-MON-CKP', 'P-MON-SDV-P', 'PT-P', 'QBS', 'QGL', 'T-JUS-CKP', 'T-MON-CKP', 'T-PDG']",0
dataset/4/WELL-00002_20131209100000.parquet,WELL-00002_20131209100000.parquet,4,REAL,WELL-00002,10764,1.0,10763.0,3600,3600,3600,0,3600,False,{'4': 7164},23,"['ABER-CKGL', 'ABER-CKP', 'ESTADO-DHSV', 'ESTADO-M1', 'ESTADO-M2', 'ESTADO-PXO', 'ESTADO-SDV-GL', 'ESTADO-SDV-P', 'ESTADO-W1', 'ESTADO-W2', 'ESTADO-XO', 'P-JUS-BS', 'P-JUS-CKGL', 'P-JUS-CKP', 'P-MON-CKGL', 'P-MON-CKP', 'P-MON-SDV-P', 'PT-P', 'QBS', 'QGL', 'T-JUS-CKP', 'T-MON-CKP', 'T-PDG']",0
dataset/4/WELL-00002_20131209120000.parquet,WELL-00002_20131209120000.parquet,4,REAL,WELL-00002,10785,1.0,10784.0,3600,3600,3600,0,3600,False,{'4': 7185},23,"['ABER-CKGL', 'ABER-CKP', 'ESTADO-DHSV', 'ESTADO-M1', 'ESTADO-M2', 'ESTADO-PXO', 'ESTADO-SDV-GL', 'ESTADO-SDV-P', 'ESTADO-W1', 'ESTADO-W2', 'ESTADO-XO', 'P-JUS-BS', 'P-JUS-CKGL', 'P-JUS-CKP', 'P-MON-CKGL', 'P-MON-CKP', 'P-MON-SDV-P', 'PT-P', 'QBS', 'QGL', 'T-JUS-CKP', 'T-MON-CKP', 'T-PDG']",0
dataset/4/WELL-00002_20131212080000.parquet,WELL-00002_20131212080000.parquet,4,REAL,WELL-00002,10775,1.0,10774.0,3600,3600,3600,0,3600,False,{'4': 7175},23,"['ABER-CKGL', 'ABER-CKP', 'ESTADO-DHSV', 'ESTADO-M1', 'ESTADO-M2', 'ESTADO-PXO', 'ESTADO-SDV-GL', 'ESTADO-SDV-P', 'ESTADO-W1', 'ESTADO-W2', 'ESTADO-XO', 'P-JUS-BS', 'P-JUS-CKGL', 'P-JUS-CKP', 'P-MON-CKGL', 'P-MON-CKP', 'P-MON-SDV-P', 'PT-P', 'QBS', 'QGL', 'T-JUS-CKP', 'T-MON-CKP', 'T-PDG']",0
dataset/4/WELL-00002_20131212100000.parquet,WELL-00002_20131212100000.parquet,4,REAL,WELL-00002,10749,1.0,10748.0,3600,3600,3600,0,3600,False,{'4': 7149},23,"['ABER-CKGL', 'ABER-CKP', 'ESTADO-DHSV', 'ESTADO-M1', 'ESTADO-M2', 'ESTADO-PXO', 'ESTADO-SDV-GL', 'ESTADO-SDV-P', 'ESTADO-W1', 'ESTADO-W2', 'ESTADO-XO', 'P-JUS-BS', 'P-JUS-CKGL', 'P-JUS-CKP', 'P-MON-CKGL', 'P-MON-CKP', 'P-MON-SDV-P', 'PT-P', 'QBS', 'QGL', 'T-JUS-CKP', 'T-MON-CKP', 'T-PDG']",0
dataset/4/WELL-00002_20131214210010.parquet,WELL-00002_20131214210010.parquet,4,REAL,WELL-00002,10791,1.0,10790.0,3600,3600,3600,0,3600,False,{'4': 7191},23,"['ABER-CKGL', 'ABER-CKP', 'ESTADO-DHSV', 'ESTADO-M1', 'ESTADO-M2', 'ESTADO-PXO', 'ESTADO-SDV-GL', 'ESTADO-SDV-P', 'ESTADO-W1', 'ESTADO-W2', 'ESTADO-XO', 'P-JUS-BS', 'P-JUS-CKGL', 'P-JUS-CKP', 'P-MON-CKGL', 'P-MON-CKP', 'P-MON-SDV-P', 'PT-P', 'QBS', 'QGL', 'T-JUS-CKP', 'T-MON-CKP', 'T-PDG']",0
dataset/4/WELL-00002_20131214230010.parquet,WELL-00002_20131214230010.parquet,4,REAL,WELL-00002,10791,1.0,10790.0,3600,3600,3600,0,3600,False,{'4': 7191},23,"['ABER-CKGL', 'ABER-CKP', 'ESTADO-DHSV', 'ESTADO-M1', 'ESTADO-M2', 'ESTADO-PXO', 'ESTADO-SDV-GL', 'ESTADO-SDV-P', 'ESTADO-W1', 'ESTADO-W2', 'ESTADO-XO', 'P-JUS-BS', 'P-JUS-CKGL', 'P-JUS-CKP', 'P-MON-CKGL', 'P-MON-CKP', 'P-MON-SDV-P', 'PT-P', 'QBS', 'QGL', 'T-JUS-CKP', 'T-MON-CKP', 'T-PDG']",0
dataset/4/WELL-00002_20131215010010.parquet,WELL-00002_20131215010010.parquet,4,REAL,WELL-00002,10791,1.0,10790.0,3600,3600,3600,0,3600,False,{'4': 7191},23,"['ABER-CKGL', 'ABER-CKP', 'ESTADO-DHSV', 'ESTADO-M1', 'ESTADO-M2', 'ESTADO-PXO', 'ESTADO-SDV-GL', 'ESTADO-SDV-P', 'ESTADO-W1', 'ESTADO-W2', 'ESTADO-XO', 'P-JUS-BS', 'P-JUS-CKGL', 'P-JUS-CKP', 'P-MON-CKGL', 'P-MON-CKP', 'P-MON-SDV-P', 'PT-P', 'QBS', 'QGL', 'T-JUS-CKP', 'T-MON-CKP', 'T-PDG']",0
dataset/4/WELL-00002_20131215030036.parquet,WELL-00002_20131215030036.parquet,4,REAL,WELL-00002,10765,1.0,10764.0,3600,3600,3600,0,3600,False,{'4': 7165},23,"['ABER-CKGL', 'ABER-CKP', 'ESTADO-DHSV', 'ESTADO-M1', 'ESTADO-M2', 'ESTADO-PXO', 'ESTADO-SDV-GL', 'ESTADO-SDV-P', 'ESTADO-W1', 'ESTADO-W2', 'ESTADO-XO', 'P-JUS-BS', 'P-JUS-CKGL', 'P-JUS-CKP', 'P-MON-CKGL', 'P-MON-CKP', 'P-MON-SDV-P', 'PT-P', 'QBS', 'QGL', 'T-JUS-CKP', 'T-MON-CKP', 'T-PDG']",0
dataset/4/WELL-00002_20131215050030.parquet,WELL-00002_20131215050030.parquet,4,REAL,WELL-00002,10771,1.0,10770.0,3600,3600,3600,0,3600,False,{'4': 7171},23,"['ABER-CKGL', 'ABER-CKP', 'ESTADO-DHSV', 'ESTADO-M1', 'ESTADO-M2', 'ESTADO-PXO', 'ESTADO-SDV-GL', 'ESTADO-SDV-P', 'ESTADO-W1', 'ESTADO-W2', 'ESTADO-XO', 'P-JUS-BS', 'P-JUS-CKGL', 'P-JUS-CKP', 'P-MON-CKGL', 'P-MON-CKP', 'P-MON-SDV-P', 'PT-P', 'QBS', 'QGL', 'T-JUS-CKP', 'T-MON-CKP', 'T-PDG']",0
dataset/4/WELL-00002_20131215070015.parquet,WELL-00002_20131215070015.parquet,4,REAL,WELL-00002,10786,1.0,10785.0,3600,3600,3600,0,3600,False,{'4': 7186},23,"['ABER-CKGL', 'ABER-CKP', 'ESTADO-DHSV', 'ESTADO-M1', 'ESTADO-M2', 'ESTADO-PXO', 'ESTADO-SDV-GL', 'ESTADO-SDV-P', 'ESTADO-W1', 'ESTADO-W2', 'ESTADO-XO', 'P-JUS-BS', 'P-JUS-CKGL', 'P-JUS-CKP', 'P-MON-CKGL', 'P-MON-CKP', 'P-MON-SDV-P', 'PT-P', 'QBS', 'QGL', 'T-JUS-CKP', 'T-MON-CKP', 'T-PDG']",0
dataset/4/WELL-00002_20131215090025.parquet,WELL-00002_20131215090025.parquet,4,REAL,WELL-00002,10776,1.0,10775.0,3600,3600,3600,0,3600,False,{'4': 7176},23,"['ABER-CKGL', 'ABER-CKP', 'ESTADO-DHSV', 'ESTADO-M1', 'ESTADO-M2', 'ESTADO-PXO', 'ESTADO-SDV-GL', 'ESTADO-SDV-P', 'ESTADO-W1', 'ESTADO-W2', 'ESTADO-XO', 'P-JUS-BS', 'P-JUS-CKGL', 'P-JUS-CKP', 'P-MON-CKGL', 'P-MON-CKP', 'P-MON-SDV-P', 'PT-P', 'QBS', 'QGL', 'T-JUS-CKP', 'T-MON-CKP', 'T-PDG']",0
dataset/4/WELL-00002_20131215110025.parquet,WELL-00002_20131215110025.parquet,4,REAL,WELL-00002,10776,1.0,10775.0,3600,3600,3600,0,3600,False,{'4': 7176},23,"['ABER-CKGL', 'ABER-CKP', 'ESTADO-DHSV', 'ESTADO-M1', 'ESTADO-M2', 'ESTADO-PXO', 'ESTADO-SDV-GL', 'ESTADO-SDV-P', 'ESTADO-W1', 'ESTADO-W2', 'ESTADO-XO', 'P-JUS-BS', 'P-JUS-CKGL', 'P-JUS-CKP', 'P-MON-CKGL', 'P-MON-CKP', 'P-MON-SDV-P', 'PT-P', 'QBS', 'QGL', 'T-JUS-CKP', 'T-MON-CKP', 'T-PDG']",0
dataset/4/WELL-00002_20131215130036.parquet,WELL-00002_20131215130036.parquet,4,REAL,WELL-00002,10765,1.0,10764.0,3600,3600,3600,0,3600,False,{'4': 7165},23,"['ABER-CKGL', 'ABER-CKP', 'ESTADO-DHSV', 'ESTADO-M1', 'ESTADO-M2', 'ESTADO-PXO', 'ESTADO-SDV-GL', 'ESTADO-SDV-P', 'ESTADO-W1', 'ESTADO-W2', 'ESTADO-XO', 'P-JUS-BS', 'P-JUS-CKGL', 'P-JUS-CKP', 'P-MON-CKGL', 'P-MON-CKP', 'P-MON-SDV-P', 'PT-P', 'QBS', 'QGL', 'T-JUS-CKP', 'T-MON-CKP', 'T-PDG']",0
dataset/4/WELL-00002_20131215150122.parquet,WELL-00002_20131215150122.parquet,4,REAL,WELL-00002,10719,1.0,10718.0,3600,3600,3600,0,3600,False,{'4': 7119},23,"['ABER-CKGL', 'ABER-CKP', 'ESTADO-DHSV', 'ESTADO-M1', 'ESTADO-M2', 'ESTADO-PXO', 'ESTADO-SDV-GL', 'ESTADO-SDV-P', 'ESTADO-W1', 'ESTADO-W2', 'ESTADO-XO', 'P-JUS-BS', 'P-JUS-CKGL', 'P-JUS-CKP', 'P-MON-CKGL', 'P-MON-CKP', 'P-MON-SDV-P', 'PT-P', 'QBS', 'QGL', 'T-JUS-CKP', 'T-MON-CKP', 'T-PDG']",0
dataset/4/WELL-00002_20131215170101.parquet,WELL-00002_20131215170101.parquet,4,REAL,WELL-00002,10740,1.0,10739.0,3600,3600,3600,0,3600,False,{'4': 7140},23,"['ABER-CKGL', 'ABER-CKP', 'ESTADO-DHSV', 'ESTADO-M1', 'ESTADO-M2', 'ESTADO-PXO', 'ESTADO-SDV-GL', 'ESTADO-SDV-P', 'ESTADO-W1', 'ESTADO-W2', 'ESTADO-XO', 'P-JUS-BS', 'P-JUS-CKGL', 'P-JUS-CKP', 'P-MON-CKGL', 'P-MON-CKP', 'P-MON-SDV-P', 'PT-P', 'QBS', 'QGL', 'T-JUS-CKP', 'T-MON-CKP', 'T-PDG']",0
dataset/4/WELL-00002_20131215190132.parquet,WELL-00002_20131215190132.parquet,4,REAL,WELL-00002,10709,1.0,10708.0,3600,3600,3600,0,3600,False,{'4': 7109},23,"['ABER-CKGL', 'ABER-CKP', 'ESTADO-DHSV', 'ESTADO-M1', 'ESTADO-M2', 'ESTADO-PXO', 'ESTADO-SDV-GL', 'ESTADO-SDV-P', 'ESTADO-W1', 'ESTADO-W2', 'ESTADO-XO', 'P-JUS-BS', 'P-JUS-CKGL', 'P-JUS-CKP', 'P-MON-CKGL', 'P-MON-CKP', 'P-MON-SDV-P', 'PT-P', 'QBS', 'QGL', 'T-JUS-CKP', 'T-MON-CKP', 'T-PDG']",0
dataset/4/WELL-00002_20131215210107.parquet,WELL-00002_20131215210107.parquet,4,REAL,WELL-00002,10734,1.0,10733.0,3600,3600,3600,0,3600,False,{'4': 7134},23,"['ABER-CKGL', 'ABER-CKP', 'ESTADO-DHSV', 'ESTADO-M1', 'ESTADO-M2', 'ESTADO-PXO', 'ESTADO-SDV-GL', 'ESTADO-SDV-P', 'ESTADO-W1', 'ESTADO-W2', 'ESTADO-XO', 'P-JUS-BS', 'P-JUS-CKGL', 'P-JUS-CKP', 'P-MON-CKGL', 'P-MON-CKP', 'P-MON-SDV-P', 'PT-P', 'QBS', 'QGL', 'T-JUS-CKP', 'T-MON-CKP', 'T-PDG']",0
dataset/4/WELL-00002_20140109000112.parquet,WELL-00002_20140109000112.parquet,4,REAL,WELL-00002,10729,1.0,10728.0,3600,3600,3600,0,3600,False,{'4': 7129},23,"['ABER-CKGL', 'ABER-CKP', 'ESTADO-DHSV', 'ESTADO-M1', 'ESTADO-M2', 'ESTADO-PXO', 'ESTADO-SDV-GL', 'ESTADO-SDV-P', 'ESTADO-W1', 'ESTADO-W2', 'ESTADO-XO', 'P-JUS-BS', 'P-JUS-CKGL', 'P-JUS-CKP', 'P-MON-CKGL', 'P-MON-CKP', 'P-MON-SDV-P', 'PT-P', 'QBS', 'QGL', 'T-JUS-CKP', 'T-MON-CKP', 'T-PDG']",0
dataset/4/WELL-00002_20140109020025.parquet,WELL-00002_20140109020025.parquet,4,REAL,WELL-00002,10776,1.0,10775.0,3600,3600,3600,0,3600,False,{'4': 7176},23,"['ABER-CKGL', 'ABER-CKP', 'ESTADO-DHSV', 'ESTADO-M1', 'ESTADO-M2', 'ESTADO-PXO', 'ESTADO-SDV-GL', 'ESTADO-SDV-P', 'ESTADO-W1', 'ESTADO-W2', 'ESTADO-XO', 'P-JUS-BS', 'P-JUS-CKGL', 'P-JUS-CKP', 'P-MON-CKGL', 'P-MON-CKP', 'P-MON-SDV-P', 'PT-P', 'QBS', 'QGL', 'T-JUS-CKP', 'T-MON-CKP', 'T-PDG']",0
dataset/4/WELL-00002_20140109040025.parquet,WELL-00002_20140109040025.parquet,4,REAL,WELL-00002,10776,1.0,10775.0,3600,3600,3600,0,3600,False,{'4': 7176},23,"['ABER-CKGL', 'ABER-CKP', 'ESTADO-DHSV', 'ESTADO-M1', 'ESTADO-M2', 'ESTADO-PXO', 'ESTADO-SDV-GL', 'ESTADO-SDV-P', 'ESTADO-W1', 'ESTADO-W2', 'ESTADO-XO', 'P-JUS-BS', 'P-JUS-CKGL', 'P-JUS-CKP', 'P-MON-CKGL', 'P-MON-CKP', 'P-MON-SDV-P', 'PT-P', 'QBS', 'QGL', 'T-JUS-CKP', 'T-MON-CKP', 'T-PDG']",0
dataset/4/WELL-00002_20140109140010.parquet,WELL-00002_20140109140010.parquet,4,REAL,WELL-00002,10791,1.0,10790.0,3600,3600,3600,0,3600,False,{'4': 7191},23,"['ABER-CKGL', 'ABER-CKP', 'ESTADO-DHSV', 'ESTADO-M1', 'ESTADO-M2', 'ESTADO-PXO', 'ESTADO-SDV-GL', 'ESTADO-SDV-P', 'ESTADO-W1', 'ESTADO-W2', 'ESTADO-XO', 'P-JUS-BS', 'P-JUS-CKGL', 'P-JUS-CKP', 'P-MON-CKGL', 'P-MON-CKP', 'P-MON-SDV-P', 'PT-P', 'QBS', 'QGL', 'T-JUS-CKP', 'T-MON-CKP', 'T-PDG']",0
dataset/4/WELL-00002_20140109160010.parquet,WELL-00002_20140109160010.parquet,4,REAL,WELL-00002,10791,1.0,10790.0,3600,3600,3600,0,3600,False,{'4': 7191},23,"['ABER-CKGL', 'ABER-CKP', 'ESTADO-DHSV', 'ESTADO-M1', 'ESTADO-M2', 'ESTADO-PXO', 'ESTADO-SDV-GL', 'ESTADO-SDV-P', 'ESTADO-W1', 'ESTADO-W2', 'ESTADO-XO', 'P-JUS-BS', 'P-JUS-CKGL', 'P-JUS-CKP', 'P-MON-CKGL', 'P-MON-CKP', 'P-MON-SDV-P', 'PT-P', 'QBS', 'QGL', 'T-JUS-CKP', 'T-MON-CKP', 'T-PDG']",0
dataset/4/WELL-00002_20140115150010.parquet,WELL-00002_20140115150010.parquet,4,REAL,WELL-00002,10791,1.0,10790.0,3600,3600,3600,0,3600,False,{'4': 7191},23,"['ABER-CKGL', 'ABER-CKP', 'ESTADO-DHSV', 'ESTADO-M1', 'ESTADO-M2', 'ESTADO-PXO', 'ESTADO-SDV-GL', 'ESTADO-SDV-P', 'ESTADO-W1', 'ESTADO-W2', 'ESTADO-XO', 'P-JUS-BS', 'P-JUS-CKGL', 'P-JUS-CKP', 'P-MON-CKGL', 'P-MON-CKP', 'P-MON-SDV-P', 'PT-P', 'QBS', 'QGL', 'T-JUS-CKP', 'T-MON-CKP', 'T-PDG']",0
dataset/4/WELL-00002_20140115170036.parquet,WELL-00002_20140115170036.parquet,4,REAL,WELL-00002,10765,1.0,10764.0,3600,3600,3600,0,3600,False,{'4': 7165},23,"['ABER-CKGL', 'ABER-CKP', 'ESTADO-DHSV', 'ESTADO-M1', 'ESTADO-M2', 'ESTADO-PXO', 'ESTADO-SDV-GL', 'ESTADO-SDV-P', 'ESTADO-W1', 'ESTADO-W2', 'ESTADO-XO', 'P-JUS-BS', 'P-JUS-CKGL', 'P-JUS-CKP', 'P-MON-CKGL', 'P-MON-CKP', 'P-MON-SDV-P', 'PT-P', 'QBS', 'QGL', 'T-JUS-CKP', 'T-MON-CKP', 'T-PDG']",0
dataset/4/WELL-00002_20140118230030.parquet,WELL-00002_20140118230030.parquet,4,REAL,WELL-00002,10771,1.0,10770.0,3600,3600,3600,0,3600,False,{'4': 7171},23,"['ABER-CKGL', 'ABER-CKP', 'ESTADO-DHSV', 'ESTADO-M1', 'ESTADO-M2', 'ESTADO-PXO', 'ESTADO-SDV-GL', 'ESTADO-SDV-P', 'ESTADO-W1', 'ESTADO-W2', 'ESTADO-XO', 'P-JUS-BS', 'P-JUS-CKGL', 'P-JUS-CKP', 'P-MON-CKGL', 'P-MON-CKP', 'P-MON-SDV-P', 'PT-P', 'QBS', 'QGL', 'T-JUS-CKP', 'T-MON-CKP', 'T-PDG']",0
dataset/4/WELL-00002_20140119010020.parquet,WELL-00002_20140119010020.parquet,4,REAL,WELL-00002,10781,1.0,10780.0,3600,3600,3600,0,3600,False,{'4': 7181},23,"['ABER-CKGL', 'ABER-CKP', 'ESTADO-DHSV', 'ESTADO-M1', 'ESTADO-M2', 'ESTADO-PXO', 'ESTADO-SDV-GL', 'ESTADO-SDV-P', 'ESTADO-W1', 'ESTADO-W2', 'ESTADO-XO', 'P-JUS-BS', 'P-JUS-CKGL', 'P-JUS-CKP', 'P-MON-CKGL', 'P-MON-CKP', 'P-MON-SDV-P', 'PT-P', 'QBS', 'QGL', 'T-JUS-CKP', 'T-MON-CKP', 'T-PDG']",0
dataset/4/WELL-00002_20140119030025.parquet,WELL-00002_20140119030025.parquet,4,REAL,WELL-00002,10776,1.0,10775.0,3600,3600,3600,0,3600,False,{'4': 7176},23,"['ABER-CKGL', 'ABER-CKP', 'ESTADO-DHSV', 'ESTADO-M1', 'ESTADO-M2', 'ESTADO-PXO', 'ESTADO-SDV-GL', 'ESTADO-SDV-P', 'ESTADO-W1', 'ESTADO-W2', 'ESTADO-XO', 'P-JUS-BS', 'P-JUS-CKGL', 'P-JUS-CKP', 'P-MON-CKGL', 'P-MON-CKP', 'P-MON-SDV-P', 'PT-P', 'QBS', 'QGL', 'T-JUS-CKP', 'T-MON-CKP', 'T-PDG']",0
dataset/4/WELL-00002_20140119050010.parquet,WELL-00002_20140119050010.parquet,4,REAL,WELL-00002,10791,1.0,10790.0,3600,3600,3600,0,3600,False,{'4': 7191},23,"['ABER-CKGL', 'ABER-CKP', 'ESTADO-DHSV', 'ESTADO-M1', 'ESTADO-M2', 'ESTADO-PXO', 'ESTADO-SDV-GL', 'ESTADO-SDV-P', 'ESTADO-W1', 'ESTADO-W2', 'ESTADO-XO', 'P-JUS-BS', 'P-JUS-CKGL', 'P-JUS-CKP', 'P-MON-CKGL', 'P-MON-CKP', 'P-MON-SDV-P', 'PT-P', 'QBS', 'QGL', 'T-JUS-CKP', 'T-MON-CKP', 'T-PDG']",0
dataset/4/WELL-00002_20140119070138.parquet,WELL-00002_20140119070138.parquet,4,REAL,WELL-00002,10703,1.0,10702.0,3600,3600,3600,0,3600,False,{'4': 7103},23,"['ABER-CKGL', 'ABER-CKP', 'ESTADO-DHSV', 'ESTADO-M1', 'ESTADO-M2', 'ESTADO-PXO', 'ESTADO-SDV-GL', 'ESTADO-SDV-P', 'ESTADO-W1', 'ESTADO-W2', 'ESTADO-XO', 'P-JUS-BS', 'P-JUS-CKGL', 'P-JUS-CKP', 'P-MON-CKGL', 'P-MON-CKP', 'P-MON-SDV-P', 'PT-P', 'QBS', 'QGL', 'T-JUS-CKP', 'T-MON-CKP', 'T-PDG']",0
dataset/4/WELL-00002_20140119090112.parquet,WELL-00002_20140119090112.parquet,4,REAL,WELL-00002,10729,1.0,10728.0,3600,3600,3600,0,3600,False,{'4': 7129},23,"['ABER-CKGL', 'ABER-CKP', 'ESTADO-DHSV', 'ESTADO-M1', 'ESTADO-M2', 'ESTADO-PXO', 'ESTADO-SDV-GL', 'ESTADO-SDV-P', 'ESTADO-W1', 'ESTADO-W2', 'ESTADO-XO', 'P-JUS-BS', 'P-JUS-CKGL', 'P-JUS-CKP', 'P-MON-CKGL', 'P-MON-CKP', 'P-MON-SDV-P', 'PT-P', 'QBS', 'QGL', 'T-JUS-CKP', 'T-MON-CKP', 'T-PDG']",0
dataset/4/WELL-00002_20140119110010.parquet,WELL-00002_20140119110010.parquet,4,REAL,WELL-00002,10791,1.0,10790.0,3600,3600,3600,0,3600,False,{'4': 7191},23,"['ABER-CKGL', 'ABER-CKP', 'ESTADO-DHSV', 'ESTADO-M1', 'ESTADO-M2', 'ESTADO-PXO', 'ESTADO-SDV-GL', 'ESTADO-SDV-P', 'ESTADO-W1', 'ESTADO-W2', 'ESTADO-XO', 'P-JUS-BS', 'P-JUS-CKGL', 'P-JUS-CKP', 'P-MON-CKGL', 'P-MON-CKP', 'P-MON-SDV-P', 'PT-P', 'QBS', 'QGL', 'T-JUS-CKP', 'T-MON-CKP', 'T-PDG']",0
dataset/4/WELL-00002_20140119130010.parquet,WELL-00002_20140119130010.parquet,4,REAL,WELL-00002,10791,1.0,10790.0,3600,3600,3600,0,3600,False,{'4': 7191},23,"['ABER-CKGL', 'ABER-CKP', 'ESTADO-DHSV', 'ESTADO-M1', 'ESTADO-M2', 'ESTADO-PXO', 'ESTADO-SDV-GL', 'ESTADO-SDV-P', 'ESTADO-W1', 'ESTADO-W2', 'ESTADO-XO', 'P-JUS-BS', 'P-JUS-CKGL', 'P-JUS-CKP', 'P-MON-CKGL', 'P-MON-CKP', 'P-MON-SDV-P', 'PT-P', 'QBS', 'QGL', 'T-JUS-CKP', 'T-MON-CKP', 'T-PDG']",0
dataset/4/WELL-00002_20140119150112.parquet,WELL-00002_20140119150112.parquet,4,REAL,WELL-00002,10729,1.0,10728.0,3600,3600,3600,0,3600,False,{'4': 7129},23,"['ABER-CKGL', 'ABER-CKP', 'ESTADO-DHSV', 'ESTADO-M1', 'ESTADO-M2', 'ESTADO-PXO', 'ESTADO-SDV-GL', 'ESTADO-SDV-P', 'ESTADO-W1', 'ESTADO-W2', 'ESTADO-XO', 'P-JUS-BS', 'P-JUS-CKGL', 'P-JUS-CKP', 'P-MON-CKGL', 'P-MON-CKP', 'P-MON-SDV-P', 'PT-P', 'QBS', 'QGL', 'T-JUS-CKP', 'T-MON-CKP', 'T-PDG']",0
dataset/4/WELL-00002_20140119170015.parquet,WELL-00002_20140119170015.parquet,4,REAL,WELL-00002,10786,1.0,10785.0,3600,3600,3600,0,3600,False,{'4': 7186},23,"['ABER-CKGL', 'ABER-CKP', 'ESTADO-DHSV', 'ESTADO-M1', 'ESTADO-M2', 'ESTADO-PXO', 'ESTADO-SDV-GL', 'ESTADO-SDV-P', 'ESTADO-W1', 'ESTADO-W2', 'ESTADO-XO', 'P-JUS-BS', 'P-JUS-CKGL', 'P-JUS-CKP', 'P-MON-CKGL', 'P-MON-CKP', 'P-MON-SDV-P', 'PT-P', 'QBS', 'QGL', 'T-JUS-CKP', 'T-MON-CKP', 'T-PDG']",0
dataset/4/WELL-00002_20140119190132.parquet,WELL-00002_20140119190132.parquet,4,REAL,WELL-00002,10709,1.0,10708.0,3600,3600,3600,0,3600,False,{'4': 7109},23,"['ABER-CKGL', 'ABER-CKP', 'ESTADO-DHSV', 'ESTADO-M1', 'ESTADO-M2', 'ESTADO-PXO', 'ESTADO-SDV-GL', 'ESTADO-SDV-P', 'ESTADO-W1', 'ESTADO-W2', 'ESTADO-XO', 'P-JUS-BS', 'P-JUS-CKGL', 'P-JUS-CKP', 'P-MON-CKGL', 'P-MON-CKP', 'P-MON-SDV-P', 'PT-P', 'QBS', 'QGL', 'T-JUS-CKP', 'T-MON-CKP', 'T-PDG']",0
dataset/4/WELL-00002_20140119210015.parquet,WELL-00002_20140119210015.parquet,4,REAL,WELL-00002,10786,1.0,10785.0,3600,3600,3600,0,3600,False,{'4': 7186},23,"['ABER-CKGL', 'ABER-CKP', 'ESTADO-DHSV', 'ESTADO-M1', 'ESTADO-M2', 'ESTADO-PXO', 'ESTADO-SDV-GL', 'ESTADO-SDV-P', 'ESTADO-W1', 'ESTADO-W2', 'ESTADO-XO', 'P-JUS-BS', 'P-JUS-CKGL', 'P-JUS-CKP', 'P-MON-CKGL', 'P-MON-CKP', 'P-MON-SDV-P', 'PT-P', 'QBS', 'QGL', 'T-JUS-CKP', 'T-MON-CKP', 'T-PDG']",0
dataset/4/WELL-00002_20140119230030.parquet,WELL-00002_20140119230030.parquet,4,REAL,WELL-00002,10771,1.0,10770.0,3600,3600,3600,0,3600,False,{'4': 7171},23,"['ABER-CKGL', 'ABER-CKP', 'ESTADO-DHSV', 'ESTADO-M1', 'ESTADO-M2', 'ESTADO-PXO', 'ESTADO-SDV-GL', 'ESTADO-SDV-P', 'ESTADO-W1', 'ESTADO-W2', 'ESTADO-XO', 'P-JUS-BS', 'P-JUS-CKGL', 'P-JUS-CKP', 'P-MON-CKGL', 'P-MON-CKP', 'P-MON-SDV-P', 'PT-P', 'QBS', 'QGL', 'T-JUS-CKP', 'T-MON-CKP', 'T-PDG']",0
dataset/4/WELL-00002_20140120010025.parquet,WELL-00002_20140120010025.parquet,4,REAL,WELL-00002,10776,1.0,10775.0,3600,3600,3600,0,3600,False,{'4': 7176},23,"['ABER-CKGL', 'ABER-CKP', 'ESTADO-DHSV', 'ESTADO-M1', 'ESTADO-M2', 'ESTADO-PXO', 'ESTADO-SDV-GL', 'ESTADO-SDV-P', 'ESTADO-W1', 'ESTADO-W2', 'ESTADO-XO', 'P-JUS-BS', 'P-JUS-CKGL', 'P-JUS-CKP', 'P-MON-CKGL', 'P-MON-CKP', 'P-MON-SDV-P', 'PT-P', 'QBS', 'QGL', 'T-JUS-CKP', 'T-MON-CKP', 'T-PDG']",0
dataset/4/WELL-00002_20140120030132.parquet,WELL-00002_20140120030132.parquet,4,REAL,WELL-00002,10709,1.0,10708.0,3600,3600,3600,0,3600,False,{'4': 7109},23,"['ABER-CKGL', 'ABER-CKP', 'ESTADO-DHSV', 'ESTADO-M1', 'ESTADO-M2', 'ESTADO-PXO', 'ESTADO-SDV-GL', 'ESTADO-SDV-P', 'ESTADO-W1', 'ESTADO-W2', 'ESTADO-XO', 'P-JUS-BS', 'P-JUS-CKGL', 'P-JUS-CKP', 'P-MON-CKGL', 'P-MON-CKP', 'P-MON-SDV-P', 'PT-P', 'QBS', 'QGL', 'T-JUS-CKP', 'T-MON-CKP', 'T-PDG']",0
dataset/4/WELL-00002_20140120050203.parquet,WELL-00002_20140120050203.parquet,4,REAL,WELL-00002,10678,1.0,10677.0,3600,3600,3600,0,3600,False,{'4': 7078},23,"['ABER-CKGL', 'ABER-CKP', 'ESTADO-DHSV', 'ESTADO-M1', 'ESTADO-M2', 'ESTADO-PXO', 'ESTADO-SDV-GL', 'ESTADO-SDV-P', 'ESTADO-W1', 'ESTADO-W2', 'ESTADO-XO', 'P-JUS-BS', 'P-JUS-CKGL', 'P-JUS-CKP', 'P-MON-CKGL', 'P-MON-CKP', 'P-MON-SDV-P', 'PT-P', 'QBS', 'QGL', 'T-JUS-CKP', 'T-MON-CKP', 'T-PDG']",0
dataset/4/WELL-00002_20140120070122.parquet,WELL-00002_20140120070122.parquet,4,REAL,WELL-00002,10719,1.0,10718.0,3600,3600,3600,0,3600,False,{'4': 7119},23,"['ABER-CKGL', 'ABER-CKP', 'ESTADO-DHSV', 'ESTADO-M1', 'ESTADO-M2', 'ESTADO-PXO', 'ESTADO-SDV-GL', 'ESTADO-SDV-P', 'ESTADO-W1', 'ESTADO-W2', 'ESTADO-XO', 'P-JUS-BS', 'P-JUS-CKGL', 'P-JUS-CKP', 'P-MON-CKGL', 'P-MON-CKP', 'P-MON-SDV-P', 'PT-P', 'QBS', 'QGL', 'T-JUS-CKP', 'T-MON-CKP', 'T-PDG']",0
dataset/4/WELL-00002_20140120090010.parquet,WELL-00002_20140120090010.parquet,4,REAL,WELL-00002,10791,1.0,10790.0,3600,3600,3600,0,3600,False,{'4': 7191},23,"['ABER-CKGL', 'ABER-CKP', 'ESTADO-DHSV', 'ESTADO-M1', 'ESTADO-M2', 'ESTADO-PXO', 'ESTADO-SDV-GL', 'ESTADO-SDV-P', 'ESTADO-W1', 'ESTADO-W2', 'ESTADO-XO', 'P-JUS-BS', 'P-JUS-CKGL', 'P-JUS-CKP', 'P-MON-CKGL', 'P-MON-CKP', 'P-MON-SDV-P', 'PT-P', 'QBS', 'QGL', 'T-JUS-CKP', 'T-MON-CKP', 'T-PDG']",0
dataset/4/WELL-00002_20140120110234.parquet,WELL-00002_20140120110234.parquet,4,REAL,WELL-00002,10647,1.0,10646.0,3600,3600,3600,0,3600,False,{'4': 7047},23,"['ABER-CKGL', 'ABER-CKP', 'ESTADO-DHSV', 'ESTADO-M1', 'ESTADO-M2', 'ESTADO-PXO', 'ESTADO-SDV-GL', 'ESTADO-SDV-P', 'ESTADO-W1', 'ESTADO-W2', 'ESTADO-XO', 'P-JUS-BS', 'P-JUS-CKGL', 'P-JUS-CKP', 'P-MON-CKGL', 'P-MON-CKP', 'P-MON-SDV-P', 'PT-P', 'QBS', 'QGL', 'T-JUS-CKP', 'T-MON-CKP', 'T-PDG']",0
dataset/4/WELL-00002_20140120130224.parquet,WELL-00002_20140120130224.parquet,4,REAL,WELL-00002,10657,1.0,10656.0,3600,3600,3600,0,3600,False,{'4': 7057},23,"['ABER-CKGL', 'ABER-CKP', 'ESTADO-DHSV', 'ESTADO-M1', 'ESTADO-M2', 'ESTADO-PXO', 'ESTADO-SDV-GL', 'ESTADO-SDV-P', 'ESTADO-W1', 'ESTADO-W2', 'ESTADO-XO', 'P-JUS-BS', 'P-JUS-CKGL', 'P-JUS-CKP', 'P-MON-CKGL', 'P-MON-CKP', 'P-MON-SDV-P', 'PT-P', 'QBS', 'QGL', 'T-JUS-CKP', 'T-MON-CKP', 'T-PDG']",0
dataset/4/WELL-00002_20140120150112.parquet,WELL-00002_20140120150112.parquet,4,REAL,WELL-00002,10729,1.0,10728.0,3600,3600,3600,0,3600,False,{'4': 7129},23,"['ABER-CKGL', 'ABER-CKP', 'ESTADO-DHSV', 'ESTADO-M1', 'ESTADO-M2', 'ESTADO-PXO', 'ESTADO-SDV-GL', 'ESTADO-SDV-P', 'ESTADO-W1', 'ESTADO-W2', 'ESTADO-XO', 'P-JUS-BS', 'P-JUS-CKGL', 'P-JUS-CKP', 'P-MON-CKGL', 'P-MON-CKP', 'P-MON-SDV-P', 'PT-P', 'QBS', 'QGL', 'T-JUS-CKP', 'T-MON-CKP', 'T-PDG']",0
dataset/4/WELL-00002_20140120170010.parquet,WELL-00002_20140120170010.parquet,4,REAL,WELL-00002,10791,1.0,10790.0,3600,3600,3600,0,3600,False,{'4': 7191},23,"['ABER-CKGL', 'ABER-CKP', 'ESTADO-DHSV', 'ESTADO-M1', 'ESTADO-M2', 'ESTADO-PXO', 'ESTADO-SDV-GL', 'ESTADO-SDV-P', 'ESTADO-W1', 'ESTADO-W2', 'ESTADO-XO', 'P-JUS-BS', 'P-JUS-CKGL', 'P-JUS-CKP', 'P-MON-CKGL', 'P-MON-CKP', 'P-MON-SDV-P', 'PT-P', 'QBS', 'QGL', 'T-JUS-CKP', 'T-MON-CKP', 'T-PDG']",0
dataset/4/WELL-00002_20140120190122.parquet,WELL-00002_20140120190122.parquet,4,REAL,WELL-00002,10719,1.0,10718.0,3600,3600,3600,0,3600,False,{'4': 7119},23,"['ABER-CKGL', 'ABER-CKP', 'ESTADO-DHSV', 'ESTADO-M1', 'ESTADO-M2', 'ESTADO-PXO', 'ESTADO-SDV-GL', 'ESTADO-SDV-P', 'ESTADO-W1', 'ESTADO-W2', 'ESTADO-XO', 'P-JUS-BS', 'P-JUS-CKGL', 'P-JUS-CKP', 'P-MON-CKGL', 'P-MON-CKP', 'P-MON-SDV-P', 'PT-P', 'QBS', 'QGL', 'T-JUS-CKP', 'T-MON-CKP', 'T-PDG']",0
dataset/4/WELL-00002_20140120210036.parquet,WELL-00002_20140120210036.parquet,4,REAL,WELL-00002,10765,1.0,10764.0,3600,3600,3600,0,3600,False,{'4': 7165},23,"['ABER-CKGL', 'ABER-CKP', 'ESTADO-DHSV', 'ESTADO-M1', 'ESTADO-M2', 'ESTADO-PXO', 'ESTADO-SDV-GL', 'ESTADO-SDV-P', 'ESTADO-W1', 'ESTADO-W2', 'ESTADO-XO', 'P-JUS-BS', 'P-JUS-CKGL', 'P-JUS-CKP', 'P-MON-CKGL', 'P-MON-CKP', 'P-MON-SDV-P', 'PT-P', 'QBS', 'QGL', 'T-JUS-CKP', 'T-MON-CKP', 'T-PDG']",0
dataset/4/WELL-00002_20140120230224.parquet,WELL-00002_20140120230224.parquet,4,REAL,WELL-00002,10657,1.0,10656.0,3600,3600,3600,0,3600,False,{'4': 7057},23,"['ABER-CKGL', 'ABER-CKP', 'ESTADO-DHSV', 'ESTADO-M1', 'ESTADO-M2', 'ESTADO-PXO', 'ESTADO-SDV-GL', 'ESTADO-SDV-P', 'ESTADO-W1', 'ESTADO-W2', 'ESTADO-XO', 'P-JUS-BS', 'P-JUS-CKGL', 'P-JUS-CKP', 'P-MON-CKGL', 'P-MON-CKP', 'P-MON-SDV-P', 'PT-P', 'QBS', 'QGL', 'T-JUS-CKP', 'T-MON-CKP', 'T-PDG']",0
dataset/4/WELL-00002_20140121010056.parquet,WELL-00002_20140121010056.parquet,4,REAL,WELL-00002,10745,1.0,10744.0,3600,3600,3600,0,3600,False,{'4': 7145},23,"['ABER-CKGL', 'ABER-CKP', 'ESTADO-DHSV', 'ESTADO-M1', 'ESTADO-M2', 'ESTADO-PXO', 'ESTADO-SDV-GL', 'ESTADO-SDV-P', 'ESTADO-W1', 'ESTADO-W2', 'ESTADO-XO', 'P-JUS-BS', 'P-JUS-CKGL', 'P-JUS-CKP', 'P-MON-CKGL', 'P-MON-CKP', 'P-MON-SDV-P', 'PT-P', 'QBS', 'QGL', 'T-JUS-CKP', 'T-MON-CKP', 'T-PDG']",0
dataset/4/WELL-00002_20140121030030.parquet,WELL-00002_20140121030030.parquet,4,REAL,WELL-00002,10771,1.0,10770.0,3600,3600,3600,0,3600,False,{'4': 7171},23,"['ABER-CKGL', 'ABER-CKP', 'ESTADO-DHSV', 'ESTADO-M1', 'ESTADO-M2', 'ESTADO-PXO', 'ESTADO-SDV-GL', 'ESTADO-SDV-P', 'ESTADO-W1', 'ESTADO-W2', 'ESTADO-XO', 'P-JUS-BS', 'P-JUS-CKGL', 'P-JUS-CKP', 'P-MON-CKGL', 'P-MON-CKP', 'P-MON-SDV-P', 'PT-P', 'QBS', 'QGL', 'T-JUS-CKP', 'T-MON-CKP', 'T-PDG']",0
dataset/4/WELL-00002_20140121050010.parquet,WELL-00002_20140121050010.parquet,4,REAL,WELL-00002,10791,1.0,10790.0,3600,3600,3600,0,3600,False,{'4': 7191},23,"['ABER-CKGL', 'ABER-CKP', 'ESTADO-DHSV', 'ESTADO-M1', 'ESTADO-M2', 'ESTADO-PXO', 'ESTADO-SDV-GL', 'ESTADO-SDV-P', 'ESTADO-W1', 'ESTADO-W2', 'ESTADO-XO', 'P-JUS-BS', 'P-JUS-CKGL', 'P-JUS-CKP', 'P-MON-CKGL', 'P-MON-CKP', 'P-MON-SDV-P', 'PT-P', 'QBS', 'QGL', 'T-JUS-CKP', 'T-MON-CKP', 'T-PDG']",0
dataset/4/WELL-00002_20140121070214.parquet,WELL-00002_20140121070214.parquet,4,REAL,WELL-00002,10667,1.0,10666.0,3600,3600,3600,0,3600,False,{'4': 7067},23,"['ABER-CKGL', 'ABER-CKP', 'ESTADO-DHSV', 'ESTADO-M1', 'ESTADO-M2', 'ESTADO-PXO', 'ESTADO-SDV-GL', 'ESTADO-SDV-P', 'ESTADO-W1', 'ESTADO-W2', 'ESTADO-XO', 'P-JUS-BS', 'P-JUS-CKGL', 'P-JUS-CKP', 'P-MON-CKGL', 'P-MON-CKP', 'P-MON-SDV-P', 'PT-P', 'QBS', 'QGL', 'T-JUS-CKP', 'T-MON-CKP', 'T-PDG']",0
dataset/4/WELL-00002_20140121090056.parquet,WELL-00002_20140121090056.parquet,4,REAL,WELL-00002,10745,1.0,10744.0,3600,3600,3600,0,3600,False,{'4': 7145},23,"['ABER-CKGL', 'ABER-CKP', 'ESTADO-DHSV', 'ESTADO-M1', 'ESTADO-M2', 'ESTADO-PXO', 'ESTADO-SDV-GL', 'ESTADO-SDV-P', 'ESTADO-W1', 'ESTADO-W2', 'ESTADO-XO', 'P-JUS-BS', 'P-JUS-CKGL', 'P-JUS-CKP', 'P-MON-CKGL', 'P-MON-CKP', 'P-MON-SDV-P', 'PT-P', 'QBS', 'QGL', 'T-JUS-CKP', 'T-MON-CKP', 'T-PDG']",0
dataset/4/WELL-00002_20140121110117.parquet,WELL-00002_20140121110117.parquet,4,REAL,WELL-00002,10724,1.0,10723.0,3600,3600,3600,0,3600,False,{'4': 7124},23,"['ABER-CKGL', 'ABER-CKP', 'ESTADO-DHSV', 'ESTADO-M1', 'ESTADO-M2', 'ESTADO-PXO', 'ESTADO-SDV-GL', 'ESTADO-SDV-P', 'ESTADO-W1', 'ESTADO-W2', 'ESTADO-XO', 'P-JUS-BS', 'P-JUS-CKGL', 'P-JUS-CKP', 'P-MON-CKGL', 'P-MON-CKP', 'P-MON-SDV-P', 'PT-P', 'QBS', 'QGL', 'T-JUS-CKP', 'T-MON-CKP', 'T-PDG']",0
dataset/4/WELL-00002_20140121130132.parquet,WELL-00002_20140121130132.parquet,4,REAL,WELL-00002,10709,1.0,10708.0,3600,3600,3600,0,3600,False,{'4': 7109},23,"['ABER-CKGL', 'ABER-CKP', 'ESTADO-DHSV', 'ESTADO-M1', 'ESTADO-M2', 'ESTADO-PXO', 'ESTADO-SDV-GL', 'ESTADO-SDV-P', 'ESTADO-W1', 'ESTADO-W2', 'ESTADO-XO', 'P-JUS-BS', 'P-JUS-CKGL', 'P-JUS-CKP', 'P-MON-CKGL', 'P-MON-CKP', 'P-MON-SDV-P', 'PT-P', 'QBS', 'QGL', 'T-JUS-CKP', 'T-MON-CKP', 'T-PDG']",0
dataset/4/WELL-00002_20140121150025.parquet,WELL-00002_20140121150025.parquet,4,REAL,WELL-00002,10776,1.0,10775.0,3600,3600,3600,0,3600,False,{'4': 7176},23,"['ABER-CKGL', 'ABER-CKP', 'ESTADO-DHSV', 'ESTADO-M1', 'ESTADO-M2', 'ESTADO-PXO', 'ESTADO-SDV-GL', 'ESTADO-SDV-P', 'ESTADO-W1', 'ESTADO-W2', 'ESTADO-XO', 'P-JUS-BS', 'P-JUS-CKGL', 'P-JUS-CKP', 'P-MON-CKGL', 'P-MON-CKP', 'P-MON-SDV-P', 'PT-P', 'QBS', 'QGL', 'T-JUS-CKP', 'T-MON-CKP', 'T-PDG']",0
dataset/4/WELL-00002_20140121170219.parquet,WELL-00002_20140121170219.parquet,4,REAL,WELL-00002,10662,1.0,10661.0,3600,3600,3600,0,3600,False,{'4': 7062},23,"['ABER-CKGL', 'ABER-CKP', 'ESTADO-DHSV', 'ESTADO-M1', 'ESTADO-M2', 'ESTADO-PXO', 'ESTADO-SDV-GL', 'ESTADO-SDV-P', 'ESTADO-W1', 'ESTADO-W2', 'ESTADO-XO', 'P-JUS-BS', 'P-JUS-CKGL', 'P-JUS-CKP', 'P-MON-CKGL', 'P-MON-CKP', 'P-MON-SDV-P', 'PT-P', 'QBS', 'QGL', 'T-JUS-CKP', 'T-MON-CKP', 'T-PDG']",0
dataset/4/WELL-00002_20140121190234.parquet,WELL-00002_20140121190234.parquet,4,REAL,WELL-00002,10647,1.0,10646.0,3600,3600,3600,0,3600,False,{'4': 7047},23,"['ABER-CKGL', 'ABER-CKP', 'ESTADO-DHSV', 'ESTADO-M1', 'ESTADO-M2', 'ESTADO-PXO', 'ESTADO-SDV-GL', 'ESTADO-SDV-P', 'ESTADO-W1', 'ESTADO-W2', 'ESTADO-XO', 'P-JUS-BS', 'P-JUS-CKGL', 'P-JUS-CKP', 'P-MON-CKGL', 'P-MON-CKP', 'P-MON-SDV-P', 'PT-P', 'QBS', 'QGL', 'T-JUS-CKP', 'T-MON-CKP', 'T-PDG']",0
dataset/4/WELL-00002_20140121210041.parquet,WELL-00002_20140121210041.parquet,4,REAL,WELL-00002,10760,1.0,10759.0,3600,3600,3600,0,3600,False,{'4': 7160},23,"['ABER-CKGL', 'ABER-CKP', 'ESTADO-DHSV', 'ESTADO-M1', 'ESTADO-M2', 'ESTADO-PXO', 'ESTADO-SDV-GL', 'ESTADO-SDV-P', 'ESTADO-W1', 'ESTADO-W2', 'ESTADO-XO', 'P-JUS-BS', 'P-JUS-CKGL', 'P-JUS-CKP', 'P-MON-CKGL', 'P-MON-CKP', 'P-MON-SDV-P', 'PT-P', 'QBS', 'QGL', 'T-JUS-CKP', 'T-MON-CKP', 'T-PDG']",0
dataset/4/WELL-00002_20140121230117.parquet,WELL-00002_20140121230117.parquet,4,REAL,WELL-00002,10724,1.0,10723.0,3600,3600,3600,0,3600,False,{'4': 7124},23,"['ABER-CKGL', 'ABER-CKP', 'ESTADO-DHSV', 'ESTADO-M1', 'ESTADO-M2', 'ESTADO-PXO', 'ESTADO-SDV-GL', 'ESTADO-SDV-P', 'ESTADO-W1', 'ESTADO-W2', 'ESTADO-XO', 'P-JUS-BS', 'P-JUS-CKGL', 'P-JUS-CKP', 'P-MON-CKGL', 'P-MON-CKP', 'P-MON-SDV-P', 'PT-P', 'QBS', 'QGL', 'T-JUS-CKP', 'T-MON-CKP', 'T-PDG']",0
dataset/4/WELL-00002_20140122010051.parquet,WELL-00002_20140122010051.parquet,4,REAL,WELL-00002,10750,1.0,10749.0,3600,3600,3600,0,3600,False,{'4': 7150},23,"['ABER-CKGL', 'ABER-CKP', 'ESTADO-DHSV', 'ESTADO-M1', 'ESTADO-M2', 'ESTADO-PXO', 'ESTADO-SDV-GL', 'ESTADO-SDV-P', 'ESTADO-W1', 'ESTADO-W2', 'ESTADO-XO', 'P-JUS-BS', 'P-JUS-CKGL', 'P-JUS-CKP', 'P-MON-CKGL', 'P-MON-CKP', 'P-MON-SDV-P', 'PT-P', 'QBS', 'QGL', 'T-JUS-CKP', 'T-MON-CKP', 'T-PDG']",0
dataset/4/WELL-00002_20140122030046.parquet,WELL-00002_20140122030046.parquet,4,REAL,WELL-00002,10755,1.0,10754.0,3600,3600,3600,0,3600,False,{'4': 7155},23,"['ABER-CKGL', 'ABER-CKP', 'ESTADO-DHSV', 'ESTADO-M1', 'ESTADO-M2', 'ESTADO-PXO', 'ESTADO-SDV-GL', 'ESTADO-SDV-P', 'ESTADO-W1', 'ESTADO-W2', 'ESTADO-XO', 'P-JUS-BS', 'P-JUS-CKGL', 'P-JUS-CKP', 'P-MON-CKGL', 'P-MON-CKP', 'P-MON-SDV-P', 'PT-P', 'QBS', 'QGL', 'T-JUS-CKP', 'T-MON-CKP', 'T-PDG']",0
dataset/4/WELL-00002_20140122050010.parquet,WELL-00002_20140122050010.parquet,4,REAL,WELL-00002,10791,1.0,10790.0,3600,3600,3600,0,3600,False,{'4': 7191},23,"['ABER-CKGL', 'ABER-CKP', 'ESTADO-DHSV', 'ESTADO-M1', 'ESTADO-M2', 'ESTADO-PXO', 'ESTADO-SDV-GL', 'ESTADO-SDV-P', 'ESTADO-W1', 'ESTADO-W2', 'ESTADO-XO', 'P-JUS-BS', 'P-JUS-CKGL', 'P-JUS-CKP', 'P-MON-CKGL', 'P-MON-CKP', 'P-MON-SDV-P', 'PT-P', 'QBS', 'QGL', 'T-JUS-CKP', 'T-MON-CKP', 'T-PDG']",0
dataset/4/WELL-00002_20140122070127.parquet,WELL-00002_20140122070127.parquet,4,REAL,WELL-00002,10714,1.0,10713.0,3600,3600,3600,0,3600,False,{'4': 7114},23,"['ABER-CKGL', 'ABER-CKP', 'ESTADO-DHSV', 'ESTADO-M1', 'ESTADO-M2', 'ESTADO-PXO', 'ESTADO-SDV-GL', 'ESTADO-SDV-P', 'ESTADO-W1', 'ESTADO-W2', 'ESTADO-XO', 'P-JUS-BS', 'P-JUS-CKGL', 'P-JUS-CKP', 'P-MON-CKGL', 'P-MON-CKP', 'P-MON-SDV-P', 'PT-P', 'QBS', 'QGL', 'T-JUS-CKP', 'T-MON-CKP', 'T-PDG']",0
dataset/4/WELL-00002_20140122090112.parquet,WELL-00002_20140122090112.parquet,4,REAL,WELL-00002,10729,1.0,10728.0,3600,3600,3600,0,3600,False,{'4': 7129},23,"['ABER-CKGL', 'ABER-CKP', 'ESTADO-DHSV', 'ESTADO-M1', 'ESTADO-M2', 'ESTADO-PXO', 'ESTADO-SDV-GL', 'ESTADO-SDV-P', 'ESTADO-W1', 'ESTADO-W2', 'ESTADO-XO', 'P-JUS-BS', 'P-JUS-CKGL', 'P-JUS-CKP', 'P-MON-CKGL', 'P-MON-CKP', 'P-MON-SDV-P', 'PT-P', 'QBS', 'QGL', 'T-JUS-CKP', 'T-MON-CKP', 'T-PDG']",0
dataset/4/WELL-00002_20140122110030.parquet,WELL-00002_20140122110030.parquet,4,REAL,WELL-00002,10771,1.0,10770.0,3600,3600,3600,0,3600,False,{'4': 7171},23,"['ABER-CKGL', 'ABER-CKP', 'ESTADO-DHSV', 'ESTADO-M1', 'ESTADO-M2', 'ESTADO-PXO', 'ESTADO-SDV-GL', 'ESTADO-SDV-P', 'ESTADO-W1', 'ESTADO-W2', 'ESTADO-XO', 'P-JUS-BS', 'P-JUS-CKGL', 'P-JUS-CKP', 'P-MON-CKGL', 'P-MON-CKP', 'P-MON-SDV-P', 'PT-P', 'QBS', 'QGL', 'T-JUS-CKP', 'T-MON-CKP', 'T-PDG']",0
dataset/4/WELL-00002_20140122130015.parquet,WELL-00002_20140122130015.parquet,4,REAL,WELL-00002,10786,1.0,10785.0,3600,3600,3600,0,3600,False,{'4': 7186},23,"['ABER-CKGL', 'ABER-CKP', 'ESTADO-DHSV', 'ESTADO-M1', 'ESTADO-M2', 'ESTADO-PXO', 'ESTADO-SDV-GL', 'ESTADO-SDV-P', 'ESTADO-W1', 'ESTADO-W2', 'ESTADO-XO', 'P-JUS-BS', 'P-JUS-CKGL', 'P-JUS-CKP', 'P-MON-CKGL', 'P-MON-CKP', 'P-MON-SDV-P', 'PT-P', 'QBS', 'QGL', 'T-JUS-CKP', 'T-MON-CKP', 'T-PDG']",0
dataset/4/WELL-00002_20140122150127.parquet,WELL-00002_20140122150127.parquet,4,REAL,WELL-00002,10714,1.0,10713.0,3600,3600,3600,0,3600,False,{'4': 7114},23,"['ABER-CKGL', 'ABER-CKP', 'ESTADO-DHSV', 'ESTADO-M1', 'ESTADO-M2', 'ESTADO-PXO', 'ESTADO-SDV-GL', 'ESTADO-SDV-P', 'ESTADO-W1', 'ESTADO-W2', 'ESTADO-XO', 'P-JUS-BS', 'P-JUS-CKGL', 'P-JUS-CKP', 'P-MON-CKGL', 'P-MON-CKP', 'P-MON-SDV-P', 'PT-P', 'QBS', 'QGL', 'T-JUS-CKP', 'T-MON-CKP', 'T-PDG']",0
dataset/4/WELL-00002_20140122170112.parquet,WELL-00002_20140122170112.parquet,4,REAL,WELL-00002,10729,1.0,10728.0,3600,3600,3600,0,3600,False,{'4': 7129},23,"['ABER-CKGL', 'ABER-CKP', 'ESTADO-DHSV', 'ESTADO-M1', 'ESTADO-M2', 'ESTADO-PXO', 'ESTADO-SDV-GL', 'ESTADO-SDV-P', 'ESTADO-W1', 'ESTADO-W2', 'ESTADO-XO', 'P-JUS-BS', 'P-JUS-CKGL', 'P-JUS-CKP', 'P-MON-CKGL', 'P-MON-CKP', 'P-MON-SDV-P', 'PT-P', 'QBS', 'QGL', 'T-JUS-CKP', 'T-MON-CKP', 'T-PDG']",0
dataset/4/WELL-00002_20140122190127.parquet,WELL-00002_20140122190127.parquet,4,REAL,WELL-00002,10714,1.0,10713.0,3600,3600,3600,0,3600,False,{'4': 7114},23,"['ABER-CKGL', 'ABER-CKP', 'ESTADO-DHSV', 'ESTADO-M1', 'ESTADO-M2', 'ESTADO-PXO', 'ESTADO-SDV-GL', 'ESTADO-SDV-P', 'ESTADO-W1', 'ESTADO-W2', 'ESTADO-XO', 'P-JUS-BS', 'P-JUS-CKGL', 'P-JUS-CKP', 'P-MON-CKGL', 'P-MON-CKP', 'P-MON-SDV-P', 'PT-P', 'QBS', 'QGL', 'T-JUS-CKP', 'T-MON-CKP', 'T-PDG']",0
dataset/4/WELL-00002_20140122210153.parquet,WELL-00002_20140122210153.parquet,4,REAL,WELL-00002,10688,1.0,10687.0,3600,3600,3600,0,3600,False,{'4': 7088},23,"['ABER-CKGL', 'ABER-CKP', 'ESTADO-DHSV', 'ESTADO-M1', 'ESTADO-M2', 'ESTADO-PXO', 'ESTADO-SDV-GL', 'ESTADO-SDV-P', 'ESTADO-W1', 'ESTADO-W2', 'ESTADO-XO', 'P-JUS-BS', 'P-JUS-CKGL', 'P-JUS-CKP', 'P-MON-CKGL', 'P-MON-CKP', 'P-MON-SDV-P', 'PT-P', 'QBS', 'QGL', 'T-JUS-CKP', 'T-MON-CKP', 'T-PDG']",0
dataset/4/WELL-00002_20140122230051.parquet,WELL-00002_20140122230051.parquet,4,REAL,WELL-00002,10750,1.0,10749.0,3600,3600,3600,0,3600,False,{'4': 7150},23,"['ABER-CKGL', 'ABER-CKP', 'ESTADO-DHSV', 'ESTADO-M1', 'ESTADO-M2', 'ESTADO-PXO', 'ESTADO-SDV-GL', 'ESTADO-SDV-P', 'ESTADO-W1', 'ESTADO-W2', 'ESTADO-XO', 'P-JUS-BS', 'P-JUS-CKGL', 'P-JUS-CKP', 'P-MON-CKGL', 'P-MON-CKP', 'P-MON-SDV-P', 'PT-P', 'QBS', 'QGL', 'T-JUS-CKP', 'T-MON-CKP', 'T-PDG']",0
dataset/4/WELL-00002_20140123010219.parquet,WELL-00002_20140123010219.parquet,4,REAL,WELL-00002,10662,1.0,10661.0,3600,3600,3600,0,3600,False,{'4': 7062},23,"['ABER-CKGL', 'ABER-CKP', 'ESTADO-DHSV', 'ESTADO-M1', 'ESTADO-M2', 'ESTADO-PXO', 'ESTADO-SDV-GL', 'ESTADO-SDV-P', 'ESTADO-W1', 'ESTADO-W2', 'ESTADO-XO', 'P-JUS-BS', 'P-JUS-CKGL', 'P-JUS-CKP', 'P-MON-CKGL', 'P-MON-CKP', 'P-MON-SDV-P', 'PT-P', 'QBS', 'QGL', 'T-JUS-CKP', 'T-MON-CKP', 'T-PDG']",0
dataset/4/WELL-00002_20140123030132.parquet,WELL-00002_20140123030132.parquet,4,REAL,WELL-00002,10709,1.0,10708.0,3600,3600,3600,0,3600,False,{'4': 7109},23,"['ABER-CKGL', 'ABER-CKP', 'ESTADO-DHSV', 'ESTADO-M1', 'ESTADO-M2', 'ESTADO-PXO', 'ESTADO-SDV-GL', 'ESTADO-SDV-P', 'ESTADO-W1', 'ESTADO-W2', 'ESTADO-XO', 'P-JUS-BS', 'P-JUS-CKGL', 'P-JUS-CKP', 'P-MON-CKGL', 'P-MON-CKP', 'P-MON-SDV-P', 'PT-P', 'QBS', 'QGL', 'T-JUS-CKP', 'T-MON-CKP', 'T-PDG']",0
dataset/4/WELL-00002_20140123050030.parquet,WELL-00002_20140123050030.parquet,4,REAL,WELL-00002,10771,1.0,10770.0,3600,3600,3600,0,3600,False,{'4': 7171},23,"['ABER-CKGL', 'ABER-CKP', 'ESTADO-DHSV', 'ESTADO-M1', 'ESTADO-M2', 'ESTADO-PXO', 'ESTADO-SDV-GL', 'ESTADO-SDV-P', 'ESTADO-W1', 'ESTADO-W2', 'ESTADO-XO', 'P-JUS-BS', 'P-JUS-CKGL', 'P-JUS-CKP', 'P-MON-CKGL', 'P-MON-CKP', 'P-MON-SDV-P', 'PT-P', 'QBS', 'QGL', 'T-JUS-CKP', 'T-MON-CKP', 'T-PDG']",0
dataset/4/WELL-00002_20140123070010.parquet,WELL-00002_20140123070010.parquet,4,REAL,WELL-00002,10791,1.0,10790.0,3600,3600,3600,0,3600,False,{'4': 7191},23,"['ABER-CKGL', 'ABER-CKP', 'ESTADO-DHSV', 'ESTADO-M1', 'ESTADO-M2', 'ESTADO-PXO', 'ESTADO-SDV-GL', 'ESTADO-SDV-P', 'ESTADO-W1', 'ESTADO-W2', 'ESTADO-XO', 'P-JUS-BS', 'P-JUS-CKGL', 'P-JUS-CKP', 'P-MON-CKGL', 'P-MON-CKP', 'P-MON-SDV-P', 'PT-P', 'QBS', 'QGL', 'T-JUS-CKP', 'T-MON-CKP', 'T-PDG']",0
dataset/4/WELL-00002_20140124050010.parquet,WELL-00002_20140124050010.parquet,4,REAL,WELL-00002,10791,1.0,10790.0,3600,3600,3600,0,3600,False,{'4': 7191},23,"['ABER-CKGL', 'ABER-CKP', 'ESTADO-DHSV', 'ESTADO-M1', 'ESTADO-M2', 'ESTADO-PXO', 'ESTADO-SDV-GL', 'ESTADO-SDV-P', 'ESTADO-W1', 'ESTADO-W2', 'ESTADO-XO', 'P-JUS-BS', 'P-JUS-CKGL', 'P-JUS-CKP', 'P-MON-CKGL', 'P-MON-CKP', 'P-MON-SDV-P', 'PT-P', 'QBS', 'QGL', 'T-JUS-CKP', 'T-MON-CKP', 'T-PDG']",0
dataset/4/WELL-00002_20140124070020.parquet,WELL-00002_20140124070020.parquet,4,REAL,WELL-00002,10781,1.0,10780.0,3600,3600,3600,0,3600,False,{'4': 7181},23,"['ABER-CKGL', 'ABER-CKP', 'ESTADO-DHSV', 'ESTADO-M1', 'ESTADO-M2', 'ESTADO-PXO', 'ESTADO-SDV-GL', 'ESTADO-SDV-P', 'ESTADO-W1', 'ESTADO-W2', 'ESTADO-XO', 'P-JUS-BS', 'P-JUS-CKGL', 'P-JUS-CKP', 'P-MON-CKGL', 'P-MON-CKP', 'P-MON-SDV-P', 'PT-P', 'QBS', 'QGL', 'T-JUS-CKP', 'T-MON-CKP', 'T-PDG']",0
dataset/4/WELL-00002_20140124090054.parquet,WELL-00002_20140124090054.parquet,4,REAL,WELL-00002,10747,1.0,10746.0,3600,3600,3600,0,3600,False,{'4': 7147},23,"['ABER-CKGL', 'ABER-CKP', 'ESTADO-DHSV', 'ESTADO-M1', 'ESTADO-M2', 'ESTADO-PXO', 'ESTADO-SDV-GL', 'ESTADO-SDV-P', 'ESTADO-W1', 'ESTADO-W2', 'ESTADO-XO', 'P-JUS-BS', 'P-JUS-CKGL', 'P-JUS-CKP', 'P-MON-CKGL', 'P-MON-CKP', 'P-MON-SDV-P', 'PT-P', 'QBS', 'QGL', 'T-JUS-CKP', 'T-MON-CKP', 'T-PDG']",0
dataset/4/WELL-00002_20140124110131.parquet,WELL-00002_20140124110131.parquet,4,REAL,WELL-00002,10710,1.0,10709.0,3600,3600,3600,0,3600,False,{'4': 7110},23,"['ABER-CKGL', 'ABER-CKP', 'ESTADO-DHSV', 'ESTADO-M1', 'ESTADO-M2', 'ESTADO-PXO', 'ESTADO-SDV-GL', 'ESTADO-SDV-P', 'ESTADO-W1', 'ESTADO-W2', 'ESTADO-XO', 'P-JUS-BS', 'P-JUS-CKGL', 'P-JUS-CKP', 'P-MON-CKGL', 'P-MON-CKP', 'P-MON-SDV-P', 'PT-P', 'QBS', 'QGL', 'T-JUS-CKP', 'T-MON-CKP', 'T-PDG']",0
dataset/4/WELL-00002_20140124130041.parquet,WELL-00002_20140124130041.parquet,4,REAL,WELL-00002,10760,1.0,10759.0,3600,3600,3600,0,3600,False,{'4': 7160},23,"['ABER-CKGL', 'ABER-CKP', 'ESTADO-DHSV', 'ESTADO-M1', 'ESTADO-M2', 'ESTADO-PXO', 'ESTADO-SDV-GL', 'ESTADO-SDV-P', 'ESTADO-W1', 'ESTADO-W2', 'ESTADO-XO', 'P-JUS-BS', 'P-JUS-CKGL', 'P-JUS-CKP', 'P-MON-CKGL', 'P-MON-CKP', 'P-MON-SDV-P', 'PT-P', 'QBS', 'QGL', 'T-JUS-CKP', 'T-MON-CKP', 'T-PDG']",0
dataset/4/WELL-00002_20140124150018.parquet,WELL-00002_20140124150018.parquet,4,REAL,WELL-00002,10783,1.0,10782.0,3600,3600,3600,0,3600,False,{'4': 7183},23,"['ABER-CKGL', 'ABER-CKP', 'ESTADO-DHSV', 'ESTADO-M1', 'ESTADO-M2', 'ESTADO-PXO', 'ESTADO-SDV-GL', 'ESTADO-SDV-P', 'ESTADO-W1', 'ESTADO-W2', 'ESTADO-XO', 'P-JUS-BS', 'P-JUS-CKGL', 'P-JUS-CKP', 'P-MON-CKGL', 'P-MON-CKP', 'P-MON-SDV-P', 'PT-P', 'QBS', 'QGL', 'T-JUS-CKP', 'T-MON-CKP', 'T-PDG']",0
dataset/4/WELL-00002_20140124170136.parquet,WELL-00002_20140124170136.parquet,4,REAL,WELL-00002,10705,1.0,10704.0,3600,3600,3600,0,3600,False,{'4': 7105},23,"['ABER-CKGL', 'ABER-CKP', 'ESTADO-DHSV', 'ESTADO-M1', 'ESTADO-M2', 'ESTADO-PXO', 'ESTADO-SDV-GL', 'ESTADO-SDV-P', 'ESTADO-W1', 'ESTADO-W2', 'ESTADO-XO', 'P-JUS-BS', 'P-JUS-CKGL', 'P-JUS-CKP', 'P-MON-CKGL', 'P-MON-CKP', 'P-MON-SDV-P', 'PT-P', 'QBS', 'QGL', 'T-JUS-CKP', 'T-MON-CKP', 'T-PDG']",0
dataset/4/WELL-00002_20140124190008.parquet,WELL-00002_20140124190008.parquet,4,REAL,WELL-00002,10793,1.0,10792.0,3600,3600,3600,0,3600,False,{'4': 7193},23,"['ABER-CKGL', 'ABER-CKP', 'ESTADO-DHSV', 'ESTADO-M1', 'ESTADO-M2', 'ESTADO-PXO', 'ESTADO-SDV-GL', 'ESTADO-SDV-P', 'ESTADO-W1', 'ESTADO-W2', 'ESTADO-XO', 'P-JUS-BS', 'P-JUS-CKGL', 'P-JUS-CKP', 'P-MON-CKGL', 'P-MON-CKP', 'P-MON-SDV-P', 'PT-P', 'QBS', 'QGL', 'T-JUS-CKP', 'T-MON-CKP', 'T-PDG']",0
dataset/4/WELL-00002_20140124210029.parquet,WELL-00002_20140124210029.parquet,4,REAL,WELL-00002,10772,1.0,10771.0,3600,3600,3600,0,3600,False,{'4': 7172},23,"['ABER-CKGL', 'ABER-CKP', 'ESTADO-DHSV', 'ESTADO-M1', 'ESTADO-M2', 'ESTADO-PXO', 'ESTADO-SDV-GL', 'ESTADO-SDV-P', 'ESTADO-W1', 'ESTADO-W2', 'ESTADO-XO', 'P-JUS-BS', 'P-JUS-CKGL', 'P-JUS-CKP', 'P-MON-CKGL', 'P-MON-CKP', 'P-MON-SDV-P', 'PT-P', 'QBS', 'QGL', 'T-JUS-CKP', 'T-MON-CKP', 'T-PDG']",0
dataset/4/WELL-00002_20140124230055.parquet,WELL-00002_20140124230055.parquet,4,REAL,WELL-00002,10746,1.0,10745.0,3600,3600,3600,0,3600,False,{'4': 7146},23,"['ABER-CKGL', 'ABER-CKP', 'ESTADO-DHSV', 'ESTADO-M1', 'ESTADO-M2', 'ESTADO-PXO', 'ESTADO-SDV-GL', 'ESTADO-SDV-P', 'ESTADO-W1', 'ESTADO-W2', 'ESTADO-XO', 'P-JUS-BS', 'P-JUS-CKGL', 'P-JUS-CKP', 'P-MON-CKGL', 'P-MON-CKP', 'P-MON-SDV-P', 'PT-P', 'QBS', 'QGL', 'T-JUS-CKP', 'T-MON-CKP', 'T-PDG']",0
dataset/4/WELL-00002_20140125010016.parquet,WELL-00002_20140125010016.parquet,4,REAL,WELL-00002,10785,1.0,10784.0,3600,3600,3600,0,3600,False,{'4': 7185},23,"['ABER-CKGL', 'ABER-CKP', 'ESTADO-DHSV', 'ESTADO-M1', 'ESTADO-M2', 'ESTADO-PXO', 'ESTADO-SDV-GL', 'ESTADO-SDV-P', 'ESTADO-W1', 'ESTADO-W2', 'ESTADO-XO', 'P-JUS-BS', 'P-JUS-CKGL', 'P-JUS-CKP', 'P-MON-CKGL', 'P-MON-CKP', 'P-MON-SDV-P', 'PT-P', 'QBS', 'QGL', 'T-JUS-CKP', 'T-MON-CKP', 'T-PDG']",0
dataset/4/WELL-00002_20140125030033.parquet,WELL-00002_20140125030033.parquet,4,REAL,WELL-00002,10768,1.0,10767.0,3600,3600,3600,0,3600,False,{'4': 7168},23,"['ABER-CKGL', 'ABER-CKP', 'ESTADO-DHSV', 'ESTADO-M1', 'ESTADO-M2', 'ESTADO-PXO', 'ESTADO-SDV-GL', 'ESTADO-SDV-P', 'ESTADO-W1', 'ESTADO-W2', 'ESTADO-XO', 'P-JUS-BS', 'P-JUS-CKGL', 'P-JUS-CKP', 'P-MON-CKGL', 'P-MON-CKP', 'P-MON-SDV-P', 'PT-P', 'QBS', 'QGL', 'T-JUS-CKP', 'T-MON-CKP', 'T-PDG']",0
dataset/4/WELL-00002_20140125050245.parquet,WELL-00002_20140125050245.parquet,4,REAL,WELL-00002,10636,1.0,10635.0,3600,3600,3600,0,3600,False,{'4': 7036},23,"['ABER-CKGL', 'ABER-CKP', 'ESTADO-DHSV', 'ESTADO-M1', 'ESTADO-M2', 'ESTADO-PXO', 'ESTADO-SDV-GL', 'ESTADO-SDV-P', 'ESTADO-W1', 'ESTADO-W2', 'ESTADO-XO', 'P-JUS-BS', 'P-JUS-CKGL', 'P-JUS-CKP', 'P-MON-CKGL', 'P-MON-CKP', 'P-MON-SDV-P', 'PT-P', 'QBS', 'QGL', 'T-JUS-CKP', 'T-MON-CKP', 'T-PDG']",0
dataset/4/WELL-00002_20140125070141.parquet,WELL-00002_20140125070141.parquet,4,REAL,WELL-00002,10700,1.0,10699.0,3600,3600,3600,0,3600,False,{'4': 7100},23,"['ABER-CKGL', 'ABER-CKP', 'ESTADO-DHSV', 'ESTADO-M1', 'ESTADO-M2', 'ESTADO-PXO', 'ESTADO-SDV-GL', 'ESTADO-SDV-P', 'ESTADO-W1', 'ESTADO-W2', 'ESTADO-XO', 'P-JUS-BS', 'P-JUS-CKGL', 'P-JUS-CKP', 'P-MON-CKGL', 'P-MON-CKP', 'P-MON-SDV-P', 'PT-P', 'QBS', 'QGL', 'T-JUS-CKP', 'T-MON-CKP', 'T-PDG']",0
dataset/4/WELL-00002_20140125090025.parquet,WELL-00002_20140125090025.parquet,4,REAL,WELL-00002,10776,1.0,10775.0,3600,3600,3600,0,3600,False,{'4': 7176},23,"['ABER-CKGL', 'ABER-CKP', 'ESTADO-DHSV', 'ESTADO-M1', 'ESTADO-M2', 'ESTADO-PXO', 'ESTADO-SDV-GL', 'ESTADO-SDV-P', 'ESTADO-W1', 'ESTADO-W2', 'ESTADO-XO', 'P-JUS-BS', 'P-JUS-CKGL', 'P-JUS-CKP', 'P-MON-CKGL', 'P-MON-CKP', 'P-MON-SDV-P', 'PT-P', 'QBS', 'QGL', 'T-JUS-CKP', 'T-MON-CKP', 'T-PDG']",0
dataset/4/WELL-00002_20140125110016.parquet,WELL-00002_20140125110016.parquet,4,REAL,WELL-00002,10785,1.0,10784.0,3600,3600,3600,0,3600,False,{'4': 7185},23,"['ABER-CKGL', 'ABER-CKP', 'ESTADO-DHSV', 'ESTADO-M1', 'ESTADO-M2', 'ESTADO-PXO', 'ESTADO-SDV-GL', 'ESTADO-SDV-P', 'ESTADO-W1', 'ESTADO-W2', 'ESTADO-XO', 'P-JUS-BS', 'P-JUS-CKGL', 'P-JUS-CKP', 'P-MON-CKGL', 'P-MON-CKP', 'P-MON-SDV-P', 'PT-P', 'QBS', 'QGL', 'T-JUS-CKP', 'T-MON-CKP', 'T-PDG']",0
dataset/4/WELL-00002_20140125130107.parquet,WELL-00002_20140125130107.parquet,4,REAL,WELL-00002,10734,1.0,10733.0,3600,3600,3600,0,3600,False,{'4': 7134},23,"['ABER-CKGL', 'ABER-CKP', 'ESTADO-DHSV', 'ESTADO-M1', 'ESTADO-M2', 'ESTADO-PXO', 'ESTADO-SDV-GL', 'ESTADO-SDV-P', 'ESTADO-W1', 'ESTADO-W2', 'ESTADO-XO', 'P-JUS-BS', 'P-JUS-CKGL', 'P-JUS-CKP', 'P-MON-CKGL', 'P-MON-CKP', 'P-MON-SDV-P', 'PT-P', 'QBS', 'QGL', 'T-JUS-CKP', 'T-MON-CKP', 'T-PDG']",0
dataset/4/WELL-00002_20140125150112.parquet,WELL-00002_20140125150112.parquet,4,REAL,WELL-00002,10729,1.0,10728.0,3600,3600,3600,0,3600,False,{'4': 7129},23,"['ABER-CKGL', 'ABER-CKP', 'ESTADO-DHSV', 'ESTADO-M1', 'ESTADO-M2', 'ESTADO-PXO', 'ESTADO-SDV-GL', 'ESTADO-SDV-P', 'ESTADO-W1', 'ESTADO-W2', 'ESTADO-XO', 'P-JUS-BS', 'P-JUS-CKGL', 'P-JUS-CKP', 'P-MON-CKGL', 'P-MON-CKP', 'P-MON-SDV-P', 'PT-P', 'QBS', 'QGL', 'T-JUS-CKP', 'T-MON-CKP', 'T-PDG']",0
dataset/4/WELL-00002_20140125170107.parquet,WELL-00002_20140125170107.parquet,4,REAL,WELL-00002,10734,1.0,10733.0,3600,3600,3600,0,3600,False,{'4': 7134},23,"['ABER-CKGL', 'ABER-CKP', 'ESTADO-DHSV', 'ESTADO-M1', 'ESTADO-M2', 'ESTADO-PXO', 'ESTADO-SDV-GL', 'ESTADO-SDV-P', 'ESTADO-W1', 'ESTADO-W2', 'ESTADO-XO', 'P-JUS-BS', 'P-JUS-CKGL', 'P-JUS-CKP', 'P-MON-CKGL', 'P-MON-CKP', 'P-MON-SDV-P', 'PT-P', 'QBS', 'QGL', 'T-JUS-CKP', 'T-MON-CKP', 'T-PDG']",0
dataset/4/WELL-00002_20140125190016.parquet,WELL-00002_20140125190016.parquet,4,REAL,WELL-00002,10785,1.0,10784.0,3600,3600,3600,0,3600,False,{'4': 7185},23,"['ABER-CKGL', 'ABER-CKP', 'ESTADO-DHSV', 'ESTADO-M1', 'ESTADO-M2', 'ESTADO-PXO', 'ESTADO-SDV-GL', 'ESTADO-SDV-P', 'ESTADO-W1', 'ESTADO-W2', 'ESTADO-XO', 'P-JUS-BS', 'P-JUS-CKGL', 'P-JUS-CKP', 'P-MON-CKGL', 'P-MON-CKP', 'P-MON-SDV-P', 'PT-P', 'QBS', 'QGL', 'T-JUS-CKP', 'T-MON-CKP', 'T-PDG']",0
dataset/4/WELL-00002_20140125210046.parquet,WELL-00002_20140125210046.parquet,4,REAL,WELL-00002,10755,1.0,10754.0,3600,3600,3600,0,3600,False,{'4': 7155},23,"['ABER-CKGL', 'ABER-CKP', 'ESTADO-DHSV', 'ESTADO-M1', 'ESTADO-M2', 'ESTADO-PXO', 'ESTADO-SDV-GL', 'ESTADO-SDV-P', 'ESTADO-W1', 'ESTADO-W2', 'ESTADO-XO', 'P-JUS-BS', 'P-JUS-CKGL', 'P-JUS-CKP', 'P-MON-CKGL', 'P-MON-CKP', 'P-MON-SDV-P', 'PT-P', 'QBS', 'QGL', 'T-JUS-CKP', 'T-MON-CKP', 'T-PDG']",0
dataset/4/WELL-00002_20140125230059.parquet,WELL-00002_20140125230059.parquet,4,REAL,WELL-00002,10742,1.0,10741.0,3600,3600,3600,0,3600,False,{'4': 7142},23,"['ABER-CKGL', 'ABER-CKP', 'ESTADO-DHSV', 'ESTADO-M1', 'ESTADO-M2', 'ESTADO-PXO', 'ESTADO-SDV-GL', 'ESTADO-SDV-P', 'ESTADO-W1', 'ESTADO-W2', 'ESTADO-XO', 'P-JUS-BS', 'P-JUS-CKGL', 'P-JUS-CKP', 'P-MON-CKGL', 'P-MON-CKP', 'P-MON-SDV-P', 'PT-P', 'QBS', 'QGL', 'T-JUS-CKP', 'T-MON-CKP', 'T-PDG']",0
dataset/4/WELL-00002_20140126010016.parquet,WELL-00002_20140126010016.parquet,4,REAL,WELL-00002,10785,1.0,10784.0,3600,3600,3600,0,3600,False,{'4': 7185},23,"['ABER-CKGL', 'ABER-CKP', 'ESTADO-DHSV', 'ESTADO-M1', 'ESTADO-M2', 'ESTADO-PXO', 'ESTADO-SDV-GL', 'ESTADO-SDV-P', 'ESTADO-W1', 'ESTADO-W2', 'ESTADO-XO', 'P-JUS-BS', 'P-JUS-CKGL', 'P-JUS-CKP', 'P-MON-CKGL', 'P-MON-CKP', 'P-MON-SDV-P', 'PT-P', 'QBS', 'QGL', 'T-JUS-CKP', 'T-MON-CKP', 'T-PDG']",0
dataset/4/WELL-00002_20140126030133.parquet,WELL-00002_20140126030133.parquet,4,REAL,WELL-00002,10708,1.0,10707.0,3600,3600,3600,0,3600,False,{'4': 7108},23,"['ABER-CKGL', 'ABER-CKP', 'ESTADO-DHSV', 'ESTADO-M1', 'ESTADO-M2', 'ESTADO-PXO', 'ESTADO-SDV-GL', 'ESTADO-SDV-P', 'ESTADO-W1', 'ESTADO-W2', 'ESTADO-XO', 'P-JUS-BS', 'P-JUS-CKGL', 'P-JUS-CKP', 'P-MON-CKGL', 'P-MON-CKP', 'P-MON-SDV-P', 'PT-P', 'QBS', 'QGL', 'T-JUS-CKP', 'T-MON-CKP', 'T-PDG']",0
dataset/4/WELL-00002_20140126050141.parquet,WELL-00002_20140126050141.parquet,4,REAL,WELL-00002,10700,1.0,10699.0,3600,3600,3600,0,3600,False,{'4': 7100},23,"['ABER-CKGL', 'ABER-CKP', 'ESTADO-DHSV', 'ESTADO-M1', 'ESTADO-M2', 'ESTADO-PXO', 'ESTADO-SDV-GL', 'ESTADO-SDV-P', 'ESTADO-W1', 'ESTADO-W2', 'ESTADO-XO', 'P-JUS-BS', 'P-JUS-CKGL', 'P-JUS-CKP', 'P-MON-CKGL', 'P-MON-CKP', 'P-MON-SDV-P', 'PT-P', 'QBS', 'QGL', 'T-JUS-CKP', 'T-MON-CKP', 'T-PDG']",0
dataset/4/WELL-00002_20140126070146.parquet,WELL-00002_20140126070146.parquet,4,REAL,WELL-00002,10695,1.0,10694.0,3600,3600,3600,0,3600,False,{'4': 7095},23,"['ABER-CKGL', 'ABER-CKP', 'ESTADO-DHSV', 'ESTADO-M1', 'ESTADO-M2', 'ESTADO-PXO', 'ESTADO-SDV-GL', 'ESTADO-SDV-P', 'ESTADO-W1', 'ESTADO-W2', 'ESTADO-XO', 'P-JUS-BS', 'P-JUS-CKGL', 'P-JUS-CKP', 'P-MON-CKGL', 'P-MON-CKP', 'P-MON-SDV-P', 'PT-P', 'QBS', 'QGL', 'T-JUS-CKP', 'T-MON-CKP', 'T-PDG']",0
dataset/4/WELL-00002_20140126090141.parquet,WELL-00002_20140126090141.parquet,4,REAL,WELL-00002,10700,1.0,10699.0,3600,3600,3600,0,3600,False,{'4': 7100},23,"['ABER-CKGL', 'ABER-CKP', 'ESTADO-DHSV', 'ESTADO-M1', 'ESTADO-M2', 'ESTADO-PXO', 'ESTADO-SDV-GL', 'ESTADO-SDV-P', 'ESTADO-W1', 'ESTADO-W2', 'ESTADO-XO', 'P-JUS-BS', 'P-JUS-CKGL', 'P-JUS-CKP', 'P-MON-CKGL', 'P-MON-CKP', 'P-MON-SDV-P', 'PT-P', 'QBS', 'QGL', 'T-JUS-CKP', 'T-MON-CKP', 'T-PDG']",0
dataset/4/WELL-00002_20140126110241.parquet,WELL-00002_20140126110241.parquet,4,REAL,WELL-00002,10640,1.0,10639.0,3600,3600,3600,0,3600,False,{'4': 7040},23,"['ABER-CKGL', 'ABER-CKP', 'ESTADO-DHSV', 'ESTADO-M1', 'ESTADO-M2', 'ESTADO-PXO', 'ESTADO-SDV-GL', 'ESTADO-SDV-P', 'ESTADO-W1', 'ESTADO-W2', 'ESTADO-XO', 'P-JUS-BS', 'P-JUS-CKGL', 'P-JUS-CKP', 'P-MON-CKGL', 'P-MON-CKP', 'P-MON-SDV-P', 'PT-P', 'QBS', 'QGL', 'T-JUS-CKP', 'T-MON-CKP', 'T-PDG']",0
dataset/4/WELL-00002_20140126130124.parquet,WELL-00002_20140126130124.parquet,4,REAL,WELL-00002,10717,1.0,10716.0,3600,3600,3600,0,3600,False,{'4': 7117},23,"['ABER-CKGL', 'ABER-CKP', 'ESTADO-DHSV', 'ESTADO-M1', 'ESTADO-M2', 'ESTADO-PXO', 'ESTADO-SDV-GL', 'ESTADO-SDV-P', 'ESTADO-W1', 'ESTADO-W2', 'ESTADO-XO', 'P-JUS-BS', 'P-JUS-CKGL', 'P-JUS-CKP', 'P-MON-CKGL', 'P-MON-CKP', 'P-MON-SDV-P', 'PT-P', 'QBS', 'QGL', 'T-JUS-CKP', 'T-MON-CKP', 'T-PDG']",0
dataset/4/WELL-00004_20140804190012.parquet,WELL-00004_20140804190012.parquet,4,REAL,WELL-00004,10789,1.0,10788.0,3600,3600,3600,0,3600,False,{'4': 7189},11,"['ESTADO-SDV-GL', 'ESTADO-SDV-P', 'P-JUS-BS', 'P-JUS-CKGL', 'P-JUS-CKP', 'P-MON-CKGL', 'P-MON-SDV-P', 'PT-P', 'QBS', 'QGL', 'T-MON-CKP']",0
dataset/4/WELL-00004_20140804210008.parquet,WELL-00004_20140804210008.parquet,4,REAL,WELL-00004,10793,1.0,10792.0,3600,3600,3600,0,3600,False,{'4': 7193},11,"['ESTADO-SDV-GL', 'ESTADO-SDV-P', 'P-JUS-BS', 'P-JUS-CKGL', 'P-JUS-CKP', 'P-MON-CKGL', 'P-MON-SDV-P', 'PT-P', 'QBS', 'QGL', 'T-MON-CKP']",8
dataset/4/WELL-00004_20140804230059.parquet,WELL-00004_20140804230059.parquet,4,REAL,WELL-00004,10742,1.0,10741.0,3600,3600,3600,0,3600,False,{'4': 7142},11,"['ESTADO-SDV-GL', 'ESTADO-SDV-P', 'P-JUS-BS', 'P-JUS-CKGL', 'P-JUS-CKP', 'P-MON-CKGL', 'P-MON-SDV-P', 'PT-P', 'QBS', 'QGL', 'T-MON-CKP']",8
dataset/4/WELL-00004_20140805010033.parquet,WELL-00004_20140805010033.parquet,4,REAL,WELL-00004,10768,1.0,10767.0,3600,3600,3600,0,3600,False,{'4': 7168},11,"['ESTADO-SDV-GL', 'ESTADO-SDV-P', 'P-JUS-BS', 'P-JUS-CKGL', 'P-JUS-CKP', 'P-MON-CKGL', 'P-MON-SDV-P', 'PT-P', 'QBS', 'QGL', 'T-MON-CKP']",0
dataset/4/WELL-00004_20140805030025.parquet,WELL-00004_20140805030025.parquet,4,REAL,WELL-00004,10776,1.0,10775.0,3600,3600,3600,0,3600,False,{'4': 7176},11,"['ESTADO-SDV-GL', 'ESTADO-SDV-P', 'P-JUS-BS', 'P-JUS-CKGL', 'P-JUS-CKP', 'P-MON-CKGL', 'P-MON-SDV-P', 'PT-P', 'QBS', 'QGL', 'T-MON-CKP']",0
dataset/4/WELL-00004_20140805050008.parquet,WELL-00004_20140805050008.parquet,4,REAL,WELL-00004,10793,1.0,10792.0,3600,3600,3600,0,3600,False,{'4': 7193},11,"['ESTADO-SDV-GL', 'ESTADO-SDV-P', 'P-JUS-BS', 'P-JUS-CKGL', 'P-JUS-CKP', 'P-MON-CKGL', 'P-MON-SDV-P', 'PT-P', 'QBS', 'QGL', 'T-MON-CKP']",0
dataset/4/WELL-00004_20140805070029.parquet,WELL-00004_20140805070029.parquet,4,REAL,WELL-00004,10772,1.0,10771.0,3600,3600,3600,0,3600,False,{'4': 7172},11,"['ESTADO-SDV-GL', 'ESTADO-SDV-P', 'P-JUS-BS', 'P-JUS-CKGL', 'P-JUS-CKP', 'P-MON-CKGL', 'P-MON-SDV-P', 'PT-P', 'QBS', 'QGL', 'T-MON-CKP']",0
dataset/4/WELL-00004_20140805090050.parquet,WELL-00004_20140805090050.parquet,4,REAL,WELL-00004,10751,1.0,10750.0,3600,3600,3600,0,3600,False,{'4': 7151},11,"['ESTADO-SDV-GL', 'ESTADO-SDV-P', 'P-JUS-BS', 'P-JUS-CKGL', 'P-JUS-CKP', 'P-MON-CKGL', 'P-MON-SDV-P', 'PT-P', 'QBS', 'QGL', 'T-MON-CKP']",0
dataset/4/WELL-00004_20140805110107.parquet,WELL-00004_20140805110107.parquet,4,REAL,WELL-00004,10734,1.0,10733.0,3600,3600,3600,0,3600,False,{'4': 7134},11,"['ESTADO-SDV-GL', 'ESTADO-SDV-P', 'P-JUS-BS', 'P-JUS-CKGL', 'P-JUS-CKP', 'P-MON-CKGL', 'P-MON-SDV-P', 'PT-P', 'QBS', 'QGL', 'T-MON-CKP']",8
dataset/4/WELL-00004_20140805130016.parquet,WELL-00004_20140805130016.parquet,4,REAL,WELL-00004,10785,1.0,10784.0,3600,3600,3600,0,3600,False,{'4': 7185},11,"['ESTADO-SDV-GL', 'ESTADO-SDV-P', 'P-JUS-BS', 'P-JUS-CKGL', 'P-JUS-CKP', 'P-MON-CKGL', 'P-MON-SDV-P', 'PT-P', 'QBS', 'QGL', 'T-MON-CKP']",0
dataset/4/WELL-00004_20140805150150.parquet,WELL-00004_20140805150150.parquet,4,REAL,WELL-00004,10691,1.0,10690.0,3600,3600,3600,0,3600,False,{'4': 7091},11,"['ESTADO-SDV-GL', 'ESTADO-SDV-P', 'P-JUS-BS', 'P-JUS-CKGL', 'P-JUS-CKP', 'P-MON-CKGL', 'P-MON-SDV-P', 'PT-P', 'QBS', 'QGL', 'T-MON-CKP']",0
dataset/4/WELL-00004_20140805170137.parquet,WELL-00004_20140805170137.parquet,4,REAL,WELL-00004,10704,1.0,10703.0,3600,3600,3600,0,3600,False,{'4': 7104},11,"['ESTADO-SDV-GL', 'ESTADO-SDV-P', 'P-JUS-BS', 'P-JUS-CKGL', 'P-JUS-CKP', 'P-MON-CKGL', 'P-MON-SDV-P', 'PT-P', 'QBS', 'QGL', 'T-MON-CKP']",0
dataset/4/WELL-00004_20140805190046.parquet,WELL-00004_20140805190046.parquet,4,REAL,WELL-00004,10755,1.0,10754.0,3600,3600,3600,0,3600,False,{'4': 7155},11,"['ESTADO-SDV-GL', 'ESTADO-SDV-P', 'P-JUS-BS', 'P-JUS-CKGL', 'P-JUS-CKP', 'P-MON-CKGL', 'P-MON-SDV-P', 'PT-P', 'QBS', 'QGL', 'T-MON-CKP']",6
dataset/4/WELL-00004_20140805210116.parquet,WELL-00004_20140805210116.parquet,4,REAL,WELL-00004,10725,1.0,10724.0,3600,3600,3600,0,3600,False,{'4': 7125},11,"['ESTADO-SDV-GL', 'ESTADO-SDV-P', 'P-JUS-BS', 'P-JUS-CKGL', 'P-JUS-CKP', 'P-MON-CKGL', 'P-MON-SDV-P', 'PT-P', 'QBS', 'QGL', 'T-MON-CKP']",6
dataset/4/WELL-00004_20140805230050.parquet,WELL-00004_20140805230050.parquet,4,REAL,WELL-00004,10751,1.0,10750.0,3600,3600,3600,0,3600,False,{'4': 7151},11,"['ESTADO-SDV-GL', 'ESTADO-SDV-P', 'P-JUS-BS', 'P-JUS-CKGL', 'P-JUS-CKP', 'P-MON-CKGL', 'P-MON-SDV-P', 'PT-P', 'QBS', 'QGL', 'T-MON-CKP']",0
dataset/4/WELL-00004_20140806010107.parquet,WELL-00004_20140806010107.parquet,4,REAL,WELL-00004,10734,1.0,10733.0,3600,3600,3600,0,3600,False,{'4': 7134},11,"['ESTADO-SDV-GL', 'ESTADO-SDV-P', 'P-JUS-BS', 'P-JUS-CKGL', 'P-JUS-CKP', 'P-MON-CKGL', 'P-MON-SDV-P', 'PT-P', 'QBS', 'QGL', 'T-MON-CKP']",0
dataset/4/WELL-00004_20140806030012.parquet,WELL-00004_20140806030012.parquet,4,REAL,WELL-00004,10789,1.0,10788.0,3600,3600,3600,0,3600,False,{'4': 7189},11,"['ESTADO-SDV-GL', 'ESTADO-SDV-P', 'P-JUS-BS', 'P-JUS-CKGL', 'P-JUS-CKP', 'P-MON-CKGL', 'P-MON-SDV-P', 'PT-P', 'QBS', 'QGL', 'T-MON-CKP']",0
dataset/4/WELL-00004_20140806050141.parquet,WELL-00004_20140806050141.parquet,4,REAL,WELL-00004,10700,1.0,10699.0,3600,3600,3600,0,3600,False,{'4': 7100},11,"['ESTADO-SDV-GL', 'ESTADO-SDV-P', 'P-JUS-BS', 'P-JUS-CKGL', 'P-JUS-CKP', 'P-MON-CKGL', 'P-MON-SDV-P', 'PT-P', 'QBS', 'QGL', 'T-MON-CKP']",0
dataset/4/WELL-00004_20140806070215.parquet,WELL-00004_20140806070215.parquet,4,REAL,WELL-00004,10666,1.0,10665.0,3600,3600,3600,0,3600,False,{'4': 7066},11,"['ESTADO-SDV-GL', 'ESTADO-SDV-P', 'P-JUS-BS', 'P-JUS-CKGL', 'P-JUS-CKP', 'P-MON-CKGL', 'P-MON-SDV-P', 'PT-P', 'QBS', 'QGL', 'T-MON-CKP']",6
dataset/4/WELL-00004_20140806090103.parquet,WELL-00004_20140806090103.parquet,4,REAL,WELL-00004,10738,1.0,10737.0,3600,3600,3600,0,3600,False,{'4': 7138},11,"['ESTADO-SDV-GL', 'ESTADO-SDV-P', 'P-JUS-BS', 'P-JUS-CKGL', 'P-JUS-CKP', 'P-MON-CKGL', 'P-MON-SDV-P', 'PT-P', 'QBS', 'QGL', 'T-MON-CKP']",5
dataset/4/WELL-00004_20140806110038.parquet,WELL-00004_20140806110038.parquet,4,REAL,WELL-00004,10763,1.0,10762.0,3600,3600,3600,0,3600,False,{'4': 7163},11,"['ESTADO-SDV-GL', 'ESTADO-SDV-P', 'P-JUS-BS', 'P-JUS-CKGL', 'P-JUS-CKP', 'P-MON-CKGL', 'P-MON-SDV-P', 'PT-P', 'QBS', 'QGL', 'T-MON-CKP']",6
dataset/4/WELL-00004_20140806130050.parquet,WELL-00004_20140806130050.parquet,4,REAL,WELL-00004,10751,1.0,10750.0,3600,3600,3600,0,3600,False,{'4': 7151},11,"['ESTADO-SDV-GL', 'ESTADO-SDV-P', 'P-JUS-BS', 'P-JUS-CKGL', 'P-JUS-CKP', 'P-MON-CKGL', 'P-MON-SDV-P', 'PT-P', 'QBS', 'QGL', 'T-MON-CKP']",8
dataset/4/WELL-00004_20140806150154.parquet,WELL-00004_20140806150154.parquet,4,REAL,WELL-00004,10687,1.0,10686.0,3600,3600,3600,0,3600,False,{'4': 7087},11,"['ESTADO-SDV-GL', 'ESTADO-SDV-P', 'P-JUS-BS', 'P-JUS-CKGL', 'P-JUS-CKP', 'P-MON-CKGL', 'P-MON-SDV-P', 'PT-P', 'QBS', 'QGL', 'T-MON-CKP']",0
dataset/4/WELL-00004_20140806170008.parquet,WELL-00004_20140806170008.parquet,4,REAL,WELL-00004,10793,1.0,10792.0,3600,3600,3600,0,3600,False,{'4': 7193},11,"['ESTADO-SDV-GL', 'ESTADO-SDV-P', 'P-JUS-BS', 'P-JUS-CKGL', 'P-JUS-CKP', 'P-MON-CKGL', 'P-MON-SDV-P', 'PT-P', 'QBS', 'QGL', 'T-MON-CKP']",0
dataset/4/WELL-00004_20140806190021.parquet,WELL-00004_20140806190021.parquet,4,REAL,WELL-00004,10780,1.0,10779.0,3600,3600,3600,0,3600,False,{'4': 7180},11,"['ESTADO-SDV-GL', 'ESTADO-SDV-P', 'P-JUS-BS', 'P-JUS-CKGL', 'P-JUS-CKP', 'P-MON-CKGL', 'P-MON-SDV-P', 'PT-P', 'QBS', 'QGL', 'T-MON-CKP']",0
dataset/4/WELL-00004_20141117100021.parquet,WELL-00004_20141117100021.parquet,4,REAL,WELL-00004,10780,1.0,10779.0,3600,3600,3600,0,3600,False,{'4': 7180},10,"['ESTADO-SDV-GL', 'P-JUS-BS', 'P-JUS-CKGL', 'P-JUS-CKP', 'P-MON-CKGL', 'P-MON-SDV-P', 'PT-P', 'QBS', 'QGL', 'T-MON-CKP']",7
dataset/4/WELL-00004_20141117120029.parquet,WELL-00004_20141117120029.parquet,4,REAL,WELL-00004,10772,1.0,10771.0,3600,3600,3600,0,3600,False,{'4': 7172},10,"['ESTADO-SDV-GL', 'P-JUS-BS', 'P-JUS-CKGL', 'P-JUS-CKP', 'P-MON-CKGL', 'P-MON-SDV-P', 'PT-P', 'QBS', 'QGL', 'T-MON-CKP']",0
dataset/4/WELL-00004_20141117140055.parquet,WELL-00004_20141117140055.parquet,4,REAL,WELL-00004,10746,1.0,10745.0,3600,3600,3600,0,3600,False,{'4': 7146},10,"['ESTADO-SDV-GL', 'P-JUS-BS', 'P-JUS-CKGL', 'P-JUS-CKP', 'P-MON-CKGL', 'P-MON-SDV-P', 'PT-P', 'QBS', 'QGL', 'T-MON-CKP']",0
dataset/4/WELL-00004_20141117160116.parquet,WELL-00004_20141117160116.parquet,4,REAL,WELL-00004,10725,1.0,10724.0,3600,3600,3600,0,3600,False,{'4': 7125},10,"['ESTADO-SDV-GL', 'P-JUS-BS', 'P-JUS-CKGL', 'P-JUS-CKP', 'P-MON-CKGL', 'P-MON-SDV-P', 'PT-P', 'QBS', 'QGL', 'T-MON-CKP']",0
dataset/4/WELL-00004_20141117180021.parquet,WELL-00004_20141117180021.parquet,4,REAL,WELL-00004,10780,1.0,10779.0,3600,3600,3600,0,3600,False,{'4': 7180},10,"['ESTADO-SDV-GL', 'P-JUS-BS', 'P-JUS-CKGL', 'P-JUS-CKP', 'P-MON-CKGL', 'P-MON-SDV-P', 'PT-P', 'QBS', 'QGL', 'T-MON-CKP']",0
dataset/4/WELL-00004_20141117200021.parquet,WELL-00004_20141117200021.parquet,4,REAL,WELL-00004,10780,1.0,10779.0,3600,3600,3600,0,3600,False,{'4': 7180},10,"['ESTADO-SDV-GL', 'P-JUS-BS', 'P-JUS-CKGL', 'P-JUS-CKP', 'P-MON-CKGL', 'P-MON-SDV-P', 'PT-P', 'QBS', 'QGL', 'T-MON-CKP']",0
dataset/4/WELL-00004_20141117220046.parquet,WELL-00004_20141117220046.parquet,4,REAL,WELL-00004,10755,1.0,10754.0,3600,3600,3600,0,3600,False,{'4': 7155},10,"['ESTADO-SDV-GL', 'P-JUS-BS', 'P-JUS-CKGL', 'P-JUS-CKP', 'P-MON-CKGL', 'P-MON-SDV-P', 'PT-P', 'QBS', 'QGL', 'T-MON-CKP']",0
dataset/4/WELL-00004_20141118000042.parquet,WELL-00004_20141118000042.parquet,4,REAL,WELL-00004,10759,1.0,10758.0,3600,3600,3600,0,3600,False,{'4': 7159},10,"['ESTADO-SDV-GL', 'P-JUS-BS', 'P-JUS-CKGL', 'P-JUS-CKP', 'P-MON-CKGL', 'P-MON-SDV-P', 'PT-P', 'QBS', 'QGL', 'T-MON-CKP']",0
dataset/4/WELL-00004_20141118020016.parquet,WELL-00004_20141118020016.parquet,4,REAL,WELL-00004,10785,1.0,10784.0,3600,3600,3600,0,3600,False,{'4': 7185},10,"['ESTADO-SDV-GL', 'P-JUS-BS', 'P-JUS-CKGL', 'P-JUS-CKP', 'P-MON-CKGL', 'P-MON-SDV-P', 'PT-P', 'QBS', 'QGL', 'T-MON-CKP']",0
dataset/4/WELL-00004_20141118040012.parquet,WELL-00004_20141118040012.parquet,4,REAL,WELL-00004,10789,1.0,10788.0,3600,3600,3600,0,3600,False,{'4': 7189},10,"['ESTADO-SDV-GL', 'P-JUS-BS', 'P-JUS-CKGL', 'P-JUS-CKP', 'P-MON-CKGL', 'P-MON-SDV-P', 'PT-P', 'QBS', 'QGL', 'T-MON-CKP']",0
dataset/4/WELL-00004_20141118060038.parquet,WELL-00004_20141118060038.parquet,4,REAL,WELL-00004,10763,1.0,10762.0,3600,3600,3600,0,3600,False,{'4': 7163},10,"['ESTADO-SDV-GL', 'P-JUS-BS', 'P-JUS-CKGL', 'P-JUS-CKP', 'P-MON-CKGL', 'P-MON-SDV-P', 'PT-P', 'QBS', 'QGL', 'T-MON-CKP']",0
dataset/4/WELL-00004_20141118080038.parquet,WELL-00004_20141118080038.parquet,4,REAL,WELL-00004,10762,1.0,10761.0,3600,3600,3600,0,3600,False,{'4': 7162},10,"['ESTADO-SDV-GL', 'P-JUS-BS', 'P-JUS-CKGL', 'P-JUS-CKP', 'P-MON-CKGL', 'P-MON-SDV-P', 'PT-P', 'QBS', 'QGL', 'T-MON-CKP']",0
dataset/4/WELL-00004_20141118100025.parquet,WELL-00004_20141118100025.parquet,4,REAL,WELL-00004,10776,1.0,10775.0,3600,3600,3600,0,3600,False,{'4': 7176},10,"['ESTADO-SDV-GL', 'P-JUS-BS', 'P-JUS-CKGL', 'P-JUS-CKP', 'P-MON-CKGL', 'P-MON-SDV-P', 'PT-P', 'QBS', 'QGL', 'T-MON-CKP']",0
dataset/4/WELL-00004_20141118120050.parquet,WELL-00004_20141118120050.parquet,4,REAL,WELL-00004,10751,1.0,10750.0,3600,3600,3600,0,3600,False,{'4': 7151},10,"['ESTADO-SDV-GL', 'P-JUS-BS', 'P-JUS-CKGL', 'P-JUS-CKP', 'P-MON-CKGL', 'P-MON-SDV-P', 'PT-P', 'QBS', 'QGL', 'T-MON-CKP']",0
dataset/4/WELL-00004_20141118140107.parquet,WELL-00004_20141118140107.parquet,4,REAL,WELL-00004,10734,1.0,10733.0,3600,3600,3600,0,3600,False,{'4': 7134},10,"['ESTADO-SDV-GL', 'P-JUS-BS', 'P-JUS-CKGL', 'P-JUS-CKP', 'P-MON-CKGL', 'P-MON-SDV-P', 'PT-P', 'QBS', 'QGL', 'T-MON-CKP']",0
dataset/4/WELL-00004_20141118160016.parquet,WELL-00004_20141118160016.parquet,4,REAL,WELL-00004,10785,1.0,10784.0,3600,3600,3600,0,3600,False,{'4': 7185},10,"['ESTADO-SDV-GL', 'P-JUS-BS', 'P-JUS-CKGL', 'P-JUS-CKP', 'P-MON-CKGL', 'P-MON-SDV-P', 'PT-P', 'QBS', 'QGL', 'T-MON-CKP']",0
dataset/4/WELL-00004_20141118180124.parquet,WELL-00004_20141118180124.parquet,4,REAL,WELL-00004,10717,1.0,10716.0,3600,3600,3600,0,3600,False,{'4': 7117},10,"['ESTADO-SDV-GL', 'P-JUS-BS', 'P-JUS-CKGL', 'P-JUS-CKP', 'P-MON-CKGL', 'P-MON-SDV-P', 'PT-P', 'QBS', 'QGL', 'T-MON-CKP']",0
dataset/4/WELL-00004_20141118200016.parquet,WELL-00004_20141118200016.parquet,4,REAL,WELL-00004,10785,1.0,10784.0,3600,3600,3600,0,3600,False,{'4': 7185},10,"['ESTADO-SDV-GL', 'P-JUS-BS', 'P-JUS-CKGL', 'P-JUS-CKP', 'P-MON-CKGL', 'P-MON-SDV-P', 'PT-P', 'QBS', 'QGL', 'T-MON-CKP']",0
dataset/4/WELL-00005_20170616010033.parquet,WELL-00005_20170616010033.parquet,4,REAL,WELL-00005,10768,1.0,10767.0,3600,3600,3600,0,3600,False,{'4': 7168},11,"['ESTADO-SDV-GL', 'P-JUS-BS', 'P-JUS-CKP', 'P-MON-CKGL', 'P-MON-SDV-P', 'P-PDG', 'PT-P', 'QBS', 'QGL', 'T-MON-CKP', 'T-PDG']",0
dataset/4/WELL-00005_20170624010016.parquet,WELL-00005_20170624010016.parquet,4,REAL,WELL-00005,10785,1.0,10784.0,3600,3600,3600,0,3600,False,{'4': 7185},11,"['ESTADO-SDV-GL', 'P-JUS-BS', 'P-JUS-CKP', 'P-MON-CKGL', 'P-MON-SDV-P', 'P-PDG', 'PT-P', 'QBS', 'QGL', 'T-MON-CKP', 'T-PDG']",0
dataset/4/WELL-00005_20170624030025.parquet,WELL-00005_20170624030025.parquet,4,REAL,WELL-00005,10776,1.0,10775.0,3600,3600,3600,0,3600,False,{'4': 7176},11,"['ESTADO-SDV-GL', 'P-JUS-BS', 'P-JUS-CKP', 'P-MON-CKGL', 'P-MON-SDV-P', 'P-PDG', 'PT-P', 'QBS', 'QGL', 'T-MON-CKP', 'T-PDG']",0
dataset/4/WELL-00005_20170624050038.parquet,WELL-00005_20170624050038.parquet,4,REAL,WELL-00005,10763,1.0,10762.0,3600,3600,3600,0,3600,False,{'4': 7163},11,"['ESTADO-SDV-GL', 'P-JUS-BS', 'P-JUS-CKP', 'P-MON-CKGL', 'P-MON-SDV-P', 'P-PDG', 'PT-P', 'QBS', 'QGL', 'T-MON-CKP', 'T-PDG']",0
dataset/4/WELL-00005_20170624070158.parquet,WELL-00005_20170624070158.parquet,4,REAL,WELL-00005,10683,1.0,10682.0,3600,3600,3600,0,3600,False,{'4': 7083},11,"['ESTADO-SDV-GL', 'P-JUS-BS', 'P-JUS-CKP', 'P-MON-CKGL', 'P-MON-SDV-P', 'P-PDG', 'PT-P', 'QBS', 'QGL', 'T-MON-CKP', 'T-PDG']",0
dataset/4/WELL-00005_20170624090042.parquet,WELL-00005_20170624090042.parquet,4,REAL,WELL-00005,10759,1.0,10758.0,3600,3600,3600,0,3600,False,{'4': 7159},11,"['ESTADO-SDV-GL', 'P-JUS-BS', 'P-JUS-CKP', 'P-MON-CKGL', 'P-MON-SDV-P', 'P-PDG', 'PT-P', 'QBS', 'QGL', 'T-MON-CKP', 'T-PDG']",0
dataset/4/WELL-00005_20170624150124.parquet,WELL-00005_20170624150124.parquet,4,REAL,WELL-00005,10703,1.0,10702.0,3600,3600,3600,0,3600,False,{'4': 7103},11,"['ESTADO-SDV-GL', 'P-JUS-BS', 'P-JUS-CKP', 'P-MON-CKGL', 'P-MON-SDV-P', 'P-PDG', 'PT-P', 'QBS', 'QGL', 'T-MON-CKP', 'T-PDG']",10
dataset/4/WELL-00005_20170624170016.parquet,WELL-00005_20170624170016.parquet,4,REAL,WELL-00005,10785,1.0,10784.0,3600,3600,3600,0,3600,False,{'4': 7185},11,"['ESTADO-SDV-GL', 'P-JUS-BS', 'P-JUS-CKP', 'P-MON-CKGL', 'P-MON-SDV-P', 'P-PDG', 'PT-P', 'QBS', 'QGL', 'T-MON-CKP', 'T-PDG']",0
dataset/4/WELL-00005_20170624190107.parquet,WELL-00005_20170624190107.parquet,4,REAL,WELL-00005,10734,1.0,10733.0,3600,3600,3600,0,3600,False,{'4': 7134},11,"['ESTADO-SDV-GL', 'P-JUS-BS', 'P-JUS-CKP', 'P-MON-CKGL', 'P-MON-SDV-P', 'P-PDG', 'PT-P', 'QBS', 'QGL', 'T-MON-CKP', 'T-PDG']",0
dataset/4/WELL-00005_20170624210033.parquet,WELL-00005_20170624210033.parquet,4,REAL,WELL-00005,10768,1.0,10767.0,3600,3600,3600,0,3600,False,{'4': 7168},11,"['ESTADO-SDV-GL', 'P-JUS-BS', 'P-JUS-CKP', 'P-MON-CKGL', 'P-MON-SDV-P', 'P-PDG', 'PT-P', 'QBS', 'QGL', 'T-MON-CKP', 'T-PDG']",0
dataset/4/WELL-00005_20170624230038.parquet,WELL-00005_20170624230038.parquet,4,REAL,WELL-00005,10763,1.0,10762.0,3600,3600,3600,0,3600,False,{'4': 7163},11,"['ESTADO-SDV-GL', 'P-JUS-BS', 'P-JUS-CKP', 'P-MON-CKGL', 'P-MON-SDV-P', 'P-PDG', 'PT-P', 'QBS', 'QGL', 'T-MON-CKP', 'T-PDG']",0
dataset/4/WELL-00005_20170625010059.parquet,WELL-00005_20170625010059.parquet,4,REAL,WELL-00005,10742,1.0,10741.0,3600,3600,3600,0,3600,False,{'4': 7142},11,"['ESTADO-SDV-GL', 'P-JUS-BS', 'P-JUS-CKP', 'P-MON-CKGL', 'P-MON-SDV-P', 'P-PDG', 'PT-P', 'QBS', 'QGL', 'T-MON-CKP', 'T-PDG']",0
dataset/4/WELL-00005_20170625030228.parquet,WELL-00005_20170625030228.parquet,4,REAL,WELL-00005,10653,1.0,10652.0,3600,3600,3600,0,3600,False,{'4': 7053},11,"['ESTADO-SDV-GL', 'P-JUS-BS', 'P-JUS-CKP', 'P-MON-CKGL', 'P-MON-SDV-P', 'P-PDG', 'PT-P', 'QBS', 'QGL', 'T-MON-CKP', 'T-PDG']",0
dataset/4/WELL-00005_20170625050103.parquet,WELL-00005_20170625050103.parquet,4,REAL,WELL-00005,10738,1.0,10737.0,3600,3600,3600,0,3600,False,{'4': 7138},11,"['ESTADO-SDV-GL', 'P-JUS-BS', 'P-JUS-CKP', 'P-MON-CKGL', 'P-MON-SDV-P', 'P-PDG', 'PT-P', 'QBS', 'QGL', 'T-MON-CKP', 'T-PDG']",0
dataset/4/WELL-00005_20170625083000.parquet,WELL-00005_20170625083000.parquet,4,REAL,WELL-00005,10790,1.0,10789.0,3600,3600,3600,0,3600,False,{'4': 7190},11,"['ESTADO-SDV-GL', 'P-JUS-BS', 'P-JUS-CKP', 'P-MON-CKGL', 'P-MON-SDV-P', 'P-PDG', 'PT-P', 'QBS', 'QGL', 'T-MON-CKP', 'T-PDG']",0
dataset/4/WELL-00005_20170625103000.parquet,WELL-00005_20170625103000.parquet,4,REAL,WELL-00005,10770,1.0,10769.0,3600,3600,3600,0,3600,False,{'4': 7170},11,"['ESTADO-SDV-GL', 'P-JUS-BS', 'P-JUS-CKP', 'P-MON-CKGL', 'P-MON-SDV-P', 'P-PDG', 'PT-P', 'QBS', 'QGL', 'T-MON-CKP', 'T-PDG']",0
dataset/4/WELL-00005_20170625123000.parquet,WELL-00005_20170625123000.parquet,4,REAL,WELL-00005,10785,1.0,10784.0,3600,3600,3600,0,3600,False,{'4': 7185},11,"['ESTADO-SDV-GL', 'P-JUS-BS', 'P-JUS-CKP', 'P-MON-CKGL', 'P-MON-SDV-P', 'P-PDG', 'PT-P', 'QBS', 'QGL', 'T-MON-CKP', 'T-PDG']",0
dataset/4/WELL-00005_20170626040116.parquet,WELL-00005_20170626040116.parquet,4,REAL,WELL-00005,10725,1.0,10724.0,3600,3600,3600,0,3600,False,{'4': 7125},11,"['ESTADO-SDV-GL', 'P-JUS-BS', 'P-JUS-CKP', 'P-MON-CKGL', 'P-MON-SDV-P', 'P-PDG', 'PT-P', 'QBS', 'QGL', 'T-MON-CKP', 'T-PDG']",0
dataset/4/WELL-00005_20170626060033.parquet,WELL-00005_20170626060033.parquet,4,REAL,WELL-00005,10768,1.0,10767.0,3600,3600,3600,0,3600,False,{'4': 7168},11,"['ESTADO-SDV-GL', 'P-JUS-BS', 'P-JUS-CKP', 'P-MON-CKGL', 'P-MON-SDV-P', 'P-PDG', 'PT-P', 'QBS', 'QGL', 'T-MON-CKP', 'T-PDG']",0
dataset/4/WELL-00005_20170626080055.parquet,WELL-00005_20170626080055.parquet,4,REAL,WELL-00005,10746,1.0,10745.0,3600,3600,3600,0,3600,False,{'4': 7146},11,"['ESTADO-SDV-GL', 'P-JUS-BS', 'P-JUS-CKP', 'P-MON-CKGL', 'P-MON-SDV-P', 'P-PDG', 'PT-P', 'QBS', 'QGL', 'T-MON-CKP', 'T-PDG']",0
dataset/4/WELL-00005_20170626100038.parquet,WELL-00005_20170626100038.parquet,4,REAL,WELL-00005,10763,1.0,10762.0,3600,3600,3600,0,3600,False,{'4': 7163},11,"['ESTADO-SDV-GL', 'P-JUS-BS', 'P-JUS-CKP', 'P-MON-CKGL', 'P-MON-SDV-P', 'P-PDG', 'PT-P', 'QBS', 'QGL', 'T-MON-CKP', 'T-PDG']",0
dataset/4/WELL-00005_20170626120016.parquet,WELL-00005_20170626120016.parquet,4,REAL,WELL-00005,10785,1.0,10784.0,3600,3600,3600,0,3600,False,{'4': 7185},11,"['ESTADO-SDV-GL', 'P-JUS-BS', 'P-JUS-CKP', 'P-MON-CKGL', 'P-MON-SDV-P', 'P-PDG', 'PT-P', 'QBS', 'QGL', 'T-MON-CKP', 'T-PDG']",0
dataset/4/WELL-00005_20170626140141.parquet,WELL-00005_20170626140141.parquet,4,REAL,WELL-00005,10700,1.0,10699.0,3600,3600,3600,0,3600,False,{'4': 7100},11,"['ESTADO-SDV-GL', 'P-JUS-BS', 'P-JUS-CKP', 'P-MON-CKGL', 'P-MON-SDV-P', 'P-PDG', 'PT-P', 'QBS', 'QGL', 'T-MON-CKP', 'T-PDG']",0
dataset/4/WELL-00005_20170626160050.parquet,WELL-00005_20170626160050.parquet,4,REAL,WELL-00005,10751,1.0,10750.0,3600,3600,3600,0,3600,False,{'4': 7151},11,"['ESTADO-SDV-GL', 'P-JUS-BS', 'P-JUS-CKP', 'P-MON-CKGL', 'P-MON-SDV-P', 'P-PDG', 'PT-P', 'QBS', 'QGL', 'T-MON-CKP', 'T-PDG']",0
dataset/4/WELL-00005_20170626180016.parquet,WELL-00005_20170626180016.parquet,4,REAL,WELL-00005,10785,1.0,10784.0,3600,3600,3600,0,3600,False,{'4': 7185},11,"['ESTADO-SDV-GL', 'P-JUS-BS', 'P-JUS-CKP', 'P-MON-CKGL', 'P-MON-SDV-P', 'P-PDG', 'PT-P', 'QBS', 'QGL', 'T-MON-CKP', 'T-PDG']",0
dataset/4/WELL-00005_20170626200059.parquet,WELL-00005_20170626200059.parquet,4,REAL,WELL-00005,10742,1.0,10741.0,3600,3600,3600,0,3600,False,{'4': 7142},11,"['ESTADO-SDV-GL', 'P-JUS-BS', 'P-JUS-CKP', 'P-MON-CKGL', 'P-MON-SDV-P', 'P-PDG', 'PT-P', 'QBS', 'QGL', 'T-MON-CKP', 'T-PDG']",0
dataset/4/WELL-00005_20170626220232.parquet,WELL-00005_20170626220232.parquet,4,REAL,WELL-00005,10649,1.0,10648.0,3600,3600,3600,0,3600,False,{'4': 7049},11,"['ESTADO-SDV-GL', 'P-JUS-BS', 'P-JUS-CKP', 'P-MON-CKGL', 'P-MON-SDV-P', 'P-PDG', 'PT-P', 'QBS', 'QGL', 'T-MON-CKP', 'T-PDG']",0
dataset/4/WELL-00005_20170627000154.parquet,WELL-00005_20170627000154.parquet,4,REAL,WELL-00005,10687,1.0,10686.0,3600,3600,3600,0,3600,False,{'4': 7087},11,"['ESTADO-SDV-GL', 'P-JUS-BS', 'P-JUS-CKP', 'P-MON-CKGL', 'P-MON-SDV-P', 'P-PDG', 'PT-P', 'QBS', 'QGL', 'T-MON-CKP', 'T-PDG']",0
dataset/4/WELL-00005_20170627020207.parquet,WELL-00005_20170627020207.parquet,4,REAL,WELL-00005,10674,1.0,10673.0,3600,3600,3600,0,3600,False,{'4': 7074},11,"['ESTADO-SDV-GL', 'P-JUS-BS', 'P-JUS-CKP', 'P-MON-CKGL', 'P-MON-SDV-P', 'P-PDG', 'PT-P', 'QBS', 'QGL', 'T-MON-CKP', 'T-PDG']",0
dataset/4/WELL-00005_20170627040046.parquet,WELL-00005_20170627040046.parquet,4,REAL,WELL-00005,10755,1.0,10754.0,3600,3600,3600,0,3600,False,{'4': 7155},11,"['ESTADO-SDV-GL', 'P-JUS-BS', 'P-JUS-CKP', 'P-MON-CKGL', 'P-MON-SDV-P', 'P-PDG', 'PT-P', 'QBS', 'QGL', 'T-MON-CKP', 'T-PDG']",0
dataset/4/WELL-00005_20170627060050.parquet,WELL-00005_20170627060050.parquet,4,REAL,WELL-00005,10751,1.0,10750.0,3600,3600,3600,0,3600,False,{'4': 7151},11,"['ESTADO-SDV-GL', 'P-JUS-BS', 'P-JUS-CKP', 'P-MON-CKGL', 'P-MON-SDV-P', 'P-PDG', 'PT-P', 'QBS', 'QGL', 'T-MON-CKP', 'T-PDG']",0
dataset/4/WELL-00005_20170627080025.parquet,WELL-00005_20170627080025.parquet,4,REAL,WELL-00005,10776,1.0,10775.0,3600,3600,3600,0,3600,False,{'4': 7176},11,"['ESTADO-SDV-GL', 'P-JUS-BS', 'P-JUS-CKP', 'P-MON-CKGL', 'P-MON-SDV-P', 'P-PDG', 'PT-P', 'QBS', 'QGL', 'T-MON-CKP', 'T-PDG']",0
dataset/4/WELL-00005_20170627100055.parquet,WELL-00005_20170627100055.parquet,4,REAL,WELL-00005,10746,1.0,10745.0,3600,3600,3600,0,3600,False,{'4': 7146},11,"['ESTADO-SDV-GL', 'P-JUS-BS', 'P-JUS-CKP', 'P-MON-CKGL', 'P-MON-SDV-P', 'P-PDG', 'PT-P', 'QBS', 'QGL', 'T-MON-CKP', 'T-PDG']",0
dataset/4/WELL-00005_20170627120016.parquet,WELL-00005_20170627120016.parquet,4,REAL,WELL-00005,10785,1.0,10784.0,3600,3600,3600,0,3600,False,{'4': 7185},11,"['ESTADO-SDV-GL', 'P-JUS-BS', 'P-JUS-CKP', 'P-MON-CKGL', 'P-MON-SDV-P', 'P-PDG', 'PT-P', 'QBS', 'QGL', 'T-MON-CKP', 'T-PDG']",0
dataset/4/WELL-00005_20170627140050.parquet,WELL-00005_20170627140050.parquet,4,REAL,WELL-00005,10751,1.0,10750.0,3600,3600,3600,0,3600,False,{'4': 7151},11,"['ESTADO-SDV-GL', 'P-JUS-BS', 'P-JUS-CKP', 'P-MON-CKGL', 'P-MON-SDV-P', 'P-PDG', 'PT-P', 'QBS', 'QGL', 'T-MON-CKP', 'T-PDG']",0
dataset/4/WELL-00005_20170627160112.parquet,WELL-00005_20170627160112.parquet,4,REAL,WELL-00005,10729,1.0,10728.0,3600,3600,3600,0,3600,False,{'4': 7129},11,"['ESTADO-SDV-GL', 'P-JUS-BS', 'P-JUS-CKP', 'P-MON-CKGL', 'P-MON-SDV-P', 'P-PDG', 'PT-P', 'QBS', 'QGL', 'T-MON-CKP', 'T-PDG']",0
dataset/4/WELL-00005_20170627180112.parquet,WELL-00005_20170627180112.parquet,4,REAL,WELL-00005,10729,1.0,10728.0,3600,3600,3600,0,3600,False,{'4': 7129},11,"['ESTADO-SDV-GL', 'P-JUS-BS', 'P-JUS-CKP', 'P-MON-CKGL', 'P-MON-SDV-P', 'P-PDG', 'PT-P', 'QBS', 'QGL', 'T-MON-CKP', 'T-PDG']",0
dataset/4/WELL-00005_20170627200038.parquet,WELL-00005_20170627200038.parquet,4,REAL,WELL-00005,10763,1.0,10762.0,3600,3600,3600,0,3600,False,{'4': 7163},11,"['ESTADO-SDV-GL', 'P-JUS-BS', 'P-JUS-CKP', 'P-MON-CKGL', 'P-MON-SDV-P', 'P-PDG', 'PT-P', 'QBS', 'QGL', 'T-MON-CKP', 'T-PDG']",0
dataset/4/WELL-00007_20170517200012.parquet,WELL-00007_20170517200012.parquet,4,REAL,WELL-00007,10789,1.0,10788.0,3600,3600,3600,0,3600,False,{'4': 7189},8,"['P-ANULAR', 'P-JUS-BS', 'P-JUS-CKP', 'P-MON-CKGL', 'P-MON-SDV-P', 'PT-P', 'QBS', 'T-MON-CKP']",0
dataset/4/WELL-00007_20170517220025.parquet,WELL-00007_20170517220025.parquet,4,REAL,WELL-00007,10776,1.0,10775.0,3600,3600,3600,0,3600,False,{'4': 7176},8,"['P-ANULAR', 'P-JUS-BS', 'P-JUS-CKP', 'P-MON-CKGL', 'P-MON-SDV-P', 'PT-P', 'QBS', 'T-MON-CKP']",0
dataset/4/WELL-00007_20170518000012.parquet,WELL-00007_20170518000012.parquet,4,REAL,WELL-00007,10789,1.0,10788.0,3600,3600,3600,0,3600,False,{'4': 7189},8,"['P-ANULAR', 'P-JUS-BS', 'P-JUS-CKP', 'P-MON-CKGL', 'P-MON-SDV-P', 'PT-P', 'QBS', 'T-MON-CKP']",0
dataset/4/WELL-00007_20170518020016.parquet,WELL-00007_20170518020016.parquet,4,REAL,WELL-00007,10785,1.0,10784.0,3600,3600,3600,0,3600,False,{'4': 7185},8,"['P-ANULAR', 'P-JUS-BS', 'P-JUS-CKP', 'P-MON-CKGL', 'P-MON-SDV-P', 'PT-P', 'QBS', 'T-MON-CKP']",0
dataset/4/WELL-00007_20170518040016.parquet,WELL-00007_20170518040016.parquet,4,REAL,WELL-00007,10785,1.0,10784.0,3600,3600,3600,0,3600,False,{'4': 7185},8,"['P-ANULAR', 'P-JUS-BS', 'P-JUS-CKP', 'P-MON-CKGL', 'P-MON-SDV-P', 'PT-P', 'QBS', 'T-MON-CKP']",0
dataset/4/WELL-00007_20170518060124.parquet,WELL-00007_20170518060124.parquet,4,REAL,WELL-00007,10717,1.0,10716.0,3600,3600,3600,0,3600,False,{'4': 7117},8,"['P-ANULAR', 'P-JUS-BS', 'P-JUS-CKP', 'P-MON-CKGL', 'P-MON-SDV-P', 'PT-P', 'QBS', 'T-MON-CKP']",0
dataset/4/WELL-00007_20170518080021.parquet,WELL-00007_20170518080021.parquet,4,REAL,WELL-00007,10780,1.0,10779.0,3600,3600,3600,0,3600,False,{'4': 7180},8,"['P-ANULAR', 'P-JUS-BS', 'P-JUS-CKP', 'P-MON-CKGL', 'P-MON-SDV-P', 'PT-P', 'QBS', 'T-MON-CKP']",0
dataset/4/WELL-00007_20170518100129.parquet,WELL-00007_20170518100129.parquet,4,REAL,WELL-00007,10712,1.0,10711.0,3600,3600,3600,0,3600,False,{'4': 7112},8,"['P-ANULAR', 'P-JUS-BS', 'P-JUS-CKP', 'P-MON-CKGL', 'P-MON-SDV-P', 'PT-P', 'QBS', 'T-MON-CKP']",0
dataset/4/WELL-00007_20170518120103.parquet,WELL-00007_20170518120103.parquet,4,REAL,WELL-00007,10738,1.0,10737.0,3600,3600,3600,0,3600,False,{'4': 7138},8,"['P-ANULAR', 'P-JUS-BS', 'P-JUS-CKP', 'P-MON-CKGL', 'P-MON-SDV-P', 'PT-P', 'QBS', 'T-MON-CKP']",0
dataset/4/WELL-00007_20170518140021.parquet,WELL-00007_20170518140021.parquet,4,REAL,WELL-00007,10780,1.0,10779.0,3600,3600,3600,0,3600,False,{'4': 7180},8,"['P-ANULAR', 'P-JUS-BS', 'P-JUS-CKP', 'P-MON-CKGL', 'P-MON-SDV-P', 'PT-P', 'QBS', 'T-MON-CKP']",0
dataset/4/WELL-00010_20180416070150.parquet,WELL-00010_20180416070150.parquet,4,REAL,WELL-00010,10691,1.0,10690.0,3600,3600,3600,0,3600,False,{'4': 7091},21,"['ABER-CKGL', 'ABER-CKP', 'ESTADO-DHSV', 'ESTADO-M1', 'ESTADO-M2', 'ESTADO-PXO', 'ESTADO-W1', 'ESTADO-W2', 'ESTADO-XO', 'P-ANULAR', 'P-JUS-BS', 'P-JUS-CKP', 'P-MON-CKGL', 'P-MON-SDV-P', 'P-PDG', 'PT-P', 'P-TPT', 'QBS', 'QGL', 'T-JUS-CKP', 'T-MON-CKP']",0
dataset/4/WELL-00010_20180416090133.parquet,WELL-00010_20180416090133.parquet,4,REAL,WELL-00010,10708,1.0,10707.0,3600,3600,3600,0,3600,False,{'4': 7108},21,"['ABER-CKGL', 'ABER-CKP', 'ESTADO-DHSV', 'ESTADO-M1', 'ESTADO-M2', 'ESTADO-PXO', 'ESTADO-W1', 'ESTADO-W2', 'ESTADO-XO', 'P-ANULAR', 'P-JUS-BS', 'P-JUS-CKP', 'P-MON-CKGL', 'P-MON-SDV-P', 'P-PDG', 'PT-P', 'P-TPT', 'QBS', 'QGL', 'T-JUS-CKP', 'T-MON-CKP']",0
dataset/4/WELL-00010_20180416110120.parquet,WELL-00010_20180416110120.parquet,4,REAL,WELL-00010,10721,1.0,10720.0,3600,3600,3600,0,3600,False,{'4': 7121},21,"['ABER-CKGL', 'ABER-CKP', 'ESTADO-DHSV', 'ESTADO-M1', 'ESTADO-M2', 'ESTADO-PXO', 'ESTADO-W1', 'ESTADO-W2', 'ESTADO-XO', 'P-ANULAR', 'P-JUS-BS', 'P-JUS-CKP', 'P-MON-CKGL', 'P-MON-SDV-P', 'P-PDG', 'PT-P', 'P-TPT', 'QBS', 'QGL', 'T-JUS-CKP', 'T-MON-CKP']",0
dataset/4/WELL-00010_20180416130038.parquet,WELL-00010_20180416130038.parquet,4,REAL,WELL-00010,10763,1.0,10762.0,3600,3600,3600,0,3600,False,{'4': 7163},21,"['ABER-CKGL', 'ABER-CKP', 'ESTADO-DHSV', 'ESTADO-M1', 'ESTADO-M2', 'ESTADO-PXO', 'ESTADO-W1', 'ESTADO-W2', 'ESTADO-XO', 'P-ANULAR', 'P-JUS-BS', 'P-JUS-CKP', 'P-MON-CKGL', 'P-MON-SDV-P', 'P-PDG', 'PT-P', 'P-TPT', 'QBS', 'QGL', 'T-JUS-CKP', 'T-MON-CKP']",0
dataset/4/WELL-00010_20180416150107.parquet,WELL-00010_20180416150107.parquet,4,REAL,WELL-00010,10734,1.0,10733.0,3600,3600,3600,0,3600,False,{'4': 7134},21,"['ABER-CKGL', 'ABER-CKP', 'ESTADO-DHSV', 'ESTADO-M1', 'ESTADO-M2', 'ESTADO-PXO', 'ESTADO-W1', 'ESTADO-W2', 'ESTADO-XO', 'P-ANULAR', 'P-JUS-BS', 'P-JUS-CKP', 'P-MON-CKGL', 'P-MON-SDV-P', 'P-PDG', 'PT-P', 'P-TPT', 'QBS', 'QGL', 'T-JUS-CKP', 'T-MON-CKP']",0
dataset/4/WELL-00010_20180416170029.parquet,WELL-00010_20180416170029.parquet,4,REAL,WELL-00010,10772,1.0,10771.0,3600,3600,3600,0,3600,False,{'4': 7172},21,"['ABER-CKGL', 'ABER-CKP', 'ESTADO-DHSV', 'ESTADO-M1', 'ESTADO-M2', 'ESTADO-PXO', 'ESTADO-W1', 'ESTADO-W2', 'ESTADO-XO', 'P-ANULAR', 'P-JUS-BS', 'P-JUS-CKP', 'P-MON-CKGL', 'P-MON-SDV-P', 'P-PDG', 'PT-P', 'P-TPT', 'QBS', 'QGL', 'T-JUS-CKP', 'T-MON-CKP']",0
dataset/4/WELL-00010_20180416190008.parquet,WELL-00010_20180416190008.parquet,4,REAL,WELL-00010,10793,1.0,10792.0,3600,3600,3600,0,3600,False,{'4': 7193},21,"['ABER-CKGL', 'ABER-CKP', 'ESTADO-DHSV', 'ESTADO-M1', 'ESTADO-M2', 'ESTADO-PXO', 'ESTADO-W1', 'ESTADO-W2', 'ESTADO-XO', 'P-ANULAR', 'P-JUS-BS', 'P-JUS-CKP', 'P-MON-CKGL', 'P-MON-SDV-P', 'P-PDG', 'PT-P', 'P-TPT', 'QBS', 'QGL', 'T-JUS-CKP', 'T-MON-CKP']",0
dataset/4/WELL-00010_20180416210141.parquet,WELL-00010_20180416210141.parquet,4,REAL,WELL-00010,10700,1.0,10699.0,3600,3600,3600,0,3600,False,{'4': 7100},21,"['ABER-CKGL', 'ABER-CKP', 'ESTADO-DHSV', 'ESTADO-M1', 'ESTADO-M2', 'ESTADO-PXO', 'ESTADO-W1', 'ESTADO-W2', 'ESTADO-XO', 'P-ANULAR', 'P-JUS-BS', 'P-JUS-CKP', 'P-MON-CKGL', 'P-MON-SDV-P', 'P-PDG', 'PT-P', 'P-TPT', 'QBS', 'QGL', 'T-JUS-CKP', 'T-MON-CKP']",0
dataset/4/WELL-00010_20180416230055.parquet,WELL-00010_20180416230055.parquet,4,REAL,WELL-00010,10746,1.0,10745.0,3600,3600,3600,0,3600,False,{'4': 7146},21,"['ABER-CKGL', 'ABER-CKP', 'ESTADO-DHSV', 'ESTADO-M1', 'ESTADO-M2', 'ESTADO-PXO', 'ESTADO-W1', 'ESTADO-W2', 'ESTADO-XO', 'P-ANULAR', 'P-JUS-BS', 'P-JUS-CKP', 'P-MON-CKGL', 'P-MON-SDV-P', 'P-PDG', 'PT-P', 'P-TPT', 'QBS', 'QGL', 'T-JUS-CKP', 'T-MON-CKP']",0
dataset/4/WELL-00010_20180417010107.parquet,WELL-00010_20180417010107.parquet,4,REAL,WELL-00010,10734,1.0,10733.0,3600,3600,3600,0,3600,False,{'4': 7134},21,"['ABER-CKGL', 'ABER-CKP', 'ESTADO-DHSV', 'ESTADO-M1', 'ESTADO-M2', 'ESTADO-PXO', 'ESTADO-W1', 'ESTADO-W2', 'ESTADO-XO', 'P-ANULAR', 'P-JUS-BS', 'P-JUS-CKP', 'P-MON-CKGL', 'P-MON-SDV-P', 'P-PDG', 'PT-P', 'P-TPT', 'QBS', 'QGL', 'T-JUS-CKP', 'T-MON-CKP']",0
dataset/4/WELL-00010_20180417030033.parquet,WELL-00010_20180417030033.parquet,4,REAL,WELL-00010,10768,1.0,10767.0,3600,3600,3600,0,3600,False,{'4': 7168},21,"['ABER-CKGL', 'ABER-CKP', 'ESTADO-DHSV', 'ESTADO-M1', 'ESTADO-M2', 'ESTADO-PXO', 'ESTADO-W1', 'ESTADO-W2', 'ESTADO-XO', 'P-ANULAR', 'P-JUS-BS', 'P-JUS-CKP', 'P-MON-CKGL', 'P-MON-SDV-P', 'P-PDG', 'PT-P', 'P-TPT', 'QBS', 'QGL', 'T-JUS-CKP', 'T-MON-CKP']",0
dataset/4/WELL-00010_20180417050046.parquet,WELL-00010_20180417050046.parquet,4,REAL,WELL-00010,10755,1.0,10754.0,3600,3600,3600,0,3600,False,{'4': 7155},21,"['ABER-CKGL', 'ABER-CKP', 'ESTADO-DHSV', 'ESTADO-M1', 'ESTADO-M2', 'ESTADO-PXO', 'ESTADO-W1', 'ESTADO-W2', 'ESTADO-XO', 'P-ANULAR', 'P-JUS-BS', 'P-JUS-CKP', 'P-MON-CKGL', 'P-MON-SDV-P', 'P-PDG', 'PT-P', 'P-TPT', 'QBS', 'QGL', 'T-JUS-CKP', 'T-MON-CKP']",0
dataset/4/WELL-00010_20180422170012.parquet,WELL-00010_20180422170012.parquet,4,REAL,WELL-00010,10789,1.0,10788.0,3600,3600,3600,0,3600,False,{'4': 7189},21,"['ABER-CKGL', 'ABER-CKP', 'ESTADO-DHSV', 'ESTADO-M1', 'ESTADO-M2', 'ESTADO-PXO', 'ESTADO-W1', 'ESTADO-W2', 'ESTADO-XO', 'P-ANULAR', 'P-JUS-BS', 'P-JUS-CKP', 'P-MON-CKGL', 'P-MON-SDV-P', 'P-PDG', 'PT-P', 'P-TPT', 'QBS', 'QGL', 'T-JUS-CKP', 'T-MON-CKP']",0
dataset/4/WELL-00010_20180422190158.parquet,WELL-00010_20180422190158.parquet,4,REAL,WELL-00010,10683,1.0,10682.0,3600,3600,3600,0,3600,False,{'4': 7083},21,"['ABER-CKGL', 'ABER-CKP', 'ESTADO-DHSV', 'ESTADO-M1', 'ESTADO-M2', 'ESTADO-PXO', 'ESTADO-W1', 'ESTADO-W2', 'ESTADO-XO', 'P-ANULAR', 'P-JUS-BS', 'P-JUS-CKP', 'P-MON-CKGL', 'P-MON-SDV-P', 'P-PDG', 'PT-P', 'P-TPT', 'QBS', 'QGL', 'T-JUS-CKP', 'T-MON-CKP']",0
dataset/4/WELL-00010_20180422210038.parquet,WELL-00010_20180422210038.parquet,4,REAL,WELL-00010,10763,1.0,10762.0,3600,3600,3600,0,3600,False,{'4': 7163},21,"['ABER-CKGL', 'ABER-CKP', 'ESTADO-DHSV', 'ESTADO-M1', 'ESTADO-M2', 'ESTADO-PXO', 'ESTADO-W1', 'ESTADO-W2', 'ESTADO-XO', 'P-ANULAR', 'P-JUS-BS', 'P-JUS-CKP', 'P-MON-CKGL', 'P-MON-SDV-P', 'P-PDG', 'PT-P', 'P-TPT', 'QBS', 'QGL', 'T-JUS-CKP', 'T-MON-CKP']",0
dataset/4/WELL-00010_20180422230029.parquet,WELL-00010_20180422230029.parquet,4,REAL,WELL-00010,10772,1.0,10771.0,3600,3600,3600,0,3600,False,{'4': 7172},21,"['ABER-CKGL', 'ABER-CKP', 'ESTADO-DHSV', 'ESTADO-M1', 'ESTADO-M2', 'ESTADO-PXO', 'ESTADO-W1', 'ESTADO-W2', 'ESTADO-XO', 'P-ANULAR', 'P-JUS-BS', 'P-JUS-CKP', 'P-MON-CKGL', 'P-MON-SDV-P', 'P-PDG', 'PT-P', 'P-TPT', 'QBS', 'QGL', 'T-JUS-CKP', 'T-MON-CKP']",0
dataset/4/WELL-00010_20180423010129.parquet,WELL-00010_20180423010129.parquet,4,REAL,WELL-00010,10712,1.0,10711.0,3600,3600,3600,0,3600,False,{'4': 7112},21,"['ABER-CKGL', 'ABER-CKP', 'ESTADO-DHSV', 'ESTADO-M1', 'ESTADO-M2', 'ESTADO-PXO', 'ESTADO-W1', 'ESTADO-W2', 'ESTADO-XO', 'P-ANULAR', 'P-JUS-BS', 'P-JUS-CKP', 'P-MON-CKGL', 'P-MON-SDV-P', 'P-PDG', 'PT-P', 'P-TPT', 'QBS', 'QGL', 'T-JUS-CKP', 'T-MON-CKP']",0
dataset/4/WELL-00010_20180423030021.parquet,WELL-00010_20180423030021.parquet,4,REAL,WELL-00010,10780,1.0,10779.0,3600,3600,3600,0,3600,False,{'4': 7180},21,"['ABER-CKGL', 'ABER-CKP', 'ESTADO-DHSV', 'ESTADO-M1', 'ESTADO-M2', 'ESTADO-PXO', 'ESTADO-W1', 'ESTADO-W2', 'ESTADO-XO', 'P-ANULAR', 'P-JUS-BS', 'P-JUS-CKP', 'P-MON-CKGL', 'P-MON-SDV-P', 'P-PDG', 'PT-P', 'P-TPT', 'QBS', 'QGL', 'T-JUS-CKP', 'T-MON-CKP']",0
dataset/4/WELL-00010_20180423050353.parquet,WELL-00010_20180423050353.parquet,4,REAL,WELL-00010,10568,1.0,10567.0,3600,3600,3600,0,3600,False,{'4': 6968},21,"['ABER-CKGL', 'ABER-CKP', 'ESTADO-DHSV', 'ESTADO-M1', 'ESTADO-M2', 'ESTADO-PXO', 'ESTADO-W1', 'ESTADO-W2', 'ESTADO-XO', 'P-ANULAR', 'P-JUS-BS', 'P-JUS-CKP', 'P-MON-CKGL', 'P-MON-SDV-P', 'P-PDG', 'PT-P', 'P-TPT', 'QBS', 'QGL', 'T-JUS-CKP', 'T-MON-CKP']",0
dataset/4/WELL-00010_20180423070107.parquet,WELL-00010_20180423070107.parquet,4,REAL,WELL-00010,10734,1.0,10733.0,3600,3600,3600,0,3600,False,{'4': 7134},21,"['ABER-CKGL', 'ABER-CKP', 'ESTADO-DHSV', 'ESTADO-M1', 'ESTADO-M2', 'ESTADO-PXO', 'ESTADO-W1', 'ESTADO-W2', 'ESTADO-XO', 'P-ANULAR', 'P-JUS-BS', 'P-JUS-CKP', 'P-MON-CKGL', 'P-MON-SDV-P', 'P-PDG', 'PT-P', 'P-TPT', 'QBS', 'QGL', 'T-JUS-CKP', 'T-MON-CKP']",0
dataset/4/WELL-00010_20180423090050.parquet,WELL-00010_20180423090050.parquet,4,REAL,WELL-00010,10751,1.0,10750.0,3600,3600,3600,0,3600,False,{'4': 7151},21,"['ABER-CKGL', 'ABER-CKP', 'ESTADO-DHSV', 'ESTADO-M1', 'ESTADO-M2', 'ESTADO-PXO', 'ESTADO-W1', 'ESTADO-W2', 'ESTADO-XO', 'P-ANULAR', 'P-JUS-BS', 'P-JUS-CKP', 'P-MON-CKGL', 'P-MON-SDV-P', 'P-PDG', 'PT-P', 'P-TPT', 'QBS', 'QGL', 'T-JUS-CKP', 'T-MON-CKP']",0
dataset/4/WELL-00010_20180423110112.parquet,WELL-00010_20180423110112.parquet,4,REAL,WELL-00010,10729,1.0,10728.0,3600,3600,3600,0,3600,False,{'4': 7129},21,"['ABER-CKGL', 'ABER-CKP', 'ESTADO-DHSV', 'ESTADO-M1', 'ESTADO-M2', 'ESTADO-PXO', 'ESTADO-W1', 'ESTADO-W2', 'ESTADO-XO', 'P-ANULAR', 'P-JUS-BS', 'P-JUS-CKP', 'P-MON-CKGL', 'P-MON-SDV-P', 'P-PDG', 'PT-P', 'P-TPT', 'QBS', 'QGL', 'T-JUS-CKP', 'T-MON-CKP']",0
dataset/4/WELL-00010_20180423130025.parquet,WELL-00010_20180423130025.parquet,4,REAL,WELL-00010,10776,1.0,10775.0,3600,3600,3600,0,3600,False,{'4': 7176},21,"['ABER-CKGL', 'ABER-CKP', 'ESTADO-DHSV', 'ESTADO-M1', 'ESTADO-M2', 'ESTADO-PXO', 'ESTADO-W1', 'ESTADO-W2', 'ESTADO-XO', 'P-ANULAR', 'P-JUS-BS', 'P-JUS-CKP', 'P-MON-CKGL', 'P-MON-SDV-P', 'P-PDG', 'PT-P', 'P-TPT', 'QBS', 'QGL', 'T-JUS-CKP', 'T-MON-CKP']",0
dataset/4/WELL-00010_20180423150129.parquet,WELL-00010_20180423150129.parquet,4,REAL,WELL-00010,10712,1.0,10711.0,3600,3600,3600,0,3600,False,{'4': 7112},21,"['ABER-CKGL', 'ABER-CKP', 'ESTADO-DHSV', 'ESTADO-M1', 'ESTADO-M2', 'ESTADO-PXO', 'ESTADO-W1', 'ESTADO-W2', 'ESTADO-XO', 'P-ANULAR', 'P-JUS-BS', 'P-JUS-CKP', 'P-MON-CKGL', 'P-MON-SDV-P', 'P-PDG', 'PT-P', 'P-TPT', 'QBS', 'QGL', 'T-JUS-CKP', 'T-MON-CKP']",0
dataset/4/WELL-00010_20180423170042.parquet,WELL-00010_20180423170042.parquet,4,REAL,WELL-00010,10759,1.0,10758.0,3600,3600,3600,0,3600,False,{'4': 7159},21,"['ABER-CKGL', 'ABER-CKP', 'ESTADO-DHSV', 'ESTADO-M1', 'ESTADO-M2', 'ESTADO-PXO', 'ESTADO-W1', 'ESTADO-W2', 'ESTADO-XO', 'P-ANULAR', 'P-JUS-BS', 'P-JUS-CKP', 'P-MON-CKGL', 'P-MON-SDV-P', 'P-PDG', 'PT-P', 'P-TPT', 'QBS', 'QGL', 'T-JUS-CKP', 'T-MON-CKP']",0
dataset/4/WELL-00010_20180423190021.parquet,WELL-00010_20180423190021.parquet,4,REAL,WELL-00010,10780,1.0,10779.0,3600,3600,3600,0,3600,False,{'4': 7180},21,"['ABER-CKGL', 'ABER-CKP', 'ESTADO-DHSV', 'ESTADO-M1', 'ESTADO-M2', 'ESTADO-PXO', 'ESTADO-W1', 'ESTADO-W2', 'ESTADO-XO', 'P-ANULAR', 'P-JUS-BS', 'P-JUS-CKP', 'P-MON-CKGL', 'P-MON-SDV-P', 'P-PDG', 'PT-P', 'P-TPT', 'QBS', 'QGL', 'T-JUS-CKP', 'T-MON-CKP']",0
dataset/4/WELL-00010_20180423210016.parquet,WELL-00010_20180423210016.parquet,4,REAL,WELL-00010,10785,1.0,10784.0,3600,3600,3600,0,3600,False,{'4': 7185},21,"['ABER-CKGL', 'ABER-CKP', 'ESTADO-DHSV', 'ESTADO-M1', 'ESTADO-M2', 'ESTADO-PXO', 'ESTADO-W1', 'ESTADO-W2', 'ESTADO-XO', 'P-ANULAR', 'P-JUS-BS', 'P-JUS-CKP', 'P-MON-CKGL', 'P-MON-SDV-P', 'P-PDG', 'PT-P', 'P-TPT', 'QBS', 'QGL', 'T-JUS-CKP', 'T-MON-CKP']",0
dataset/4/WELL-00010_20180423230033.parquet,WELL-00010_20180423230033.parquet,4,REAL,WELL-00010,10768,1.0,10767.0,3600,3600,3600,0,3600,False,{'4': 7168},21,"['ABER-CKGL', 'ABER-CKP', 'ESTADO-DHSV', 'ESTADO-M1', 'ESTADO-M2', 'ESTADO-PXO', 'ESTADO-W1', 'ESTADO-W2', 'ESTADO-XO', 'P-ANULAR', 'P-JUS-BS', 'P-JUS-CKP', 'P-MON-CKGL', 'P-MON-SDV-P', 'P-PDG', 'PT-P', 'P-TPT', 'QBS', 'QGL', 'T-JUS-CKP', 'T-MON-CKP']",0
dataset/4/WELL-00010_20180424010059.parquet,WELL-00010_20180424010059.parquet,4,REAL,WELL-00010,10742,1.0,10741.0,3600,3600,3600,0,3600,False,{'4': 7142},21,"['ABER-CKGL', 'ABER-CKP', 'ESTADO-DHSV', 'ESTADO-M1', 'ESTADO-M2', 'ESTADO-PXO', 'ESTADO-W1', 'ESTADO-W2', 'ESTADO-XO', 'P-ANULAR', 'P-JUS-BS', 'P-JUS-CKP', 'P-MON-CKGL', 'P-MON-SDV-P', 'P-PDG', 'PT-P', 'P-TPT', 'QBS', 'QGL', 'T-JUS-CKP', 'T-MON-CKP']",0
dataset/4/WELL-00010_20180424030012.parquet,WELL-00010_20180424030012.parquet,4,REAL,WELL-00010,10789,1.0,10788.0,3600,3600,3600,0,3600,False,{'4': 7189},21,"['ABER-CKGL', 'ABER-CKP', 'ESTADO-DHSV', 'ESTADO-M1', 'ESTADO-M2', 'ESTADO-PXO', 'ESTADO-W1', 'ESTADO-W2', 'ESTADO-XO', 'P-ANULAR', 'P-JUS-BS', 'P-JUS-CKP', 'P-MON-CKGL', 'P-MON-SDV-P', 'P-PDG', 'PT-P', 'P-TPT', 'QBS', 'QGL', 'T-JUS-CKP', 'T-MON-CKP']",0
dataset/4/WELL-00010_20180424050029.parquet,WELL-00010_20180424050029.parquet,4,REAL,WELL-00010,10772,1.0,10771.0,3600,3600,3600,0,3600,False,{'4': 7172},21,"['ABER-CKGL', 'ABER-CKP', 'ESTADO-DHSV', 'ESTADO-M1', 'ESTADO-M2', 'ESTADO-PXO', 'ESTADO-W1', 'ESTADO-W2', 'ESTADO-XO', 'P-ANULAR', 'P-JUS-BS', 'P-JUS-CKP', 'P-MON-CKGL', 'P-MON-SDV-P', 'P-PDG', 'PT-P', 'P-TPT', 'QBS', 'QGL', 'T-JUS-CKP', 'T-MON-CKP']",0
dataset/4/WELL-00010_20180424070107.parquet,WELL-00010_20180424070107.parquet,4,REAL,WELL-00010,10700,1.0,10699.0,3600,3600,3600,0,3600,False,{'4': 7100},21,"['ABER-CKGL', 'ABER-CKP', 'ESTADO-DHSV', 'ESTADO-M1', 'ESTADO-M2', 'ESTADO-PXO', 'ESTADO-W1', 'ESTADO-W2', 'ESTADO-XO', 'P-ANULAR', 'P-JUS-BS', 'P-JUS-CKP', 'P-MON-CKGL', 'P-MON-SDV-P', 'P-PDG', 'PT-P', 'P-TPT', 'QBS', 'QGL', 'T-JUS-CKP', 'T-MON-CKP']",3
dataset/4/WELL-00010_20180424090046.parquet,WELL-00010_20180424090046.parquet,4,REAL,WELL-00010,10755,1.0,10754.0,3600,3600,3600,0,3600,False,{'4': 7155},21,"['ABER-CKGL', 'ABER-CKP', 'ESTADO-DHSV', 'ESTADO-M1', 'ESTADO-M2', 'ESTADO-PXO', 'ESTADO-W1', 'ESTADO-W2', 'ESTADO-XO', 'P-ANULAR', 'P-JUS-BS', 'P-JUS-CKP', 'P-MON-CKGL', 'P-MON-SDV-P', 'P-PDG', 'PT-P', 'P-TPT', 'QBS', 'QGL', 'T-JUS-CKP', 'T-MON-CKP']",2
dataset/4/WELL-00010_20180424110050.parquet,WELL-00010_20180424110050.parquet,4,REAL,WELL-00010,10683,1.0,10682.0,3600,3600,3600,0,3600,False,{'4': 7083},21,"['ABER-CKGL', 'ABER-CKP', 'ESTADO-DHSV', 'ESTADO-M1', 'ESTADO-M2', 'ESTADO-PXO', 'ESTADO-W1', 'ESTADO-W2', 'ESTADO-XO', 'P-ANULAR', 'P-JUS-BS', 'P-JUS-CKP', 'P-MON-CKGL', 'P-MON-SDV-P', 'P-PDG', 'PT-P', 'P-TPT', 'QBS', 'QGL', 'T-JUS-CKP', 'T-MON-CKP']",4
dataset/4/WELL-00010_20180424130033.parquet,WELL-00010_20180424130033.parquet,4,REAL,WELL-00010,10639,1.0,10638.0,3600,3600,3600,0,3600,False,{'4': 7039},21,"['ABER-CKGL', 'ABER-CKP', 'ESTADO-DHSV', 'ESTADO-M1', 'ESTADO-M2', 'ESTADO-PXO', 'ESTADO-W1', 'ESTADO-W2', 'ESTADO-XO', 'P-ANULAR', 'P-JUS-BS', 'P-JUS-CKP', 'P-MON-CKGL', 'P-MON-SDV-P', 'P-PDG', 'PT-P', 'P-TPT', 'QBS', 'QGL', 'T-JUS-CKP', 'T-MON-CKP']",4
dataset/4/WELL-00010_20180424150129.parquet,WELL-00010_20180424150129.parquet,4,REAL,WELL-00010,10712,1.0,10711.0,3600,3600,3600,0,3600,False,{'4': 7112},21,"['ABER-CKGL', 'ABER-CKP', 'ESTADO-DHSV', 'ESTADO-M1', 'ESTADO-M2', 'ESTADO-PXO', 'ESTADO-W1', 'ESTADO-W2', 'ESTADO-XO', 'P-ANULAR', 'P-JUS-BS', 'P-JUS-CKP', 'P-MON-CKGL', 'P-MON-SDV-P', 'P-PDG', 'PT-P', 'P-TPT', 'QBS', 'QGL', 'T-JUS-CKP', 'T-MON-CKP']",0
dataset/4/WELL-00010_20180424170033.parquet,WELL-00010_20180424170033.parquet,4,REAL,WELL-00010,10768,1.0,10767.0,3600,3600,3600,0,3600,False,{'4': 7168},21,"['ABER-CKGL', 'ABER-CKP', 'ESTADO-DHSV', 'ESTADO-M1', 'ESTADO-M2', 'ESTADO-PXO', 'ESTADO-W1', 'ESTADO-W2', 'ESTADO-XO', 'P-ANULAR', 'P-JUS-BS', 'P-JUS-CKP', 'P-MON-CKGL', 'P-MON-SDV-P', 'P-PDG', 'PT-P', 'P-TPT', 'QBS', 'QGL', 'T-JUS-CKP', 'T-MON-CKP']",0
dataset/4/WELL-00010_20180424190133.parquet,WELL-00010_20180424190133.parquet,4,REAL,WELL-00010,10708,1.0,10707.0,3600,3600,3600,0,3600,False,{'4': 7108},21,"['ABER-CKGL', 'ABER-CKP', 'ESTADO-DHSV', 'ESTADO-M1', 'ESTADO-M2', 'ESTADO-PXO', 'ESTADO-W1', 'ESTADO-W2', 'ESTADO-XO', 'P-ANULAR', 'P-JUS-BS', 'P-JUS-CKP', 'P-MON-CKGL', 'P-MON-SDV-P', 'P-PDG', 'PT-P', 'P-TPT', 'QBS', 'QGL', 'T-JUS-CKP', 'T-MON-CKP']",0
dataset/4/WELL-00010_20180424210211.parquet,WELL-00010_20180424210211.parquet,4,REAL,WELL-00010,10670,1.0,10669.0,3600,3600,3600,0,3600,False,{'4': 7070},21,"['ABER-CKGL', 'ABER-CKP', 'ESTADO-DHSV', 'ESTADO-M1', 'ESTADO-M2', 'ESTADO-PXO', 'ESTADO-W1', 'ESTADO-W2', 'ESTADO-XO', 'P-ANULAR', 'P-JUS-BS', 'P-JUS-CKP', 'P-MON-CKGL', 'P-MON-SDV-P', 'P-PDG', 'PT-P', 'P-TPT', 'QBS', 'QGL', 'T-JUS-CKP', 'T-MON-CKP']",0
dataset/4/WELL-00010_20180424230232.parquet,WELL-00010_20180424230232.parquet,4,REAL,WELL-00010,10649,1.0,10648.0,3600,3600,3600,0,3600,False,{'4': 7049},21,"['ABER-CKGL', 'ABER-CKP', 'ESTADO-DHSV', 'ESTADO-M1', 'ESTADO-M2', 'ESTADO-PXO', 'ESTADO-W1', 'ESTADO-W2', 'ESTADO-XO', 'P-ANULAR', 'P-JUS-BS', 'P-JUS-CKP', 'P-MON-CKGL', 'P-MON-SDV-P', 'P-PDG', 'PT-P', 'P-TPT', 'QBS', 'QGL', 'T-JUS-CKP', 'T-MON-CKP']",0
dataset/4/WELL-00010_20180425010050.parquet,WELL-00010_20180425010050.parquet,4,REAL,WELL-00010,10751,1.0,10750.0,3600,3600,3600,0,3600,False,{'4': 7151},21,"['ABER-CKGL', 'ABER-CKP', 'ESTADO-DHSV', 'ESTADO-M1', 'ESTADO-M2', 'ESTADO-PXO', 'ESTADO-W1', 'ESTADO-W2', 'ESTADO-XO', 'P-ANULAR', 'P-JUS-BS', 'P-JUS-CKP', 'P-MON-CKGL', 'P-MON-SDV-P', 'P-PDG', 'PT-P', 'P-TPT', 'QBS', 'QGL', 'T-JUS-CKP', 'T-MON-CKP']",0
dataset/4/WELL-00010_20180425030224.parquet,WELL-00010_20180425030224.parquet,4,REAL,WELL-00010,10657,1.0,10656.0,3600,3600,3600,0,3600,False,{'4': 7057},21,"['ABER-CKGL', 'ABER-CKP', 'ESTADO-DHSV', 'ESTADO-M1', 'ESTADO-M2', 'ESTADO-PXO', 'ESTADO-W1', 'ESTADO-W2', 'ESTADO-XO', 'P-ANULAR', 'P-JUS-BS', 'P-JUS-CKP', 'P-MON-CKGL', 'P-MON-SDV-P', 'P-PDG', 'PT-P', 'P-TPT', 'QBS', 'QGL', 'T-JUS-CKP', 'T-MON-CKP']",0
dataset/4/WELL-00010_20180425050158.parquet,WELL-00010_20180425050158.parquet,4,REAL,WELL-00010,10683,1.0,10682.0,3600,3600,3600,0,3600,False,{'4': 7083},21,"['ABER-CKGL', 'ABER-CKP', 'ESTADO-DHSV', 'ESTADO-M1', 'ESTADO-M2', 'ESTADO-PXO', 'ESTADO-W1', 'ESTADO-W2', 'ESTADO-XO', 'P-ANULAR', 'P-JUS-BS', 'P-JUS-CKP', 'P-MON-CKGL', 'P-MON-SDV-P', 'P-PDG', 'PT-P', 'P-TPT', 'QBS', 'QGL', 'T-JUS-CKP', 'T-MON-CKP']",0
dataset/4/WELL-00010_20180425070141.parquet,WELL-00010_20180425070141.parquet,4,REAL,WELL-00010,10700,1.0,10699.0,3600,3600,3600,0,3600,False,{'4': 7100},21,"['ABER-CKGL', 'ABER-CKP', 'ESTADO-DHSV', 'ESTADO-M1', 'ESTADO-M2', 'ESTADO-PXO', 'ESTADO-W1', 'ESTADO-W2', 'ESTADO-XO', 'P-ANULAR', 'P-JUS-BS', 'P-JUS-CKP', 'P-MON-CKGL', 'P-MON-SDV-P', 'P-PDG', 'PT-P', 'P-TPT', 'QBS', 'QGL', 'T-JUS-CKP', 'T-MON-CKP']",0
dataset/4/WELL-00010_20180425090033.parquet,WELL-00010_20180425090033.parquet,4,REAL,WELL-00010,10768,1.0,10767.0,3600,3600,3600,0,3600,False,{'4': 7168},21,"['ABER-CKGL', 'ABER-CKP', 'ESTADO-DHSV', 'ESTADO-M1', 'ESTADO-M2', 'ESTADO-PXO', 'ESTADO-W1', 'ESTADO-W2', 'ESTADO-XO', 'P-ANULAR', 'P-JUS-BS', 'P-JUS-CKP', 'P-MON-CKGL', 'P-MON-SDV-P', 'P-PDG', 'PT-P', 'P-TPT', 'QBS', 'QGL', 'T-JUS-CKP', 'T-MON-CKP']",0
dataset/4/WELL-00010_20180425110029.parquet,WELL-00010_20180425110029.parquet,4,REAL,WELL-00010,10772,1.0,10771.0,3600,3600,3600,0,3600,False,{'4': 7172},21,"['ABER-CKGL', 'ABER-CKP', 'ESTADO-DHSV', 'ESTADO-M1', 'ESTADO-M2', 'ESTADO-PXO', 'ESTADO-W1', 'ESTADO-W2', 'ESTADO-XO', 'P-ANULAR', 'P-JUS-BS', 'P-JUS-CKP', 'P-MON-CKGL', 'P-MON-SDV-P', 'P-PDG', 'PT-P', 'P-TPT', 'QBS', 'QGL', 'T-JUS-CKP', 'T-MON-CKP']",0
dataset/4/WELL-00010_20180425130016.parquet,WELL-00010_20180425130016.parquet,4,REAL,WELL-00010,10785,1.0,10784.0,3600,3600,3600,0,3600,False,{'4': 7185},21,"['ABER-CKGL', 'ABER-CKP', 'ESTADO-DHSV', 'ESTADO-M1', 'ESTADO-M2', 'ESTADO-PXO', 'ESTADO-W1', 'ESTADO-W2', 'ESTADO-XO', 'P-ANULAR', 'P-JUS-BS', 'P-JUS-CKP', 'P-MON-CKGL', 'P-MON-SDV-P', 'P-PDG', 'PT-P', 'P-TPT', 'QBS', 'QGL', 'T-JUS-CKP', 'T-MON-CKP']",0
dataset/4/WELL-00010_20180425150107.parquet,WELL-00010_20180425150107.parquet,4,REAL,WELL-00010,10734,1.0,10733.0,3600,3600,3600,0,3600,False,{'4': 7134},21,"['ABER-CKGL', 'ABER-CKP', 'ESTADO-DHSV', 'ESTADO-M1', 'ESTADO-M2', 'ESTADO-PXO', 'ESTADO-W1', 'ESTADO-W2', 'ESTADO-XO', 'P-ANULAR', 'P-JUS-BS', 'P-JUS-CKP', 'P-MON-CKGL', 'P-MON-SDV-P', 'P-PDG', 'PT-P', 'P-TPT', 'QBS', 'QGL', 'T-JUS-CKP', 'T-MON-CKP']",0
dataset/4/WELL-00010_20180425170046.parquet,WELL-00010_20180425170046.parquet,4,REAL,WELL-00010,10755,1.0,10754.0,3600,3600,3600,0,3600,False,{'4': 7155},21,"['ABER-CKGL', 'ABER-CKP', 'ESTADO-DHSV', 'ESTADO-M1', 'ESTADO-M2', 'ESTADO-PXO', 'ESTADO-W1', 'ESTADO-W2', 'ESTADO-XO', 'P-ANULAR', 'P-JUS-BS', 'P-JUS-CKP', 'P-MON-CKGL', 'P-MON-SDV-P', 'P-PDG', 'PT-P', 'P-TPT', 'QBS', 'QGL', 'T-JUS-CKP', 'T-MON-CKP']",0
dataset/4/WELL-00010_20180425190116.parquet,WELL-00010_20180425190116.parquet,4,REAL,WELL-00010,10725,1.0,10724.0,3600,3600,3600,0,3600,False,{'4': 7125},21,"['ABER-CKGL', 'ABER-CKP', 'ESTADO-DHSV', 'ESTADO-M1', 'ESTADO-M2', 'ESTADO-PXO', 'ESTADO-W1', 'ESTADO-W2', 'ESTADO-XO', 'P-ANULAR', 'P-JUS-BS', 'P-JUS-CKP', 'P-MON-CKGL', 'P-MON-SDV-P', 'P-PDG', 'PT-P', 'P-TPT', 'QBS', 'QGL', 'T-JUS-CKP', 'T-MON-CKP']",0
dataset/4/WELL-00010_20180425210046.parquet,WELL-00010_20180425210046.parquet,4,REAL,WELL-00010,10755,1.0,10754.0,3600,3600,3600,0,3600,False,{'4': 7155},21,"['ABER-CKGL', 'ABER-CKP', 'ESTADO-DHSV', 'ESTADO-M1', 'ESTADO-M2', 'ESTADO-PXO', 'ESTADO-W1', 'ESTADO-W2', 'ESTADO-XO', 'P-ANULAR', 'P-JUS-BS', 'P-JUS-CKP', 'P-MON-CKGL', 'P-MON-SDV-P', 'P-PDG', 'PT-P', 'P-TPT', 'QBS', 'QGL', 'T-JUS-CKP', 'T-MON-CKP']",0
dataset/4/WELL-00010_20180425230124.parquet,WELL-00010_20180425230124.parquet,4,REAL,WELL-00010,10717,1.0,10716.0,3600,3600,3600,0,3600,False,{'4': 7117},21,"['ABER-CKGL', 'ABER-CKP', 'ESTADO-DHSV', 'ESTADO-M1', 'ESTADO-M2', 'ESTADO-PXO', 'ESTADO-W1', 'ESTADO-W2', 'ESTADO-XO', 'P-ANULAR', 'P-JUS-BS', 'P-JUS-CKP', 'P-MON-CKGL', 'P-MON-SDV-P', 'P-PDG', 'PT-P', 'P-TPT', 'QBS', 'QGL', 'T-JUS-CKP', 'T-MON-CKP']",0
dataset/4/WELL-00010_20180426010124.parquet,WELL-00010_20180426010124.parquet,4,REAL,WELL-00010,10717,1.0,10716.0,3600,3600,3600,0,3600,False,{'4': 7117},21,"['ABER-CKGL', 'ABER-CKP', 'ESTADO-DHSV', 'ESTADO-M1', 'ESTADO-M2', 'ESTADO-PXO', 'ESTADO-W1', 'ESTADO-W2', 'ESTADO-XO', 'P-ANULAR', 'P-JUS-BS', 'P-JUS-CKP', 'P-MON-CKGL', 'P-MON-SDV-P', 'P-PDG', 'PT-P', 'P-TPT', 'QBS', 'QGL', 'T-JUS-CKP', 'T-MON-CKP']",0
dataset/4/WELL-00010_20180426030033.parquet,WELL-00010_20180426030033.parquet,4,REAL,WELL-00010,10768,1.0,10767.0,3600,3600,3600,0,3600,False,{'4': 7168},21,"['ABER-CKGL', 'ABER-CKP', 'ESTADO-DHSV', 'ESTADO-M1', 'ESTADO-M2', 'ESTADO-PXO', 'ESTADO-W1', 'ESTADO-W2', 'ESTADO-XO', 'P-ANULAR', 'P-JUS-BS', 'P-JUS-CKP', 'P-MON-CKGL', 'P-MON-SDV-P', 'P-PDG', 'PT-P', 'P-TPT', 'QBS', 'QGL', 'T-JUS-CKP', 'T-MON-CKP']",0
dataset/4/WELL-00010_20180426050029.parquet,WELL-00010_20180426050029.parquet,4,REAL,WELL-00010,10772,1.0,10771.0,3600,3600,3600,0,3600,False,{'4': 7172},21,"['ABER-CKGL', 'ABER-CKP', 'ESTADO-DHSV', 'ESTADO-M1', 'ESTADO-M2', 'ESTADO-PXO', 'ESTADO-W1', 'ESTADO-W2', 'ESTADO-XO', 'P-ANULAR', 'P-JUS-BS', 'P-JUS-CKP', 'P-MON-CKGL', 'P-MON-SDV-P', 'P-PDG', 'PT-P', 'P-TPT', 'QBS', 'QGL', 'T-JUS-CKP', 'T-MON-CKP']",0
dataset/4/WELL-00010_20180426070025.parquet,WELL-00010_20180426070025.parquet,4,REAL,WELL-00010,10776,1.0,10775.0,3600,3600,3600,0,3600,False,{'4': 7176},21,"['ABER-CKGL', 'ABER-CKP', 'ESTADO-DHSV', 'ESTADO-M1', 'ESTADO-M2', 'ESTADO-PXO', 'ESTADO-W1', 'ESTADO-W2', 'ESTADO-XO', 'P-ANULAR', 'P-JUS-BS', 'P-JUS-CKP', 'P-MON-CKGL', 'P-MON-SDV-P', 'P-PDG', 'PT-P', 'P-TPT', 'QBS', 'QGL', 'T-JUS-CKP', 'T-MON-CKP']",0
dataset/4/WELL-00010_20180426090042.parquet,WELL-00010_20180426090042.parquet,4,REAL,WELL-00010,10759,1.0,10758.0,3600,3600,3600,0,3600,False,{'4': 7159},21,"['ABER-CKGL', 'ABER-CKP', 'ESTADO-DHSV', 'ESTADO-M1', 'ESTADO-M2', 'ESTADO-PXO', 'ESTADO-W1', 'ESTADO-W2', 'ESTADO-XO', 'P-ANULAR', 'P-JUS-BS', 'P-JUS-CKP', 'P-MON-CKGL', 'P-MON-SDV-P', 'P-PDG', 'PT-P', 'P-TPT', 'QBS', 'QGL', 'T-JUS-CKP', 'T-MON-CKP']",0
dataset/4/WELL-00010_20180426110107.parquet,WELL-00010_20180426110107.parquet,4,REAL,WELL-00010,10734,1.0,10733.0,3600,3600,3600,0,3600,False,{'4': 7134},21,"['ABER-CKGL', 'ABER-CKP', 'ESTADO-DHSV', 'ESTADO-M1', 'ESTADO-M2', 'ESTADO-PXO', 'ESTADO-W1', 'ESTADO-W2', 'ESTADO-XO', 'P-ANULAR', 'P-JUS-BS', 'P-JUS-CKP', 'P-MON-CKGL', 'P-MON-SDV-P', 'P-PDG', 'PT-P', 'P-TPT', 'QBS', 'QGL', 'T-JUS-CKP', 'T-MON-CKP']",0
dataset/4/WELL-00010_20180426130141.parquet,WELL-00010_20180426130141.parquet,4,REAL,WELL-00010,10700,1.0,10699.0,3600,3600,3600,0,3600,False,{'4': 7100},21,"['ABER-CKGL', 'ABER-CKP', 'ESTADO-DHSV', 'ESTADO-M1', 'ESTADO-M2', 'ESTADO-PXO', 'ESTADO-W1', 'ESTADO-W2', 'ESTADO-XO', 'P-ANULAR', 'P-JUS-BS', 'P-JUS-CKP', 'P-MON-CKGL', 'P-MON-SDV-P', 'P-PDG', 'PT-P', 'P-TPT', 'QBS', 'QGL', 'T-JUS-CKP', 'T-MON-CKP']",0
dataset/4/WELL-00010_20180426150008.parquet,WELL-00010_20180426150008.parquet,4,REAL,WELL-00010,10793,1.0,10792.0,3600,3600,3600,0,3600,False,{'4': 7193},21,"['ABER-CKGL', 'ABER-CKP', 'ESTADO-DHSV', 'ESTADO-M1', 'ESTADO-M2', 'ESTADO-PXO', 'ESTADO-W1', 'ESTADO-W2', 'ESTADO-XO', 'P-ANULAR', 'P-JUS-BS', 'P-JUS-CKP', 'P-MON-CKGL', 'P-MON-SDV-P', 'P-PDG', 'PT-P', 'P-TPT', 'QBS', 'QGL', 'T-JUS-CKP', 'T-MON-CKP']",0
dataset/4/WELL-00010_20180426170103.parquet,WELL-00010_20180426170103.parquet,4,REAL,WELL-00010,10738,1.0,10737.0,3600,3600,3600,0,3600,False,{'4': 7138},21,"['ABER-CKGL', 'ABER-CKP', 'ESTADO-DHSV', 'ESTADO-M1', 'ESTADO-M2', 'ESTADO-PXO', 'ESTADO-W1', 'ESTADO-W2', 'ESTADO-XO', 'P-ANULAR', 'P-JUS-BS', 'P-JUS-CKP', 'P-MON-CKGL', 'P-MON-SDV-P', 'P-PDG', 'PT-P', 'P-TPT', 'QBS', 'QGL', 'T-JUS-CKP', 'T-MON-CKP']",0
dataset/4/WELL-00010_20180426190107.parquet,WELL-00010_20180426190107.parquet,4,REAL,WELL-00010,10734,1.0,10733.0,3600,3600,3600,0,3600,False,{'4': 7134},21,"['ABER-CKGL', 'ABER-CKP', 'ESTADO-DHSV', 'ESTADO-M1', 'ESTADO-M2', 'ESTADO-PXO', 'ESTADO-W1', 'ESTADO-W2', 'ESTADO-XO', 'P-ANULAR', 'P-JUS-BS', 'P-JUS-CKP', 'P-MON-CKGL', 'P-MON-SDV-P', 'P-PDG', 'PT-P', 'P-TPT', 'QBS', 'QGL', 'T-JUS-CKP', 'T-MON-CKP']",0
dataset/4/WELL-00010_20180426210116.parquet,WELL-00010_20180426210116.parquet,4,REAL,WELL-00010,10725,1.0,10724.0,3600,3600,3600,0,3600,False,{'4': 7125},21,"['ABER-CKGL', 'ABER-CKP', 'ESTADO-DHSV', 'ESTADO-M1', 'ESTADO-M2', 'ESTADO-PXO', 'ESTADO-W1', 'ESTADO-W2', 'ESTADO-XO', 'P-ANULAR', 'P-JUS-BS', 'P-JUS-CKP', 'P-MON-CKGL', 'P-MON-SDV-P', 'P-PDG', 'PT-P', 'P-TPT', 'QBS', 'QGL', 'T-JUS-CKP', 'T-MON-CKP']",0
dataset/4/WELL-00010_20180426230008.parquet,WELL-00010_20180426230008.parquet,4,REAL,WELL-00010,10793,1.0,10792.0,3600,3600,3600,0,3600,False,{'4': 7193},21,"['ABER-CKGL', 'ABER-CKP', 'ESTADO-DHSV', 'ESTADO-M1', 'ESTADO-M2', 'ESTADO-PXO', 'ESTADO-W1', 'ESTADO-W2', 'ESTADO-XO', 'P-ANULAR', 'P-JUS-BS', 'P-JUS-CKP', 'P-MON-CKGL', 'P-MON-SDV-P', 'P-PDG', 'PT-P', 'P-TPT', 'QBS', 'QGL', 'T-JUS-CKP', 'T-MON-CKP']",0
dataset/4/WELL-00010_20180427010029.parquet,WELL-00010_20180427010029.parquet,4,REAL,WELL-00010,10771,1.0,10770.0,3600,3600,3600,0,3600,False,{'4': 7171},21,"['ABER-CKGL', 'ABER-CKP', 'ESTADO-DHSV', 'ESTADO-M1', 'ESTADO-M2', 'ESTADO-PXO', 'ESTADO-W1', 'ESTADO-W2', 'ESTADO-XO', 'P-ANULAR', 'P-JUS-BS', 'P-JUS-CKP', 'P-MON-CKGL', 'P-MON-SDV-P', 'P-PDG', 'PT-P', 'P-TPT', 'QBS', 'QGL', 'T-JUS-CKP', 'T-MON-CKP']",0
dataset/4/WELL-00010_20180427030025.parquet,WELL-00010_20180427030025.parquet,4,REAL,WELL-00010,10776,1.0,10775.0,3600,3600,3600,0,3600,False,{'4': 7176},21,"['ABER-CKGL', 'ABER-CKP', 'ESTADO-DHSV', 'ESTADO-M1', 'ESTADO-M2', 'ESTADO-PXO', 'ESTADO-W1', 'ESTADO-W2', 'ESTADO-XO', 'P-ANULAR', 'P-JUS-BS', 'P-JUS-CKP', 'P-MON-CKGL', 'P-MON-SDV-P', 'P-PDG', 'PT-P', 'P-TPT', 'QBS', 'QGL', 'T-JUS-CKP', 'T-MON-CKP']",0
dataset/4/WELL-00010_20180427050042.parquet,WELL-00010_20180427050042.parquet,4,REAL,WELL-00010,10759,1.0,10758.0,3600,3600,3600,0,3600,False,{'4': 7159},21,"['ABER-CKGL', 'ABER-CKP', 'ESTADO-DHSV', 'ESTADO-M1', 'ESTADO-M2', 'ESTADO-PXO', 'ESTADO-W1', 'ESTADO-W2', 'ESTADO-XO', 'P-ANULAR', 'P-JUS-BS', 'P-JUS-CKP', 'P-MON-CKGL', 'P-MON-SDV-P', 'P-PDG', 'PT-P', 'P-TPT', 'QBS', 'QGL', 'T-JUS-CKP', 'T-MON-CKP']",0
dataset/4/WELL-00010_20180427070107.parquet,WELL-00010_20180427070107.parquet,4,REAL,WELL-00010,10734,1.0,10733.0,3600,3600,3600,0,3600,False,{'4': 7134},21,"['ABER-CKGL', 'ABER-CKP', 'ESTADO-DHSV', 'ESTADO-M1', 'ESTADO-M2', 'ESTADO-PXO', 'ESTADO-W1', 'ESTADO-W2', 'ESTADO-XO', 'P-ANULAR', 'P-JUS-BS', 'P-JUS-CKP', 'P-MON-CKGL', 'P-MON-SDV-P', 'P-PDG', 'PT-P', 'P-TPT', 'QBS', 'QGL', 'T-JUS-CKP', 'T-MON-CKP']",0
dataset/4/WELL-00010_20180427090107.parquet,WELL-00010_20180427090107.parquet,4,REAL,WELL-00010,10734,1.0,10733.0,3600,3600,3600,0,3600,False,{'4': 7134},21,"['ABER-CKGL', 'ABER-CKP', 'ESTADO-DHSV', 'ESTADO-M1', 'ESTADO-M2', 'ESTADO-PXO', 'ESTADO-W1', 'ESTADO-W2', 'ESTADO-XO', 'P-ANULAR', 'P-JUS-BS', 'P-JUS-CKP', 'P-MON-CKGL', 'P-MON-SDV-P', 'P-PDG', 'PT-P', 'P-TPT', 'QBS', 'QGL', 'T-JUS-CKP', 'T-MON-CKP']",0
dataset/4/WELL-00010_20180427110016.parquet,WELL-00010_20180427110016.parquet,4,REAL,WELL-00010,10785,1.0,10784.0,3600,3600,3600,0,3600,False,{'4': 7185},21,"['ABER-CKGL', 'ABER-CKP', 'ESTADO-DHSV', 'ESTADO-M1', 'ESTADO-M2', 'ESTADO-PXO', 'ESTADO-W1', 'ESTADO-W2', 'ESTADO-XO', 'P-ANULAR', 'P-JUS-BS', 'P-JUS-CKP', 'P-MON-CKGL', 'P-MON-SDV-P', 'P-PDG', 'PT-P', 'P-TPT', 'QBS', 'QGL', 'T-JUS-CKP', 'T-MON-CKP']",0
dataset/4/WELL-00010_20180427130112.parquet,WELL-00010_20180427130112.parquet,4,REAL,WELL-00010,10729,1.0,10728.0,3600,3600,3600,0,3600,False,{'4': 7129},21,"['ABER-CKGL', 'ABER-CKP', 'ESTADO-DHSV', 'ESTADO-M1', 'ESTADO-M2', 'ESTADO-PXO', 'ESTADO-W1', 'ESTADO-W2', 'ESTADO-XO', 'P-ANULAR', 'P-JUS-BS', 'P-JUS-CKP', 'P-MON-CKGL', 'P-MON-SDV-P', 'P-PDG', 'PT-P', 'P-TPT', 'QBS', 'QGL', 'T-JUS-CKP', 'T-MON-CKP']",0
dataset/4/WELL-00010_20180427150025.parquet,WELL-00010_20180427150025.parquet,4,REAL,WELL-00010,10776,1.0,10775.0,3600,3600,3600,0,3600,False,{'4': 7176},21,"['ABER-CKGL', 'ABER-CKP', 'ESTADO-DHSV', 'ESTADO-M1', 'ESTADO-M2', 'ESTADO-PXO', 'ESTADO-W1', 'ESTADO-W2', 'ESTADO-XO', 'P-ANULAR', 'P-JUS-BS', 'P-JUS-CKP', 'P-MON-CKGL', 'P-MON-SDV-P', 'P-PDG', 'PT-P', 'P-TPT', 'QBS', 'QGL', 'T-JUS-CKP', 'T-MON-CKP']",0
dataset/4/WELL-00010_20180427170042.parquet,WELL-00010_20180427170042.parquet,4,REAL,WELL-00010,10759,1.0,10758.0,3600,3600,3600,0,3600,False,{'4': 7159},21,"['ABER-CKGL', 'ABER-CKP', 'ESTADO-DHSV', 'ESTADO-M1', 'ESTADO-M2', 'ESTADO-PXO', 'ESTADO-W1', 'ESTADO-W2', 'ESTADO-XO', 'P-ANULAR', 'P-JUS-BS', 'P-JUS-CKP', 'P-MON-CKGL', 'P-MON-SDV-P', 'P-PDG', 'PT-P', 'P-TPT', 'QBS', 'QGL', 'T-JUS-CKP', 'T-MON-CKP']",0
dataset/4/WELL-00010_20180427190340.parquet,WELL-00010_20180427190340.parquet,4,REAL,WELL-00010,10581,1.0,10580.0,3600,3600,3600,0,3600,False,{'4': 6981},21,"['ABER-CKGL', 'ABER-CKP', 'ESTADO-DHSV', 'ESTADO-M1', 'ESTADO-M2', 'ESTADO-PXO', 'ESTADO-W1', 'ESTADO-W2', 'ESTADO-XO', 'P-ANULAR', 'P-JUS-BS', 'P-JUS-CKP', 'P-MON-CKGL', 'P-MON-SDV-P', 'P-PDG', 'PT-P', 'P-TPT', 'QBS', 'QGL', 'T-JUS-CKP', 'T-MON-CKP']",0
dataset/4/WELL-00010_20180427210055.parquet,WELL-00010_20180427210055.parquet,4,REAL,WELL-00010,10746,1.0,10745.0,3600,3600,3600,0,3600,False,{'4': 7146},21,"['ABER-CKGL', 'ABER-CKP', 'ESTADO-DHSV', 'ESTADO-M1', 'ESTADO-M2', 'ESTADO-PXO', 'ESTADO-W1', 'ESTADO-W2', 'ESTADO-XO', 'P-ANULAR', 'P-JUS-BS', 'P-JUS-CKP', 'P-MON-CKGL', 'P-MON-SDV-P', 'P-PDG', 'PT-P', 'P-TPT', 'QBS', 'QGL', 'T-JUS-CKP', 'T-MON-CKP']",0
dataset/4/WELL-00010_20180427230016.parquet,WELL-00010_20180427230016.parquet,4,REAL,WELL-00010,10785,1.0,10784.0,3600,3600,3600,0,3600,False,{'4': 7185},21,"['ABER-CKGL', 'ABER-CKP', 'ESTADO-DHSV', 'ESTADO-M1', 'ESTADO-M2', 'ESTADO-PXO', 'ESTADO-W1', 'ESTADO-W2', 'ESTADO-XO', 'P-ANULAR', 'P-JUS-BS', 'P-JUS-CKP', 'P-MON-CKGL', 'P-MON-SDV-P', 'P-PDG', 'PT-P', 'P-TPT', 'QBS', 'QGL', 'T-JUS-CKP', 'T-MON-CKP']",0
dataset/4/WELL-00010_20180428010211.parquet,WELL-00010_20180428010211.parquet,4,REAL,WELL-00010,10670,1.0,10669.0,3600,3600,3600,0,3600,False,{'4': 7070},21,"['ABER-CKGL', 'ABER-CKP', 'ESTADO-DHSV', 'ESTADO-M1', 'ESTADO-M2', 'ESTADO-PXO', 'ESTADO-W1', 'ESTADO-W2', 'ESTADO-XO', 'P-ANULAR', 'P-JUS-BS', 'P-JUS-CKP', 'P-MON-CKGL', 'P-MON-SDV-P', 'P-PDG', 'PT-P', 'P-TPT', 'QBS', 'QGL', 'T-JUS-CKP', 'T-MON-CKP']",0
dataset/4/WELL-00010_20180428030137.parquet,WELL-00010_20180428030137.parquet,4,REAL,WELL-00010,10704,1.0,10703.0,3600,3600,3600,0,3600,False,{'4': 7104},21,"['ABER-CKGL', 'ABER-CKP', 'ESTADO-DHSV', 'ESTADO-M1', 'ESTADO-M2', 'ESTADO-PXO', 'ESTADO-W1', 'ESTADO-W2', 'ESTADO-XO', 'P-ANULAR', 'P-JUS-BS', 'P-JUS-CKP', 'P-MON-CKGL', 'P-MON-SDV-P', 'P-PDG', 'PT-P', 'P-TPT', 'QBS', 'QGL', 'T-JUS-CKP', 'T-MON-CKP']",0
dataset/4/WELL-00010_20180428050033.parquet,WELL-00010_20180428050033.parquet,4,REAL,WELL-00010,10768,1.0,10767.0,3600,3600,3600,0,3600,False,{'4': 7168},21,"['ABER-CKGL', 'ABER-CKP', 'ESTADO-DHSV', 'ESTADO-M1', 'ESTADO-M2', 'ESTADO-PXO', 'ESTADO-W1', 'ESTADO-W2', 'ESTADO-XO', 'P-ANULAR', 'P-JUS-BS', 'P-JUS-CKP', 'P-MON-CKGL', 'P-MON-SDV-P', 'P-PDG', 'PT-P', 'P-TPT', 'QBS', 'QGL', 'T-JUS-CKP', 'T-MON-CKP']",0
dataset/4/WELL-00010_20180428070033.parquet,WELL-00010_20180428070033.parquet,4,REAL,WELL-00010,10768,1.0,10767.0,3600,3600,3600,0,3600,False,{'4': 7168},21,"['ABER-CKGL', 'ABER-CKP', 'ESTADO-DHSV', 'ESTADO-M1', 'ESTADO-M2', 'ESTADO-PXO', 'ESTADO-W1', 'ESTADO-W2', 'ESTADO-XO', 'P-ANULAR', 'P-JUS-BS', 'P-JUS-CKP', 'P-MON-CKGL', 'P-MON-SDV-P', 'P-PDG', 'PT-P', 'P-TPT', 'QBS', 'QGL', 'T-JUS-CKP', 'T-MON-CKP']",0
dataset/4/WELL-00010_20180428090116.parquet,WELL-00010_20180428090116.parquet,4,REAL,WELL-00010,10725,1.0,10724.0,3600,3600,3600,0,3600,False,{'4': 7125},21,"['ABER-CKGL', 'ABER-CKP', 'ESTADO-DHSV', 'ESTADO-M1', 'ESTADO-M2', 'ESTADO-PXO', 'ESTADO-W1', 'ESTADO-W2', 'ESTADO-XO', 'P-ANULAR', 'P-JUS-BS', 'P-JUS-CKP', 'P-MON-CKGL', 'P-MON-SDV-P', 'P-PDG', 'PT-P', 'P-TPT', 'QBS', 'QGL', 'T-JUS-CKP', 'T-MON-CKP']",0
dataset/4/WELL-00010_20180428110207.parquet,WELL-00010_20180428110207.parquet,4,REAL,WELL-00010,10674,1.0,10673.0,3600,3600,3600,0,3600,False,{'4': 7074},21,"['ABER-CKGL', 'ABER-CKP', 'ESTADO-DHSV', 'ESTADO-M1', 'ESTADO-M2', 'ESTADO-PXO', 'ESTADO-W1', 'ESTADO-W2', 'ESTADO-XO', 'P-ANULAR', 'P-JUS-BS', 'P-JUS-CKP', 'P-MON-CKGL', 'P-MON-SDV-P', 'P-PDG', 'PT-P', 'P-TPT', 'QBS', 'QGL', 'T-JUS-CKP', 'T-MON-CKP']",0
dataset/4/WELL-00010_20180428130249.parquet,WELL-00010_20180428130249.parquet,4,REAL,WELL-00010,10632,1.0,10631.0,3600,3600,3600,0,3600,False,{'4': 7032},21,"['ABER-CKGL', 'ABER-CKP', 'ESTADO-DHSV', 'ESTADO-M1', 'ESTADO-M2', 'ESTADO-PXO', 'ESTADO-W1', 'ESTADO-W2', 'ESTADO-XO', 'P-ANULAR', 'P-JUS-BS', 'P-JUS-CKP', 'P-MON-CKGL', 'P-MON-SDV-P', 'P-PDG', 'PT-P', 'P-TPT', 'QBS', 'QGL', 'T-JUS-CKP', 'T-MON-CKP']",1
dataset/4/WELL-00014_20170915080021.parquet,WELL-00014_20170915080021.parquet,4,REAL,WELL-00014,10780,1.0,10779.0,3600,3600,3600,0,3600,False,{'4': 7180},13,"['ESTADO-DHSV', 'ESTADO-M1', 'ESTADO-M2', 'ESTADO-PXO', 'ESTADO-W2', 'ESTADO-XO', 'P-JUS-BS', 'P-JUS-CKP', 'P-MON-CKGL', 'P-MON-SDV-P', 'PT-P', 'QBS', 'T-MON-CKP']",0
dataset/4/WELL-00014_20170915100033.parquet,WELL-00014_20170915100033.parquet,4,REAL,WELL-00014,10768,1.0,10767.0,3600,3600,3600,0,3600,False,{'4': 7168},13,"['ESTADO-DHSV', 'ESTADO-M1', 'ESTADO-M2', 'ESTADO-PXO', 'ESTADO-W2', 'ESTADO-XO', 'P-JUS-BS', 'P-JUS-CKP', 'P-MON-CKGL', 'P-MON-SDV-P', 'PT-P', 'QBS', 'T-MON-CKP']",0
dataset/4/WELL-00014_20170915120107.parquet,WELL-00014_20170915120107.parquet,4,REAL,WELL-00014,10734,1.0,10733.0,3600,3600,3600,0,3600,False,{'4': 7134},13,"['ESTADO-DHSV', 'ESTADO-M1', 'ESTADO-M2', 'ESTADO-PXO', 'ESTADO-W2', 'ESTADO-XO', 'P-JUS-BS', 'P-JUS-CKP', 'P-MON-CKGL', 'P-MON-SDV-P', 'PT-P', 'QBS', 'T-MON-CKP']",0
dataset/4/WELL-00014_20170915140059.parquet,WELL-00014_20170915140059.parquet,4,REAL,WELL-00014,10742,1.0,10741.0,3600,3600,3600,0,3600,False,{'4': 7142},13,"['ESTADO-DHSV', 'ESTADO-M1', 'ESTADO-M2', 'ESTADO-PXO', 'ESTADO-W2', 'ESTADO-XO', 'P-JUS-BS', 'P-JUS-CKP', 'P-MON-CKGL', 'P-MON-SDV-P', 'PT-P', 'QBS', 'T-MON-CKP']",0
dataset/4/WELL-00014_20170915160012.parquet,WELL-00014_20170915160012.parquet,4,REAL,WELL-00014,10789,1.0,10788.0,3600,3600,3600,0,3600,False,{'4': 7189},13,"['ESTADO-DHSV', 'ESTADO-M1', 'ESTADO-M2', 'ESTADO-PXO', 'ESTADO-W2', 'ESTADO-XO', 'P-JUS-BS', 'P-JUS-CKP', 'P-MON-CKGL', 'P-MON-SDV-P', 'PT-P', 'QBS', 'T-MON-CKP']",0
dataset/4/WELL-00014_20170915180050.parquet,WELL-00014_20170915180050.parquet,4,REAL,WELL-00014,10751,1.0,10750.0,3600,3600,3600,0,3600,False,{'4': 7151},13,"['ESTADO-DHSV', 'ESTADO-M1', 'ESTADO-M2', 'ESTADO-PXO', 'ESTADO-W2', 'ESTADO-XO', 'P-JUS-BS', 'P-JUS-CKP', 'P-MON-CKGL', 'P-MON-SDV-P', 'PT-P', 'QBS', 'T-MON-CKP']",0
dataset/4/WELL-00014_20170915200116.parquet,WELL-00014_20170915200116.parquet,4,REAL,WELL-00014,10725,1.0,10724.0,3600,3600,3600,0,3600,False,{'4': 7125},13,"['ESTADO-DHSV', 'ESTADO-M1', 'ESTADO-M2', 'ESTADO-PXO', 'ESTADO-W2', 'ESTADO-XO', 'P-JUS-BS', 'P-JUS-CKP', 'P-MON-CKGL', 'P-MON-SDV-P', 'PT-P', 'QBS', 'T-MON-CKP']",0
dataset/4/WELL-00014_20170916170016.parquet,WELL-00014_20170916170016.parquet,4,REAL,WELL-00014,10785,1.0,10784.0,3600,3600,3600,0,3600,False,{'4': 7185},13,"['ESTADO-DHSV', 'ESTADO-M1', 'ESTADO-M2', 'ESTADO-PXO', 'ESTADO-W2', 'ESTADO-XO', 'P-JUS-BS', 'P-JUS-CKP', 'P-MON-CKGL', 'P-MON-SDV-P', 'PT-P', 'QBS', 'T-MON-CKP']",0
dataset/4/WELL-00014_20170916190112.parquet,WELL-00014_20170916190112.parquet,4,REAL,WELL-00014,10729,1.0,10728.0,3600,3600,3600,0,3600,False,{'4': 7129},13,"['ESTADO-DHSV', 'ESTADO-M1', 'ESTADO-M2', 'ESTADO-PXO', 'ESTADO-W2', 'ESTADO-XO', 'P-JUS-BS', 'P-JUS-CKP', 'P-MON-CKGL', 'P-MON-SDV-P', 'PT-P', 'QBS', 'T-MON-CKP']",0
dataset/4/WELL-00014_20170916210059.parquet,WELL-00014_20170916210059.parquet,4,REAL,WELL-00014,10742,1.0,10741.0,3600,3600,3600,0,3600,False,{'4': 7142},13,"['ESTADO-DHSV', 'ESTADO-M1', 'ESTADO-M2', 'ESTADO-PXO', 'ESTADO-W2', 'ESTADO-XO', 'P-JUS-BS', 'P-JUS-CKP', 'P-MON-CKGL', 'P-MON-SDV-P', 'PT-P', 'QBS', 'T-MON-CKP']",0
dataset/4/WELL-00014_20170916230042.parquet,WELL-00014_20170916230042.parquet,4,REAL,WELL-00014,10759,1.0,10758.0,3600,3600,3600,0,3600,False,{'4': 7159},13,"['ESTADO-DHSV', 'ESTADO-M1', 'ESTADO-M2', 'ESTADO-PXO', 'ESTADO-W2', 'ESTADO-XO', 'P-JUS-BS', 'P-JUS-CKP', 'P-MON-CKGL', 'P-MON-SDV-P', 'PT-P', 'QBS', 'T-MON-CKP']",0
dataset/4/WELL-00014_20170917010012.parquet,WELL-00014_20170917010012.parquet,4,REAL,WELL-00014,10721,1.0,10720.0,3600,3600,3600,0,3600,False,{'4': 7121},13,"['ESTADO-DHSV', 'ESTADO-M1', 'ESTADO-M2', 'ESTADO-PXO', 'ESTADO-W2', 'ESTADO-XO', 'P-JUS-BS', 'P-JUS-CKP', 'P-MON-CKGL', 'P-MON-SDV-P', 'PT-P', 'QBS', 'T-MON-CKP']",12
dataset/4/WELL-00014_20170917030228.parquet,WELL-00014_20170917030228.parquet,4,REAL,WELL-00014,10653,1.0,10652.0,3600,3600,3600,0,3600,False,{'4': 7053},13,"['ESTADO-DHSV', 'ESTADO-M1', 'ESTADO-M2', 'ESTADO-PXO', 'ESTADO-W2', 'ESTADO-XO', 'P-JUS-BS', 'P-JUS-CKP', 'P-MON-CKGL', 'P-MON-SDV-P', 'PT-P', 'QBS', 'T-MON-CKP']",0
dataset/4/WELL-00014_20170917050111.parquet,WELL-00014_20170917050111.parquet,4,REAL,WELL-00014,10650,1.0,10649.0,3600,3600,3600,0,3600,False,{'4': 7050},13,"['ESTADO-DHSV', 'ESTADO-M1', 'ESTADO-M2', 'ESTADO-PXO', 'ESTADO-W2', 'ESTADO-XO', 'P-JUS-BS', 'P-JUS-CKP', 'P-MON-CKGL', 'P-MON-SDV-P', 'PT-P', 'QBS', 'T-MON-CKP']",4
dataset/4/WELL-00014_20170917070112.parquet,WELL-00014_20170917070112.parquet,4,REAL,WELL-00014,10729,1.0,10728.0,3600,3600,3600,0,3600,False,{'4': 7129},13,"['ESTADO-DHSV', 'ESTADO-M1', 'ESTADO-M2', 'ESTADO-PXO', 'ESTADO-W2', 'ESTADO-XO', 'P-JUS-BS', 'P-JUS-CKP', 'P-MON-CKGL', 'P-MON-SDV-P', 'PT-P', 'QBS', 'T-MON-CKP']",0
dataset/4/WELL-00014_20170917090055.parquet,WELL-00014_20170917090055.parquet,4,REAL,WELL-00014,10746,1.0,10745.0,3600,3600,3600,0,3600,False,{'4': 7146},13,"['ESTADO-DHSV', 'ESTADO-M1', 'ESTADO-M2', 'ESTADO-PXO', 'ESTADO-W2', 'ESTADO-XO', 'P-JUS-BS', 'P-JUS-CKP', 'P-MON-CKGL', 'P-MON-SDV-P', 'PT-P', 'QBS', 'T-MON-CKP']",0
dataset/4/WELL-00014_20170917110016.parquet,WELL-00014_20170917110016.parquet,4,REAL,WELL-00014,10763,1.0,10762.0,3600,3600,3600,0,3600,False,{'4': 7163},13,"['ESTADO-DHSV', 'ESTADO-M1', 'ESTADO-M2', 'ESTADO-PXO', 'ESTADO-W2', 'ESTADO-XO', 'P-JUS-BS', 'P-JUS-CKP', 'P-MON-CKGL', 'P-MON-SDV-P', 'PT-P', 'QBS', 'T-MON-CKP']",14
dataset/4/WELL-00014_20170923150033.parquet,WELL-00014_20170923150033.parquet,4,REAL,WELL-00014,10768,1.0,10767.0,3600,3600,3600,0,3600,False,{'4': 7168},13,"['ESTADO-DHSV', 'ESTADO-M1', 'ESTADO-M2', 'ESTADO-PXO', 'ESTADO-W2', 'ESTADO-XO', 'P-JUS-BS', 'P-JUS-CKP', 'P-MON-CKGL', 'P-MON-SDV-P', 'PT-P', 'QBS', 'T-MON-CKP']",0
dataset/4/WELL-00014_20170923170059.parquet,WELL-00014_20170923170059.parquet,4,REAL,WELL-00014,10742,1.0,10741.0,3600,3600,3600,0,3600,False,{'4': 7142},13,"['ESTADO-DHSV', 'ESTADO-M1', 'ESTADO-M2', 'ESTADO-PXO', 'ESTADO-W2', 'ESTADO-XO', 'P-JUS-BS', 'P-JUS-CKP', 'P-MON-CKGL', 'P-MON-SDV-P', 'PT-P', 'QBS', 'T-MON-CKP']",0
dataset/4/WELL-00014_20170923190120.parquet,WELL-00014_20170923190120.parquet,4,REAL,WELL-00014,10721,1.0,10720.0,3600,3600,3600,0,3600,False,{'4': 7121},13,"['ESTADO-DHSV', 'ESTADO-M1', 'ESTADO-M2', 'ESTADO-PXO', 'ESTADO-W2', 'ESTADO-XO', 'P-JUS-BS', 'P-JUS-CKP', 'P-MON-CKGL', 'P-MON-SDV-P', 'PT-P', 'QBS', 'T-MON-CKP']",0
dataset/4/WELL-00014_20170924160050.parquet,WELL-00014_20170924160050.parquet,4,REAL,WELL-00014,10751,1.0,10750.0,3600,3600,3600,0,3600,False,{'4': 7151},13,"['ESTADO-DHSV', 'ESTADO-M1', 'ESTADO-M2', 'ESTADO-PXO', 'ESTADO-W2', 'ESTADO-XO', 'P-JUS-BS', 'P-JUS-CKP', 'P-MON-CKGL', 'P-MON-SDV-P', 'PT-P', 'QBS', 'T-MON-CKP']",0
dataset/5/WELL-00015_20170620122925.parquet,WELL-00015_20170620122925.parquet,5,REAL,WELL-00015,24868,1.0,24867.0,3600,3600,15027,11427,15027,True,"{'0': 11427, '5': 661, '105': 9180}",7,"['P-JUS-BS', 'P-JUS-CKP', 'P-MON-CKGL', 'P-MON-SDV-P', 'PT-P', 'QBS', 'T-MON-CKP']",0
dataset/5/WELL-00016_20180405005319.parquet,WELL-00016_20180405005319.parquet,5,REAL,WELL-00016,7537,1.0,7536.0,3600,3600,5376,1776,5376,True,"{'0': 1776, '5': 110, '105': 2051}",8,"['ESTADO-SDV-P', 'P-JUS-BS', 'P-JUS-CKP', 'P-MON-CKGL', 'P-MON-SDV-P', 'PT-P', 'QBS', 'T-MON-CKP']",0
dataset/5/WELL-00016_20180426131710.parquet,WELL-00016_20180426131710.parquet,5,REAL,WELL-00016,5215,1.0,5214.0,3600,3600,4101,501,4101,True,"{'0': 501, '105': 1114}",7,"['P-JUS-BS', 'P-JUS-CKP', 'P-MON-CKGL', 'P-MON-SDV-P', 'PT-P', 'QBS', 'T-MON-CKP']",0
dataset/5/WELL-00016_20180426135108.parquet,WELL-00016_20180426135108.parquet,5,REAL,WELL-00016,6793,1.0,6792.0,3600,3600,3975,375,3975,True,"{'0': 375, '5': 254, '105': 2564}",7,"['P-JUS-BS', 'P-JUS-CKP', 'P-MON-CKGL', 'P-MON-SDV-P', 'PT-P', 'QBS', 'T-MON-CKP']",0
dataset/5/WELL-00016_20180517212322.parquet,WELL-00016_20180517212322.parquet,5,REAL,WELL-00016,15574,1.0,15573.0,3600,3600,4934,1334,4934,True,"{'0': 1334, '5': 7529, '105': 3111}",7,"['P-JUS-BS', 'P-JUS-CKP', 'P-MON-CKGL', 'P-MON-SDV-P', 'PT-P', 'QBS', 'T-MON-CKP']",0
dataset/5/WELL-00020_20140314144539.parquet,WELL-00020_20140314144539.parquet,5,REAL,WELL-00020,150456,1.0,150455.0,3600,3600,11108,7508,11108,True,"{'0': 7508, '5': 1821, '105': 137527}",9,"['ABER-CKGL', 'ABER-CKP', 'P-JUS-BS', 'P-JUS-CKP', 'P-MON-CKGL', 'P-MON-SDV-P', 'PT-P', 'QBS', 'T-MON-CKP']",18
dataset/5/WELL-00020_20140317130658.parquet,WELL-00020_20140317130658.parquet,5,REAL,WELL-00020,44583,1.0,44582.0,3600,3600,12441,8841,12441,True,"{'0': 8841, '5': 985, '105': 31157}",9,"['ABER-CKGL', 'ABER-CKP', 'P-JUS-BS', 'P-JUS-CKP', 'P-MON-CKGL', 'P-MON-SDV-P', 'PT-P', 'QBS', 'T-MON-CKP']",0
dataset/5/WELL-00020_20140318005900.parquet,WELL-00020_20140318005900.parquet,5,REAL,WELL-00020,46739,1.0,46738.0,3600,3600,7227,3627,7227,True,"{'0': 3627, '105': 39512}",9,"['ABER-CKGL', 'ABER-CKP', 'P-JUS-BS', 'P-JUS-CKP', 'P-MON-CKGL', 'P-MON-SDV-P', 'PT-P', 'QBS', 'T-MON-CKP']",0
dataset/5/WELL-00020_20140318135038.parquet,WELL-00020_20140318135038.parquet,5,REAL,WELL-00020,43763,1.0,43762.0,3600,3600,11725,8125,11725,True,"{'0': 8125, '105': 32038}",9,"['ABER-CKGL', 'ABER-CKP', 'P-JUS-BS', 'P-JUS-CKP', 'P-MON-CKGL', 'P-MON-SDV-P', 'PT-P', 'QBS', 'T-MON-CKP']",0
dataset/5/WELL-00020_20140319021600.parquet,WELL-00020_20140319021600.parquet,5,REAL,WELL-00020,31441,1.0,31440.0,3600,3600,13530,9930,13530,True,"{'0': 9930, '105': 17911}",9,"['ABER-CKGL', 'ABER-CKP', 'P-JUS-BS', 'P-JUS-CKP', 'P-MON-CKGL', 'P-MON-SDV-P', 'PT-P', 'QBS', 'T-MON-CKP']",0
dataset/5/WELL-00020_20140319110000.parquet,WELL-00020_20140319110000.parquet,5,REAL,WELL-00020,62439,1.0,62438.0,3600,3600,16087,12487,16087,True,"{'0': 12487, '5': 1845, '105': 44507}",9,"['ABER-CKGL', 'ABER-CKP', 'P-JUS-BS', 'P-JUS-CKP', 'P-MON-CKGL', 'P-MON-SDV-P', 'PT-P', 'QBS', 'T-MON-CKP']",0
dataset/6/WELL-00002_20140212160333.parquet,WELL-00002_20140212160333.parquet,6,REAL,WELL-00002,27970,1.0,27969.0,3600,3600,18617,15017,18617,True,"{'0': 15017, '6': 6868, '106': 2485}",23,"['ABER-CKGL', 'ABER-CKP', 'ESTADO-DHSV', 'ESTADO-M1', 'ESTADO-M2', 'ESTADO-PXO', 'ESTADO-SDV-GL', 'ESTADO-SDV-P', 'ESTADO-W1', 'ESTADO-W2', 'ESTADO-XO', 'P-JUS-BS', 'P-JUS-CKGL', 'P-JUS-CKP', 'P-MON-CKGL', 'P-MON-CKP', 'P-MON-SDV-P', 'PT-P', 'QBS', 'QGL', 'T-JUS-CKP', 'T-MON-CKP', 'T-PDG']",0
dataset/6/WELL-00002_20140301141700.parquet,WELL-00002_20140301141700.parquet,6,REAL,WELL-00002,15078,1.0,15077.0,3600,3600,13462,9862,13462,True,"{'0': 9862, '6': 834, '106': 782}",23,"['ABER-CKGL', 'ABER-CKP', 'ESTADO-DHSV', 'ESTADO-M1', 'ESTADO-M2', 'ESTADO-PXO', 'ESTADO-SDV-GL', 'ESTADO-SDV-P', 'ESTADO-W1', 'ESTADO-W2', 'ESTADO-XO', 'P-JUS-BS', 'P-JUS-CKGL', 'P-JUS-CKP', 'P-MON-CKGL', 'P-MON-CKP', 'P-MON-SDV-P', 'PT-P', 'QBS', 'QGL', 'T-JUS-CKP', 'T-MON-CKP', 'T-PDG']",0
dataset/6/WELL-00002_20140325160304.parquet,WELL-00002_20140325160304.parquet,6,REAL,WELL-00002,15621,1.0,15620.0,3600,3600,9216,5616,9216,True,"{'0': 5616, '6': 5005, '106': 1400}",23,"['ABER-CKGL', 'ABER-CKP', 'ESTADO-DHSV', 'ESTADO-M1', 'ESTADO-M2', 'ESTADO-PXO', 'ESTADO-SDV-GL', 'ESTADO-SDV-P', 'ESTADO-W1', 'ESTADO-W2', 'ESTADO-XO', 'P-JUS-BS', 'P-JUS-CKGL', 'P-JUS-CKP', 'P-MON-CKGL', 'P-MON-CKP', 'P-MON-SDV-P', 'PT-P', 'QBS', 'QGL', 'T-JUS-CKP', 'T-MON-CKP', 'T-PDG']",0
dataset/6/WELL-00004_20171031171509.parquet,WELL-00004_20171031171509.parquet,6,REAL,WELL-00004,7186,1.0,7185.0,3600,3600,6229,2629,6229,True,"{'0': 2629, '6': 268, '106': 689}",10,"['ESTADO-SDV-GL', 'P-JUS-BS', 'P-JUS-CKGL', 'P-JUS-CKP', 'P-MON-CKGL', 'P-MON-SDV-P', 'PT-P', 'QBS', 'QGL', 'T-MON-CKP']",0
dataset/6/WELL-00004_20171031181500.parquet,WELL-00004_20171031181500.parquet,6,REAL,WELL-00004,5604,1.0,5603.0,3600,3600,4926,1326,4926,True,"{'0': 1326, '6': 154, '106': 524}",10,"['ESTADO-SDV-GL', 'P-JUS-BS', 'P-JUS-CKGL', 'P-JUS-CKP', 'P-MON-CKGL', 'P-MON-SDV-P', 'PT-P', 'QBS', 'QGL', 'T-MON-CKP']",0
dataset/6/WELL-00004_20171031184839.parquet,WELL-00004_20171031184839.parquet,6,REAL,WELL-00004,6018,1.0,6017.0,3600,3600,5173,1573,5173,True,"{'0': 1573, '6': 156, '106': 689}",10,"['ESTADO-SDV-GL', 'P-JUS-BS', 'P-JUS-CKGL', 'P-JUS-CKP', 'P-MON-CKGL', 'P-MON-SDV-P', 'PT-P', 'QBS', 'QGL', 'T-MON-CKP']",0
dataset/7/WELL-00001_20170226130146.parquet,WELL-00001_20170226130146.parquet,7,REAL,WELL-00001,76633,1.0,76632.0,3600,3600,37350,33750,37350,True,"{'0': 33750, '7': 948, '107': 38335}",9,"['ABER-CKGL', 'ABER-CKP', 'P-JUS-BS', 'P-JUS-CKP', 'P-MON-CKGL', 'P-MON-SDV-P', 'PT-P', 'QBS', 'T-MON-CKP']",0
dataset/7/WELL-00006_20180618103000.parquet,WELL-00006_20180618103000.parquet,7,REAL,WELL-00006,131769,1.0,131768.0,3600,3600,9001,5401,9001,True,"{'0': 5401, '7': 3266, '107': 119502}",9,"['ABER-CKGL', 'ABER-CKP', 'P-JUS-BS', 'P-JUS-CKP', 'P-MON-CKGL', 'P-MON-SDV-P', 'PT-P', 'QBS', 'T-MON-CKP']",18
dataset/7/WELL-00006_20180620152903.parquet,WELL-00006_20180620152903.parquet,7,REAL,WELL-00006,116848,1.0,116847.0,3600,3600,16105,12505,16105,True,"{'0': 12505, '7': 21162, '107': 79581}",9,"['ABER-CKGL', 'ABER-CKP', 'P-JUS-BS', 'P-JUS-CKP', 'P-MON-CKGL', 'P-MON-SDV-P', 'PT-P', 'QBS', 'T-MON-CKP']",0
dataset/7/WELL-00021_20180611011218.parquet,WELL-00021_20180611011218.parquet,7,REAL,WELL-00021,46574,1.0,46573.0,3600,3600,21108,17508,21108,True,"{'0': 17508, '7': 1791, '107': 23675}",16,"['ABER-CKGL', 'ABER-CKP', 'ESTADO-DHSV', 'ESTADO-M1', 'ESTADO-M2', 'ESTADO-PXO', 'ESTADO-W1', 'ESTADO-W2', 'ESTADO-XO', 'P-JUS-BS', 'P-JUS-CKP', 'P-MON-CKGL', 'P-MON-SDV-P', 'PT-P', 'QBS', 'T-MON-CKP']",0
dataset/7/WELL-00021_20190403013307.parquet,WELL-00021_20190403013307.parquet,7,REAL,WELL-00021,48414,1.0,48413.0,3600,3600,30358,26758,30358,True,"{'0': 26758, '107': 18056}",16,"['ABER-CKGL', 'ABER-CKP', 'ESTADO-DHSV', 'ESTADO-M1', 'ESTADO-M2', 'ESTADO-PXO', 'ESTADO-W1', 'ESTADO-W2', 'ESTADO-XO', 'P-JUS-BS', 'P-JUS-CKP', 'P-MON-CKGL', 'P-MON-SDV-P', 'PT-P', 'QBS', 'T-MON-CKP']",0
dataset/7/WELL-00022_20180802233838.parquet,WELL-00022_20180802233838.parquet,7,REAL,WELL-00022,303683,1.0,303682.0,3600,3600,86206,82606,86206,True,"{'0': 82606, '107': 217477}",9,"['ESTADO-SDV-GL', 'P-JUS-BS', 'P-JUS-CKP', 'P-MON-CKGL', 'P-MON-SDV-P', 'PT-P', 'QBS', 'QGL', 'T-MON-CKP']",0
dataset/7/WELL-00022_20180912025800.parquet,WELL-00022_20180912025800.parquet,7,REAL,WELL-00022,561721,1.0,561720.0,3600,3600,29128,25528,29128,True,"{'0': 25528, '107': 532593}",9,"['ESTADO-SDV-GL', 'P-JUS-BS', 'P-JUS-CKP', 'P-MON-CKGL', 'P-MON-SDV-P', 'PT-P', 'QBS', 'QGL', 'T-MON-CKP']",0
dataset/7/WELL-00022_20180919003240.parquet,WELL-00022_20180919003240.parquet,7,REAL,WELL-00022,289641,1.0,289640.0,3600,3600,39477,35877,39477,True,"{'0': 35877, '107': 250164}",9,"['ESTADO-SDV-GL', 'P-JUS-BS', 'P-JUS-CKP', 'P-MON-CKGL', 'P-MON-SDV-P', 'PT-P', 'QBS', 'QGL', 'T-MON-CKP']",0
dataset/7/WELL-00022_20180925003447.parquet,WELL-00022_20180925003447.parquet,7,REAL,WELL-00022,768314,1.0,768313.0,3600,3600,52667,49067,52667,True,"{'0': 49067, '107': 715647}",9,"['ESTADO-SDV-GL', 'P-JUS-BS', 'P-JUS-CKP', 'P-MON-CKGL', 'P-MON-SDV-P', 'PT-P', 'QBS', 'QGL', 'T-MON-CKP']",0
dataset/7/WELL-00022_20181007080700.parquet,WELL-00022_20181007080700.parquet,7,REAL,WELL-00022,395581,1.0,395580.0,3600,3600,81121,77521,81121,True,"{'0': 77521, '107': 314460}",9,"['ESTADO-SDV-GL', 'P-JUS-BS', 'P-JUS-CKP', 'P-MON-CKGL', 'P-MON-SDV-P', 'PT-P', 'QBS', 'QGL', 'T-MON-CKP']",18
dataset/7/WELL-00022_20181020133850.parquet,WELL-00022_20181020133850.parquet,7,REAL,WELL-00022,179400,1.0,179399.0,3600,3600,37667,34067,37667,True,"{'0': 34067, '107': 141733}",9,"['ESTADO-SDV-GL', 'P-JUS-BS', 'P-JUS-CKP', 'P-MON-CKGL', 'P-MON-SDV-P', 'PT-P', 'QBS', 'QGL', 'T-MON-CKP']",0
dataset/7/WELL-00022_20181026005827.parquet,WELL-00022_20181026005827.parquet,7,REAL,WELL-00022,487883,1.0,487882.0,3600,3600,105363,101763,105363,True,"{'0': 101763, '107': 382520}",9,"['ESTADO-SDV-GL', 'P-JUS-BS', 'P-JUS-CKP', 'P-MON-CKGL', 'P-MON-SDV-P', 'PT-P', 'QBS', 'QGL', 'T-MON-CKP']",10
dataset/7/WELL-00022_20181101193049.parquet,WELL-00022_20181101193049.parquet,7,REAL,WELL-00022,116952,1.0,116951.0,3600,3600,27329,23729,27329,True,"{'0': 23729, '107': 89623}",9,"['ESTADO-SDV-GL', 'P-JUS-BS', 'P-JUS-CKP', 'P-MON-CKGL', 'P-MON-SDV-P', 'PT-P', 'QBS', 'QGL', 'T-MON-CKP']",0
dataset/7/WELL-00023_20180826212652.parquet,WELL-00023_20180826212652.parquet,7,REAL,WELL-00023,559989,1.0,559988.0,3600,3600,35048,31448,35048,True,"{'0': 31448, '107': 524941}",24,"['ABER-CKGL', 'ABER-CKP', 'ESTADO-DHSV', 'ESTADO-M1', 'ESTADO-M2', 'ESTADO-PXO', 'ESTADO-SDV-GL', 'ESTADO-W1', 'ESTADO-W2', 'ESTADO-XO', 'P-ANULAR', 'P-JUS-BS', 'P-JUS-CKP', 'P-MON-CKGL', 'P-MON-SDV-P', 'P-PDG', 'PT-P', 'P-TPT', 'QBS', 'QGL', 'T-JUS-CKP', 'T-MON-CKP', 'T-PDG', 'T-TPT']",0
dataset/7/WELL-00023_20181014121654.parquet,WELL-00023_20181014121654.parquet,7,REAL,WELL-00023,286987,1.0,286986.0,3600,3600,68966,65366,68966,True,"{'0': 65366, '107': 218021}",22,"['ABER-CKGL', 'ABER-CKP', 'ESTADO-DHSV', 'ESTADO-M1', 'ESTADO-M2', 'ESTADO-PXO', 'ESTADO-SDV-GL', 'ESTADO-W1', 'ESTADO-W2', 'ESTADO-XO', 'P-ANULAR', 'P-JUS-BS', 'P-JUS-CKP', 'P-MON-CKGL', 'P-MON-SDV-P', 'P-PDG', 'PT-P', 'P-TPT', 'QBS', 'QGL', 'T-JUS-CKP', 'T-MON-CKP']",2
dataset/7/WELL-00023_20181019115124.parquet,WELL-00023_20181019115124.parquet,7,REAL,WELL-00023,486517,1.0,486516.0,3600,3600,68720,65120,68720,True,"{'0': 65120, '107': 417797}",22,"['ABER-CKGL', 'ABER-CKP', 'ESTADO-DHSV', 'ESTADO-M1', 'ESTADO-M2', 'ESTADO-PXO', 'ESTADO-SDV-GL', 'ESTADO-W1', 'ESTADO-W2', 'ESTADO-XO', 'P-ANULAR', 'P-JUS-BS', 'P-JUS-CKP', 'P-MON-CKGL', 'P-MON-SDV-P', 'P-PDG', 'PT-P', 'P-TPT', 'QBS', 'QGL', 'T-JUS-CKP', 'T-MON-CKP']",0
dataset/7/WELL-00023_20181030045054.parquet,WELL-00023_20181030045054.parquet,7,REAL,WELL-00023,227337,1.0,227336.0,3600,3600,25550,21950,25550,True,"{'0': 21950, '107': 201787}",22,"['ABER-CKGL', 'ABER-CKP', 'ESTADO-DHSV', 'ESTADO-M1', 'ESTADO-M2', 'ESTADO-PXO', 'ESTADO-SDV-GL', 'ESTADO-W1', 'ESTADO-W2', 'ESTADO-XO', 'P-ANULAR', 'P-JUS-BS', 'P-JUS-CKP', 'P-MON-CKGL', 'P-MON-SDV-P', 'P-PDG', 'PT-P', 'P-TPT', 'QBS', 'QGL', 'T-JUS-CKP', 'T-MON-CKP']",3
dataset/7/WELL-00024_20160704180000.parquet,WELL-00024_20160704180000.parquet,7,REAL,WELL-00024,154801,1.0,154800.0,3600,3600,7290,3690,7290,True,"{'0': 3690, '107': 147511}",17,"['ABER-CKGL', 'ABER-CKP', 'ESTADO-DHSV', 'ESTADO-M1', 'ESTADO-M2', 'ESTADO-PXO', 'ESTADO-W1', 'ESTADO-W2', 'ESTADO-XO', 'P-ANULAR', 'P-JUS-BS', 'P-JUS-CKP', 'P-MON-CKGL', 'P-MON-SDV-P', 'PT-P', 'QBS', 'T-MON-CKP']",0
dataset/7/WELL-00024_20160708024918.parquet,WELL-00024_20160708024918.parquet,7,REAL,WELL-00024,207592,1.0,207591.0,3600,3600,7685,4085,7685,True,"{'0': 4085, '107': 199907}",16,"['ABER-CKGL', 'ABER-CKP', 'ESTADO-DHSV', 'ESTADO-M1', 'ESTADO-M2', 'ESTADO-PXO', 'ESTADO-W1', 'ESTADO-W2', 'ESTADO-XO', 'P-JUS-BS', 'P-JUS-CKP', 'P-MON-CKGL', 'P-MON-SDV-P', 'PT-P', 'QBS', 'T-MON-CKP']",11
dataset/7/WELL-00024_20160712123044.parquet,WELL-00024_20160712123044.parquet,7,REAL,WELL-00024,398146,1.0,398145.0,3600,3600,29283,25683,29283,True,"{'0': 25683, '107': 368863}",16,"['ABER-CKGL', 'ABER-CKP', 'ESTADO-DHSV', 'ESTADO-M1', 'ESTADO-M2', 'ESTADO-PXO', 'ESTADO-W1', 'ESTADO-W2', 'ESTADO-XO', 'P-JUS-BS', 'P-JUS-CKP', 'P-MON-CKGL', 'P-MON-SDV-P', 'PT-P', 'QBS', 'T-MON-CKP']",11
dataset/7/WELL-00024_20160720230624.parquet,WELL-00024_20160720230624.parquet,7,REAL,WELL-00024,120217,1.0,120216.0,3600,3600,45474,41874,45474,True,"{'0': 41874, '107': 74743}",16,"['ABER-CKGL', 'ABER-CKP', 'ESTADO-DHSV', 'ESTADO-M1', 'ESTADO-M2', 'ESTADO-PXO', 'ESTADO-W1', 'ESTADO-W2', 'ESTADO-XO', 'P-JUS-BS', 'P-JUS-CKP', 'P-MON-CKGL', 'P-MON-SDV-P', 'PT-P', 'QBS', 'T-MON-CKP']",1
dataset/7/WELL-00024_20160722105543.parquet,WELL-00024_20160722105543.parquet,7,REAL,WELL-00024,194613,1.0,194612.0,3600,3600,36076,32476,36076,True,"{'0': 32476, '107': 158537}",16,"['ABER-CKGL', 'ABER-CKP', 'ESTADO-DHSV', 'ESTADO-M1', 'ESTADO-M2', 'ESTADO-PXO', 'ESTADO-W1', 'ESTADO-W2', 'ESTADO-XO', 'P-JUS-BS', 'P-JUS-CKP', 'P-MON-CKGL', 'P-MON-SDV-P', 'PT-P', 'QBS', 'T-MON-CKP']",11
dataset/7/WELL-00024_20160729172014.parquet,WELL-00024_20160729172014.parquet,7,REAL,WELL-00024,137813,1.0,137812.0,3600,3600,20473,16873,20473,True,"{'0': 16873, '107': 117340}",16,"['ABER-CKGL', 'ABER-CKP', 'ESTADO-DHSV', 'ESTADO-M1', 'ESTADO-M2', 'ESTADO-PXO', 'ESTADO-W1', 'ESTADO-W2', 'ESTADO-XO', 'P-JUS-BS', 'P-JUS-CKP', 'P-MON-CKGL', 'P-MON-SDV-P', 'PT-P', 'QBS', 'T-MON-CKP']",11
dataset/7/WELL-00024_20160802001614.parquet,WELL-00024_20160802001614.parquet,7,REAL,WELL-00024,292290,1.0,292289.0,3600,3600,10423,6823,10423,True,"{'0': 6823, '107': 281867}",16,"['ABER-CKGL', 'ABER-CKP', 'ESTADO-DHSV', 'ESTADO-M1', 'ESTADO-M2', 'ESTADO-PXO', 'ESTADO-W1', 'ESTADO-W2', 'ESTADO-XO', 'P-JUS-BS', 'P-JUS-CKP', 'P-MON-CKGL', 'P-MON-SDV-P', 'PT-P', 'QBS', 'T-MON-CKP']",11
dataset/7/WELL-00024_20160810123500.parquet,WELL-00024_20160810123500.parquet,7,REAL,WELL-00024,104101,1.0,104100.0,3600,3600,7234,3634,7234,True,"{'0': 3634, '107': 96867}",18,"['ABER-CKGL', 'ABER-CKP', 'ESTADO-DHSV', 'ESTADO-M1', 'ESTADO-M2', 'ESTADO-PXO', 'ESTADO-W1', 'ESTADO-W2', 'ESTADO-XO', 'P-JUS-BS', 'P-JUS-CKP', 'P-MON-CKGL', 'P-MON-SDV-P', 'P-PDG', 'PT-P', 'QBS', 'T-MON-CKP', 'T-PDG']",1
dataset/7/WELL-00024_20160825100303.parquet,WELL-00024_20160825100303.parquet,7,REAL,WELL-00024,82618,1.0,82617.0,3600,3600,39596,35996,39596,True,"{'0': 35996, '107': 43022}",16,"['ABER-CKGL', 'ABER-CKP', 'ESTADO-DHSV', 'ESTADO-M1', 'ESTADO-M2', 'ESTADO-PXO', 'ESTADO-W1', 'ESTADO-W2', 'ESTADO-XO', 'P-JUS-BS', 'P-JUS-CKP', 'P-MON-CKGL', 'P-MON-SDV-P', 'PT-P', 'QBS', 'T-MON-CKP']",10
dataset/7/WELL-00024_20160828150330.parquet,WELL-00024_20160828150330.parquet,7,REAL,WELL-00024,64591,1.0,64590.0,3600,3600,10681,7081,10681,True,"{'0': 7081, '107': 53910}",16,"['ABER-CKGL', 'ABER-CKP', 'ESTADO-DHSV', 'ESTADO-M1', 'ESTADO-M2', 'ESTADO-PXO', 'ESTADO-W1', 'ESTADO-W2', 'ESTADO-XO', 'P-JUS-BS', 'P-JUS-CKP', 'P-MON-CKGL', 'P-MON-SDV-P', 'PT-P', 'QBS', 'T-MON-CKP']",2
dataset/7/WELL-00024_20160830190958.parquet,WELL-00024_20160830190958.parquet,7,REAL,WELL-00024,98403,1.0,98402.0,3600,3600,10447,6847,10447,True,"{'0': 6847, '107': 87956}",16,"['ABER-CKGL', 'ABER-CKP', 'ESTADO-DHSV', 'ESTADO-M1', 'ESTADO-M2', 'ESTADO-PXO', 'ESTADO-W1', 'ESTADO-W2', 'ESTADO-XO', 'P-JUS-BS', 'P-JUS-CKP', 'P-MON-CKGL', 'P-MON-SDV-P', 'PT-P', 'QBS', 'T-MON-CKP']",0
dataset/7/WELL-00024_20160906211412.parquet,WELL-00024_20160906211412.parquet,7,REAL,WELL-00024,125149,1.0,125148.0,3600,3600,9998,6398,9998,True,"{'0': 6398, '107': 115151}",16,"['ABER-CKGL', 'ABER-CKP', 'ESTADO-DHSV', 'ESTADO-M1', 'ESTADO-M2', 'ESTADO-PXO', 'ESTADO-W1', 'ESTADO-W2', 'ESTADO-XO', 'P-JUS-BS', 'P-JUS-CKP', 'P-MON-CKGL', 'P-MON-SDV-P', 'PT-P', 'QBS', 'T-MON-CKP']",0
dataset/7/WELL-00024_20160909220000.parquet,WELL-00024_20160909220000.parquet,7,REAL,WELL-00024,118801,1.0,118800.0,3600,3600,71962,68362,71962,True,"{'0': 68362, '107': 46839}",16,"['ABER-CKGL', 'ABER-CKP', 'ESTADO-DHSV', 'ESTADO-M1', 'ESTADO-M2', 'ESTADO-PXO', 'ESTADO-W1', 'ESTADO-W2', 'ESTADO-XO', 'P-JUS-BS', 'P-JUS-CKP', 'P-MON-CKGL', 'P-MON-SDV-P', 'PT-P', 'QBS', 'T-MON-CKP']",1
dataset/7/WELL-00024_20160911063934.parquet,WELL-00024_20160911063934.parquet,7,REAL,WELL-00024,48001,1.0,48000.0,3600,3600,5481,1881,5481,True,"{'0': 1881, '107': 42520}",16,"['ABER-CKGL', 'ABER-CKP', 'ESTADO-DHSV', 'ESTADO-M1', 'ESTADO-M2', 'ESTADO-PXO', 'ESTADO-W1', 'ESTADO-W2', 'ESTADO-XO', 'P-JUS-BS', 'P-JUS-CKP', 'P-MON-CKGL', 'P-MON-SDV-P', 'PT-P', 'QBS', 'T-MON-CKP']",11
dataset/7/WELL-00024_20160920153331.parquet,WELL-00024_20160920153331.parquet,7,REAL,WELL-00024,24990,1.0,24989.0,3600,3600,10024,6424,10024,True,"{'0': 6424, '107': 14966}",16,"['ABER-CKGL', 'ABER-CKP', 'ESTADO-DHSV', 'ESTADO-M1', 'ESTADO-M2', 'ESTADO-PXO', 'ESTADO-W1', 'ESTADO-W2', 'ESTADO-XO', 'P-JUS-BS', 'P-JUS-CKP', 'P-MON-CKGL', 'P-MON-SDV-P', 'PT-P', 'QBS', 'T-MON-CKP']",1
dataset/7/WELL-00024_20160923141645.parquet,WELL-00024_20160923141645.parquet,7,REAL,WELL-00024,56167,1.0,56166.0,3600,3600,9771,6171,9771,True,"{'0': 6171, '7': 3172, '107': 43224}",16,"['ABER-CKGL', 'ABER-CKP', 'ESTADO-DHSV', 'ESTADO-M1', 'ESTADO-M2', 'ESTADO-PXO', 'ESTADO-W1', 'ESTADO-W2', 'ESTADO-XO', 'P-JUS-BS', 'P-JUS-CKP', 'P-MON-CKGL', 'P-MON-SDV-P', 'PT-P', 'QBS', 'T-MON-CKP']",0
dataset/7/WELL-00024_20160926072123.parquet,WELL-00024_20160926072123.parquet,7,REAL,WELL-00024,189303,1.0,189302.0,3600,3600,12327,8727,12327,True,"{'0': 8727, '107': 176976}",16,"['ABER-CKGL', 'ABER-CKP', 'ESTADO-DHSV', 'ESTADO-M1', 'ESTADO-M2', 'ESTADO-PXO', 'ESTADO-W1', 'ESTADO-W2', 'ESTADO-XO', 'P-JUS-BS', 'P-JUS-CKP', 'P-MON-CKGL', 'P-MON-SDV-P', 'PT-P', 'QBS', 'T-MON-CKP']",11
dataset/7/WELL-00024_20161001112049.parquet,WELL-00024_20161001112049.parquet,7,REAL,WELL-00024,185952,1.0,185951.0,3600,3600,22223,18623,22223,True,"{'0': 18623, '107': 163729}",16,"['ABER-CKGL', 'ABER-CKP', 'ESTADO-DHSV', 'ESTADO-M1', 'ESTADO-M2', 'ESTADO-PXO', 'ESTADO-W1', 'ESTADO-W2', 'ESTADO-XO', 'P-JUS-BS', 'P-JUS-CKP', 'P-MON-CKGL', 'P-MON-SDV-P', 'PT-P', 'QBS', 'T-MON-CKP']",0
dataset/7/WELL-00024_20161026065657.parquet,WELL-00024_20161026065657.parquet,7,REAL,WELL-00024,177154,1.0,177153.0,3600,3600,26412,22812,26412,True,"{'0': 22812, '107': 150742}",16,"['ABER-CKGL', 'ABER-CKP', 'ESTADO-DHSV', 'ESTADO-M1', 'ESTADO-M2', 'ESTADO-PXO', 'ESTADO-W1', 'ESTADO-W2', 'ESTADO-XO', 'P-JUS-BS', 'P-JUS-CKP', 'P-MON-CKGL', 'P-MON-SDV-P', 'PT-P', 'QBS', 'T-MON-CKP']",10
dataset/8/WELL-00019_20120601165020.parquet,WELL-00019_20120601165020.parquet,8,REAL,WELL-00019,243137,1.0,243136.0,3600,3600,106391,102791,106391,True,"{'0': 102791, '8': 20558, '108': 116188}",9,"['ABER-CKGL', 'ESTADO-DHSV', 'P-ANULAR', 'P-JUS-BS', 'P-MON-CKGL', 'P-MON-SDV-P', 'PT-P', 'QBS', 'T-JUS-CKP']",0
dataset/8/WELL-00019_20141117190526.parquet,WELL-00019_20141117190526.parquet,8,REAL,WELL-00019,314604,1.0,314603.0,3600,3600,44534,40934,44534,True,"{'0': 40934, '8': 8236, '108': 261834}",9,"['ABER-CKGL', 'ESTADO-DHSV', 'P-ANULAR', 'P-JUS-BS', 'P-MON-CKGL', 'P-MON-SDV-P', 'PT-P', 'QBS', 'T-JUS-CKP']",0
dataset/8/WELL-00019_20150614025713.parquet,WELL-00019_20150614025713.parquet,8,REAL,WELL-00019,167599,1.0,167598.0,3600,3600,56161,52561,56161,True,"{'0': 52561, '8': 1963, '108': 109475}",9,"['ABER-CKGL', 'ESTADO-DHSV', 'P-ANULAR', 'P-JUS-BS', 'P-MON-CKGL', 'P-MON-SDV-P', 'PT-P', 'QBS', 'T-JUS-CKP']",0
dataset/8/WELL-00019_20210617032654.parquet,WELL-00019_20210617032654.parquet,8,REAL,WELL-00019,254804,1.0,254803.0,3600,3600,54722,51122,54722,True,"{'0': 51122, '8': 8208, '108': 191874}",9,"['ABER-CKGL', 'ESTADO-DHSV', 'P-ANULAR', 'P-JUS-BS', 'P-MON-CKGL', 'P-MON-SDV-P', 'PT-P', 'QBS', 'T-JUS-CKP']",18
dataset/8/WELL-00025_20200629194141.parquet,WELL-00025_20200629194141.parquet,8,REAL,WELL-00025,722192,1.0,722191.0,3600,3600,89356,85756,89356,True,"{'0': 85756, '8': 37869, '108': 594967}",8,"['ABER-CKGL', 'P-JUS-BS', 'P-JUS-CKGL', 'P-MON-CKGL', 'P-MON-SDV-P', 'PT-P', 'QBS', 'T-JUS-CKP']",19
dataset/8/WELL-00026_20160601130000.parquet,WELL-00026_20160601130000.parquet,8,REAL,WELL-00026,187201,1.0,187200.0,3600,3600,25100,21500,25100,True,"{'0': 21500, '8': 5679, '108': 156422}",9,"['ABER-CKGL', 'P-JUS-BS', 'P-MON-CKGL', 'P-MON-SDV-P', 'PT-P', 'P-TPT', 'QBS', 'T-JUS-CKP', 'T-TPT']",0
dataset/8/WELL-00026_20170207230000.parquet,WELL-00026_20170207230000.parquet,8,REAL,WELL-00026,586201,1.0,586200.0,3600,3600,133535,129935,133535,True,"{'0': 129935, '108': 452666}",9,"['ABER-CKGL', 'P-JUS-BS', 'P-MON-CKGL', 'P-MON-SDV-P', 'PT-P', 'P-TPT', 'QBS', 'T-JUS-CKP', 'T-TPT']",0
dataset/8/WELL-00026_20170608230000.parquet,WELL-00026_20170608230000.parquet,8,REAL,WELL-00026,522001,1.0,522000.0,3600,3600,237903,234303,237903,True,"{'0': 234303, '108': 284098}",9,"['ABER-CKGL', 'P-JUS-BS', 'P-MON-CKGL', 'P-MON-SDV-P', 'PT-P', 'P-TPT', 'QBS', 'T-JUS-CKP', 'T-TPT']",0
dataset/8/WELL-00027_20230918170106.parquet,WELL-00027_20230918170106.parquet,8,REAL,WELL-00027,680420,1.0,680419.0,3600,3600,52662,49062,52662,True,"{'0': 49062, '8': 28813, '108': 598945}",13,"['ABER-CKGL', 'ABER-CKP', 'ESTADO-DHSV', 'P-ANULAR', 'P-JUS-BS', 'P-JUS-CKP', 'P-MON-CKGL', 'P-MON-SDV-P', 'P-PDG', 'PT-P', 'QBS', 'T-JUS-CKP', 'T-PDG']",0
dataset/8/WELL-00028_20210617053128.parquet,WELL-00028_20210617053128.parquet,8,REAL,WELL-00028,325379,1.0,325378.0,3600,3600,47270,43670,47270,True,"{'0': 43670, '8': 5664, '108': 272445}",10,"['ABER-CKGL', 'ESTADO-DHSV', 'P-JUS-BS', 'P-JUS-CKP', 'P-MON-CKGL', 'P-MON-SDV-P', 'PT-P', 'QBS', 'T-JUS-CKP', 'T-TPT']",17
dataset/8/WELL-00029_20201020231724.parquet,WELL-00029_20201020231724.parquet,8,REAL,WELL-00029,147226,1.0,147225.0,3600,3600,60804,57204,60804,True,"{'0': 57204, '8': 4060, '108': 82362}",6,"['ABER-CKP', 'P-JUS-BS', 'P-MON-SDV-P', 'PT-P', 'QBS', 'T-JUS-CKP']",21
dataset/8/WELL-00030_20141108012623.parquet,WELL-00030_20141108012623.parquet,8,REAL,WELL-00030,161538,1.0,161537.0,3600,3600,34934,31334,34934,True,"{'0': 31334, '8': 8434, '108': 118170}",6,"['ESTADO-DHSV', 'P-JUS-BS', 'P-MON-SDV-P', 'PT-P', 'QBS', 'T-JUS-CKP']",0
dataset/8/WELL-00031_20140403170404.parquet,WELL-00031_20140403170404.parquet,8,REAL,WELL-00031,362531,1.0,362530.0,3600,3600,29562,25962,29562,True,"{'0': 25962, '8': 2809, '108': 330160}",16,"['ABER-CKGL', 'ESTADO-DHSV', 'ESTADO-PXO', 'ESTADO-SDV-GL', 'ESTADO-SDV-P', 'P-ANULAR', 'P-JUS-BS', 'P-JUS-CKP', 'P-MON-CKGL', 'P-MON-SDV-P', 'P-PDG', 'PT-P', 'QBS', 'T-JUS-CKP', 'T-PDG', 'T-TPT']",11
dataset/8/WELL-00032_20110830235321.parquet,WELL-00032_20110830235321.parquet,8,REAL,WELL-00032,134202,1.0,134201.0,3600,3600,39763,36163,39763,True,"{'0': 36163, '8': 8627, '108': 85812}",9,"['ABER-CKGL', 'P-ANULAR', 'P-JUS-BS', 'P-JUS-CKP', 'P-MON-CKGL', 'P-MON-SDV-P', 'PT-P', 'QBS', 'T-JUS-CKP']",0
dataset/9/WELL-00010_20180517000402.parquet,WELL-00010_20180517000402.parquet,9,REAL,WELL-00010,76722,1.0,76721.0,3600,3600,-1,0,76722,False,{'0': 73122},21,"['ABER-CKGL', 'ABER-CKP', 'ESTADO-DHSV', 'ESTADO-M1', 'ESTADO-M2', 'ESTADO-PXO', 'ESTADO-W1', 'ESTADO-W2', 'ESTADO-XO', 'P-ANULAR', 'P-JUS-BS', 'P-JUS-CKP', 'P-MON-CKGL', 'P-MON-SDV-P', 'P-PDG', 'PT-P', 'P-TPT', 'QBS', 'QGL', 'T-JUS-CKP', 'T-MON-CKP']",0
dataset/9/WELL-00010_20180715083053.parquet,WELL-00010_20180715083053.parquet,9,REAL,WELL-00010,19694,1.0,19693.0,3600,3600,-1,0,19694,False,{'0': 16094},21,"['ABER-CKGL', 'ABER-CKP', 'ESTADO-DHSV', 'ESTADO-M1', 'ESTADO-M2', 'ESTADO-PXO', 'ESTADO-W1', 'ESTADO-W2', 'ESTADO-XO', 'P-ANULAR', 'P-JUS-BS', 'P-JUS-CKP', 'P-MON-CKGL', 'P-MON-SDV-P', 'P-PDG', 'PT-P', 'P-TPT', 'QBS', 'QGL', 'T-JUS-CKP', 'T-MON-CKP']",0
dataset/9/WELL-00010_20180717234051.parquet,WELL-00010_20180717234051.parquet,9,REAL,WELL-00010,18996,1.0,18995.0,3600,3600,-1,0,18996,False,{'0': 15396},21,"['ABER-CKGL', 'ABER-CKP', 'ESTADO-DHSV', 'ESTADO-M1', 'ESTADO-M2', 'ESTADO-PXO', 'ESTADO-W1', 'ESTADO-W2', 'ESTADO-XO', 'P-ANULAR', 'P-JUS-BS', 'P-JUS-CKP', 'P-MON-CKGL', 'P-MON-SDV-P', 'P-PDG', 'PT-P', 'P-TPT', 'QBS', 'QGL', 'T-JUS-CKP', 'T-MON-CKP']",0
dataset/9/WELL-00010_20180720234103.parquet,WELL-00010_20180720234103.parquet,9,REAL,WELL-00010,22674,1.0,22673.0,3600,3600,-1,0,22674,False,{'0': 19074},21,"['ABER-CKGL', 'ABER-CKP', 'ESTADO-DHSV', 'ESTADO-M1', 'ESTADO-M2', 'ESTADO-PXO', 'ESTADO-W1', 'ESTADO-W2', 'ESTADO-XO', 'P-ANULAR', 'P-JUS-BS', 'P-JUS-CKP', 'P-MON-CKGL', 'P-MON-SDV-P', 'P-PDG', 'PT-P', 'P-TPT', 'QBS', 'QGL', 'T-JUS-CKP', 'T-MON-CKP']",0
dataset/9/WELL-00010_20180723134436.parquet,WELL-00010_20180723134436.parquet,9,REAL,WELL-00010,87048,1.0,87047.0,3600,3600,-1,0,87048,False,{'0': 83448},21,"['ABER-CKGL', 'ABER-CKP', 'ESTADO-DHSV', 'ESTADO-M1', 'ESTADO-M2', 'ESTADO-PXO', 'ESTADO-W1', 'ESTADO-W2', 'ESTADO-XO', 'P-ANULAR', 'P-JUS-BS', 'P-JUS-CKP', 'P-MON-CKGL', 'P-MON-SDV-P', 'P-PDG', 'PT-P', 'P-TPT', 'QBS', 'QGL', 'T-JUS-CKP', 'T-MON-CKP']",0
dataset/9/WELL-00014_20160304155906.parquet,WELL-00014_20160304155906.parquet,9,REAL,WELL-00014,70944,1.0,70943.0,3600,3600,21783,18183,21783,True,"{'0': 18183, '109': 49161}",13,"['ESTADO-DHSV', 'ESTADO-M1', 'ESTADO-M2', 'ESTADO-PXO', 'ESTADO-W2', 'ESTADO-XO', 'P-JUS-BS', 'P-JUS-CKP', 'P-MON-CKGL', 'P-MON-SDV-P', 'PT-P', 'QBS', 'T-MON-CKP']",0
dataset/9/WELL-00014_20160306070000.parquet,WELL-00014_20160306070000.parquet,9,REAL,WELL-00014,37369,1.0,37368.0,3600,3600,18111,14511,18111,True,"{'0': 14511, '109': 19258}",13,"['ESTADO-DHSV', 'ESTADO-M1', 'ESTADO-M2', 'ESTADO-PXO', 'ESTADO-W2', 'ESTADO-XO', 'P-JUS-BS', 'P-JUS-CKP', 'P-MON-CKGL', 'P-MON-SDV-P', 'PT-P', 'QBS', 'T-MON-CKP']",0
dataset/9/WELL-00014_20170214190000.parquet,WELL-00014_20170214190000.parquet,9,REAL,WELL-00014,21601,1.0,21600.0,3600,3600,20654,17054,20654,True,"{'0': 17054, '9': 295, '109': 652}",13,"['ESTADO-DHSV', 'ESTADO-M1', 'ESTADO-M2', 'ESTADO-PXO', 'ESTADO-W2', 'ESTADO-XO', 'P-JUS-BS', 'P-JUS-CKP', 'P-MON-CKGL', 'P-MON-SDV-P', 'PT-P', 'QBS', 'T-MON-CKP']",0
dataset/9/WELL-00015_20190922060029.parquet,WELL-00015_20190922060029.parquet,9,REAL,WELL-00015,12542,1.0,12541.0,3600,3600,-1,0,12542,False,{'0': 8942},7,"['P-JUS-BS', 'P-JUS-CKP', 'P-MON-CKGL', 'P-MON-SDV-P', 'PT-P', 'QBS', 'T-MON-CKP']",0
dataset/9/WELL-00016_20150418132043.parquet,WELL-00016_20150418132043.parquet,9,REAL,WELL-00016,12471,1.0,12470.0,3600,3600,4153,553,4153,True,"{'0': 553, '9': 2117, '109': 6201}",8,"['ESTADO-DHSV', 'P-JUS-BS', 'P-JUS-CKP', 'P-MON-CKGL', 'P-MON-SDV-P', 'PT-P', 'QBS', 'T-MON-CKP']",0
dataset/9/WELL-00016_20190924191606.parquet,WELL-00016_20190924191606.parquet,9,REAL,WELL-00016,45465,1.0,45464.0,3600,3600,-1,0,45465,False,{'0': 41865},7,"['P-JUS-BS', 'P-JUS-CKP', 'P-MON-CKGL', 'P-MON-SDV-P', 'PT-P', 'QBS', 'T-MON-CKP']",0
dataset/9/WELL-00016_20190925110952.parquet,WELL-00016_20190925110952.parquet,9,REAL,WELL-00016,17101,1.0,17100.0,3600,3600,-1,0,17101,False,{'0': 13501},7,"['P-JUS-BS', 'P-JUS-CKP', 'P-MON-CKGL', 'P-MON-SDV-P', 'PT-P', 'QBS', 'T-MON-CKP']",0
dataset/9/WELL-00020_20131004225400.parquet,WELL-00020_20131004225400.parquet,9,REAL,WELL-00020,7424,1.0,7423.0,3600,3600,7242,3642,7242,True,"{'0': 3642, '109': 182}",9,"['ABER-CKGL', 'ABER-CKP', 'P-JUS-BS', 'P-JUS-CKP', 'P-MON-CKGL', 'P-MON-SDV-P', 'PT-P', 'QBS', 'T-MON-CKP']",0
dataset/9/WELL-00033_20190925190420.parquet,WELL-00033_20190925190420.parquet,9,REAL,WELL-00033,42706,1.0,42705.0,3600,3600,-1,0,42706,False,{'0': 39106},24,"['ABER-CKGL', 'ABER-CKP', 'ESTADO-DHSV', 'ESTADO-M1', 'ESTADO-M2', 'ESTADO-PXO', 'ESTADO-SDV-GL', 'ESTADO-SDV-P', 'ESTADO-W1', 'ESTADO-W2', 'ESTADO-XO', 'P-ANULAR', 'P-JUS-BS', 'P-JUS-CKP', 'P-MON-CKGL', 'P-MON-SDV-P', 'P-PDG', 'PT-P', 'P-TPT', 'QBS', 'T-JUS-CKP', 'T-MON-CKP', 'T-PDG', 'T-TPT']",0
dataset/9/WELL-00033_20190926065206.parquet,WELL-00033_20190926065206.parquet,9,REAL,WELL-00033,21023,1.0,21022.0,3600,3600,-1,0,21023,False,{'0': 17423},24,"['ABER-CKGL', 'ABER-CKP', 'ESTADO-DHSV', 'ESTADO-M1', 'ESTADO-M2', 'ESTADO-PXO', 'ESTADO-SDV-GL', 'ESTADO-SDV-P', 'ESTADO-W1', 'ESTADO-W2', 'ESTADO-XO', 'P-ANULAR', 'P-JUS-BS', 'P-JUS-CKP', 'P-MON-CKGL', 'P-MON-SDV-P', 'P-PDG', 'PT-P', 'P-TPT', 'QBS', 'T-JUS-CKP', 'T-MON-CKP', 'T-PDG', 'T-TPT']",0
dataset/9/WELL-00033_20190928030111.parquet,WELL-00033_20190928030111.parquet,9,REAL,WELL-00033,25058,1.0,25057.0,3600,3600,-1,0,25058,False,{'0': 21458},24,"['ABER-CKGL', 'ABER-CKP', 'ESTADO-DHSV', 'ESTADO-M1', 'ESTADO-M2', 'ESTADO-PXO', 'ESTADO-SDV-GL', 'ESTADO-SDV-P', 'ESTADO-W1', 'ESTADO-W2', 'ESTADO-XO', 'P-ANULAR', 'P-JUS-BS', 'P-JUS-CKP', 'P-MON-CKGL', 'P-MON-SDV-P', 'P-PDG', 'PT-P', 'P-TPT', 'QBS', 'T-JUS-CKP', 'T-MON-CKP', 'T-PDG', 'T-TPT']",0
dataset/9/WELL-00033_20190928210207.parquet,WELL-00033_20190928210207.parquet,9,REAL,WELL-00033,35767,1.0,35766.0,3600,3600,-1,0,35767,False,{'0': 32167},24,"['ABER-CKGL', 'ABER-CKP', 'ESTADO-DHSV', 'ESTADO-M1', 'ESTADO-M2', 'ESTADO-PXO', 'ESTADO-SDV-GL', 'ESTADO-SDV-P', 'ESTADO-W1', 'ESTADO-W2', 'ESTADO-XO', 'P-ANULAR', 'P-JUS-BS', 'P-JUS-CKP', 'P-MON-CKGL', 'P-MON-SDV-P', 'P-PDG', 'PT-P', 'P-TPT', 'QBS', 'T-JUS-CKP', 'T-MON-CKP', 'T-PDG', 'T-TPT']",0
dataset/9/WELL-00033_20190930190000.parquet,WELL-00033_20190930190000.parquet,9,REAL,WELL-00033,32135,1.0,32134.0,3600,3600,-1,0,32135,False,{'0': 28535},24,"['ABER-CKGL', 'ABER-CKP', 'ESTADO-DHSV', 'ESTADO-M1', 'ESTADO-M2', 'ESTADO-PXO', 'ESTADO-SDV-GL', 'ESTADO-SDV-P', 'ESTADO-W1', 'ESTADO-W2', 'ESTADO-XO', 'P-ANULAR', 'P-JUS-BS', 'P-JUS-CKP', 'P-MON-CKGL', 'P-MON-SDV-P', 'P-PDG', 'PT-P', 'P-TPT', 'QBS', 'T-JUS-CKP', 'T-MON-CKP', 'T-PDG', 'T-TPT']",0
dataset/9/WELL-00033_20191004020000.parquet,WELL-00033_20191004020000.parquet,9,REAL,WELL-00033,12432,1.0,12431.0,3600,3600,-1,0,12432,False,{'0': 8832},24,"['ABER-CKGL', 'ABER-CKP', 'ESTADO-DHSV', 'ESTADO-M1', 'ESTADO-M2', 'ESTADO-PXO', 'ESTADO-SDV-GL', 'ESTADO-SDV-P', 'ESTADO-W1', 'ESTADO-W2', 'ESTADO-XO', 'P-ANULAR', 'P-JUS-BS', 'P-JUS-CKP', 'P-MON-CKGL', 'P-MON-SDV-P', 'P-PDG', 'PT-P', 'P-TPT', 'QBS', 'T-JUS-CKP', 'T-MON-CKP', 'T-PDG', 'T-TPT']",0
dataset/9/WELL-00034_20190825004401.parquet,WELL-00034_20190825004401.parquet,9,REAL,WELL-00034,18906,1.0,18905.0,3600,3600,-1,0,18906,False,{'0': 15306},23,"['ABER-CKGL', 'ABER-CKP', 'ESTADO-DHSV', 'ESTADO-M1', 'ESTADO-M2', 'ESTADO-PXO', 'ESTADO-SDV-GL', 'ESTADO-SDV-P', 'ESTADO-W1', 'ESTADO-W2', 'ESTADO-XO', 'P-ANULAR', 'P-JUS-BS', 'P-JUS-CKP', 'P-MON-CKGL', 'P-MON-SDV-P', 'P-PDG', 'PT-P', 'QBS', 'T-JUS-CKP', 'T-MON-CKP', 'T-PDG', 'T-TPT']",0
dataset/9/WELL-00034_20190825150318.parquet,WELL-00034_20190825150318.parquet,9,REAL,WELL-00034,17698,1.0,17697.0,3600,3600,-1,0,17698,False,{'0': 14098},23,"['ABER-CKGL', 'ABER-CKP', 'ESTADO-DHSV', 'ESTADO-M1', 'ESTADO-M2', 'ESTADO-PXO', 'ESTADO-SDV-GL', 'ESTADO-SDV-P', 'ESTADO-W1', 'ESTADO-W2', 'ESTADO-XO', 'P-ANULAR', 'P-JUS-BS', 'P-JUS-CKP', 'P-MON-CKGL', 'P-MON-SDV-P', 'P-PDG', 'PT-P', 'QBS', 'T-JUS-CKP', 'T-MON-CKP', 'T-PDG', 'T-TPT']",0
dataset/9/WELL-00034_20190826050146.parquet,WELL-00034_20190826050146.parquet,9,REAL,WELL-00034,35788,1.0,35787.0,3600,3600,-1,0,35788,False,{'0': 32188},23,"['ABER-CKGL', 'ABER-CKP', 'ESTADO-DHSV', 'ESTADO-M1', 'ESTADO-M2', 'ESTADO-PXO', 'ESTADO-SDV-GL', 'ESTADO-SDV-P', 'ESTADO-W1', 'ESTADO-W2', 'ESTADO-XO', 'P-ANULAR', 'P-JUS-BS', 'P-JUS-CKP', 'P-MON-CKGL', 'P-MON-SDV-P', 'P-PDG', 'PT-P', 'QBS', 'T-JUS-CKP', 'T-MON-CKP', 'T-PDG', 'T-TPT']",0
dataset/9/WELL-00034_20190831210153.parquet,WELL-00034_20190831210153.parquet,9,REAL,WELL-00034,32174,1.0,32173.0,3600,3600,-1,0,32174,False,{'0': 28574},23,"['ABER-CKGL', 'ABER-CKP', 'ESTADO-DHSV', 'ESTADO-M1', 'ESTADO-M2', 'ESTADO-PXO', 'ESTADO-SDV-GL', 'ESTADO-SDV-P', 'ESTADO-W1', 'ESTADO-W2', 'ESTADO-XO', 'P-ANULAR', 'P-JUS-BS', 'P-JUS-CKP', 'P-MON-CKGL', 'P-MON-SDV-P', 'P-PDG', 'PT-P', 'QBS', 'T-JUS-CKP', 'T-MON-CKP', 'T-PDG', 'T-TPT']",0
dataset/9/WELL-00034_20190901060904.parquet,WELL-00034_20190901060904.parquet,9,REAL,WELL-00034,85475,1.0,85474.0,3600,3600,-1,0,85475,False,{'0': 81875},23,"['ABER-CKGL', 'ABER-CKP', 'ESTADO-DHSV', 'ESTADO-M1', 'ESTADO-M2', 'ESTADO-PXO', 'ESTADO-SDV-GL', 'ESTADO-SDV-P', 'ESTADO-W1', 'ESTADO-W2', 'ESTADO-XO', 'P-ANULAR', 'P-JUS-BS', 'P-JUS-CKP', 'P-MON-CKGL', 'P-MON-SDV-P', 'P-PDG', 'PT-P', 'QBS', 'T-JUS-CKP', 'T-MON-CKP', 'T-PDG', 'T-TPT']",0
dataset/9/WELL-00034_20191003180056.parquet,WELL-00034_20191003180056.parquet,9,REAL,WELL-00034,17897,1.0,17896.0,3600,3600,-1,0,17897,False,{'0': 14297},23,"['ABER-CKGL', 'ABER-CKP', 'ESTADO-DHSV', 'ESTADO-M1', 'ESTADO-M2', 'ESTADO-PXO', 'ESTADO-SDV-GL', 'ESTADO-SDV-P', 'ESTADO-W1', 'ESTADO-W2', 'ESTADO-XO', 'P-ANULAR', 'P-JUS-BS', 'P-JUS-CKP', 'P-MON-CKGL', 'P-MON-SDV-P', 'P-PDG', 'PT-P', 'QBS', 'T-JUS-CKP', 'T-MON-CKP', 'T-PDG', 'T-TPT']",0
dataset/9/WELL-00035_20190819093245.parquet,WELL-00035_20190819093245.parquet,9,REAL,WELL-00035,53670,1.0,53669.0,3600,3600,-1,0,53670,False,{'0': 50070},23,"['ABER-CKGL', 'ABER-CKP', 'ESTADO-DHSV', 'ESTADO-M1', 'ESTADO-M2', 'ESTADO-PXO', 'ESTADO-SDV-GL', 'ESTADO-SDV-P', 'ESTADO-W1', 'ESTADO-W2', 'ESTADO-XO', 'P-ANULAR', 'P-JUS-BS', 'P-JUS-CKP', 'P-MON-CKGL', 'P-MON-SDV-P', 'P-PDG', 'PT-P', 'QBS', 'T-JUS-CKP', 'T-MON-CKP', 'T-PDG', 'T-TPT']",0
dataset/9/WELL-00035_20190823193122.parquet,WELL-00035_20190823193122.parquet,9,REAL,WELL-00035,28636,1.0,28635.0,3600,3600,-1,0,28636,False,{'0': 25036},23,"['ABER-CKGL', 'ABER-CKP', 'ESTADO-DHSV', 'ESTADO-M1', 'ESTADO-M2', 'ESTADO-PXO', 'ESTADO-SDV-GL', 'ESTADO-SDV-P', 'ESTADO-W1', 'ESTADO-W2', 'ESTADO-XO', 'P-ANULAR', 'P-JUS-BS', 'P-JUS-CKP', 'P-MON-CKGL', 'P-MON-SDV-P', 'P-PDG', 'PT-P', 'QBS', 'T-JUS-CKP', 'T-MON-CKP', 'T-PDG', 'T-TPT']",0
dataset/9/WELL-00035_20190824140503.parquet,WELL-00035_20190824140503.parquet,9,REAL,WELL-00035,14003,1.0,14002.0,3600,3600,-1,0,14003,False,{'0': 10403},23,"['ABER-CKGL', 'ABER-CKP', 'ESTADO-DHSV', 'ESTADO-M1', 'ESTADO-M2', 'ESTADO-PXO', 'ESTADO-SDV-GL', 'ESTADO-SDV-P', 'ESTADO-W1', 'ESTADO-W2', 'ESTADO-XO', 'P-ANULAR', 'P-JUS-BS', 'P-JUS-CKP', 'P-MON-CKGL', 'P-MON-SDV-P', 'P-PDG', 'PT-P', 'QBS', 'T-JUS-CKP', 'T-MON-CKP', 'T-PDG', 'T-TPT']",0
dataset/9/WELL-00035_20190827090706.parquet,WELL-00035_20190827090706.parquet,9,REAL,WELL-00035,56997,1.0,56996.0,3600,3600,-1,0,56997,False,{'0': 53397},23,"['ABER-CKGL', 'ABER-CKP', 'ESTADO-DHSV', 'ESTADO-M1', 'ESTADO-M2', 'ESTADO-PXO', 'ESTADO-SDV-GL', 'ESTADO-SDV-P', 'ESTADO-W1', 'ESTADO-W2', 'ESTADO-XO', 'P-ANULAR', 'P-JUS-BS', 'P-JUS-CKP', 'P-MON-CKGL', 'P-MON-SDV-P', 'P-PDG', 'PT-P', 'QBS', 'T-JUS-CKP', 'T-MON-CKP', 'T-PDG', 'T-TPT']",0
dataset/9/WELL-00035_20190923023106.parquet,WELL-00035_20190923023106.parquet,9,REAL,WELL-00035,10735,1.0,10734.0,3600,3600,-1,0,10735,False,{'0': 7135},23,"['ABER-CKGL', 'ABER-CKP', 'ESTADO-DHSV', 'ESTADO-M1', 'ESTADO-M2', 'ESTADO-PXO', 'ESTADO-SDV-GL', 'ESTADO-SDV-P', 'ESTADO-W1', 'ESTADO-W2', 'ESTADO-XO', 'P-ANULAR', 'P-JUS-BS', 'P-JUS-CKP', 'P-MON-CKGL', 'P-MON-SDV-P', 'P-PDG', 'PT-P', 'QBS', 'T-JUS-CKP', 'T-MON-CKP', 'T-PDG', 'T-TPT']",0
dataset/9/WELL-00035_20190925061122.parquet,WELL-00035_20190925061122.parquet,9,REAL,WELL-00035,117740,1.0,117739.0,3600,3600,-1,0,117740,False,{'0': 114140},23,"['ABER-CKGL', 'ABER-CKP', 'ESTADO-DHSV', 'ESTADO-M1', 'ESTADO-M2', 'ESTADO-PXO', 'ESTADO-SDV-GL', 'ESTADO-SDV-P', 'ESTADO-W1', 'ESTADO-W2', 'ESTADO-XO', 'P-ANULAR', 'P-JUS-BS', 'P-JUS-CKP', 'P-MON-CKGL', 'P-MON-SDV-P', 'P-PDG', 'PT-P', 'QBS', 'T-JUS-CKP', 'T-MON-CKP', 'T-PDG', 'T-TPT']",0
dataset/9/WELL-00036_20190925100042.parquet,WELL-00036_20190925100042.parquet,9,REAL,WELL-00036,10735,1.0,10734.0,3600,3600,-1,0,10735,False,{'0': 7135},22,"['ABER-CKGL', 'ABER-CKP', 'ESTADO-DHSV', 'ESTADO-M1', 'ESTADO-M2', 'ESTADO-PXO', 'ESTADO-SDV-GL', 'ESTADO-SDV-P', 'ESTADO-W1', 'ESTADO-W2', 'ESTADO-XO', 'P-ANULAR', 'P-JUS-BS', 'P-JUS-CKP', 'P-MON-CKGL', 'P-MON-SDV-P', 'PT-P', 'QBS', 'T-JUS-CKP', 'T-MON-CKP', 'T-PDG', 'T-TPT']",0
dataset/9/WELL-00036_20190930013035.parquet,WELL-00036_20190930013035.parquet,9,REAL,WELL-00036,7144,1.0,7143.0,3600,3600,-1,0,7144,False,{'0': 3544},22,"['ABER-CKGL', 'ABER-CKP', 'ESTADO-DHSV', 'ESTADO-M1', 'ESTADO-M2', 'ESTADO-PXO', 'ESTADO-SDV-GL', 'ESTADO-SDV-P', 'ESTADO-W1', 'ESTADO-W2', 'ESTADO-XO', 'P-ANULAR', 'P-JUS-BS', 'P-JUS-CKP', 'P-MON-CKGL', 'P-MON-SDV-P', 'PT-P', 'QBS', 'T-JUS-CKP', 'T-MON-CKP', 'T-PDG', 'T-TPT']",0
dataset/9/WELL-00036_20190930083101.parquet,WELL-00036_20190930083101.parquet,9,REAL,WELL-00036,10668,1.0,10667.0,3600,3600,-1,0,10668,False,{'0': 7068},22,"['ABER-CKGL', 'ABER-CKP', 'ESTADO-DHSV', 'ESTADO-M1', 'ESTADO-M2', 'ESTADO-PXO', 'ESTADO-SDV-GL', 'ESTADO-SDV-P', 'ESTADO-W1', 'ESTADO-W2', 'ESTADO-XO', 'P-ANULAR', 'P-JUS-BS', 'P-JUS-CKP', 'P-MON-CKGL', 'P-MON-SDV-P', 'PT-P', 'QBS', 'T-JUS-CKP', 'T-MON-CKP', 'T-PDG', 'T-TPT']",0
dataset/9/WELL-00037_20181011071238.parquet,WELL-00037_20181011071238.parquet,9,REAL,WELL-00037,31643,1.0,31642.0,3600,3600,20932,17332,20932,True,"{'0': 17332, '109': 10711}",9,"['ESTADO-DHSV', 'P-ANULAR', 'P-JUS-BS', 'P-JUS-CKP', 'P-MON-CKGL', 'P-MON-SDV-P', 'PT-P', 'QBS', 'T-MON-CKP']",0
dataset/9/WELL-00037_20181013022427.parquet,WELL-00037_20181013022427.parquet,9,REAL,WELL-00037,21844,1.0,21843.0,3600,3600,17713,14113,17713,True,"{'0': 14113, '109': 4131}",9,"['ESTADO-DHSV', 'P-ANULAR', 'P-JUS-BS', 'P-JUS-CKP', 'P-MON-CKGL', 'P-MON-SDV-P', 'PT-P', 'QBS', 'T-MON-CKP']",0
dataset/9/WELL-00037_20190924193953.parquet,WELL-00037_20190924193953.parquet,9,REAL,WELL-00037,10208,1.0,10207.0,3600,3600,-1,0,10208,False,{'0': 6608},10,"['ESTADO-DHSV', 'P-ANULAR', 'P-JUS-BS', 'P-JUS-CKP', 'P-MON-CKGL', 'P-MON-SDV-P', 'P-PDG', 'PT-P', 'QBS', 'T-MON-CKP']",0
dataset/9/WELL-00037_20190924213000.parquet,WELL-00037_20190924213000.parquet,9,REAL,WELL-00037,31120,1.0,31119.0,3600,3600,-1,0,31120,False,{'0': 27520},10,"['ESTADO-DHSV', 'P-ANULAR', 'P-JUS-BS', 'P-JUS-CKP', 'P-MON-CKGL', 'P-MON-SDV-P', 'P-PDG', 'PT-P', 'QBS', 'T-MON-CKP']",0
dataset/9/WELL-00038_20190924212924.parquet,WELL-00038_20190924212924.parquet,9,REAL,WELL-00038,34083,1.0,34082.0,3600,3600,-1,0,34083,False,{'0': 30483},8,"['P-ANULAR', 'P-JUS-BS', 'P-JUS-CKP', 'P-MON-CKGL', 'P-MON-SDV-P', 'PT-P', 'QBS', 'T-MON-CKP']",0
dataset/9/WELL-00038_20190925093222.parquet,WELL-00038_20190925093222.parquet,9,REAL,WELL-00038,93628,1.0,93627.0,3600,3600,-1,0,93628,False,{'0': 90028},8,"['P-ANULAR', 'P-JUS-BS', 'P-JUS-CKP', 'P-MON-CKGL', 'P-MON-SDV-P', 'PT-P', 'QBS', 'T-MON-CKP']",0
dataset/9/WELL-00039_20190918150111.parquet,WELL-00039_20190918150111.parquet,9,REAL,WELL-00039,25058,1.0,25057.0,3600,3600,-1,0,25058,False,{'0': 21458},8,"['ESTADO-DHSV', 'P-JUS-BS', 'P-JUS-CKP', 'P-MON-CKGL', 'P-MON-SDV-P', 'PT-P', 'QBS', 'T-MON-CKP']",0
dataset/9/WELL-00039_20190924200204.parquet,WELL-00039_20190924200204.parquet,9,REAL,WELL-00039,41152,1.0,41151.0,3600,3600,-1,0,41152,False,{'0': 37552},8,"['ESTADO-DHSV', 'P-JUS-BS', 'P-JUS-CKP', 'P-MON-CKGL', 'P-MON-SDV-P', 'PT-P', 'QBS', 'T-MON-CKP']",0
dataset/9/WELL-00040_20181013160242.parquet,WELL-00040_20181013160242.parquet,9,REAL,WELL-00040,34417,1.0,34416.0,3600,3600,21405,17805,21405,True,"{'0': 17805, '109': 13012}",8,"['ESTADO-DHSV', 'P-JUS-BS', 'P-JUS-CKP', 'P-MON-CKGL', 'P-MON-SDV-P', 'PT-P', 'QBS', 'T-MON-CKP']",0
dataset/9/WELL-00041_20181013160201.parquet,WELL-00041_20181013160201.parquet,9,REAL,WELL-00041,33265,1.0,33264.0,3600,3600,21507,17907,21507,True,"{'0': 17907, '109': 11758}",8,"['ESTADO-DHSV', 'P-JUS-BS', 'P-JUS-CKP', 'P-MON-CKGL', 'P-MON-SDV-P', 'PT-P', 'QBS', 'T-MON-CKP']",0
dataset/9/WELL-00041_20190814154301.parquet,WELL-00041_20190814154301.parquet,9,REAL,WELL-00041,101494,1.0,101493.0,3600,3600,-1,0,101494,False,{'0': 97894},8,"['ESTADO-DHSV', 'P-JUS-BS', 'P-JUS-CKP', 'P-MON-CKGL', 'P-MON-SDV-P', 'PT-P', 'QBS', 'T-MON-CKP']",0
dataset/9/WELL-00041_20190817173916.parquet,WELL-00041_20190817173916.parquet,9,REAL,WELL-00041,171465,1.0,171464.0,3600,3600,-1,0,171465,False,{'0': 167865},8,"['ESTADO-DHSV', 'P-JUS-BS', 'P-JUS-CKP', 'P-MON-CKGL', 'P-MON-SDV-P', 'PT-P', 'QBS', 'T-MON-CKP']",0
dataset/9/WELL-00041_20190819163753.parquet,WELL-00041_20190819163753.parquet,9,REAL,WELL-00041,145328,1.0,145327.0,3600,3600,-1,0,145328,False,{'0': 141728},8,"['ESTADO-DHSV', 'P-JUS-BS', 'P-JUS-CKP', 'P-MON-CKGL', 'P-MON-SDV-P', 'PT-P', 'QBS', 'T-MON-CKP']",0
dataset/9/WELL-00041_20190822143519.parquet,WELL-00041_20190822143519.parquet,9,REAL,WELL-00041,100162,1.0,100161.0,3600,3600,-1,0,100162,False,{'0': 96562},8,"['ESTADO-DHSV', 'P-JUS-BS', 'P-JUS-CKP', 'P-MON-CKGL', 'P-MON-SDV-P', 'PT-P', 'QBS', 'T-MON-CKP']",0
dataset/9/WELL-00041_20190906051807.parquet,WELL-00041_20190906051807.parquet,9,REAL,WELL-00041,184906,1.0,184905.0,3600,3600,-1,0,184906,False,{'0': 181306},8,"['ESTADO-DHSV', 'P-JUS-BS', 'P-JUS-CKP', 'P-MON-CKGL', 'P-MON-SDV-P', 'PT-P', 'QBS', 'T-MON-CKP']",0
dataset/9/WELL-00041_20190917161232.parquet,WELL-00041_20190917161232.parquet,9,REAL,WELL-00041,192581,1.0,192580.0,3600,3600,-1,0,192581,False,{'0': 188981},8,"['ESTADO-DHSV', 'P-JUS-BS', 'P-JUS-CKP', 'P-MON-CKGL', 'P-MON-SDV-P', 'PT-P', 'QBS', 'T-MON-CKP']",19
dataset/9/WELL-00041_20190924202109.parquet,WELL-00041_20190924202109.parquet,9,REAL,WELL-00041,41932,1.0,41931.0,3600,3600,-1,0,41932,False,{'0': 38332},8,"['ESTADO-DHSV', 'P-JUS-BS', 'P-JUS-CKP', 'P-MON-CKGL', 'P-MON-SDV-P', 'PT-P', 'QBS', 'T-MON-CKP']",0
dataset/9/WELL-00041_20190925111412.parquet,WELL-00041_20190925111412.parquet,9,REAL,WELL-00041,40400,1.0,40399.0,3600,3600,-1,0,40400,False,{'0': 36800},8,"['ESTADO-DHSV', 'P-JUS-BS', 'P-JUS-CKP', 'P-MON-CKGL', 'P-MON-SDV-P', 'PT-P', 'QBS', 'T-MON-CKP']",0
dataset/9/WELL-00042_20141217142745.parquet,WELL-00042_20141217142745.parquet,9,REAL,WELL-00042,37545,1.0,37544.0,3600,3600,21692,18092,21692,True,"{'0': 18092, '109': 15853}",8,"['ESTADO-DHSV', 'P-JUS-BS', 'P-JUS-CKP', 'P-MON-CKGL', 'P-MON-SDV-P', 'PT-P', 'QBS', 'T-MON-CKP']",0
dataset/9/WELL-00042_20141218004109.parquet,WELL-00042_20141218004109.parquet,9,REAL,WELL-00042,11473,1.0,11472.0,3600,3600,8180,4580,8180,True,"{'0': 4580, '109': 3293}",8,"['ESTADO-DHSV', 'P-JUS-BS', 'P-JUS-CKP', 'P-MON-CKGL', 'P-MON-SDV-P', 'PT-P', 'QBS', 'T-MON-CKP']",0
dataset/9/WELL-00042_20141218051903.parquet,WELL-00042_20141218051903.parquet,9,REAL,WELL-00042,56686,1.0,56685.0,3600,3600,10045,6445,10045,True,"{'0': 6445, '9': 15340, '109': 31301}",8,"['ESTADO-DHSV', 'P-JUS-BS', 'P-JUS-CKP', 'P-MON-CKGL', 'P-MON-SDV-P', 'PT-P', 'QBS', 'T-MON-CKP']",0
dataset/9/WELL-00042_20141221190219.parquet,WELL-00042_20141221190219.parquet,9,REAL,WELL-00042,30920,1.0,30919.0,3600,3600,18013,14413,18013,True,"{'0': 14413, '109': 12907}",8,"['ESTADO-DHSV', 'P-JUS-BS', 'P-JUS-CKP', 'P-MON-CKGL', 'P-MON-SDV-P', 'PT-P', 'QBS', 'T-MON-CKP']",0
dataset/9/WELL-00042_20141222024535.parquet,WELL-00042_20141222024535.parquet,9,REAL,WELL-00042,26624,1.0,26623.0,3600,3600,9601,6001,9601,True,"{'0': 6001, '109': 17023}",8,"['ESTADO-DHSV', 'P-JUS-BS', 'P-JUS-CKP', 'P-MON-CKGL', 'P-MON-SDV-P', 'PT-P', 'QBS', 'T-MON-CKP']",0
