track,budget,method,event,leak_type,diameter_m,detected,delay_h,localisation_m
A_EVENT_HELDOUT_2018,4,FO,p257,incipient,0.011843,1,3073.0833333333335,1150.5899500000003
A_EVENT_HELDOUT_2018,4,D_optimal_bayesian,p257,incipient,0.011843,1,526.25,2864.5226500000017
A_EVENT_HELDOUT_2018,4,A_optimal_bayesian,p257,incipient,0.011843,1,526.25,2864.5226500000017
A_EVENT_HELDOUT_2018,4,E_optimal_observable_subspace,p257,incipient,0.011843,1,526.25,2878.9772500000017
A_EVENT_HELDOUT_2018,4,bayesian_information_gain,p257,incipient,0.011843,1,526.25,2864.5226500000017
A_EVENT_HELDOUT_2018,4,D_optimal_rank_reduced,p257,incipient,0.011843,1,1437.0833333333333,2065.6011500000004
A_EVENT_HELDOUT_2018,4,A_optimal_rank_reduced,p257,incipient,0.011843,1,1455.75,1598.01835
A_EVENT_HELDOUT_2018,4,E_optimal_rank_reduced,p257,incipient,0.011843,1,526.25,1617.10735
A_EVENT_HELDOUT_2018,4,goal_oriented_oed,p257,incipient,0.011843,1,526.25,2878.9772500000017
A_EVENT_HELDOUT_2018,4,topological_dispersion,p257,incipient,0.011843,1,526.25,2878.9772500000017
A_EVENT_HELDOUT_2018,4,centrality,p257,incipient,0.011843,1,3073.0833333333335,1452.2697500000006
A_EVENT_HELDOUT_2018,6,FO,p257,incipient,0.011843,1,1455.75,2878.9772500000017
A_EVENT_HELDOUT_2018,6,D_optimal_bayesian,p257,incipient,0.011843,1,526.25,2878.9772500000017
A_EVENT_HELDOUT_2018,6,A_optimal_bayesian,p257,incipient,0.011843,1,526.25,2878.9772500000017
A_EVENT_HELDOUT_2018,6,E_optimal_observable_subspace,p257,incipient,0.011843,1,526.25,2878.9772500000017
A_EVENT_HELDOUT_2018,6,bayesian_information_gain,p257,incipient,0.011843,1,526.25,2878.9772500000017
A_EVENT_HELDOUT_2018,6,D_optimal_rank_reduced,p257,incipient,0.011843,1,526.25,2878.9772500000017
A_EVENT_HELDOUT_2018,6,A_optimal_rank_reduced,p257,incipient,0.011843,1,1437.0833333333333,2103.2486500000005
A_EVENT_HELDOUT_2018,6,E_optimal_rank_reduced,p257,incipient,0.011843,1,526.25,2878.9772500000017
A_EVENT_HELDOUT_2018,6,goal_oriented_oed,p257,incipient,0.011843,1,526.25,1598.01835
A_EVENT_HELDOUT_2018,6,topological_dispersion,p257,incipient,0.011843,1,526.25,2878.9772500000017
A_EVENT_HELDOUT_2018,6,centrality,p257,incipient,0.011843,1,1455.75,2864.5226500000017
A_EVENT_HELDOUT_2018,8,FO,p257,incipient,0.011843,1,1455.75,2878.9772500000017
A_EVENT_HELDOUT_2018,8,D_optimal_bayesian,p257,incipient,0.011843,1,526.25,2878.9772500000017
A_EVENT_HELDOUT_2018,8,A_optimal_bayesian,p257,incipient,0.011843,1,526.25,2878.9772500000017
A_EVENT_HELDOUT_2018,8,E_optimal_observable_subspace,p257,incipient,0.011843,1,526.25,2878.9772500000017
A_EVENT_HELDOUT_2018,8,bayesian_information_gain,p257,incipient,0.011843,1,526.25,2878.9772500000017
A_EVENT_HELDOUT_2018,8,D_optimal_rank_reduced,p257,incipient,0.011843,1,526.25,2878.9772500000017
A_EVENT_HELDOUT_2018,8,A_optimal_rank_reduced,p257,incipient,0.011843,1,1437.0833333333333,2103.2486500000005
A_EVENT_HELDOUT_2018,8,E_optimal_rank_reduced,p257,incipient,0.011843,1,526.25,1598.01835
A_EVENT_HELDOUT_2018,8,goal_oriented_oed,p257,incipient,0.011843,1,526.25,2878.9772500000017
A_EVENT_HELDOUT_2018,8,topological_dispersion,p257,incipient,0.011843,1,526.25,2878.9772500000017
A_EVENT_HELDOUT_2018,8,centrality,p257,incipient,0.011843,1,1455.75,1598.01835
A_EVENT_HELDOUT_2018,10,FO,p257,incipient,0.011843,1,1455.75,2878.9772500000017
A_EVENT_HELDOUT_2018,10,D_optimal_bayesian,p257,incipient,0.011843,1,526.25,2878.9772500000017
A_EVENT_HELDOUT_2018,10,A_optimal_bayesian,p257,incipient,0.011843,1,526.25,2878.9772500000017
A_EVENT_HELDOUT_2018,10,E_optimal_observable_subspace,p257,incipient,0.011843,1,526.25,2878.9772500000017
A_EVENT_HELDOUT_2018,10,bayesian_information_gain,p257,incipient,0.011843,1,526.25,2878.9772500000017
A_EVENT_HELDOUT_2018,10,D_optimal_rank_reduced,p257,incipient,0.011843,1,526.25,2878.9772500000017
A_EVENT_HELDOUT_2018,10,A_optimal_rank_reduced,p257,incipient,0.011843,1,526.25,2878.9772500000017
A_EVENT_HELDOUT_2018,10,E_optimal_rank_reduced,p257,incipient,0.011843,1,526.25,2878.9772500000017
A_EVENT_HELDOUT_2018,10,goal_oriented_oed,p257,incipient,0.011843,1,526.25,2878.9772500000017
A_EVENT_HELDOUT_2018,10,topological_dispersion,p257,incipient,0.011843,1,526.25,2878.9772500000017
A_EVENT_HELDOUT_2018,10,centrality,p257,incipient,0.011843,1,1455.75,1617.10735
A_EVENT_HELDOUT_2018,12,FO,p257,incipient,0.011843,1,1455.75,2878.9772500000017
A_EVENT_HELDOUT_2018,12,D_optimal_bayesian,p257,incipient,0.011843,1,526.25,2878.9772500000017
A_EVENT_HELDOUT_2018,12,A_optimal_bayesian,p257,incipient,0.011843,1,526.25,2878.9772500000017
A_EVENT_HELDOUT_2018,12,E_optimal_observable_subspace,p257,incipient,0.011843,1,526.25,2878.9772500000017
A_EVENT_HELDOUT_2018,12,bayesian_information_gain,p257,incipient,0.011843,1,526.25,2878.9772500000017
A_EVENT_HELDOUT_2018,12,D_optimal_rank_reduced,p257,incipient,0.011843,1,526.25,2878.9772500000017
A_EVENT_HELDOUT_2018,12,A_optimal_rank_reduced,p257,incipient,0.011843,1,526.25,2878.9772500000017
A_EVENT_HELDOUT_2018,12,E_optimal_rank_reduced,p257,incipient,0.011843,1,526.25,1598.01835
A_EVENT_HELDOUT_2018,12,goal_oriented_oed,p257,incipient,0.011843,1,526.25,2878.9772500000017
A_EVENT_HELDOUT_2018,12,topological_dispersion,p257,incipient,0.011843,1,526.25,2878.9772500000017
A_EVENT_HELDOUT_2018,12,centrality,p257,incipient,0.011843,1,1455.75,1617.10735
A_EVENT_HELDOUT_2018,4,FO,p461,incipient,0.02132,1,384.4166666666667,1083.9815
A_EVENT_HELDOUT_2018,4,D_optimal_bayesian,p461,incipient,0.02132,1,197.91666666666666,1602.5909000000001
A_EVENT_HELDOUT_2018,4,A_optimal_bayesian,p461,incipient,0.02132,1,197.91666666666666,1602.5909000000001
A_EVENT_HELDOUT_2018,4,E_optimal_observable_subspace,p461,incipient,0.02132,1,197.91666666666666,1917.4326000000005
A_EVENT_HELDOUT_2018,4,bayesian_information_gain,p461,incipient,0.02132,1,197.91666666666666,1602.5909000000001
A_EVENT_HELDOUT_2018,4,D_optimal_rank_reduced,p461,incipient,0.02132,1,45.5,1467.1406500000005
A_EVENT_HELDOUT_2018,4,A_optimal_rank_reduced,p461,incipient,0.02132,1,306.8333333333333,1006.59675
A_EVENT_HELDOUT_2018,4,E_optimal_rank_reduced,p461,incipient,0.02132,1,197.91666666666666,2022.2249500000007
A_EVENT_HELDOUT_2018,4,goal_oriented_oed,p461,incipient,0.02132,1,108.0,632.9675500000001
A_EVENT_HELDOUT_2018,4,topological_dispersion,p461,incipient,0.02132,1,197.91666666666666,2022.2249500000007
A_EVENT_HELDOUT_2018,4,centrality,p461,incipient,0.02132,1,293.9166666666667,1491.1279499999998
A_EVENT_HELDOUT_2018,6,FO,p461,incipient,0.02132,1,285.6666666666667,1182.24405
A_EVENT_HELDOUT_2018,6,D_optimal_bayesian,p461,incipient,0.02132,1,197.91666666666666,1703.5344500000003
A_EVENT_HELDOUT_2018,6,A_optimal_bayesian,p461,incipient,0.02132,1,197.91666666666666,1703.5344500000003
A_EVENT_HELDOUT_2018,6,E_optimal_observable_subspace,p461,incipient,0.02132,1,197.91666666666666,1703.5344500000003
A_EVENT_HELDOUT_2018,6,bayesian_information_gain,p461,incipient,0.02132,1,197.91666666666666,1703.5344500000003
A_EVENT_HELDOUT_2018,6,D_optimal_rank_reduced,p461,incipient,0.02132,1,17.833333333333332,1703.5344500000003
A_EVENT_HELDOUT_2018,6,A_optimal_rank_reduced,p461,incipient,0.02132,1,45.5,1422.1610500000006
A_EVENT_HELDOUT_2018,6,E_optimal_rank_reduced,p461,incipient,0.02132,1,197.91666666666666,2022.2249500000007
A_EVENT_HELDOUT_2018,6,goal_oriented_oed,p461,incipient,0.02132,1,108.0,2093.0507
A_EVENT_HELDOUT_2018,6,topological_dispersion,p461,incipient,0.02132,1,197.91666666666666,1917.4326000000005
A_EVENT_HELDOUT_2018,6,centrality,p461,incipient,0.02132,1,293.9166666666667,1491.1279499999998
A_EVENT_HELDOUT_2018,8,FO,p461,incipient,0.02132,1,285.6666666666667,1182.24405
A_EVENT_HELDOUT_2018,8,D_optimal_bayesian,p461,incipient,0.02132,1,197.91666666666666,1703.5344500000003
A_EVENT_HELDOUT_2018,8,A_optimal_bayesian,p461,incipient,0.02132,1,197.91666666666666,1703.5344500000003
A_EVENT_HELDOUT_2018,8,E_optimal_observable_subspace,p461,incipient,0.02132,1,197.91666666666666,1703.5344500000003
A_EVENT_HELDOUT_2018,8,bayesian_information_gain,p461,incipient,0.02132,1,197.91666666666666,1703.5344500000003
A_EVENT_HELDOUT_2018,8,D_optimal_rank_reduced,p461,incipient,0.02132,1,17.833333333333332,1703.5344500000003
A_EVENT_HELDOUT_2018,8,A_optimal_rank_reduced,p461,incipient,0.02132,1,45.5,1467.1406500000005
A_EVENT_HELDOUT_2018,8,E_optimal_rank_reduced,p461,incipient,0.02132,1,197.91666666666666,2022.2249500000007
A_EVENT_HELDOUT_2018,8,goal_oriented_oed,p461,incipient,0.02132,1,108.0,2093.0507
A_EVENT_HELDOUT_2018,8,topological_dispersion,p461,incipient,0.02132,1,197.91666666666666,1819.3081000000006
A_EVENT_HELDOUT_2018,8,centrality,p461,incipient,0.02132,1,293.9166666666667,1534.6901
A_EVENT_HELDOUT_2018,10,FO,p461,incipient,0.02132,1,285.6666666666667,1186.4917
A_EVENT_HELDOUT_2018,10,D_optimal_bayesian,p461,incipient,0.02132,1,197.91666666666666,1703.5344500000003
A_EVENT_HELDOUT_2018,10,A_optimal_bayesian,p461,incipient,0.02132,1,108.0,1602.5909000000001
A_EVENT_HELDOUT_2018,10,E_optimal_observable_subspace,p461,incipient,0.02132,1,108.0,1602.5909000000001
A_EVENT_HELDOUT_2018,10,bayesian_information_gain,p461,incipient,0.02132,1,197.91666666666666,1703.5344500000003
A_EVENT_HELDOUT_2018,10,D_optimal_rank_reduced,p461,incipient,0.02132,1,17.833333333333332,1703.5344500000003
A_EVENT_HELDOUT_2018,10,A_optimal_rank_reduced,p461,incipient,0.02132,1,197.91666666666666,1703.5344500000003
A_EVENT_HELDOUT_2018,10,E_optimal_rank_reduced,p461,incipient,0.02132,1,197.91666666666666,2022.2249500000007
A_EVENT_HELDOUT_2018,10,goal_oriented_oed,p461,incipient,0.02132,1,108.0,2183.0611500000005
A_EVENT_HELDOUT_2018,10,topological_dispersion,p461,incipient,0.02132,1,197.91666666666666,1703.5344500000003
A_EVENT_HELDOUT_2018,10,centrality,p461,incipient,0.02132,1,293.9166666666667,1534.6901
A_EVENT_HELDOUT_2018,12,FO,p461,incipient,0.02132,1,285.6666666666667,1182.24405
A_EVENT_HELDOUT_2018,12,D_optimal_bayesian,p461,incipient,0.02132,1,108.0,1602.5909000000001
A_EVENT_HELDOUT_2018,12,A_optimal_bayesian,p461,incipient,0.02132,1,108.0,1602.5909000000001
A_EVENT_HELDOUT_2018,12,E_optimal_observable_subspace,p461,incipient,0.02132,1,108.0,1602.5909000000001
A_EVENT_HELDOUT_2018,12,bayesian_information_gain,p461,incipient,0.02132,1,108.0,1602.5909000000001
A_EVENT_HELDOUT_2018,12,D_optimal_rank_reduced,p461,incipient,0.02132,1,17.833333333333332,1703.5344500000003
A_EVENT_HELDOUT_2018,12,A_optimal_rank_reduced,p461,incipient,0.02132,1,197.91666666666666,1703.5344500000003
A_EVENT_HELDOUT_2018,12,E_optimal_rank_reduced,p461,incipient,0.02132,1,197.91666666666666,2022.2249500000007
A_EVENT_HELDOUT_2018,12,goal_oriented_oed,p461,incipient,0.02132,1,108.0,1381.0890000000004
A_EVENT_HELDOUT_2018,12,topological_dispersion,p461,incipient,0.02132,1,197.91666666666666,1703.5344500000003
A_EVENT_HELDOUT_2018,12,centrality,p461,incipient,0.02132,1,282.6666666666667,1485.3151
A_EVENT_HELDOUT_2018,4,FO,p232,incipient,0.020108,0,,
A_EVENT_HELDOUT_2018,4,D_optimal_bayesian,p232,incipient,0.020108,1,245.91666666666666,1320.39365
A_EVENT_HELDOUT_2018,4,A_optimal_bayesian,p232,incipient,0.020108,1,245.91666666666666,1320.39365
A_EVENT_HELDOUT_2018,4,E_optimal_observable_subspace,p232,incipient,0.020108,1,245.91666666666666,1197.6498
A_EVENT_HELDOUT_2018,4,bayesian_information_gain,p232,incipient,0.020108,1,245.91666666666666,1320.39365
A_EVENT_HELDOUT_2018,4,D_optimal_rank_reduced,p232,incipient,0.020108,1,245.91666666666666,1421.3372000000004
A_EVENT_HELDOUT_2018,4,A_optimal_rank_reduced,p232,incipient,0.020108,0,,
A_EVENT_HELDOUT_2018,4,E_optimal_rank_reduced,p232,incipient,0.020108,0,,
A_EVENT_HELDOUT_2018,4,goal_oriented_oed,p232,incipient,0.020108,0,,
A_EVENT_HELDOUT_2018,4,topological_dispersion,p232,incipient,0.020108,1,196.25,1740.0277000000008
A_EVENT_HELDOUT_2018,4,centrality,p232,incipient,0.020108,0,,
A_EVENT_HELDOUT_2018,6,FO,p232,incipient,0.020108,0,,
A_EVENT_HELDOUT_2018,6,D_optimal_bayesian,p232,incipient,0.020108,1,245.91666666666666,1320.39365
A_EVENT_HELDOUT_2018,6,A_optimal_bayesian,p232,incipient,0.020108,1,245.91666666666666,1320.39365
A_EVENT_HELDOUT_2018,6,E_optimal_observable_subspace,p232,incipient,0.020108,1,245.91666666666666,1320.39365
A_EVENT_HELDOUT_2018,6,bayesian_information_gain,p232,incipient,0.020108,1,245.91666666666666,1320.39365
A_EVENT_HELDOUT_2018,6,D_optimal_rank_reduced,p232,incipient,0.020108,1,245.91666666666666,1364.4627500000004
A_EVENT_HELDOUT_2018,6,A_optimal_rank_reduced,p232,incipient,0.020108,1,104.83333333333333,608.9383
A_EVENT_HELDOUT_2018,6,E_optimal_rank_reduced,p232,incipient,0.020108,1,245.91666666666666,1293.2762000000002
A_EVENT_HELDOUT_2018,6,goal_oriented_oed,p232,incipient,0.020108,1,245.91666666666666,1320.39365
A_EVENT_HELDOUT_2018,6,topological_dispersion,p232,incipient,0.020108,1,189.58333333333334,1635.2353500000004
A_EVENT_HELDOUT_2018,6,centrality,p232,incipient,0.020108,0,,
A_EVENT_HELDOUT_2018,8,FO,p232,incipient,0.020108,0,,
A_EVENT_HELDOUT_2018,8,D_optimal_bayesian,p232,incipient,0.020108,1,189.58333333333334,1537.1108500000005
A_EVENT_HELDOUT_2018,8,A_optimal_bayesian,p232,incipient,0.020108,1,189.58333333333334,1537.1108500000005
A_EVENT_HELDOUT_2018,8,E_optimal_observable_subspace,p232,incipient,0.020108,1,189.58333333333334,1537.1108500000005
A_EVENT_HELDOUT_2018,8,bayesian_information_gain,p232,incipient,0.020108,1,189.58333333333334,1537.1108500000005
A_EVENT_HELDOUT_2018,8,D_optimal_rank_reduced,p232,incipient,0.020108,1,245.91666666666666,1364.4627500000004
A_EVENT_HELDOUT_2018,8,A_optimal_rank_reduced,p232,incipient,0.020108,1,104.83333333333333,1400.3412999999996
A_EVENT_HELDOUT_2018,8,E_optimal_rank_reduced,p232,incipient,0.020108,1,245.91666666666666,1293.2762000000002
A_EVENT_HELDOUT_2018,8,goal_oriented_oed,p232,incipient,0.020108,1,245.91666666666666,1320.39365
A_EVENT_HELDOUT_2018,8,topological_dispersion,p232,incipient,0.020108,1,189.58333333333334,1584.9617000000005
A_EVENT_HELDOUT_2018,8,centrality,p232,incipient,0.020108,0,,
A_EVENT_HELDOUT_2018,10,FO,p232,incipient,0.020108,0,,
A_EVENT_HELDOUT_2018,10,D_optimal_bayesian,p232,incipient,0.020108,1,189.58333333333334,1537.1108500000005
A_EVENT_HELDOUT_2018,10,A_optimal_bayesian,p232,incipient,0.020108,1,189.58333333333334,1537.1108500000005
A_EVENT_HELDOUT_2018,10,E_optimal_observable_subspace,p232,incipient,0.020108,1,189.58333333333334,1537.1108500000005
A_EVENT_HELDOUT_2018,10,bayesian_information_gain,p232,incipient,0.020108,1,189.58333333333334,1537.1108500000005
A_EVENT_HELDOUT_2018,10,D_optimal_rank_reduced,p232,incipient,0.020108,1,245.91666666666666,1421.3372000000004
A_EVENT_HELDOUT_2018,10,A_optimal_rank_reduced,p232,incipient,0.020108,1,245.91666666666666,1364.4627500000004
A_EVENT_HELDOUT_2018,10,E_optimal_rank_reduced,p232,incipient,0.020108,1,245.91666666666666,1352.42805
A_EVENT_HELDOUT_2018,10,goal_oriented_oed,p232,incipient,0.020108,1,245.91666666666666,1364.4627500000004
A_EVENT_HELDOUT_2018,10,topological_dispersion,p232,incipient,0.020108,1,189.58333333333334,1584.9617000000005
A_EVENT_HELDOUT_2018,10,centrality,p232,incipient,0.020108,0,,
A_EVENT_HELDOUT_2018,12,FO,p232,incipient,0.020108,0,,
A_EVENT_HELDOUT_2018,12,D_optimal_bayesian,p232,incipient,0.020108,1,189.58333333333334,1537.1108500000005
A_EVENT_HELDOUT_2018,12,A_optimal_bayesian,p232,incipient,0.020108,1,189.58333333333334,1537.1108500000005
A_EVENT_HELDOUT_2018,12,E_optimal_observable_subspace,p232,incipient,0.020108,1,189.58333333333334,1537.1108500000005
A_EVENT_HELDOUT_2018,12,bayesian_information_gain,p232,incipient,0.020108,1,189.58333333333334,1537.1108500000005
A_EVENT_HELDOUT_2018,12,D_optimal_rank_reduced,p232,incipient,0.020108,1,194.16666666666666,1740.0277000000008
A_EVENT_HELDOUT_2018,12,A_optimal_rank_reduced,p232,incipient,0.020108,1,245.91666666666666,1364.4627500000004
A_EVENT_HELDOUT_2018,12,E_optimal_rank_reduced,p232,incipient,0.020108,1,245.91666666666666,1293.2762000000002
A_EVENT_HELDOUT_2018,12,goal_oriented_oed,p232,incipient,0.020108,1,196.25,1635.2353500000004
A_EVENT_HELDOUT_2018,12,topological_dispersion,p232,incipient,0.020108,1,189.58333333333334,1584.9617000000005
A_EVENT_HELDOUT_2018,12,centrality,p232,incipient,0.020108,0,,
A_EVENT_HELDOUT_2018,4,FO,p427,incipient,0.0090731,1,2653.9166666666665,445.21885
A_EVENT_HELDOUT_2018,4,D_optimal_bayesian,p427,incipient,0.0090731,1,972.0833333333334,303.5791
A_EVENT_HELDOUT_2018,4,A_optimal_bayesian,p427,incipient,0.0090731,1,972.0833333333334,303.5791
A_EVENT_HELDOUT_2018,4,E_optimal_observable_subspace,p427,incipient,0.0090731,1,972.0833333333334,1871.93155
A_EVENT_HELDOUT_2018,4,bayesian_information_gain,p427,incipient,0.0090731,1,972.0833333333334,303.5791
A_EVENT_HELDOUT_2018,4,D_optimal_rank_reduced,p427,incipient,0.0090731,1,2385.5,1469.3974000000003
A_EVENT_HELDOUT_2018,4,A_optimal_rank_reduced,p427,incipient,0.0090731,1,1492.3333333333333,681.50035
A_EVENT_HELDOUT_2018,4,E_optimal_rank_reduced,p427,incipient,0.0090731,1,1492.3333333333333,1323.8843499999998
A_EVENT_HELDOUT_2018,4,goal_oriented_oed,p427,incipient,0.0090731,1,759.0,1483.6390999999999
A_EVENT_HELDOUT_2018,4,topological_dispersion,p427,incipient,0.0090731,1,935.75,1469.3974000000003
A_EVENT_HELDOUT_2018,4,centrality,p427,incipient,0.0090731,1,1437.0,495.8784
A_EVENT_HELDOUT_2018,6,FO,p427,incipient,0.0090731,1,1475.3333333333333,1550.7673500000003
A_EVENT_HELDOUT_2018,6,D_optimal_bayesian,p427,incipient,0.0090731,1,972.0833333333334,1692.3420999999998
A_EVENT_HELDOUT_2018,6,A_optimal_bayesian,p427,incipient,0.0090731,1,972.0833333333334,1692.3420999999998
A_EVENT_HELDOUT_2018,6,E_optimal_observable_subspace,p427,incipient,0.0090731,1,972.0833333333334,1692.3420999999998
A_EVENT_HELDOUT_2018,6,bayesian_information_gain,p427,incipient,0.0090731,1,972.0833333333334,1692.3420999999998
A_EVENT_HELDOUT_2018,6,D_optimal_rank_reduced,p427,incipient,0.0090731,1,2385.5,1469.3974000000003
A_EVENT_HELDOUT_2018,6,A_optimal_rank_reduced,p427,incipient,0.0090731,1,1492.3333333333333,681.50035
A_EVENT_HELDOUT_2018,6,E_optimal_rank_reduced,p427,incipient,0.0090731,1,1492.3333333333333,1079.1759
A_EVENT_HELDOUT_2018,6,goal_oriented_oed,p427,incipient,0.0090731,1,759.0,1483.6390999999999
A_EVENT_HELDOUT_2018,6,topological_dispersion,p427,incipient,0.0090731,1,935.75,1483.6390999999999
A_EVENT_HELDOUT_2018,6,centrality,p427,incipient,0.0090731,1,1437.0,574.5130000000001
A_EVENT_HELDOUT_2018,8,FO,p427,incipient,0.0090731,1,1475.3333333333333,1550.7673500000003
A_EVENT_HELDOUT_2018,8,D_optimal_bayesian,p427,incipient,0.0090731,1,972.0833333333334,1663.53785
A_EVENT_HELDOUT_2018,8,A_optimal_bayesian,p427,incipient,0.0090731,1,972.0833333333334,1663.53785
A_EVENT_HELDOUT_2018,8,E_optimal_observable_subspace,p427,incipient,0.0090731,1,972.0833333333334,1663.53785
A_EVENT_HELDOUT_2018,8,bayesian_information_gain,p427,incipient,0.0090731,1,972.0833333333334,1663.53785
A_EVENT_HELDOUT_2018,8,D_optimal_rank_reduced,p427,incipient,0.0090731,1,1118.3333333333333,1314.0183000000002
A_EVENT_HELDOUT_2018,8,A_optimal_rank_reduced,p427,incipient,0.0090731,1,1492.3333333333333,629.5499000000001
A_EVENT_HELDOUT_2018,8,E_optimal_rank_reduced,p427,incipient,0.0090731,1,1002.4166666666666,1704.9288499999998
A_EVENT_HELDOUT_2018,8,goal_oriented_oed,p427,incipient,0.0090731,1,759.0,1483.6390999999999
A_EVENT_HELDOUT_2018,8,topological_dispersion,p427,incipient,0.0090731,1,935.75,1483.6390999999999
A_EVENT_HELDOUT_2018,8,centrality,p427,incipient,0.0090731,1,1069.0833333333333,1069.1728
A_EVENT_HELDOUT_2018,10,FO,p427,incipient,0.0090731,1,1437.0,524.21295
A_EVENT_HELDOUT_2018,10,D_optimal_bayesian,p427,incipient,0.0090731,1,875.4166666666666,1469.3974000000003
A_EVENT_HELDOUT_2018,10,A_optimal_bayesian,p427,incipient,0.0090731,1,875.4166666666666,1469.3974000000003
A_EVENT_HELDOUT_2018,10,E_optimal_observable_subspace,p427,incipient,0.0090731,1,875.4166666666666,1469.3974000000003
A_EVENT_HELDOUT_2018,10,bayesian_information_gain,p427,incipient,0.0090731,1,875.4166666666666,1469.3974000000003
A_EVENT_HELDOUT_2018,10,D_optimal_rank_reduced,p427,incipient,0.0090731,1,1118.3333333333333,1314.0183000000002
A_EVENT_HELDOUT_2018,10,A_optimal_rank_reduced,p427,incipient,0.0090731,1,759.0,1469.3974000000003
A_EVENT_HELDOUT_2018,10,E_optimal_rank_reduced,p427,incipient,0.0090731,1,1002.4166666666666,1663.53785
A_EVENT_HELDOUT_2018,10,goal_oriented_oed,p427,incipient,0.0090731,1,759.0,1483.6390999999999
A_EVENT_HELDOUT_2018,10,topological_dispersion,p427,incipient,0.0090731,1,875.4166666666666,1502.7280999999998
A_EVENT_HELDOUT_2018,10,centrality,p427,incipient,0.0090731,1,1069.0833333333333,1507.8344500000003
A_EVENT_HELDOUT_2018,12,FO,p427,incipient,0.0090731,1,1437.0,519.27585
A_EVENT_HELDOUT_2018,12,D_optimal_bayesian,p427,incipient,0.0090731,1,875.4166666666666,1454.9428000000003
A_EVENT_HELDOUT_2018,12,A_optimal_bayesian,p427,incipient,0.0090731,1,875.4166666666666,1469.3974000000003
A_EVENT_HELDOUT_2018,12,E_optimal_observable_subspace,p427,incipient,0.0090731,1,875.4166666666666,1469.3974000000003
A_EVENT_HELDOUT_2018,12,bayesian_information_gain,p427,incipient,0.0090731,1,875.4166666666666,1454.9428000000003
A_EVENT_HELDOUT_2018,12,D_optimal_rank_reduced,p427,incipient,0.0090731,1,1118.3333333333333,1314.0183000000002
A_EVENT_HELDOUT_2018,12,A_optimal_rank_reduced,p427,incipient,0.0090731,1,759.0,1469.3974000000003
A_EVENT_HELDOUT_2018,12,E_optimal_rank_reduced,p427,incipient,0.0090731,1,1002.4166666666666,1663.53785
A_EVENT_HELDOUT_2018,12,goal_oriented_oed,p427,incipient,0.0090731,1,759.0,1483.6390999999999
A_EVENT_HELDOUT_2018,12,topological_dispersion,p427,incipient,0.0090731,1,875.4166666666666,1483.6390999999999
A_EVENT_HELDOUT_2018,12,centrality,p427,incipient,0.0090731,1,1069.0833333333333,1327.1976499999998
A_EVENT_HELDOUT_2018,4,FO,p673,abrupt,0.022916,1,50.583333333333336,420.61480000000006
A_EVENT_HELDOUT_2018,4,D_optimal_bayesian,p673,abrupt,0.022916,1,2.75,2120.2353500000004
A_EVENT_HELDOUT_2018,4,A_optimal_bayesian,p673,abrupt,0.022916,1,2.75,2120.2353500000004
A_EVENT_HELDOUT_2018,4,E_optimal_observable_subspace,p673,abrupt,0.022916,1,2.75,2268.6945
A_EVENT_HELDOUT_2018,4,bayesian_information_gain,p673,abrupt,0.022916,1,2.75,2120.2353500000004
A_EVENT_HELDOUT_2018,4,D_optimal_rank_reduced,p673,abrupt,0.022916,0,,
A_EVENT_HELDOUT_2018,4,A_optimal_rank_reduced,p673,abrupt,0.022916,1,326.75,86.6689
A_EVENT_HELDOUT_2018,4,E_optimal_rank_reduced,p673,abrupt,0.022916,1,114.25,483.89850000000007
A_EVENT_HELDOUT_2018,4,goal_oriented_oed,p673,abrupt,0.022916,1,114.25,1894.37555
A_EVENT_HELDOUT_2018,4,topological_dispersion,p673,abrupt,0.022916,1,170.58333333333334,2120.2353500000004
A_EVENT_HELDOUT_2018,4,centrality,p673,abrupt,0.022916,1,50.583333333333336,612.9366
A_EVENT_HELDOUT_2018,6,FO,p673,abrupt,0.022916,1,50.583333333333336,373.33880000000005
A_EVENT_HELDOUT_2018,6,D_optimal_bayesian,p673,abrupt,0.022916,1,2.75,2170.57
A_EVENT_HELDOUT_2018,6,A_optimal_bayesian,p673,abrupt,0.022916,1,2.75,2170.57
A_EVENT_HELDOUT_2018,6,E_optimal_observable_subspace,p673,abrupt,0.022916,1,2.75,2170.57
A_EVENT_HELDOUT_2018,6,bayesian_information_gain,p673,abrupt,0.022916,1,2.75,2170.57
A_EVENT_HELDOUT_2018,6,D_optimal_rank_reduced,p673,abrupt,0.022916,1,114.25,1894.37555
A_EVENT_HELDOUT_2018,6,A_optimal_rank_reduced,p673,abrupt,0.022916,1,326.75,66.32135
A_EVENT_HELDOUT_2018,6,E_optimal_rank_reduced,p673,abrupt,0.022916,1,114.25,679.94585
A_EVENT_HELDOUT_2018,6,goal_oriented_oed,p673,abrupt,0.022916,1,170.58333333333334,1408.2320999999997
A_EVENT_HELDOUT_2018,6,topological_dispersion,p673,abrupt,0.022916,1,1.1666666666666667,2373.48685
A_EVENT_HELDOUT_2018,6,centrality,p673,abrupt,0.022916,1,2.75,888.8711499999998
A_EVENT_HELDOUT_2018,8,FO,p673,abrupt,0.022916,1,2.75,1836.5295999999996
A_EVENT_HELDOUT_2018,8,D_optimal_bayesian,p673,abrupt,0.022916,1,2.75,2268.6945
A_EVENT_HELDOUT_2018,8,A_optimal_bayesian,p673,abrupt,0.022916,1,2.75,2268.6945
A_EVENT_HELDOUT_2018,8,E_optimal_observable_subspace,p673,abrupt,0.022916,1,2.75,2268.6945
A_EVENT_HELDOUT_2018,8,bayesian_information_gain,p673,abrupt,0.022916,1,2.75,2268.6945
A_EVENT_HELDOUT_2018,8,D_optimal_rank_reduced,p673,abrupt,0.022916,1,197.58333333333334,2054.79635
A_EVENT_HELDOUT_2018,8,A_optimal_rank_reduced,p673,abrupt,0.022916,1,326.75,132.3671
A_EVENT_HELDOUT_2018,8,E_optimal_rank_reduced,p673,abrupt,0.022916,1,197.58333333333334,1505.47055
A_EVENT_HELDOUT_2018,8,goal_oriented_oed,p673,abrupt,0.022916,1,170.58333333333334,1710.6880500000002
A_EVENT_HELDOUT_2018,8,topological_dispersion,p673,abrupt,0.022916,1,83.75,178.5992
A_EVENT_HELDOUT_2018,8,centrality,p673,abrupt,0.022916,1,2.75,1978.6626999999996
A_EVENT_HELDOUT_2018,10,FO,p673,abrupt,0.022916,1,159.83333333333334,186.47715000000002
A_EVENT_HELDOUT_2018,10,D_optimal_bayesian,p673,abrupt,0.022916,1,2.75,2218.4208500000004
A_EVENT_HELDOUT_2018,10,A_optimal_bayesian,p673,abrupt,0.022916,1,2.75,2075.0084500000003
A_EVENT_HELDOUT_2018,10,E_optimal_observable_subspace,p673,abrupt,0.022916,1,2.75,2075.0084500000003
A_EVENT_HELDOUT_2018,10,bayesian_information_gain,p673,abrupt,0.022916,1,2.75,2218.4208500000004
A_EVENT_HELDOUT_2018,10,D_optimal_rank_reduced,p673,abrupt,0.022916,1,197.58333333333334,2054.79635
A_EVENT_HELDOUT_2018,10,A_optimal_rank_reduced,p673,abrupt,0.022916,1,197.58333333333334,2054.79635
A_EVENT_HELDOUT_2018,10,E_optimal_rank_reduced,p673,abrupt,0.022916,1,169.08333333333334,1953.8528
A_EVENT_HELDOUT_2018,10,goal_oriented_oed,p673,abrupt,0.022916,1,170.58333333333334,1654.2512500000003
A_EVENT_HELDOUT_2018,10,topological_dispersion,p673,abrupt,0.022916,1,1.1666666666666667,2218.4208500000004
A_EVENT_HELDOUT_2018,10,centrality,p673,abrupt,0.022916,1,2.75,1978.6626999999996
A_EVENT_HELDOUT_2018,12,FO,p673,abrupt,0.022916,1,159.83333333333334,186.47715000000002
A_EVENT_HELDOUT_2018,12,D_optimal_bayesian,p673,abrupt,0.022916,1,2.75,2075.0084500000003
A_EVENT_HELDOUT_2018,12,A_optimal_bayesian,p673,abrupt,0.022916,1,2.75,2075.0084500000003
A_EVENT_HELDOUT_2018,12,E_optimal_observable_subspace,p673,abrupt,0.022916,1,2.75,2075.0084500000003
A_EVENT_HELDOUT_2018,12,bayesian_information_gain,p673,abrupt,0.022916,1,2.75,2075.0084500000003
A_EVENT_HELDOUT_2018,12,D_optimal_rank_reduced,p673,abrupt,0.022916,1,72.91666666666667,2373.48685
A_EVENT_HELDOUT_2018,12,A_optimal_rank_reduced,p673,abrupt,0.022916,1,197.58333333333334,2054.79635
A_EVENT_HELDOUT_2018,12,E_optimal_rank_reduced,p673,abrupt,0.022916,1,169.08333333333334,1707.8889
A_EVENT_HELDOUT_2018,12,goal_oriented_oed,p673,abrupt,0.022916,1,170.58333333333334,1623.7129499999994
A_EVENT_HELDOUT_2018,12,topological_dispersion,p673,abrupt,0.022916,1,1.1666666666666667,2316.7022
A_EVENT_HELDOUT_2018,12,centrality,p673,abrupt,0.022916,1,197.16666666666666,1505.47055
A_EVENT_HELDOUT_2018,4,FO,p810,incipient,0.010028,1,253.75,2687.8310000000006
A_EVENT_HELDOUT_2018,4,D_optimal_bayesian,p810,incipient,0.010028,1,130.41666666666666,2816.2904
A_EVENT_HELDOUT_2018,4,A_optimal_bayesian,p810,incipient,0.010028,1,130.41666666666666,2816.2904
A_EVENT_HELDOUT_2018,4,E_optimal_observable_subspace,p810,incipient,0.010028,1,225.83333333333334,3134.9808999999996
A_EVENT_HELDOUT_2018,4,bayesian_information_gain,p810,incipient,0.010028,1,130.41666666666666,2816.2904
A_EVENT_HELDOUT_2018,4,D_optimal_rank_reduced,p810,incipient,0.010028,1,130.41666666666666,2816.2904
A_EVENT_HELDOUT_2018,4,A_optimal_rank_reduced,p810,incipient,0.010028,1,274.8333333333333,944.0238500000002
A_EVENT_HELDOUT_2018,4,E_optimal_rank_reduced,p810,incipient,0.010028,1,225.83333333333334,3134.9808999999996
A_EVENT_HELDOUT_2018,4,goal_oriented_oed,p810,incipient,0.010028,1,225.83333333333334,3134.9808999999996
A_EVENT_HELDOUT_2018,4,topological_dispersion,p810,incipient,0.010028,1,225.83333333333334,3134.9808999999996
A_EVENT_HELDOUT_2018,4,centrality,p810,incipient,0.010028,1,1717.1666666666667,1127.5448499999998
A_EVENT_HELDOUT_2018,6,FO,p810,incipient,0.010028,1,253.75,2687.8310000000006
A_EVENT_HELDOUT_2018,6,D_optimal_bayesian,p810,incipient,0.010028,1,130.41666666666666,2816.2904
A_EVENT_HELDOUT_2018,6,A_optimal_bayesian,p810,incipient,0.010028,1,130.41666666666666,2816.2904
A_EVENT_HELDOUT_2018,6,E_optimal_observable_subspace,p810,incipient,0.010028,1,130.41666666666666,2816.2904
A_EVENT_HELDOUT_2018,6,bayesian_information_gain,p810,incipient,0.010028,1,130.41666666666666,2816.2904
A_EVENT_HELDOUT_2018,6,D_optimal_rank_reduced,p810,incipient,0.010028,1,130.41666666666666,2816.2904
A_EVENT_HELDOUT_2018,6,A_optimal_rank_reduced,p810,incipient,0.010028,1,130.41666666666666,2816.2904
A_EVENT_HELDOUT_2018,6,E_optimal_rank_reduced,p810,incipient,0.010028,1,225.83333333333334,3134.9808999999996
A_EVENT_HELDOUT_2018,6,goal_oriented_oed,p810,incipient,0.010028,1,225.83333333333334,3134.9808999999996
A_EVENT_HELDOUT_2018,6,topological_dispersion,p810,incipient,0.010028,1,225.83333333333334,3134.9808999999996
A_EVENT_HELDOUT_2018,6,centrality,p810,incipient,0.010028,1,250.25,1067.8651999999997
A_EVENT_HELDOUT_2018,8,FO,p810,incipient,0.010028,1,253.75,2687.8310000000006
A_EVENT_HELDOUT_2018,8,D_optimal_bayesian,p810,incipient,0.010028,1,22.25,3030.18855
A_EVENT_HELDOUT_2018,8,A_optimal_bayesian,p810,incipient,0.010028,1,22.25,3030.18855
A_EVENT_HELDOUT_2018,8,E_optimal_observable_subspace,p810,incipient,0.010028,1,22.25,3030.18855
A_EVENT_HELDOUT_2018,8,bayesian_information_gain,p810,incipient,0.010028,1,22.25,3030.18855
A_EVENT_HELDOUT_2018,8,D_optimal_rank_reduced,p810,incipient,0.010028,1,130.41666666666666,2816.2904
A_EVENT_HELDOUT_2018,8,A_optimal_rank_reduced,p810,incipient,0.010028,1,130.41666666666666,2816.2904
A_EVENT_HELDOUT_2018,8,E_optimal_rank_reduced,p810,incipient,0.010028,1,225.83333333333334,3134.9808999999996
A_EVENT_HELDOUT_2018,8,goal_oriented_oed,p810,incipient,0.010028,1,22.25,3030.18855
A_EVENT_HELDOUT_2018,8,topological_dispersion,p810,incipient,0.010028,1,225.83333333333334,3134.9808999999996
A_EVENT_HELDOUT_2018,8,centrality,p810,incipient,0.010028,1,250.25,1082.3197999999998
A_EVENT_HELDOUT_2018,10,FO,p810,incipient,0.010028,1,253.75,2687.8310000000006
A_EVENT_HELDOUT_2018,10,D_optimal_bayesian,p810,incipient,0.010028,1,22.25,3078.19625
A_EVENT_HELDOUT_2018,10,A_optimal_bayesian,p810,incipient,0.010028,1,18.166666666666668,3030.18855
A_EVENT_HELDOUT_2018,10,E_optimal_observable_subspace,p810,incipient,0.010028,1,18.166666666666668,3030.18855
A_EVENT_HELDOUT_2018,10,bayesian_information_gain,p810,incipient,0.010028,1,22.25,3078.19625
A_EVENT_HELDOUT_2018,10,D_optimal_rank_reduced,p810,incipient,0.010028,1,130.41666666666666,2816.2904
A_EVENT_HELDOUT_2018,10,A_optimal_rank_reduced,p810,incipient,0.010028,1,130.41666666666666,2816.2904
A_EVENT_HELDOUT_2018,10,E_optimal_rank_reduced,p810,incipient,0.010028,1,225.83333333333334,3134.9808999999996
A_EVENT_HELDOUT_2018,10,goal_oriented_oed,p810,incipient,0.010028,1,22.25,3030.18855
A_EVENT_HELDOUT_2018,10,topological_dispersion,p810,incipient,0.010028,1,22.25,3030.18855
A_EVENT_HELDOUT_2018,10,centrality,p810,incipient,0.010028,1,250.25,1082.3197999999998
A_EVENT_HELDOUT_2018,12,FO,p810,incipient,0.010028,1,253.75,2687.8310000000006
A_EVENT_HELDOUT_2018,12,D_optimal_bayesian,p810,incipient,0.010028,1,18.166666666666668,3078.19625
A_EVENT_HELDOUT_2018,12,A_optimal_bayesian,p810,incipient,0.010028,1,18.166666666666668,3078.19625
A_EVENT_HELDOUT_2018,12,E_optimal_observable_subspace,p810,incipient,0.010028,1,18.166666666666668,3078.19625
A_EVENT_HELDOUT_2018,12,bayesian_information_gain,p810,incipient,0.010028,1,18.166666666666668,3078.19625
A_EVENT_HELDOUT_2018,12,D_optimal_rank_reduced,p810,incipient,0.010028,1,130.41666666666666,2816.2904
A_EVENT_HELDOUT_2018,12,A_optimal_rank_reduced,p810,incipient,0.010028,1,130.41666666666666,2816.2904
A_EVENT_HELDOUT_2018,12,E_optimal_rank_reduced,p810,incipient,0.010028,1,225.83333333333334,3134.9808999999996
A_EVENT_HELDOUT_2018,12,goal_oriented_oed,p810,incipient,0.010028,1,18.166666666666668,3078.19625
A_EVENT_HELDOUT_2018,12,topological_dispersion,p810,incipient,0.010028,1,22.25,3078.19625
A_EVENT_HELDOUT_2018,12,centrality,p810,incipient,0.010028,1,250.25,1082.3197999999998
A_EVENT_HELDOUT_2018,4,FO,p628,incipient,0.022318,1,225.5,2087.2331500000005
A_EVENT_HELDOUT_2018,4,D_optimal_bayesian,p628,incipient,0.022318,1,273.75,1094.6472500000002
A_EVENT_HELDOUT_2018,4,A_optimal_bayesian,p628,incipient,0.022318,1,273.75,1094.6472500000002
A_EVENT_HELDOUT_2018,4,E_optimal_observable_subspace,p628,incipient,0.022318,1,273.75,2072.7785500000005
A_EVENT_HELDOUT_2018,4,bayesian_information_gain,p628,incipient,0.022318,1,273.75,1094.6472500000002
A_EVENT_HELDOUT_2018,4,D_optimal_rank_reduced,p628,incipient,0.022318,1,256.0833333333333,1745.1994499999998
A_EVENT_HELDOUT_2018,4,A_optimal_rank_reduced,p628,incipient,0.022318,1,147.75,227.97324999999998
A_EVENT_HELDOUT_2018,4,E_optimal_rank_reduced,p628,incipient,0.022318,1,7.5,2063.88995
A_EVENT_HELDOUT_2018,4,goal_oriented_oed,p628,incipient,0.022318,1,254.58333333333334,1089.3019499999998
A_EVENT_HELDOUT_2018,4,topological_dispersion,p628,incipient,0.022318,1,48.083333333333336,2087.2331500000005
A_EVENT_HELDOUT_2018,4,centrality,p628,incipient,0.022318,1,200.5,751.0036500000001
A_EVENT_HELDOUT_2018,6,FO,p628,incipient,0.022318,1,191.91666666666666,757.0391000000001
A_EVENT_HELDOUT_2018,6,D_optimal_bayesian,p628,incipient,0.022318,1,7.5,1208.4577499999998
A_EVENT_HELDOUT_2018,6,A_optimal_bayesian,p628,incipient,0.022318,1,7.5,1208.4577499999998
A_EVENT_HELDOUT_2018,6,E_optimal_observable_subspace,p628,incipient,0.022318,1,7.5,1208.4577499999998
A_EVENT_HELDOUT_2018,6,bayesian_information_gain,p628,incipient,0.022318,1,7.5,1208.4577499999998
A_EVENT_HELDOUT_2018,6,D_optimal_rank_reduced,p628,incipient,0.022318,1,7.5,2072.7785500000005
A_EVENT_HELDOUT_2018,6,A_optimal_rank_reduced,p628,incipient,0.022318,1,147.75,227.97324999999998
A_EVENT_HELDOUT_2018,6,E_optimal_rank_reduced,p628,incipient,0.022318,1,7.5,2063.88995
A_EVENT_HELDOUT_2018,6,goal_oriented_oed,p628,incipient,0.022318,1,189.58333333333334,573.4668
A_EVENT_HELDOUT_2018,6,topological_dispersion,p628,incipient,0.022318,1,48.083333333333336,2087.2331500000005
A_EVENT_HELDOUT_2018,6,centrality,p628,incipient,0.022318,1,200.5,751.0036500000001
A_EVENT_HELDOUT_2018,8,FO,p628,incipient,0.022318,1,191.91666666666666,805.3221000000001
A_EVENT_HELDOUT_2018,8,D_optimal_bayesian,p628,incipient,0.022318,1,7.5,2063.88995
A_EVENT_HELDOUT_2018,8,A_optimal_bayesian,p628,incipient,0.022318,1,7.5,2063.88995
A_EVENT_HELDOUT_2018,8,E_optimal_observable_subspace,p628,incipient,0.022318,1,7.5,2063.88995
A_EVENT_HELDOUT_2018,8,bayesian_information_gain,p628,incipient,0.022318,1,7.5,2063.88995
A_EVENT_HELDOUT_2018,8,D_optimal_rank_reduced,p628,incipient,0.022318,1,256.0833333333333,2087.2331500000005
A_EVENT_HELDOUT_2018,8,A_optimal_rank_reduced,p628,incipient,0.022318,1,7.5,1208.4577499999998
A_EVENT_HELDOUT_2018,8,E_optimal_rank_reduced,p628,incipient,0.022318,1,147.75,198.5745
A_EVENT_HELDOUT_2018,8,goal_oriented_oed,p628,incipient,0.022318,1,189.58333333333334,1434.0584
A_EVENT_HELDOUT_2018,8,topological_dispersion,p628,incipient,0.022318,1,48.083333333333336,2087.2331500000005
A_EVENT_HELDOUT_2018,8,centrality,p628,incipient,0.022318,1,200.5,751.0036500000001
A_EVENT_HELDOUT_2018,10,FO,p628,incipient,0.022318,1,147.75,227.97324999999998
A_EVENT_HELDOUT_2018,10,D_optimal_bayesian,p628,incipient,0.022318,1,7.5,2063.88995
A_EVENT_HELDOUT_2018,10,A_optimal_bayesian,p628,incipient,0.022318,1,7.5,1208.4577499999998
A_EVENT_HELDOUT_2018,10,E_optimal_observable_subspace,p628,incipient,0.022318,1,7.5,1208.4577499999998
A_EVENT_HELDOUT_2018,10,bayesian_information_gain,p628,incipient,0.022318,1,7.5,2063.88995
A_EVENT_HELDOUT_2018,10,D_optimal_rank_reduced,p628,incipient,0.022318,1,256.0833333333333,2087.2331500000005
A_EVENT_HELDOUT_2018,10,A_optimal_rank_reduced,p628,incipient,0.022318,1,147.75,2072.7785500000005
A_EVENT_HELDOUT_2018,10,E_optimal_rank_reduced,p628,incipient,0.022318,1,147.75,198.5745
A_EVENT_HELDOUT_2018,10,goal_oriented_oed,p628,incipient,0.022318,1,48.083333333333336,2087.2331500000005
A_EVENT_HELDOUT_2018,10,topological_dispersion,p628,incipient,0.022318,1,48.083333333333336,2087.2331500000005
A_EVENT_HELDOUT_2018,10,centrality,p628,incipient,0.022318,1,200.5,751.0036500000001
A_EVENT_HELDOUT_2018,12,FO,p628,incipient,0.022318,1,147.75,227.97324999999998
A_EVENT_HELDOUT_2018,12,D_optimal_bayesian,p628,incipient,0.022318,1,7.5,2063.88995
A_EVENT_HELDOUT_2018,12,A_optimal_bayesian,p628,incipient,0.022318,1,7.5,1208.4577499999998
A_EVENT_HELDOUT_2018,12,E_optimal_observable_subspace,p628,incipient,0.022318,1,7.5,1208.4577499999998
A_EVENT_HELDOUT_2018,12,bayesian_information_gain,p628,incipient,0.022318,1,7.5,2063.88995
A_EVENT_HELDOUT_2018,12,D_optimal_rank_reduced,p628,incipient,0.022318,1,248.5,1319.0354999999997
A_EVENT_HELDOUT_2018,12,A_optimal_rank_reduced,p628,incipient,0.022318,1,147.75,2072.7785500000005
A_EVENT_HELDOUT_2018,12,E_optimal_rank_reduced,p628,incipient,0.022318,1,147.75,2087.2331500000005
A_EVENT_HELDOUT_2018,12,goal_oriented_oed,p628,incipient,0.022318,1,48.083333333333336,2087.2331500000005
A_EVENT_HELDOUT_2018,12,topological_dispersion,p628,incipient,0.022318,1,48.083333333333336,2087.2331500000005
A_EVENT_HELDOUT_2018,12,centrality,p628,incipient,0.022318,1,147.75,375.73870000000005
A_EVENT_HELDOUT_2018,4,FO,p538,abrupt,0.021731,1,57.5,327.6414
A_EVENT_HELDOUT_2018,4,D_optimal_bayesian,p538,abrupt,0.021731,1,91.91666666666667,1530.4371999999996
A_EVENT_HELDOUT_2018,4,A_optimal_bayesian,p538,abrupt,0.021731,1,91.91666666666667,1530.4371999999996
A_EVENT_HELDOUT_2018,4,E_optimal_observable_subspace,p538,abrupt,0.021731,1,80.91666666666667,1096.6834
A_EVENT_HELDOUT_2018,4,bayesian_information_gain,p538,abrupt,0.021731,1,91.91666666666667,1530.4371999999996
A_EVENT_HELDOUT_2018,4,D_optimal_rank_reduced,p538,abrupt,0.021731,1,80.91666666666667,1265.3319
A_EVENT_HELDOUT_2018,4,A_optimal_rank_reduced,p538,abrupt,0.021731,1,167.0,1607.2340499999998
A_EVENT_HELDOUT_2018,4,E_optimal_rank_reduced,p538,abrupt,0.021731,1,36.333333333333336,2615.4674499999996
A_EVENT_HELDOUT_2018,4,goal_oriented_oed,p538,abrupt,0.021731,1,106.0,1881.9792500000003
A_EVENT_HELDOUT_2018,4,topological_dispersion,p538,abrupt,0.021731,1,57.166666666666664,240.4164
A_EVENT_HELDOUT_2018,4,centrality,p538,abrupt,0.021731,1,83.5,1061.6188
A_EVENT_HELDOUT_2018,6,FO,p538,abrupt,0.021731,1,15.333333333333334,2471.5548500000004
A_EVENT_HELDOUT_2018,6,D_optimal_bayesian,p538,abrupt,0.021731,1,80.91666666666667,1096.6834
A_EVENT_HELDOUT_2018,6,A_optimal_bayesian,p538,abrupt,0.021731,1,80.91666666666667,1096.6834
A_EVENT_HELDOUT_2018,6,E_optimal_observable_subspace,p538,abrupt,0.021731,1,80.91666666666667,1096.6834
A_EVENT_HELDOUT_2018,6,bayesian_information_gain,p538,abrupt,0.021731,1,80.91666666666667,1096.6834
A_EVENT_HELDOUT_2018,6,D_optimal_rank_reduced,p538,abrupt,0.021731,1,80.91666666666667,1265.3319
A_EVENT_HELDOUT_2018,6,A_optimal_rank_reduced,p538,abrupt,0.021731,1,167.0,1607.2340499999998
A_EVENT_HELDOUT_2018,6,E_optimal_rank_reduced,p538,abrupt,0.021731,1,36.333333333333336,2615.4674499999996
A_EVENT_HELDOUT_2018,6,goal_oriented_oed,p538,abrupt,0.021731,1,57.166666666666664,240.4164
A_EVENT_HELDOUT_2018,6,topological_dispersion,p538,abrupt,0.021731,1,3.5833333333333335,386.53875000000005
A_EVENT_HELDOUT_2018,6,centrality,p538,abrupt,0.021731,1,19.333333333333332,2486.0094500000005
A_EVENT_HELDOUT_2018,8,FO,p538,abrupt,0.021731,1,15.333333333333334,2471.5548500000004
A_EVENT_HELDOUT_2018,8,D_optimal_bayesian,p538,abrupt,0.021731,1,38.75,494.73605
A_EVENT_HELDOUT_2018,8,A_optimal_bayesian,p538,abrupt,0.021731,1,38.75,494.73605
A_EVENT_HELDOUT_2018,8,E_optimal_observable_subspace,p538,abrupt,0.021731,1,38.75,494.73605
A_EVENT_HELDOUT_2018,8,bayesian_information_gain,p538,abrupt,0.021731,1,38.75,494.73605
A_EVENT_HELDOUT_2018,8,D_optimal_rank_reduced,p538,abrupt,0.021731,1,80.25,1096.6834
A_EVENT_HELDOUT_2018,8,A_optimal_rank_reduced,p538,abrupt,0.021731,1,42.666666666666664,2486.0094500000005
A_EVENT_HELDOUT_2018,8,E_optimal_rank_reduced,p538,abrupt,0.021731,1,36.333333333333336,2615.4674499999996
A_EVENT_HELDOUT_2018,8,goal_oriented_oed,p538,abrupt,0.021731,1,57.166666666666664,240.4164
A_EVENT_HELDOUT_2018,8,topological_dispersion,p538,abrupt,0.021731,1,158.58333333333334,1777.1869000000002
A_EVENT_HELDOUT_2018,8,centrality,p538,abrupt,0.021731,1,12.333333333333334,2471.5548500000004
A_EVENT_HELDOUT_2018,10,FO,p538,abrupt,0.021731,1,155.5,439.8968
A_EVENT_HELDOUT_2018,10,D_optimal_bayesian,p538,abrupt,0.021731,1,38.75,494.73605
A_EVENT_HELDOUT_2018,10,A_optimal_bayesian,p538,abrupt,0.021731,1,38.75,494.73605
A_EVENT_HELDOUT_2018,10,E_optimal_observable_subspace,p538,abrupt,0.021731,1,38.75,494.73605
A_EVENT_HELDOUT_2018,10,bayesian_information_gain,p538,abrupt,0.021731,1,38.75,494.73605
A_EVENT_HELDOUT_2018,10,D_optimal_rank_reduced,p538,abrupt,0.021731,1,69.83333333333333,341.38625
A_EVENT_HELDOUT_2018,10,A_optimal_rank_reduced,p538,abrupt,0.021731,1,42.666666666666664,2486.0094500000005
A_EVENT_HELDOUT_2018,10,E_optimal_rank_reduced,p538,abrupt,0.021731,1,36.333333333333336,2615.4674499999996
A_EVENT_HELDOUT_2018,10,goal_oriented_oed,p538,abrupt,0.021731,1,47.5,2486.0094500000005
A_EVENT_HELDOUT_2018,10,topological_dispersion,p538,abrupt,0.021731,1,158.58333333333334,1881.9792500000003
A_EVENT_HELDOUT_2018,10,centrality,p538,abrupt,0.021731,1,129.25,1023.7069499999999
A_EVENT_HELDOUT_2018,12,FO,p538,abrupt,0.021731,1,155.5,439.8968
A_EVENT_HELDOUT_2018,12,D_optimal_bayesian,p538,abrupt,0.021731,1,38.75,494.73605
A_EVENT_HELDOUT_2018,12,A_optimal_bayesian,p538,abrupt,0.021731,1,38.75,494.73605
A_EVENT_HELDOUT_2018,12,E_optimal_observable_subspace,p538,abrupt,0.021731,1,38.75,494.73605
A_EVENT_HELDOUT_2018,12,bayesian_information_gain,p538,abrupt,0.021731,1,38.75,494.73605
A_EVENT_HELDOUT_2018,12,D_optimal_rank_reduced,p538,abrupt,0.021731,1,61.0,240.4164
A_EVENT_HELDOUT_2018,12,A_optimal_rank_reduced,p538,abrupt,0.021731,1,37.083333333333336,513.8250499999999
A_EVENT_HELDOUT_2018,12,E_optimal_rank_reduced,p538,abrupt,0.021731,1,36.333333333333336,2615.4674499999996
A_EVENT_HELDOUT_2018,12,goal_oriented_oed,p538,abrupt,0.021731,1,47.5,2486.0094500000005
A_EVENT_HELDOUT_2018,12,topological_dispersion,p538,abrupt,0.021731,1,158.58333333333334,1881.9792500000003
A_EVENT_HELDOUT_2018,12,centrality,p538,abrupt,0.021731,1,129.25,1023.7069499999999
A_EVENT_HELDOUT_2018,4,FO,p866,abrupt,0.018108,1,102.91666666666667,235.16174999999998
A_EVENT_HELDOUT_2018,4,D_optimal_bayesian,p866,abrupt,0.018108,0,,
A_EVENT_HELDOUT_2018,4,A_optimal_bayesian,p866,abrupt,0.018108,0,,
A_EVENT_HELDOUT_2018,4,E_optimal_observable_subspace,p866,abrupt,0.018108,1,118.66666666666667,2676.995500000001
A_EVENT_HELDOUT_2018,4,bayesian_information_gain,p866,abrupt,0.018108,0,,
A_EVENT_HELDOUT_2018,4,D_optimal_rank_reduced,p866,abrupt,0.018108,1,118.66666666666667,2781.5746000000004
A_EVENT_HELDOUT_2018,4,A_optimal_rank_reduced,p866,abrupt,0.018108,0,,
A_EVENT_HELDOUT_2018,4,E_optimal_rank_reduced,p866,abrupt,0.018108,1,69.16666666666667,3157.13955
A_EVENT_HELDOUT_2018,4,goal_oriented_oed,p866,abrupt,0.018108,1,103.08333333333333,494.55585
A_EVENT_HELDOUT_2018,4,topological_dispersion,p866,abrupt,0.018108,1,27.25,2947.793650000001
A_EVENT_HELDOUT_2018,4,centrality,p866,abrupt,0.018108,1,185.5,2832.125450000001
A_EVENT_HELDOUT_2018,6,FO,p866,abrupt,0.018108,1,2.75,184.4115
A_EVENT_HELDOUT_2018,6,D_optimal_bayesian,p866,abrupt,0.018108,1,118.66666666666667,2838.44905
A_EVENT_HELDOUT_2018,6,A_optimal_bayesian,p866,abrupt,0.018108,1,118.66666666666667,2838.44905
A_EVENT_HELDOUT_2018,6,E_optimal_observable_subspace,p866,abrupt,0.018108,1,118.66666666666667,2838.44905
A_EVENT_HELDOUT_2018,6,bayesian_information_gain,p866,abrupt,0.018108,1,118.66666666666667,2838.44905
A_EVENT_HELDOUT_2018,6,D_optimal_rank_reduced,p866,abrupt,0.018108,1,118.66666666666667,2781.5746000000004
A_EVENT_HELDOUT_2018,6,A_optimal_rank_reduced,p866,abrupt,0.018108,0,,
A_EVENT_HELDOUT_2018,6,E_optimal_rank_reduced,p866,abrupt,0.018108,1,46.416666666666664,370.28525
A_EVENT_HELDOUT_2018,6,goal_oriented_oed,p866,abrupt,0.018108,1,103.08333333333333,494.55585
A_EVENT_HELDOUT_2018,6,topological_dispersion,p866,abrupt,0.018108,0,,
A_EVENT_HELDOUT_2018,6,centrality,p866,abrupt,0.018108,1,29.833333333333332,355.83065
A_EVENT_HELDOUT_2018,8,FO,p866,abrupt,0.018108,1,2.75,355.83065
A_EVENT_HELDOUT_2018,8,D_optimal_bayesian,p866,abrupt,0.018108,1,71.5,293.64740000000006
A_EVENT_HELDOUT_2018,8,A_optimal_bayesian,p866,abrupt,0.018108,1,71.5,293.64740000000006
A_EVENT_HELDOUT_2018,8,E_optimal_observable_subspace,p866,abrupt,0.018108,1,71.5,293.64740000000006
A_EVENT_HELDOUT_2018,8,bayesian_information_gain,p866,abrupt,0.018108,1,71.5,293.64740000000006
A_EVENT_HELDOUT_2018,8,D_optimal_rank_reduced,p866,abrupt,0.018108,1,118.66666666666667,2737.5055
A_EVENT_HELDOUT_2018,8,A_optimal_rank_reduced,p866,abrupt,0.018108,1,45.416666666666664,1527.84925
A_EVENT_HELDOUT_2018,8,E_optimal_rank_reduced,p866,abrupt,0.018108,1,45.416666666666664,355.83065
A_EVENT_HELDOUT_2018,8,goal_oriented_oed,p866,abrupt,0.018108,1,94.5,3157.13955
A_EVENT_HELDOUT_2018,8,topological_dispersion,p866,abrupt,0.018108,0,,
A_EVENT_HELDOUT_2018,8,centrality,p866,abrupt,0.018108,1,185.5,355.83065
A_EVENT_HELDOUT_2018,10,FO,p866,abrupt,0.018108,1,166.16666666666666,500.42575000000005
A_EVENT_HELDOUT_2018,10,D_optimal_bayesian,p866,abrupt,0.018108,1,153.66666666666666,1088.72215
A_EVENT_HELDOUT_2018,10,A_optimal_bayesian,p866,abrupt,0.018108,1,153.66666666666666,895.43765
A_EVENT_HELDOUT_2018,10,E_optimal_observable_subspace,p866,abrupt,0.018108,1,153.66666666666666,895.43765
A_EVENT_HELDOUT_2018,10,bayesian_information_gain,p866,abrupt,0.018108,1,153.66666666666666,1088.72215
A_EVENT_HELDOUT_2018,10,D_optimal_rank_reduced,p866,abrupt,0.018108,1,94.33333333333333,3157.13955
A_EVENT_HELDOUT_2018,10,A_optimal_rank_reduced,p866,abrupt,0.018108,1,45.416666666666664,1527.84925
A_EVENT_HELDOUT_2018,10,E_optimal_rank_reduced,p866,abrupt,0.018108,1,185.5,355.83065
A_EVENT_HELDOUT_2018,10,goal_oriented_oed,p866,abrupt,0.018108,1,94.5,3157.13955
A_EVENT_HELDOUT_2018,10,topological_dispersion,p866,abrupt,0.018108,0,,
A_EVENT_HELDOUT_2018,10,centrality,p866,abrupt,0.018108,1,185.5,355.83065
A_EVENT_HELDOUT_2018,12,FO,p866,abrupt,0.018108,1,166.16666666666666,500.42575000000005
A_EVENT_HELDOUT_2018,12,D_optimal_bayesian,p866,abrupt,0.018108,1,153.66666666666666,1138.798
A_EVENT_HELDOUT_2018,12,A_optimal_bayesian,p866,abrupt,0.018108,1,153.66666666666666,1233.2188999999998
A_EVENT_HELDOUT_2018,12,E_optimal_observable_subspace,p866,abrupt,0.018108,1,153.66666666666666,1233.2188999999998
A_EVENT_HELDOUT_2018,12,bayesian_information_gain,p866,abrupt,0.018108,1,153.66666666666666,1138.798
A_EVENT_HELDOUT_2018,12,D_optimal_rank_reduced,p866,abrupt,0.018108,1,94.33333333333333,3157.13955
A_EVENT_HELDOUT_2018,12,A_optimal_rank_reduced,p866,abrupt,0.018108,1,45.416666666666664,355.83065
A_EVENT_HELDOUT_2018,12,E_optimal_rank_reduced,p866,abrupt,0.018108,1,185.5,355.83065
A_EVENT_HELDOUT_2018,12,goal_oriented_oed,p866,abrupt,0.018108,1,94.5,3157.13955
A_EVENT_HELDOUT_2018,12,topological_dispersion,p866,abrupt,0.018108,1,213.41666666666666,2981.4386500000005
A_EVENT_HELDOUT_2018,12,centrality,p866,abrupt,0.018108,1,185.5,355.83065
A_EVENT_HELDOUT_2018,4,FO,p31,incipient,0.016389,1,282.0,1400.3913499999999
A_EVENT_HELDOUT_2018,4,D_optimal_bayesian,p31,incipient,0.016389,1,169.16666666666666,276.2607
A_EVENT_HELDOUT_2018,4,A_optimal_bayesian,p31,incipient,0.016389,1,169.16666666666666,276.2607
A_EVENT_HELDOUT_2018,4,E_optimal_observable_subspace,p31,incipient,0.016389,1,174.16666666666666,2526.809800000001
A_EVENT_HELDOUT_2018,4,bayesian_information_gain,p31,incipient,0.016389,1,169.16666666666666,276.2607
A_EVENT_HELDOUT_2018,4,D_optimal_rank_reduced,p31,incipient,0.016389,1,169.16666666666666,276.2607
A_EVENT_HELDOUT_2018,4,A_optimal_rank_reduced,p31,incipient,0.016389,1,279.5,784.6720499999999
A_EVENT_HELDOUT_2018,4,E_optimal_rank_reduced,p31,incipient,0.016389,1,139.25,1264.9398999999999
A_EVENT_HELDOUT_2018,4,goal_oriented_oed,p31,incipient,0.016389,1,2.4166666666666665,1245.8509
A_EVENT_HELDOUT_2018,4,topological_dispersion,p31,incipient,0.016389,1,174.16666666666666,2526.809800000001
A_EVENT_HELDOUT_2018,4,centrality,p31,incipient,0.016389,1,282.0,1202.0454499999996
A_EVENT_HELDOUT_2018,6,FO,p31,incipient,0.016389,1,282.0,782.1330499999999
A_EVENT_HELDOUT_2018,6,D_optimal_bayesian,p31,incipient,0.016389,1,139.25,2512.355200000001
A_EVENT_HELDOUT_2018,6,A_optimal_bayesian,p31,incipient,0.016389,1,139.25,2512.355200000001
A_EVENT_HELDOUT_2018,6,E_optimal_observable_subspace,p31,incipient,0.016389,1,139.25,2512.355200000001
A_EVENT_HELDOUT_2018,6,bayesian_information_gain,p31,incipient,0.016389,1,139.25,2512.355200000001
A_EVENT_HELDOUT_2018,6,D_optimal_rank_reduced,p31,incipient,0.016389,1,139.25,630.5991
A_EVENT_HELDOUT_2018,6,A_optimal_rank_reduced,p31,incipient,0.016389,1,169.16666666666666,500.13310000000007
A_EVENT_HELDOUT_2018,6,E_optimal_rank_reduced,p31,incipient,0.016389,1,139.25,1264.9398999999999
A_EVENT_HELDOUT_2018,6,goal_oriented_oed,p31,incipient,0.016389,1,174.16666666666666,1245.8509
A_EVENT_HELDOUT_2018,6,topological_dispersion,p31,incipient,0.016389,1,174.16666666666666,2526.809800000001
A_EVENT_HELDOUT_2018,6,centrality,p31,incipient,0.016389,1,282.0,1211.3156999999999
A_EVENT_HELDOUT_2018,8,FO,p31,incipient,0.016389,1,282.0,907.93715
A_EVENT_HELDOUT_2018,8,D_optimal_bayesian,p31,incipient,0.016389,1,139.25,630.5991
A_EVENT_HELDOUT_2018,8,A_optimal_bayesian,p31,incipient,0.016389,1,139.25,630.5991
A_EVENT_HELDOUT_2018,8,E_optimal_observable_subspace,p31,incipient,0.016389,1,139.25,630.5991
A_EVENT_HELDOUT_2018,8,bayesian_information_gain,p31,incipient,0.016389,1,139.25,630.5991
A_EVENT_HELDOUT_2018,8,D_optimal_rank_reduced,p31,incipient,0.016389,1,139.25,630.5991
A_EVENT_HELDOUT_2018,8,A_optimal_rank_reduced,p31,incipient,0.016389,1,169.16666666666666,373.8053499999999
A_EVENT_HELDOUT_2018,8,E_optimal_rank_reduced,p31,incipient,0.016389,1,2.4166666666666665,2526.809800000001
A_EVENT_HELDOUT_2018,8,goal_oriented_oed,p31,incipient,0.016389,1,174.16666666666666,1245.8509
A_EVENT_HELDOUT_2018,8,topological_dispersion,p31,incipient,0.016389,1,174.16666666666666,2526.809800000001
A_EVENT_HELDOUT_2018,8,centrality,p31,incipient,0.016389,1,282.0,907.93715
A_EVENT_HELDOUT_2018,10,FO,p31,incipient,0.016389,1,167.83333333333334,469.1602
A_EVENT_HELDOUT_2018,10,D_optimal_bayesian,p31,incipient,0.016389,1,139.25,630.5991
A_EVENT_HELDOUT_2018,10,A_optimal_bayesian,p31,incipient,0.016389,1,139.25,1245.8509
A_EVENT_HELDOUT_2018,10,E_optimal_observable_subspace,p31,incipient,0.016389,1,139.25,1245.8509
A_EVENT_HELDOUT_2018,10,bayesian_information_gain,p31,incipient,0.016389,1,139.25,630.5991
A_EVENT_HELDOUT_2018,10,D_optimal_rank_reduced,p31,incipient,0.016389,1,169.16666666666666,373.8053499999999
A_EVENT_HELDOUT_2018,10,A_optimal_rank_reduced,p31,incipient,0.016389,1,169.16666666666666,373.8053499999999
A_EVENT_HELDOUT_2018,10,E_optimal_rank_reduced,p31,incipient,0.016389,1,2.4166666666666665,2526.809800000001
A_EVENT_HELDOUT_2018,10,goal_oriented_oed,p31,incipient,0.016389,1,2.4166666666666665,2512.355200000001
A_EVENT_HELDOUT_2018,10,topological_dispersion,p31,incipient,0.016389,1,169.16666666666666,373.8053499999999
A_EVENT_HELDOUT_2018,10,centrality,p31,incipient,0.016389,1,279.5,666.38155
A_EVENT_HELDOUT_2018,12,FO,p31,incipient,0.016389,1,167.83333333333334,469.1602
A_EVENT_HELDOUT_2018,12,D_optimal_bayesian,p31,incipient,0.016389,1,139.25,2512.355200000001
A_EVENT_HELDOUT_2018,12,A_optimal_bayesian,p31,incipient,0.016389,1,169.16666666666666,501.73184999999995
A_EVENT_HELDOUT_2018,12,E_optimal_observable_subspace,p31,incipient,0.016389,1,169.16666666666666,501.73184999999995
A_EVENT_HELDOUT_2018,12,bayesian_information_gain,p31,incipient,0.016389,1,139.25,2512.355200000001
A_EVENT_HELDOUT_2018,12,D_optimal_rank_reduced,p31,incipient,0.016389,1,169.16666666666666,373.8053499999999
A_EVENT_HELDOUT_2018,12,A_optimal_rank_reduced,p31,incipient,0.016389,1,139.25,2512.355200000001
A_EVENT_HELDOUT_2018,12,E_optimal_rank_reduced,p31,incipient,0.016389,1,139.25,2512.355200000001
A_EVENT_HELDOUT_2018,12,goal_oriented_oed,p31,incipient,0.016389,1,174.16666666666666,1245.8509
A_EVENT_HELDOUT_2018,12,topological_dispersion,p31,incipient,0.016389,1,169.16666666666666,321.7156999999999
A_EVENT_HELDOUT_2018,12,centrality,p31,incipient,0.016389,1,279.5,666.38155
A_EVENT_HELDOUT_2018,4,FO,p654,incipient,0.0087735,1,1908.3333333333333,1409.14345
A_EVENT_HELDOUT_2018,4,D_optimal_bayesian,p654,incipient,0.0087735,1,200.16666666666666,1845.43415
A_EVENT_HELDOUT_2018,4,A_optimal_bayesian,p654,incipient,0.0087735,1,200.16666666666666,1845.43415
A_EVENT_HELDOUT_2018,4,E_optimal_observable_subspace,p654,incipient,0.0087735,1,252.83333333333334,1667.3518500000005
A_EVENT_HELDOUT_2018,4,bayesian_information_gain,p654,incipient,0.0087735,1,200.16666666666666,1845.43415
A_EVENT_HELDOUT_2018,4,D_optimal_rank_reduced,p654,incipient,0.0087735,1,252.33333333333334,1693.9941000000001
A_EVENT_HELDOUT_2018,4,A_optimal_rank_reduced,p654,incipient,0.0087735,1,2241.75,888.8717
A_EVENT_HELDOUT_2018,4,E_optimal_rank_reduced,p654,incipient,0.0087735,1,252.83333333333334,1650.7684000000002
A_EVENT_HELDOUT_2018,4,goal_oriented_oed,p654,incipient,0.0087735,1,252.83333333333334,1742.16305
A_EVENT_HELDOUT_2018,4,topological_dispersion,p654,incipient,0.0087735,1,252.83333333333334,1650.7684000000002
A_EVENT_HELDOUT_2018,4,centrality,p654,incipient,0.0087735,1,2460.6666666666665,833.1929999999998
A_EVENT_HELDOUT_2018,6,FO,p654,incipient,0.0087735,1,1908.3333333333333,981.1133499999997
A_EVENT_HELDOUT_2018,6,D_optimal_bayesian,p654,incipient,0.0087735,1,200.16666666666666,1859.88875
A_EVENT_HELDOUT_2018,6,A_optimal_bayesian,p654,incipient,0.0087735,1,200.16666666666666,1859.88875
A_EVENT_HELDOUT_2018,6,E_optimal_observable_subspace,p654,incipient,0.0087735,1,200.16666666666666,1859.88875
A_EVENT_HELDOUT_2018,6,bayesian_information_gain,p654,incipient,0.0087735,1,200.16666666666666,1859.88875
A_EVENT_HELDOUT_2018,6,D_optimal_rank_reduced,p654,incipient,0.0087735,1,200.16666666666666,1859.88875
A_EVENT_HELDOUT_2018,6,A_optimal_rank_reduced,p654,incipient,0.0087735,1,252.33333333333334,1748.5272000000002
A_EVENT_HELDOUT_2018,6,E_optimal_rank_reduced,p654,incipient,0.0087735,1,252.83333333333334,1650.7684000000002
A_EVENT_HELDOUT_2018,6,goal_oriented_oed,p654,incipient,0.0087735,1,252.83333333333334,1524.111
A_EVENT_HELDOUT_2018,6,topological_dispersion,p654,incipient,0.0087735,1,252.83333333333334,1650.7684000000002
A_EVENT_HELDOUT_2018,6,centrality,p654,incipient,0.0087735,1,274.1666666666667,1225.8913
A_EVENT_HELDOUT_2018,8,FO,p654,incipient,0.0087735,1,1252.5,1845.43415
A_EVENT_HELDOUT_2018,8,D_optimal_bayesian,p654,incipient,0.0087735,1,200.16666666666666,1859.88875
A_EVENT_HELDOUT_2018,8,A_optimal_bayesian,p654,incipient,0.0087735,1,200.16666666666666,1859.88875
A_EVENT_HELDOUT_2018,8,E_optimal_observable_subspace,p654,incipient,0.0087735,1,200.16666666666666,1859.88875
A_EVENT_HELDOUT_2018,8,bayesian_information_gain,p654,incipient,0.0087735,1,200.16666666666666,1859.88875
A_EVENT_HELDOUT_2018,8,D_optimal_rank_reduced,p654,incipient,0.0087735,1,81.41666666666667,1948.7252500000002
A_EVENT_HELDOUT_2018,8,A_optimal_rank_reduced,p654,incipient,0.0087735,1,252.33333333333334,1977.7467000000006
A_EVENT_HELDOUT_2018,8,E_optimal_rank_reduced,p654,incipient,0.0087735,1,81.41666666666667,2267.41575
A_EVENT_HELDOUT_2018,8,goal_oriented_oed,p654,incipient,0.0087735,1,252.83333333333334,1790.9955
A_EVENT_HELDOUT_2018,8,topological_dispersion,p654,incipient,0.0087735,1,252.83333333333334,1650.7684000000002
A_EVENT_HELDOUT_2018,8,centrality,p654,incipient,0.0087735,1,274.1666666666667,1225.8913
A_EVENT_HELDOUT_2018,10,FO,p654,incipient,0.0087735,1,415.5833333333333,1859.88875
A_EVENT_HELDOUT_2018,10,D_optimal_bayesian,p654,incipient,0.0087735,1,81.41666666666667,1948.7252500000002
A_EVENT_HELDOUT_2018,10,A_optimal_bayesian,p654,incipient,0.0087735,1,200.16666666666666,1859.88875
A_EVENT_HELDOUT_2018,10,E_optimal_observable_subspace,p654,incipient,0.0087735,1,200.16666666666666,1859.88875
A_EVENT_HELDOUT_2018,10,bayesian_information_gain,p654,incipient,0.0087735,1,81.41666666666667,1948.7252500000002
A_EVENT_HELDOUT_2018,10,D_optimal_rank_reduced,p654,incipient,0.0087735,1,81.41666666666667,1948.7252500000002
A_EVENT_HELDOUT_2018,10,A_optimal_rank_reduced,p654,incipient,0.0087735,1,81.41666666666667,1948.7252500000002
A_EVENT_HELDOUT_2018,10,E_optimal_rank_reduced,p654,incipient,0.0087735,1,81.41666666666667,2267.41575
A_EVENT_HELDOUT_2018,10,goal_oriented_oed,p654,incipient,0.0087735,1,200.16666666666666,1845.43415
A_EVENT_HELDOUT_2018,10,topological_dispersion,p654,incipient,0.0087735,1,200.16666666666666,1859.88875
A_EVENT_HELDOUT_2018,10,centrality,p654,incipient,0.0087735,1,274.1666666666667,716.3267999999999
A_EVENT_HELDOUT_2018,12,FO,p654,incipient,0.0087735,1,415.5833333333333,1859.88875
A_EVENT_HELDOUT_2018,12,D_optimal_bayesian,p654,incipient,0.0087735,1,79.91666666666667,1788.30445
A_EVENT_HELDOUT_2018,12,A_optimal_bayesian,p654,incipient,0.0087735,1,200.16666666666666,1859.88875
A_EVENT_HELDOUT_2018,12,E_optimal_observable_subspace,p654,incipient,0.0087735,1,200.16666666666666,1859.88875
A_EVENT_HELDOUT_2018,12,bayesian_information_gain,p654,incipient,0.0087735,1,79.91666666666667,1788.30445
A_EVENT_HELDOUT_2018,12,D_optimal_rank_reduced,p654,incipient,0.0087735,1,81.41666666666667,1948.7252500000002
A_EVENT_HELDOUT_2018,12,A_optimal_rank_reduced,p654,incipient,0.0087735,1,81.41666666666667,1948.7252500000002
A_EVENT_HELDOUT_2018,12,E_optimal_rank_reduced,p654,incipient,0.0087735,1,81.41666666666667,2267.41575
A_EVENT_HELDOUT_2018,12,goal_oriented_oed,p654,incipient,0.0087735,1,200.16666666666666,1859.88875
A_EVENT_HELDOUT_2018,12,topological_dispersion,p654,incipient,0.0087735,1,200.16666666666666,1859.88875
A_EVENT_HELDOUT_2018,12,centrality,p654,incipient,0.0087735,1,274.1666666666667,928.7214
A_EVENT_HELDOUT_2018,4,FO,p183,abrupt,0.015853,0,,
A_EVENT_HELDOUT_2018,4,D_optimal_bayesian,p183,abrupt,0.015853,1,100.75,2632.82005
A_EVENT_HELDOUT_2018,4,A_optimal_bayesian,p183,abrupt,0.015853,1,100.75,2632.82005
A_EVENT_HELDOUT_2018,4,E_optimal_observable_subspace,p183,abrupt,0.015853,1,100.75,2858.67985
A_EVENT_HELDOUT_2018,4,bayesian_information_gain,p183,abrupt,0.015853,1,100.75,2632.82005
A_EVENT_HELDOUT_2018,4,D_optimal_rank_reduced,p183,abrupt,0.015853,1,151.5,1824.8974
A_EVENT_HELDOUT_2018,4,A_optimal_rank_reduced,p183,abrupt,0.015853,0,,
A_EVENT_HELDOUT_2018,4,E_optimal_rank_reduced,p183,abrupt,0.015853,1,62.583333333333336,2235.55335
A_EVENT_HELDOUT_2018,4,goal_oriented_oed,p183,abrupt,0.015853,1,122.33333333333333,767.18975
A_EVENT_HELDOUT_2018,4,topological_dispersion,p183,abrupt,0.015853,1,82.83333333333333,1770.4300500000002
A_EVENT_HELDOUT_2018,4,centrality,p183,abrupt,0.015853,0,,
A_EVENT_HELDOUT_2018,6,FO,p183,abrupt,0.015853,1,292.8333333333333,767.18975
A_EVENT_HELDOUT_2018,6,D_optimal_bayesian,p183,abrupt,0.015853,1,62.583333333333336,2078.7329499999996
A_EVENT_HELDOUT_2018,6,A_optimal_bayesian,p183,abrupt,0.015853,1,62.583333333333336,2078.7329499999996
A_EVENT_HELDOUT_2018,6,E_optimal_observable_subspace,p183,abrupt,0.015853,1,62.583333333333336,2078.7329499999996
A_EVENT_HELDOUT_2018,6,bayesian_information_gain,p183,abrupt,0.015853,1,62.583333333333336,2078.7329499999996
A_EVENT_HELDOUT_2018,6,D_optimal_rank_reduced,p183,abrupt,0.015853,1,62.583333333333336,2078.7329499999996
A_EVENT_HELDOUT_2018,6,A_optimal_rank_reduced,p183,abrupt,0.015853,1,151.5,2078.7329499999996
A_EVENT_HELDOUT_2018,6,E_optimal_rank_reduced,p183,abrupt,0.015853,1,62.583333333333336,2078.7329499999996
A_EVENT_HELDOUT_2018,6,goal_oriented_oed,p183,abrupt,0.015853,1,122.33333333333333,767.18975
A_EVENT_HELDOUT_2018,6,topological_dispersion,p183,abrupt,0.015853,1,82.83333333333333,1770.4300500000002
A_EVENT_HELDOUT_2018,6,centrality,p183,abrupt,0.015853,0,,
A_EVENT_HELDOUT_2018,8,FO,p183,abrupt,0.015853,1,16.166666666666668,595.7706000000001
A_EVENT_HELDOUT_2018,8,D_optimal_bayesian,p183,abrupt,0.015853,1,62.583333333333336,2078.7329499999996
A_EVENT_HELDOUT_2018,8,A_optimal_bayesian,p183,abrupt,0.015853,1,62.583333333333336,2078.7329499999996
A_EVENT_HELDOUT_2018,8,E_optimal_observable_subspace,p183,abrupt,0.015853,1,62.583333333333336,2078.7329499999996
A_EVENT_HELDOUT_2018,8,bayesian_information_gain,p183,abrupt,0.015853,1,62.583333333333336,2078.7329499999996
A_EVENT_HELDOUT_2018,8,D_optimal_rank_reduced,p183,abrupt,0.015853,1,62.583333333333336,2078.7329499999996
A_EVENT_HELDOUT_2018,8,A_optimal_rank_reduced,p183,abrupt,0.015853,1,151.5,2078.7329499999996
A_EVENT_HELDOUT_2018,8,E_optimal_rank_reduced,p183,abrupt,0.015853,1,62.583333333333336,2078.7329499999996
A_EVENT_HELDOUT_2018,8,goal_oriented_oed,p183,abrupt,0.015853,1,62.583333333333336,962.6573000000001
A_EVENT_HELDOUT_2018,8,topological_dispersion,p183,abrupt,0.015853,1,63.0,2078.7329499999996
A_EVENT_HELDOUT_2018,8,centrality,p183,abrupt,0.015853,0,,
A_EVENT_HELDOUT_2018,10,FO,p183,abrupt,0.015853,1,16.166666666666668,595.7706000000001
A_EVENT_HELDOUT_2018,10,D_optimal_bayesian,p183,abrupt,0.015853,1,62.583333333333336,2078.7329499999996
A_EVENT_HELDOUT_2018,10,A_optimal_bayesian,p183,abrupt,0.015853,1,15.583333333333334,152.30255
A_EVENT_HELDOUT_2018,10,E_optimal_observable_subspace,p183,abrupt,0.015853,1,15.583333333333334,152.30255
A_EVENT_HELDOUT_2018,10,bayesian_information_gain,p183,abrupt,0.015853,1,62.583333333333336,2078.7329499999996
A_EVENT_HELDOUT_2018,10,D_optimal_rank_reduced,p183,abrupt,0.015853,1,62.583333333333336,2078.7329499999996
A_EVENT_HELDOUT_2018,10,A_optimal_rank_reduced,p183,abrupt,0.015853,1,62.583333333333336,962.6573000000001
A_EVENT_HELDOUT_2018,10,E_optimal_rank_reduced,p183,abrupt,0.015853,1,62.583333333333336,2078.7329499999996
A_EVENT_HELDOUT_2018,10,goal_oriented_oed,p183,abrupt,0.015853,1,62.583333333333336,962.6573000000001
A_EVENT_HELDOUT_2018,10,topological_dispersion,p183,abrupt,0.015853,1,63.0,2078.7329499999996
A_EVENT_HELDOUT_2018,10,centrality,p183,abrupt,0.015853,1,265.5833333333333,1410.3982500000002
A_EVENT_HELDOUT_2018,12,FO,p183,abrupt,0.015853,1,16.166666666666668,595.7706000000001
A_EVENT_HELDOUT_2018,12,D_optimal_bayesian,p183,abrupt,0.015853,1,11.666666666666666,767.18975
A_EVENT_HELDOUT_2018,12,A_optimal_bayesian,p183,abrupt,0.015853,1,15.583333333333334,152.30255
A_EVENT_HELDOUT_2018,12,E_optimal_observable_subspace,p183,abrupt,0.015853,1,15.583333333333334,152.30255
A_EVENT_HELDOUT_2018,12,bayesian_information_gain,p183,abrupt,0.015853,1,11.666666666666666,767.18975
A_EVENT_HELDOUT_2018,12,D_optimal_rank_reduced,p183,abrupt,0.015853,1,62.583333333333336,2078.7329499999996
A_EVENT_HELDOUT_2018,12,A_optimal_rank_reduced,p183,abrupt,0.015853,1,62.583333333333336,962.6573000000001
A_EVENT_HELDOUT_2018,12,E_optimal_rank_reduced,p183,abrupt,0.015853,1,62.583333333333336,2078.7329499999996
A_EVENT_HELDOUT_2018,12,goal_oriented_oed,p183,abrupt,0.015853,1,62.583333333333336,962.6573000000001
A_EVENT_HELDOUT_2018,12,topological_dispersion,p183,abrupt,0.015853,1,63.0,2078.7329499999996
A_EVENT_HELDOUT_2018,12,centrality,p183,abrupt,0.015853,1,265.5833333333333,1410.3982500000002
A_EVENT_HELDOUT_2018,4,FO,p158,abrupt,0.019364,1,39.833333333333336,534.1552
A_EVENT_HELDOUT_2018,4,D_optimal_bayesian,p158,abrupt,0.019364,1,39.583333333333336,402.5395
A_EVENT_HELDOUT_2018,4,A_optimal_bayesian,p158,abrupt,0.019364,1,39.583333333333336,402.5395
A_EVENT_HELDOUT_2018,4,E_optimal_observable_subspace,p158,abrupt,0.019364,1,39.583333333333336,402.5395
A_EVENT_HELDOUT_2018,4,bayesian_information_gain,p158,abrupt,0.019364,1,39.583333333333336,402.5395
A_EVENT_HELDOUT_2018,4,D_optimal_rank_reduced,p158,abrupt,0.019364,1,67.25,999.2367499999998
A_EVENT_HELDOUT_2018,4,A_optimal_rank_reduced,p158,abrupt,0.019364,1,230.0,215.31835
A_EVENT_HELDOUT_2018,4,E_optimal_rank_reduced,p158,abrupt,0.019364,1,55.833333333333336,420.60214999999994
A_EVENT_HELDOUT_2018,4,goal_oriented_oed,p158,abrupt,0.019364,1,55.833333333333336,1334.5058000000001
A_EVENT_HELDOUT_2018,4,topological_dispersion,p158,abrupt,0.019364,1,55.833333333333336,109.7696
A_EVENT_HELDOUT_2018,4,centrality,p158,abrupt,0.019364,1,39.833333333333336,534.1552
A_EVENT_HELDOUT_2018,6,FO,p158,abrupt,0.019364,1,39.583333333333336,356.89074999999997
A_EVENT_HELDOUT_2018,6,D_optimal_bayesian,p158,abrupt,0.019364,1,39.583333333333336,356.89074999999997
A_EVENT_HELDOUT_2018,6,A_optimal_bayesian,p158,abrupt,0.019364,1,39.583333333333336,356.89074999999997
A_EVENT_HELDOUT_2018,6,E_optimal_observable_subspace,p158,abrupt,0.019364,1,39.583333333333336,356.89074999999997
A_EVENT_HELDOUT_2018,6,bayesian_information_gain,p158,abrupt,0.019364,1,39.583333333333336,356.89074999999997
A_EVENT_HELDOUT_2018,6,D_optimal_rank_reduced,p158,abrupt,0.019364,1,55.833333333333336,226.11175000000003
A_EVENT_HELDOUT_2018,6,A_optimal_rank_reduced,p158,abrupt,0.019364,1,10.916666666666666,109.7696
A_EVENT_HELDOUT_2018,6,E_optimal_rank_reduced,p158,abrupt,0.019364,1,55.833333333333336,420.60214999999994
A_EVENT_HELDOUT_2018,6,goal_oriented_oed,p158,abrupt,0.019364,1,39.583333333333336,356.89074999999997
A_EVENT_HELDOUT_2018,6,topological_dispersion,p158,abrupt,0.019364,1,18.166666666666668,1506.1094000000003
A_EVENT_HELDOUT_2018,6,centrality,p158,abrupt,0.019364,1,38.166666666666664,173.1364
A_EVENT_HELDOUT_2018,8,FO,p158,abrupt,0.019364,1,39.583333333333336,356.89074999999997
A_EVENT_HELDOUT_2018,8,D_optimal_bayesian,p158,abrupt,0.019364,1,18.166666666666668,571.99535
A_EVENT_HELDOUT_2018,8,A_optimal_bayesian,p158,abrupt,0.019364,1,18.166666666666668,571.99535
A_EVENT_HELDOUT_2018,8,E_optimal_observable_subspace,p158,abrupt,0.019364,1,18.166666666666668,571.99535
A_EVENT_HELDOUT_2018,8,bayesian_information_gain,p158,abrupt,0.019364,1,18.166666666666668,571.99535
A_EVENT_HELDOUT_2018,8,D_optimal_rank_reduced,p158,abrupt,0.019364,1,55.833333333333336,264.7114
A_EVENT_HELDOUT_2018,8,A_optimal_rank_reduced,p158,abrupt,0.019364,1,10.916666666666666,109.7696
A_EVENT_HELDOUT_2018,8,E_optimal_rank_reduced,p158,abrupt,0.019364,1,55.833333333333336,215.31835
A_EVENT_HELDOUT_2018,8,goal_oriented_oed,p158,abrupt,0.019364,1,39.583333333333336,356.89074999999997
A_EVENT_HELDOUT_2018,8,topological_dispersion,p158,abrupt,0.019364,1,18.166666666666668,368.10474999999997
A_EVENT_HELDOUT_2018,8,centrality,p158,abrupt,0.019364,1,38.166666666666664,0.0
A_EVENT_HELDOUT_2018,10,FO,p158,abrupt,0.019364,1,39.583333333333336,356.89074999999997
A_EVENT_HELDOUT_2018,10,D_optimal_bayesian,p158,abrupt,0.019364,1,18.166666666666668,571.99535
A_EVENT_HELDOUT_2018,10,A_optimal_bayesian,p158,abrupt,0.019364,1,18.166666666666668,571.99535
A_EVENT_HELDOUT_2018,10,E_optimal_observable_subspace,p158,abrupt,0.019364,1,18.166666666666668,571.99535
A_EVENT_HELDOUT_2018,10,bayesian_information_gain,p158,abrupt,0.019364,1,18.166666666666668,571.99535
A_EVENT_HELDOUT_2018,10,D_optimal_rank_reduced,p158,abrupt,0.019364,1,55.833333333333336,173.1364
A_EVENT_HELDOUT_2018,10,A_optimal_rank_reduced,p158,abrupt,0.019364,1,10.916666666666666,109.7696
A_EVENT_HELDOUT_2018,10,E_optimal_rank_reduced,p158,abrupt,0.019364,1,55.833333333333336,162.54174999999998
A_EVENT_HELDOUT_2018,10,goal_oriented_oed,p158,abrupt,0.019364,1,39.583333333333336,356.89074999999997
A_EVENT_HELDOUT_2018,10,topological_dispersion,p158,abrupt,0.019364,1,18.166666666666668,420.60214999999994
A_EVENT_HELDOUT_2018,10,centrality,p158,abrupt,0.019364,1,38.166666666666664,58.2744
A_EVENT_HELDOUT_2018,12,FO,p158,abrupt,0.019364,1,28.25,571.99535
A_EVENT_HELDOUT_2018,12,D_optimal_bayesian,p158,abrupt,0.019364,1,18.166666666666668,571.99535
A_EVENT_HELDOUT_2018,12,A_optimal_bayesian,p158,abrupt,0.019364,1,10.916666666666666,109.7696
A_EVENT_HELDOUT_2018,12,E_optimal_observable_subspace,p158,abrupt,0.019364,1,10.916666666666666,109.7696
A_EVENT_HELDOUT_2018,12,bayesian_information_gain,p158,abrupt,0.019364,1,18.166666666666668,571.99535
A_EVENT_HELDOUT_2018,12,D_optimal_rank_reduced,p158,abrupt,0.019364,1,55.833333333333336,116.33225
A_EVENT_HELDOUT_2018,12,A_optimal_rank_reduced,p158,abrupt,0.019364,1,10.916666666666666,109.7696
A_EVENT_HELDOUT_2018,12,E_optimal_rank_reduced,p158,abrupt,0.019364,1,55.833333333333336,215.31835
A_EVENT_HELDOUT_2018,12,goal_oriented_oed,p158,abrupt,0.019364,1,39.583333333333336,356.89074999999997
A_EVENT_HELDOUT_2018,12,topological_dispersion,p158,abrupt,0.019364,1,18.166666666666668,420.60214999999994
A_EVENT_HELDOUT_2018,12,centrality,p158,abrupt,0.019364,1,18.166666666666668,402.5395
A_EVENT_HELDOUT_2018,4,FO,p369,abrupt,0.019363,1,183.91666666666666,377.03720000000004
A_EVENT_HELDOUT_2018,4,D_optimal_bayesian,p369,abrupt,0.019363,1,94.0,1879.2928
A_EVENT_HELDOUT_2018,4,A_optimal_bayesian,p369,abrupt,0.019363,1,94.0,1879.2928
A_EVENT_HELDOUT_2018,4,E_optimal_observable_subspace,p369,abrupt,0.019363,1,94.0,1893.7474
A_EVENT_HELDOUT_2018,4,bayesian_information_gain,p369,abrupt,0.019363,1,94.0,1879.2928
A_EVENT_HELDOUT_2018,4,D_optimal_rank_reduced,p369,abrupt,0.019363,1,13.083333333333334,406.80710000000005
A_EVENT_HELDOUT_2018,4,A_optimal_rank_reduced,p369,abrupt,0.019363,1,134.66666666666666,1254.9256999999998
A_EVENT_HELDOUT_2018,4,E_optimal_rank_reduced,p369,abrupt,0.019363,0,,
A_EVENT_HELDOUT_2018,4,goal_oriented_oed,p369,abrupt,0.019363,0,,
A_EVENT_HELDOUT_2018,4,topological_dispersion,p369,abrupt,0.019363,0,,
A_EVENT_HELDOUT_2018,4,centrality,p369,abrupt,0.019363,1,182.25,329.48285000000004
A_EVENT_HELDOUT_2018,6,FO,p369,abrupt,0.019363,1,183.91666666666666,1118.0187999999996
A_EVENT_HELDOUT_2018,6,D_optimal_bayesian,p369,abrupt,0.019363,1,94.0,1893.7474
A_EVENT_HELDOUT_2018,6,A_optimal_bayesian,p369,abrupt,0.019363,1,94.0,1893.7474
A_EVENT_HELDOUT_2018,6,E_optimal_observable_subspace,p369,abrupt,0.019363,1,94.0,1893.7474
A_EVENT_HELDOUT_2018,6,bayesian_information_gain,p369,abrupt,0.019363,1,94.0,1893.7474
A_EVENT_HELDOUT_2018,6,D_optimal_rank_reduced,p369,abrupt,0.019363,1,13.083333333333334,406.80710000000005
A_EVENT_HELDOUT_2018,6,A_optimal_rank_reduced,p369,abrupt,0.019363,1,94.0,1893.7474
A_EVENT_HELDOUT_2018,6,E_optimal_rank_reduced,p369,abrupt,0.019363,1,13.083333333333334,406.80710000000005
A_EVENT_HELDOUT_2018,6,goal_oriented_oed,p369,abrupt,0.019363,0,,
A_EVENT_HELDOUT_2018,6,topological_dispersion,p369,abrupt,0.019363,1,13.083333333333334,406.80710000000005
A_EVENT_HELDOUT_2018,6,centrality,p369,abrupt,0.019363,1,94.0,1125.5409
A_EVENT_HELDOUT_2018,8,FO,p369,abrupt,0.019363,1,94.0,1125.5409
A_EVENT_HELDOUT_2018,8,D_optimal_bayesian,p369,abrupt,0.019363,1,94.0,1893.7474
A_EVENT_HELDOUT_2018,8,A_optimal_bayesian,p369,abrupt,0.019363,1,94.0,1893.7474
A_EVENT_HELDOUT_2018,8,E_optimal_observable_subspace,p369,abrupt,0.019363,1,94.0,1893.7474
A_EVENT_HELDOUT_2018,8,bayesian_information_gain,p369,abrupt,0.019363,1,94.0,1893.7474
A_EVENT_HELDOUT_2018,8,D_optimal_rank_reduced,p369,abrupt,0.019363,1,1.0,1178.5248500000002
A_EVENT_HELDOUT_2018,8,A_optimal_rank_reduced,p369,abrupt,0.019363,1,94.0,1893.7474
A_EVENT_HELDOUT_2018,8,E_optimal_rank_reduced,p369,abrupt,0.019363,1,13.083333333333334,406.80710000000005
A_EVENT_HELDOUT_2018,8,goal_oriented_oed,p369,abrupt,0.019363,0,,
A_EVENT_HELDOUT_2018,8,topological_dispersion,p369,abrupt,0.019363,1,139.41666666666666,1235.3095000000003
A_EVENT_HELDOUT_2018,8,centrality,p369,abrupt,0.019363,1,94.0,1125.5409
A_EVENT_HELDOUT_2018,10,FO,p369,abrupt,0.019363,1,94.0,1125.5409
A_EVENT_HELDOUT_2018,10,D_optimal_bayesian,p369,abrupt,0.019363,1,94.0,1893.7474
A_EVENT_HELDOUT_2018,10,A_optimal_bayesian,p369,abrupt,0.019363,1,94.0,1893.7474
A_EVENT_HELDOUT_2018,10,E_optimal_observable_subspace,p369,abrupt,0.019363,1,94.0,1893.7474
A_EVENT_HELDOUT_2018,10,bayesian_information_gain,p369,abrupt,0.019363,1,94.0,1893.7474
A_EVENT_HELDOUT_2018,10,D_optimal_rank_reduced,p369,abrupt,0.019363,1,1.0,1130.5171500000001
A_EVENT_HELDOUT_2018,10,A_optimal_rank_reduced,p369,abrupt,0.019363,1,94.0,1893.7474
A_EVENT_HELDOUT_2018,10,E_optimal_rank_reduced,p369,abrupt,0.019363,1,13.083333333333334,406.80710000000005
A_EVENT_HELDOUT_2018,10,goal_oriented_oed,p369,abrupt,0.019363,1,43.333333333333336,719.3611000000002
A_EVENT_HELDOUT_2018,10,topological_dispersion,p369,abrupt,0.019363,1,139.41666666666666,1032.3926500000002
A_EVENT_HELDOUT_2018,10,centrality,p369,abrupt,0.019363,1,94.0,1125.5409
A_EVENT_HELDOUT_2018,12,FO,p369,abrupt,0.019363,1,94.0,1125.5409
A_EVENT_HELDOUT_2018,12,D_optimal_bayesian,p369,abrupt,0.019363,1,94.0,1125.5409
A_EVENT_HELDOUT_2018,12,A_optimal_bayesian,p369,abrupt,0.019363,1,94.0,1893.7474
A_EVENT_HELDOUT_2018,12,E_optimal_observable_subspace,p369,abrupt,0.019363,1,94.0,1893.7474
A_EVENT_HELDOUT_2018,12,bayesian_information_gain,p369,abrupt,0.019363,1,94.0,1125.5409
A_EVENT_HELDOUT_2018,12,D_optimal_rank_reduced,p369,abrupt,0.019363,1,1.0,1130.5171500000001
A_EVENT_HELDOUT_2018,12,A_optimal_rank_reduced,p369,abrupt,0.019363,1,94.0,1893.7474
A_EVENT_HELDOUT_2018,12,E_optimal_rank_reduced,p369,abrupt,0.019363,1,1.0,1080.2435
A_EVENT_HELDOUT_2018,12,goal_oriented_oed,p369,abrupt,0.019363,1,107.25,719.3611000000002
A_EVENT_HELDOUT_2018,12,topological_dispersion,p369,abrupt,0.019363,1,136.75,756.1982
A_EVENT_HELDOUT_2018,12,centrality,p369,abrupt,0.019363,1,94.0,1125.5409
B_RECONSTRUCTED_2019,4,FO,p257,,,1,,
B_RECONSTRUCTED_2019,4,FO,p427,,,1,,
B_RECONSTRUCTED_2019,4,FO,p810,,,1,,
B_RECONSTRUCTED_2019,4,FO,p654,,,1,,
B_RECONSTRUCTED_2019,4,FO,p523,,,0,,
B_RECONSTRUCTED_2019,4,FO,p827,,,0,,
B_RECONSTRUCTED_2019,4,FO,p280,,,1,,
B_RECONSTRUCTED_2019,4,FO,p653,,,1,,
B_RECONSTRUCTED_2019,4,FO,p710,,,1,,
B_RECONSTRUCTED_2019,4,FO,p514,,,1,,
B_RECONSTRUCTED_2019,4,FO,p331,,,1,,
B_RECONSTRUCTED_2019,4,FO,p193,,,1,,
B_RECONSTRUCTED_2019,4,FO,p277,,,1,,
B_RECONSTRUCTED_2019,4,FO,p142,,,1,,
B_RECONSTRUCTED_2019,4,FO,p680,,,1,,
B_RECONSTRUCTED_2019,4,FO,p586,,,1,,
B_RECONSTRUCTED_2019,4,FO,p721,,,1,,
B_RECONSTRUCTED_2019,4,FO,p800,,,1,,
B_RECONSTRUCTED_2019,4,FO,p123,,,1,,
B_RECONSTRUCTED_2019,4,FO,p455,,,1,,
B_RECONSTRUCTED_2019,4,FO,p762,,,1,,
B_RECONSTRUCTED_2019,4,FO,p426,,,1,,
B_RECONSTRUCTED_2019,4,FO,p879,,,1,,
B_RECONSTRUCTED_2019,4,D_optimal_bayesian,p257,,,1,,
B_RECONSTRUCTED_2019,4,D_optimal_bayesian,p427,,,1,,
B_RECONSTRUCTED_2019,4,D_optimal_bayesian,p810,,,1,,
B_RECONSTRUCTED_2019,4,D_optimal_bayesian,p654,,,1,,
B_RECONSTRUCTED_2019,4,D_optimal_bayesian,p523,,,0,,
B_RECONSTRUCTED_2019,4,D_optimal_bayesian,p827,,,0,,
B_RECONSTRUCTED_2019,4,D_optimal_bayesian,p280,,,1,,
B_RECONSTRUCTED_2019,4,D_optimal_bayesian,p653,,,1,,
B_RECONSTRUCTED_2019,4,D_optimal_bayesian,p710,,,1,,
B_RECONSTRUCTED_2019,4,D_optimal_bayesian,p514,,,1,,
B_RECONSTRUCTED_2019,4,D_optimal_bayesian,p331,,,1,,
B_RECONSTRUCTED_2019,4,D_optimal_bayesian,p193,,,1,,
B_RECONSTRUCTED_2019,4,D_optimal_bayesian,p277,,,1,,
B_RECONSTRUCTED_2019,4,D_optimal_bayesian,p142,,,1,,
B_RECONSTRUCTED_2019,4,D_optimal_bayesian,p680,,,1,,
B_RECONSTRUCTED_2019,4,D_optimal_bayesian,p586,,,1,,
B_RECONSTRUCTED_2019,4,D_optimal_bayesian,p721,,,1,,
B_RECONSTRUCTED_2019,4,D_optimal_bayesian,p800,,,1,,
B_RECONSTRUCTED_2019,4,D_optimal_bayesian,p123,,,1,,
B_RECONSTRUCTED_2019,4,D_optimal_bayesian,p455,,,1,,
B_RECONSTRUCTED_2019,4,D_optimal_bayesian,p762,,,1,,
B_RECONSTRUCTED_2019,4,D_optimal_bayesian,p426,,,1,,
B_RECONSTRUCTED_2019,4,D_optimal_bayesian,p879,,,1,,
B_RECONSTRUCTED_2019,4,A_optimal_bayesian,p257,,,1,,
B_RECONSTRUCTED_2019,4,A_optimal_bayesian,p427,,,1,,
B_RECONSTRUCTED_2019,4,A_optimal_bayesian,p810,,,1,,
B_RECONSTRUCTED_2019,4,A_optimal_bayesian,p654,,,1,,
B_RECONSTRUCTED_2019,4,A_optimal_bayesian,p523,,,0,,
B_RECONSTRUCTED_2019,4,A_optimal_bayesian,p827,,,0,,
B_RECONSTRUCTED_2019,4,A_optimal_bayesian,p280,,,1,,
B_RECONSTRUCTED_2019,4,A_optimal_bayesian,p653,,,1,,
B_RECONSTRUCTED_2019,4,A_optimal_bayesian,p710,,,1,,
B_RECONSTRUCTED_2019,4,A_optimal_bayesian,p514,,,1,,
B_RECONSTRUCTED_2019,4,A_optimal_bayesian,p331,,,1,,
B_RECONSTRUCTED_2019,4,A_optimal_bayesian,p193,,,1,,
B_RECONSTRUCTED_2019,4,A_optimal_bayesian,p277,,,1,,
B_RECONSTRUCTED_2019,4,A_optimal_bayesian,p142,,,1,,
B_RECONSTRUCTED_2019,4,A_optimal_bayesian,p680,,,1,,
B_RECONSTRUCTED_2019,4,A_optimal_bayesian,p586,,,1,,
B_RECONSTRUCTED_2019,4,A_optimal_bayesian,p721,,,1,,
B_RECONSTRUCTED_2019,4,A_optimal_bayesian,p800,,,1,,
B_RECONSTRUCTED_2019,4,A_optimal_bayesian,p123,,,1,,
B_RECONSTRUCTED_2019,4,A_optimal_bayesian,p455,,,1,,
B_RECONSTRUCTED_2019,4,A_optimal_bayesian,p762,,,1,,
B_RECONSTRUCTED_2019,4,A_optimal_bayesian,p426,,,1,,
B_RECONSTRUCTED_2019,4,A_optimal_bayesian,p879,,,1,,
B_RECONSTRUCTED_2019,4,E_optimal_observable_subspace,p257,,,1,,
B_RECONSTRUCTED_2019,4,E_optimal_observable_subspace,p427,,,1,,
B_RECONSTRUCTED_2019,4,E_optimal_observable_subspace,p810,,,1,,
B_RECONSTRUCTED_2019,4,E_optimal_observable_subspace,p654,,,1,,
B_RECONSTRUCTED_2019,4,E_optimal_observable_subspace,p523,,,0,,
B_RECONSTRUCTED_2019,4,E_optimal_observable_subspace,p827,,,0,,
B_RECONSTRUCTED_2019,4,E_optimal_observable_subspace,p280,,,1,,
B_RECONSTRUCTED_2019,4,E_optimal_observable_subspace,p653,,,1,,
B_RECONSTRUCTED_2019,4,E_optimal_observable_subspace,p710,,,1,,
B_RECONSTRUCTED_2019,4,E_optimal_observable_subspace,p514,,,1,,
B_RECONSTRUCTED_2019,4,E_optimal_observable_subspace,p331,,,1,,
B_RECONSTRUCTED_2019,4,E_optimal_observable_subspace,p193,,,1,,
B_RECONSTRUCTED_2019,4,E_optimal_observable_subspace,p277,,,1,,
B_RECONSTRUCTED_2019,4,E_optimal_observable_subspace,p142,,,1,,
B_RECONSTRUCTED_2019,4,E_optimal_observable_subspace,p680,,,1,,
B_RECONSTRUCTED_2019,4,E_optimal_observable_subspace,p586,,,1,,
B_RECONSTRUCTED_2019,4,E_optimal_observable_subspace,p721,,,1,,
B_RECONSTRUCTED_2019,4,E_optimal_observable_subspace,p800,,,1,,
B_RECONSTRUCTED_2019,4,E_optimal_observable_subspace,p123,,,1,,
B_RECONSTRUCTED_2019,4,E_optimal_observable_subspace,p455,,,1,,
B_RECONSTRUCTED_2019,4,E_optimal_observable_subspace,p762,,,1,,
B_RECONSTRUCTED_2019,4,E_optimal_observable_subspace,p426,,,1,,
B_RECONSTRUCTED_2019,4,E_optimal_observable_subspace,p879,,,1,,
B_RECONSTRUCTED_2019,4,bayesian_information_gain,p257,,,1,,
B_RECONSTRUCTED_2019,4,bayesian_information_gain,p427,,,1,,
B_RECONSTRUCTED_2019,4,bayesian_information_gain,p810,,,1,,
B_RECONSTRUCTED_2019,4,bayesian_information_gain,p654,,,1,,
B_RECONSTRUCTED_2019,4,bayesian_information_gain,p523,,,0,,
B_RECONSTRUCTED_2019,4,bayesian_information_gain,p827,,,0,,
B_RECONSTRUCTED_2019,4,bayesian_information_gain,p280,,,1,,
B_RECONSTRUCTED_2019,4,bayesian_information_gain,p653,,,1,,
B_RECONSTRUCTED_2019,4,bayesian_information_gain,p710,,,1,,
B_RECONSTRUCTED_2019,4,bayesian_information_gain,p514,,,1,,
B_RECONSTRUCTED_2019,4,bayesian_information_gain,p331,,,1,,
B_RECONSTRUCTED_2019,4,bayesian_information_gain,p193,,,1,,
B_RECONSTRUCTED_2019,4,bayesian_information_gain,p277,,,1,,
B_RECONSTRUCTED_2019,4,bayesian_information_gain,p142,,,1,,
B_RECONSTRUCTED_2019,4,bayesian_information_gain,p680,,,1,,
B_RECONSTRUCTED_2019,4,bayesian_information_gain,p586,,,1,,
B_RECONSTRUCTED_2019,4,bayesian_information_gain,p721,,,1,,
B_RECONSTRUCTED_2019,4,bayesian_information_gain,p800,,,1,,
B_RECONSTRUCTED_2019,4,bayesian_information_gain,p123,,,1,,
B_RECONSTRUCTED_2019,4,bayesian_information_gain,p455,,,1,,
B_RECONSTRUCTED_2019,4,bayesian_information_gain,p762,,,1,,
B_RECONSTRUCTED_2019,4,bayesian_information_gain,p426,,,1,,
B_RECONSTRUCTED_2019,4,bayesian_information_gain,p879,,,1,,
B_RECONSTRUCTED_2019,4,D_optimal_rank_reduced,p257,,,1,,
B_RECONSTRUCTED_2019,4,D_optimal_rank_reduced,p427,,,1,,
B_RECONSTRUCTED_2019,4,D_optimal_rank_reduced,p810,,,1,,
B_RECONSTRUCTED_2019,4,D_optimal_rank_reduced,p654,,,1,,
B_RECONSTRUCTED_2019,4,D_optimal_rank_reduced,p523,,,0,,
B_RECONSTRUCTED_2019,4,D_optimal_rank_reduced,p827,,,0,,
B_RECONSTRUCTED_2019,4,D_optimal_rank_reduced,p280,,,1,,
B_RECONSTRUCTED_2019,4,D_optimal_rank_reduced,p653,,,1,,
B_RECONSTRUCTED_2019,4,D_optimal_rank_reduced,p710,,,1,,
B_RECONSTRUCTED_2019,4,D_optimal_rank_reduced,p514,,,1,,
B_RECONSTRUCTED_2019,4,D_optimal_rank_reduced,p331,,,1,,
B_RECONSTRUCTED_2019,4,D_optimal_rank_reduced,p193,,,1,,
B_RECONSTRUCTED_2019,4,D_optimal_rank_reduced,p277,,,1,,
B_RECONSTRUCTED_2019,4,D_optimal_rank_reduced,p142,,,1,,
B_RECONSTRUCTED_2019,4,D_optimal_rank_reduced,p680,,,1,,
B_RECONSTRUCTED_2019,4,D_optimal_rank_reduced,p586,,,1,,
B_RECONSTRUCTED_2019,4,D_optimal_rank_reduced,p721,,,1,,
B_RECONSTRUCTED_2019,4,D_optimal_rank_reduced,p800,,,1,,
B_RECONSTRUCTED_2019,4,D_optimal_rank_reduced,p123,,,1,,
B_RECONSTRUCTED_2019,4,D_optimal_rank_reduced,p455,,,1,,
B_RECONSTRUCTED_2019,4,D_optimal_rank_reduced,p762,,,1,,
B_RECONSTRUCTED_2019,4,D_optimal_rank_reduced,p426,,,1,,
B_RECONSTRUCTED_2019,4,D_optimal_rank_reduced,p879,,,1,,
B_RECONSTRUCTED_2019,4,A_optimal_rank_reduced,p257,,,1,,
B_RECONSTRUCTED_2019,4,A_optimal_rank_reduced,p427,,,1,,
B_RECONSTRUCTED_2019,4,A_optimal_rank_reduced,p810,,,1,,
B_RECONSTRUCTED_2019,4,A_optimal_rank_reduced,p654,,,1,,
B_RECONSTRUCTED_2019,4,A_optimal_rank_reduced,p523,,,0,,
B_RECONSTRUCTED_2019,4,A_optimal_rank_reduced,p827,,,0,,
B_RECONSTRUCTED_2019,4,A_optimal_rank_reduced,p280,,,1,,
B_RECONSTRUCTED_2019,4,A_optimal_rank_reduced,p653,,,1,,
B_RECONSTRUCTED_2019,4,A_optimal_rank_reduced,p710,,,1,,
B_RECONSTRUCTED_2019,4,A_optimal_rank_reduced,p514,,,1,,
B_RECONSTRUCTED_2019,4,A_optimal_rank_reduced,p331,,,1,,
B_RECONSTRUCTED_2019,4,A_optimal_rank_reduced,p193,,,1,,
B_RECONSTRUCTED_2019,4,A_optimal_rank_reduced,p277,,,1,,
B_RECONSTRUCTED_2019,4,A_optimal_rank_reduced,p142,,,1,,
B_RECONSTRUCTED_2019,4,A_optimal_rank_reduced,p680,,,1,,
B_RECONSTRUCTED_2019,4,A_optimal_rank_reduced,p586,,,1,,
B_RECONSTRUCTED_2019,4,A_optimal_rank_reduced,p721,,,1,,
B_RECONSTRUCTED_2019,4,A_optimal_rank_reduced,p800,,,1,,
B_RECONSTRUCTED_2019,4,A_optimal_rank_reduced,p123,,,1,,
B_RECONSTRUCTED_2019,4,A_optimal_rank_reduced,p455,,,1,,
B_RECONSTRUCTED_2019,4,A_optimal_rank_reduced,p762,,,1,,
B_RECONSTRUCTED_2019,4,A_optimal_rank_reduced,p426,,,1,,
B_RECONSTRUCTED_2019,4,A_optimal_rank_reduced,p879,,,1,,
B_RECONSTRUCTED_2019,4,E_optimal_rank_reduced,p257,,,1,,
B_RECONSTRUCTED_2019,4,E_optimal_rank_reduced,p427,,,1,,
B_RECONSTRUCTED_2019,4,E_optimal_rank_reduced,p810,,,1,,
B_RECONSTRUCTED_2019,4,E_optimal_rank_reduced,p654,,,1,,
B_RECONSTRUCTED_2019,4,E_optimal_rank_reduced,p523,,,0,,
B_RECONSTRUCTED_2019,4,E_optimal_rank_reduced,p827,,,0,,
B_RECONSTRUCTED_2019,4,E_optimal_rank_reduced,p280,,,1,,
B_RECONSTRUCTED_2019,4,E_optimal_rank_reduced,p653,,,1,,
B_RECONSTRUCTED_2019,4,E_optimal_rank_reduced,p710,,,1,,
B_RECONSTRUCTED_2019,4,E_optimal_rank_reduced,p514,,,1,,
B_RECONSTRUCTED_2019,4,E_optimal_rank_reduced,p331,,,1,,
B_RECONSTRUCTED_2019,4,E_optimal_rank_reduced,p193,,,1,,
B_RECONSTRUCTED_2019,4,E_optimal_rank_reduced,p277,,,1,,
B_RECONSTRUCTED_2019,4,E_optimal_rank_reduced,p142,,,1,,
B_RECONSTRUCTED_2019,4,E_optimal_rank_reduced,p680,,,1,,
B_RECONSTRUCTED_2019,4,E_optimal_rank_reduced,p586,,,1,,
B_RECONSTRUCTED_2019,4,E_optimal_rank_reduced,p721,,,1,,
B_RECONSTRUCTED_2019,4,E_optimal_rank_reduced,p800,,,1,,
B_RECONSTRUCTED_2019,4,E_optimal_rank_reduced,p123,,,1,,
B_RECONSTRUCTED_2019,4,E_optimal_rank_reduced,p455,,,1,,
B_RECONSTRUCTED_2019,4,E_optimal_rank_reduced,p762,,,1,,
B_RECONSTRUCTED_2019,4,E_optimal_rank_reduced,p426,,,1,,
B_RECONSTRUCTED_2019,4,E_optimal_rank_reduced,p879,,,1,,
B_RECONSTRUCTED_2019,4,goal_oriented_oed,p257,,,1,,
B_RECONSTRUCTED_2019,4,goal_oriented_oed,p427,,,1,,
B_RECONSTRUCTED_2019,4,goal_oriented_oed,p810,,,1,,
B_RECONSTRUCTED_2019,4,goal_oriented_oed,p654,,,1,,
B_RECONSTRUCTED_2019,4,goal_oriented_oed,p523,,,0,,
B_RECONSTRUCTED_2019,4,goal_oriented_oed,p827,,,0,,
B_RECONSTRUCTED_2019,4,goal_oriented_oed,p280,,,1,,
B_RECONSTRUCTED_2019,4,goal_oriented_oed,p653,,,1,,
B_RECONSTRUCTED_2019,4,goal_oriented_oed,p710,,,1,,
B_RECONSTRUCTED_2019,4,goal_oriented_oed,p514,,,1,,
B_RECONSTRUCTED_2019,4,goal_oriented_oed,p331,,,1,,
B_RECONSTRUCTED_2019,4,goal_oriented_oed,p193,,,1,,
B_RECONSTRUCTED_2019,4,goal_oriented_oed,p277,,,1,,
B_RECONSTRUCTED_2019,4,goal_oriented_oed,p142,,,1,,
B_RECONSTRUCTED_2019,4,goal_oriented_oed,p680,,,1,,
B_RECONSTRUCTED_2019,4,goal_oriented_oed,p586,,,1,,
B_RECONSTRUCTED_2019,4,goal_oriented_oed,p721,,,1,,
B_RECONSTRUCTED_2019,4,goal_oriented_oed,p800,,,1,,
B_RECONSTRUCTED_2019,4,goal_oriented_oed,p123,,,1,,
B_RECONSTRUCTED_2019,4,goal_oriented_oed,p455,,,1,,
B_RECONSTRUCTED_2019,4,goal_oriented_oed,p762,,,1,,
B_RECONSTRUCTED_2019,4,goal_oriented_oed,p426,,,1,,
B_RECONSTRUCTED_2019,4,goal_oriented_oed,p879,,,1,,
B_RECONSTRUCTED_2019,4,topological_dispersion,p257,,,1,,
B_RECONSTRUCTED_2019,4,topological_dispersion,p427,,,1,,
B_RECONSTRUCTED_2019,4,topological_dispersion,p810,,,1,,
B_RECONSTRUCTED_2019,4,topological_dispersion,p654,,,1,,
B_RECONSTRUCTED_2019,4,topological_dispersion,p523,,,0,,
B_RECONSTRUCTED_2019,4,topological_dispersion,p827,,,0,,
B_RECONSTRUCTED_2019,4,topological_dispersion,p280,,,1,,
B_RECONSTRUCTED_2019,4,topological_dispersion,p653,,,1,,
B_RECONSTRUCTED_2019,4,topological_dispersion,p710,,,1,,
B_RECONSTRUCTED_2019,4,topological_dispersion,p514,,,1,,
B_RECONSTRUCTED_2019,4,topological_dispersion,p331,,,1,,
B_RECONSTRUCTED_2019,4,topological_dispersion,p193,,,1,,
B_RECONSTRUCTED_2019,4,topological_dispersion,p277,,,1,,
B_RECONSTRUCTED_2019,4,topological_dispersion,p142,,,1,,
B_RECONSTRUCTED_2019,4,topological_dispersion,p680,,,1,,
B_RECONSTRUCTED_2019,4,topological_dispersion,p586,,,1,,
B_RECONSTRUCTED_2019,4,topological_dispersion,p721,,,1,,
B_RECONSTRUCTED_2019,4,topological_dispersion,p800,,,1,,
B_RECONSTRUCTED_2019,4,topological_dispersion,p123,,,1,,
B_RECONSTRUCTED_2019,4,topological_dispersion,p455,,,1,,
B_RECONSTRUCTED_2019,4,topological_dispersion,p762,,,1,,
B_RECONSTRUCTED_2019,4,topological_dispersion,p426,,,1,,
B_RECONSTRUCTED_2019,4,topological_dispersion,p879,,,1,,
B_RECONSTRUCTED_2019,4,centrality,p257,,,1,,
B_RECONSTRUCTED_2019,4,centrality,p427,,,1,,
B_RECONSTRUCTED_2019,4,centrality,p810,,,1,,
B_RECONSTRUCTED_2019,4,centrality,p654,,,1,,
B_RECONSTRUCTED_2019,4,centrality,p523,,,0,,
B_RECONSTRUCTED_2019,4,centrality,p827,,,0,,
B_RECONSTRUCTED_2019,4,centrality,p280,,,1,,
B_RECONSTRUCTED_2019,4,centrality,p653,,,1,,
B_RECONSTRUCTED_2019,4,centrality,p710,,,1,,
B_RECONSTRUCTED_2019,4,centrality,p514,,,1,,
B_RECONSTRUCTED_2019,4,centrality,p331,,,1,,
B_RECONSTRUCTED_2019,4,centrality,p193,,,1,,
B_RECONSTRUCTED_2019,4,centrality,p277,,,1,,
B_RECONSTRUCTED_2019,4,centrality,p142,,,1,,
B_RECONSTRUCTED_2019,4,centrality,p680,,,1,,
B_RECONSTRUCTED_2019,4,centrality,p586,,,1,,
B_RECONSTRUCTED_2019,4,centrality,p721,,,1,,
B_RECONSTRUCTED_2019,4,centrality,p800,,,1,,
B_RECONSTRUCTED_2019,4,centrality,p123,,,1,,
B_RECONSTRUCTED_2019,4,centrality,p455,,,1,,
B_RECONSTRUCTED_2019,4,centrality,p762,,,1,,
B_RECONSTRUCTED_2019,4,centrality,p426,,,1,,
B_RECONSTRUCTED_2019,4,centrality,p879,,,1,,
B_RECONSTRUCTED_2019,6,FO,p257,,,1,,
B_RECONSTRUCTED_2019,6,FO,p427,,,1,,
B_RECONSTRUCTED_2019,6,FO,p810,,,1,,
B_RECONSTRUCTED_2019,6,FO,p654,,,1,,
B_RECONSTRUCTED_2019,6,FO,p523,,,0,,
B_RECONSTRUCTED_2019,6,FO,p827,,,0,,
B_RECONSTRUCTED_2019,6,FO,p280,,,1,,
B_RECONSTRUCTED_2019,6,FO,p653,,,1,,
B_RECONSTRUCTED_2019,6,FO,p710,,,1,,
B_RECONSTRUCTED_2019,6,FO,p514,,,1,,
B_RECONSTRUCTED_2019,6,FO,p331,,,1,,
B_RECONSTRUCTED_2019,6,FO,p193,,,1,,
B_RECONSTRUCTED_2019,6,FO,p277,,,1,,
B_RECONSTRUCTED_2019,6,FO,p142,,,1,,
B_RECONSTRUCTED_2019,6,FO,p680,,,1,,
B_RECONSTRUCTED_2019,6,FO,p586,,,1,,
B_RECONSTRUCTED_2019,6,FO,p721,,,1,,
B_RECONSTRUCTED_2019,6,FO,p800,,,1,,
B_RECONSTRUCTED_2019,6,FO,p123,,,1,,
B_RECONSTRUCTED_2019,6,FO,p455,,,1,,
B_RECONSTRUCTED_2019,6,FO,p762,,,1,,
B_RECONSTRUCTED_2019,6,FO,p426,,,1,,
B_RECONSTRUCTED_2019,6,FO,p879,,,1,,
B_RECONSTRUCTED_2019,6,D_optimal_bayesian,p257,,,1,,
B_RECONSTRUCTED_2019,6,D_optimal_bayesian,p427,,,1,,
B_RECONSTRUCTED_2019,6,D_optimal_bayesian,p810,,,1,,
B_RECONSTRUCTED_2019,6,D_optimal_bayesian,p654,,,1,,
B_RECONSTRUCTED_2019,6,D_optimal_bayesian,p523,,,0,,
B_RECONSTRUCTED_2019,6,D_optimal_bayesian,p827,,,0,,
B_RECONSTRUCTED_2019,6,D_optimal_bayesian,p280,,,1,,
B_RECONSTRUCTED_2019,6,D_optimal_bayesian,p653,,,1,,
B_RECONSTRUCTED_2019,6,D_optimal_bayesian,p710,,,1,,
B_RECONSTRUCTED_2019,6,D_optimal_bayesian,p514,,,1,,
B_RECONSTRUCTED_2019,6,D_optimal_bayesian,p331,,,1,,
B_RECONSTRUCTED_2019,6,D_optimal_bayesian,p193,,,1,,
B_RECONSTRUCTED_2019,6,D_optimal_bayesian,p277,,,1,,
B_RECONSTRUCTED_2019,6,D_optimal_bayesian,p142,,,1,,
B_RECONSTRUCTED_2019,6,D_optimal_bayesian,p680,,,1,,
B_RECONSTRUCTED_2019,6,D_optimal_bayesian,p586,,,1,,
B_RECONSTRUCTED_2019,6,D_optimal_bayesian,p721,,,1,,
B_RECONSTRUCTED_2019,6,D_optimal_bayesian,p800,,,1,,
B_RECONSTRUCTED_2019,6,D_optimal_bayesian,p123,,,1,,
B_RECONSTRUCTED_2019,6,D_optimal_bayesian,p455,,,1,,
B_RECONSTRUCTED_2019,6,D_optimal_bayesian,p762,,,1,,
B_RECONSTRUCTED_2019,6,D_optimal_bayesian,p426,,,1,,
B_RECONSTRUCTED_2019,6,D_optimal_bayesian,p879,,,1,,
B_RECONSTRUCTED_2019,6,A_optimal_bayesian,p257,,,1,,
B_RECONSTRUCTED_2019,6,A_optimal_bayesian,p427,,,1,,
B_RECONSTRUCTED_2019,6,A_optimal_bayesian,p810,,,1,,
B_RECONSTRUCTED_2019,6,A_optimal_bayesian,p654,,,1,,
B_RECONSTRUCTED_2019,6,A_optimal_bayesian,p523,,,0,,
B_RECONSTRUCTED_2019,6,A_optimal_bayesian,p827,,,0,,
B_RECONSTRUCTED_2019,6,A_optimal_bayesian,p280,,,1,,
B_RECONSTRUCTED_2019,6,A_optimal_bayesian,p653,,,1,,
B_RECONSTRUCTED_2019,6,A_optimal_bayesian,p710,,,1,,
B_RECONSTRUCTED_2019,6,A_optimal_bayesian,p514,,,1,,
B_RECONSTRUCTED_2019,6,A_optimal_bayesian,p331,,,1,,
B_RECONSTRUCTED_2019,6,A_optimal_bayesian,p193,,,1,,
B_RECONSTRUCTED_2019,6,A_optimal_bayesian,p277,,,1,,
B_RECONSTRUCTED_2019,6,A_optimal_bayesian,p142,,,1,,
B_RECONSTRUCTED_2019,6,A_optimal_bayesian,p680,,,1,,
B_RECONSTRUCTED_2019,6,A_optimal_bayesian,p586,,,1,,
B_RECONSTRUCTED_2019,6,A_optimal_bayesian,p721,,,1,,
B_RECONSTRUCTED_2019,6,A_optimal_bayesian,p800,,,1,,
B_RECONSTRUCTED_2019,6,A_optimal_bayesian,p123,,,1,,
B_RECONSTRUCTED_2019,6,A_optimal_bayesian,p455,,,1,,
B_RECONSTRUCTED_2019,6,A_optimal_bayesian,p762,,,1,,
B_RECONSTRUCTED_2019,6,A_optimal_bayesian,p426,,,1,,
B_RECONSTRUCTED_2019,6,A_optimal_bayesian,p879,,,1,,
B_RECONSTRUCTED_2019,6,E_optimal_observable_subspace,p257,,,1,,
B_RECONSTRUCTED_2019,6,E_optimal_observable_subspace,p427,,,1,,
B_RECONSTRUCTED_2019,6,E_optimal_observable_subspace,p810,,,1,,
B_RECONSTRUCTED_2019,6,E_optimal_observable_subspace,p654,,,1,,
B_RECONSTRUCTED_2019,6,E_optimal_observable_subspace,p523,,,0,,
B_RECONSTRUCTED_2019,6,E_optimal_observable_subspace,p827,,,0,,
B_RECONSTRUCTED_2019,6,E_optimal_observable_subspace,p280,,,1,,
B_RECONSTRUCTED_2019,6,E_optimal_observable_subspace,p653,,,1,,
B_RECONSTRUCTED_2019,6,E_optimal_observable_subspace,p710,,,1,,
B_RECONSTRUCTED_2019,6,E_optimal_observable_subspace,p514,,,1,,
B_RECONSTRUCTED_2019,6,E_optimal_observable_subspace,p331,,,1,,
B_RECONSTRUCTED_2019,6,E_optimal_observable_subspace,p193,,,1,,
B_RECONSTRUCTED_2019,6,E_optimal_observable_subspace,p277,,,1,,
B_RECONSTRUCTED_2019,6,E_optimal_observable_subspace,p142,,,1,,
B_RECONSTRUCTED_2019,6,E_optimal_observable_subspace,p680,,,1,,
B_RECONSTRUCTED_2019,6,E_optimal_observable_subspace,p586,,,1,,
B_RECONSTRUCTED_2019,6,E_optimal_observable_subspace,p721,,,1,,
B_RECONSTRUCTED_2019,6,E_optimal_observable_subspace,p800,,,1,,
B_RECONSTRUCTED_2019,6,E_optimal_observable_subspace,p123,,,1,,
B_RECONSTRUCTED_2019,6,E_optimal_observable_subspace,p455,,,1,,
B_RECONSTRUCTED_2019,6,E_optimal_observable_subspace,p762,,,1,,
B_RECONSTRUCTED_2019,6,E_optimal_observable_subspace,p426,,,1,,
B_RECONSTRUCTED_2019,6,E_optimal_observable_subspace,p879,,,1,,
B_RECONSTRUCTED_2019,6,bayesian_information_gain,p257,,,1,,
B_RECONSTRUCTED_2019,6,bayesian_information_gain,p427,,,1,,
B_RECONSTRUCTED_2019,6,bayesian_information_gain,p810,,,1,,
B_RECONSTRUCTED_2019,6,bayesian_information_gain,p654,,,1,,
B_RECONSTRUCTED_2019,6,bayesian_information_gain,p523,,,0,,
B_RECONSTRUCTED_2019,6,bayesian_information_gain,p827,,,0,,
B_RECONSTRUCTED_2019,6,bayesian_information_gain,p280,,,1,,
B_RECONSTRUCTED_2019,6,bayesian_information_gain,p653,,,1,,
B_RECONSTRUCTED_2019,6,bayesian_information_gain,p710,,,1,,
B_RECONSTRUCTED_2019,6,bayesian_information_gain,p514,,,1,,
B_RECONSTRUCTED_2019,6,bayesian_information_gain,p331,,,1,,
B_RECONSTRUCTED_2019,6,bayesian_information_gain,p193,,,1,,
B_RECONSTRUCTED_2019,6,bayesian_information_gain,p277,,,1,,
B_RECONSTRUCTED_2019,6,bayesian_information_gain,p142,,,1,,
B_RECONSTRUCTED_2019,6,bayesian_information_gain,p680,,,1,,
B_RECONSTRUCTED_2019,6,bayesian_information_gain,p586,,,1,,
B_RECONSTRUCTED_2019,6,bayesian_information_gain,p721,,,1,,
B_RECONSTRUCTED_2019,6,bayesian_information_gain,p800,,,1,,
B_RECONSTRUCTED_2019,6,bayesian_information_gain,p123,,,1,,
B_RECONSTRUCTED_2019,6,bayesian_information_gain,p455,,,1,,
B_RECONSTRUCTED_2019,6,bayesian_information_gain,p762,,,1,,
B_RECONSTRUCTED_2019,6,bayesian_information_gain,p426,,,1,,
B_RECONSTRUCTED_2019,6,bayesian_information_gain,p879,,,1,,
B_RECONSTRUCTED_2019,6,D_optimal_rank_reduced,p257,,,1,,
B_RECONSTRUCTED_2019,6,D_optimal_rank_reduced,p427,,,1,,
B_RECONSTRUCTED_2019,6,D_optimal_rank_reduced,p810,,,1,,
B_RECONSTRUCTED_2019,6,D_optimal_rank_reduced,p654,,,1,,
B_RECONSTRUCTED_2019,6,D_optimal_rank_reduced,p523,,,0,,
B_RECONSTRUCTED_2019,6,D_optimal_rank_reduced,p827,,,0,,
B_RECONSTRUCTED_2019,6,D_optimal_rank_reduced,p280,,,1,,
B_RECONSTRUCTED_2019,6,D_optimal_rank_reduced,p653,,,1,,
B_RECONSTRUCTED_2019,6,D_optimal_rank_reduced,p710,,,1,,
B_RECONSTRUCTED_2019,6,D_optimal_rank_reduced,p514,,,1,,
B_RECONSTRUCTED_2019,6,D_optimal_rank_reduced,p331,,,1,,
B_RECONSTRUCTED_2019,6,D_optimal_rank_reduced,p193,,,1,,
B_RECONSTRUCTED_2019,6,D_optimal_rank_reduced,p277,,,1,,
B_RECONSTRUCTED_2019,6,D_optimal_rank_reduced,p142,,,1,,
B_RECONSTRUCTED_2019,6,D_optimal_rank_reduced,p680,,,1,,
B_RECONSTRUCTED_2019,6,D_optimal_rank_reduced,p586,,,1,,
B_RECONSTRUCTED_2019,6,D_optimal_rank_reduced,p721,,,1,,
B_RECONSTRUCTED_2019,6,D_optimal_rank_reduced,p800,,,1,,
B_RECONSTRUCTED_2019,6,D_optimal_rank_reduced,p123,,,1,,
B_RECONSTRUCTED_2019,6,D_optimal_rank_reduced,p455,,,1,,
B_RECONSTRUCTED_2019,6,D_optimal_rank_reduced,p762,,,1,,
B_RECONSTRUCTED_2019,6,D_optimal_rank_reduced,p426,,,1,,
B_RECONSTRUCTED_2019,6,D_optimal_rank_reduced,p879,,,1,,
B_RECONSTRUCTED_2019,6,A_optimal_rank_reduced,p257,,,1,,
B_RECONSTRUCTED_2019,6,A_optimal_rank_reduced,p427,,,1,,
B_RECONSTRUCTED_2019,6,A_optimal_rank_reduced,p810,,,1,,
B_RECONSTRUCTED_2019,6,A_optimal_rank_reduced,p654,,,1,,
B_RECONSTRUCTED_2019,6,A_optimal_rank_reduced,p523,,,0,,
B_RECONSTRUCTED_2019,6,A_optimal_rank_reduced,p827,,,0,,
B_RECONSTRUCTED_2019,6,A_optimal_rank_reduced,p280,,,1,,
B_RECONSTRUCTED_2019,6,A_optimal_rank_reduced,p653,,,1,,
B_RECONSTRUCTED_2019,6,A_optimal_rank_reduced,p710,,,1,,
B_RECONSTRUCTED_2019,6,A_optimal_rank_reduced,p514,,,1,,
B_RECONSTRUCTED_2019,6,A_optimal_rank_reduced,p331,,,1,,
B_RECONSTRUCTED_2019,6,A_optimal_rank_reduced,p193,,,1,,
B_RECONSTRUCTED_2019,6,A_optimal_rank_reduced,p277,,,1,,
B_RECONSTRUCTED_2019,6,A_optimal_rank_reduced,p142,,,1,,
B_RECONSTRUCTED_2019,6,A_optimal_rank_reduced,p680,,,1,,
B_RECONSTRUCTED_2019,6,A_optimal_rank_reduced,p586,,,1,,
B_RECONSTRUCTED_2019,6,A_optimal_rank_reduced,p721,,,1,,
B_RECONSTRUCTED_2019,6,A_optimal_rank_reduced,p800,,,1,,
B_RECONSTRUCTED_2019,6,A_optimal_rank_reduced,p123,,,1,,
B_RECONSTRUCTED_2019,6,A_optimal_rank_reduced,p455,,,1,,
B_RECONSTRUCTED_2019,6,A_optimal_rank_reduced,p762,,,1,,
B_RECONSTRUCTED_2019,6,A_optimal_rank_reduced,p426,,,1,,
B_RECONSTRUCTED_2019,6,A_optimal_rank_reduced,p879,,,1,,
B_RECONSTRUCTED_2019,6,E_optimal_rank_reduced,p257,,,1,,
B_RECONSTRUCTED_2019,6,E_optimal_rank_reduced,p427,,,1,,
B_RECONSTRUCTED_2019,6,E_optimal_rank_reduced,p810,,,1,,
B_RECONSTRUCTED_2019,6,E_optimal_rank_reduced,p654,,,1,,
B_RECONSTRUCTED_2019,6,E_optimal_rank_reduced,p523,,,0,,
B_RECONSTRUCTED_2019,6,E_optimal_rank_reduced,p827,,,0,,
B_RECONSTRUCTED_2019,6,E_optimal_rank_reduced,p280,,,1,,
B_RECONSTRUCTED_2019,6,E_optimal_rank_reduced,p653,,,1,,
B_RECONSTRUCTED_2019,6,E_optimal_rank_reduced,p710,,,1,,
B_RECONSTRUCTED_2019,6,E_optimal_rank_reduced,p514,,,1,,
B_RECONSTRUCTED_2019,6,E_optimal_rank_reduced,p331,,,1,,
B_RECONSTRUCTED_2019,6,E_optimal_rank_reduced,p193,,,1,,
B_RECONSTRUCTED_2019,6,E_optimal_rank_reduced,p277,,,1,,
B_RECONSTRUCTED_2019,6,E_optimal_rank_reduced,p142,,,1,,
B_RECONSTRUCTED_2019,6,E_optimal_rank_reduced,p680,,,1,,
B_RECONSTRUCTED_2019,6,E_optimal_rank_reduced,p586,,,1,,
B_RECONSTRUCTED_2019,6,E_optimal_rank_reduced,p721,,,1,,
B_RECONSTRUCTED_2019,6,E_optimal_rank_reduced,p800,,,1,,
B_RECONSTRUCTED_2019,6,E_optimal_rank_reduced,p123,,,1,,
B_RECONSTRUCTED_2019,6,E_optimal_rank_reduced,p455,,,1,,
B_RECONSTRUCTED_2019,6,E_optimal_rank_reduced,p762,,,1,,
B_RECONSTRUCTED_2019,6,E_optimal_rank_reduced,p426,,,1,,
B_RECONSTRUCTED_2019,6,E_optimal_rank_reduced,p879,,,1,,
B_RECONSTRUCTED_2019,6,goal_oriented_oed,p257,,,1,,
B_RECONSTRUCTED_2019,6,goal_oriented_oed,p427,,,1,,
B_RECONSTRUCTED_2019,6,goal_oriented_oed,p810,,,1,,
B_RECONSTRUCTED_2019,6,goal_oriented_oed,p654,,,1,,
B_RECONSTRUCTED_2019,6,goal_oriented_oed,p523,,,0,,
B_RECONSTRUCTED_2019,6,goal_oriented_oed,p827,,,0,,
B_RECONSTRUCTED_2019,6,goal_oriented_oed,p280,,,1,,
B_RECONSTRUCTED_2019,6,goal_oriented_oed,p653,,,1,,
B_RECONSTRUCTED_2019,6,goal_oriented_oed,p710,,,1,,
B_RECONSTRUCTED_2019,6,goal_oriented_oed,p514,,,1,,
B_RECONSTRUCTED_2019,6,goal_oriented_oed,p331,,,1,,
B_RECONSTRUCTED_2019,6,goal_oriented_oed,p193,,,1,,
B_RECONSTRUCTED_2019,6,goal_oriented_oed,p277,,,1,,
B_RECONSTRUCTED_2019,6,goal_oriented_oed,p142,,,1,,
B_RECONSTRUCTED_2019,6,goal_oriented_oed,p680,,,1,,
B_RECONSTRUCTED_2019,6,goal_oriented_oed,p586,,,1,,
B_RECONSTRUCTED_2019,6,goal_oriented_oed,p721,,,1,,
B_RECONSTRUCTED_2019,6,goal_oriented_oed,p800,,,1,,
B_RECONSTRUCTED_2019,6,goal_oriented_oed,p123,,,1,,
B_RECONSTRUCTED_2019,6,goal_oriented_oed,p455,,,1,,
B_RECONSTRUCTED_2019,6,goal_oriented_oed,p762,,,1,,
B_RECONSTRUCTED_2019,6,goal_oriented_oed,p426,,,1,,
B_RECONSTRUCTED_2019,6,goal_oriented_oed,p879,,,1,,
B_RECONSTRUCTED_2019,6,topological_dispersion,p257,,,1,,
B_RECONSTRUCTED_2019,6,topological_dispersion,p427,,,1,,
B_RECONSTRUCTED_2019,6,topological_dispersion,p810,,,1,,
B_RECONSTRUCTED_2019,6,topological_dispersion,p654,,,1,,
B_RECONSTRUCTED_2019,6,topological_dispersion,p523,,,0,,
B_RECONSTRUCTED_2019,6,topological_dispersion,p827,,,0,,
B_RECONSTRUCTED_2019,6,topological_dispersion,p280,,,1,,
B_RECONSTRUCTED_2019,6,topological_dispersion,p653,,,1,,
B_RECONSTRUCTED_2019,6,topological_dispersion,p710,,,1,,
B_RECONSTRUCTED_2019,6,topological_dispersion,p514,,,1,,
B_RECONSTRUCTED_2019,6,topological_dispersion,p331,,,1,,
B_RECONSTRUCTED_2019,6,topological_dispersion,p193,,,1,,
B_RECONSTRUCTED_2019,6,topological_dispersion,p277,,,1,,
B_RECONSTRUCTED_2019,6,topological_dispersion,p142,,,1,,
B_RECONSTRUCTED_2019,6,topological_dispersion,p680,,,1,,
B_RECONSTRUCTED_2019,6,topological_dispersion,p586,,,1,,
B_RECONSTRUCTED_2019,6,topological_dispersion,p721,,,1,,
B_RECONSTRUCTED_2019,6,topological_dispersion,p800,,,1,,
B_RECONSTRUCTED_2019,6,topological_dispersion,p123,,,1,,
B_RECONSTRUCTED_2019,6,topological_dispersion,p455,,,1,,
B_RECONSTRUCTED_2019,6,topological_dispersion,p762,,,1,,
B_RECONSTRUCTED_2019,6,topological_dispersion,p426,,,1,,
B_RECONSTRUCTED_2019,6,topological_dispersion,p879,,,1,,
B_RECONSTRUCTED_2019,6,centrality,p257,,,1,,
B_RECONSTRUCTED_2019,6,centrality,p427,,,1,,
B_RECONSTRUCTED_2019,6,centrality,p810,,,1,,
B_RECONSTRUCTED_2019,6,centrality,p654,,,1,,
B_RECONSTRUCTED_2019,6,centrality,p523,,,0,,
B_RECONSTRUCTED_2019,6,centrality,p827,,,0,,
B_RECONSTRUCTED_2019,6,centrality,p280,,,1,,
B_RECONSTRUCTED_2019,6,centrality,p653,,,1,,
B_RECONSTRUCTED_2019,6,centrality,p710,,,1,,
B_RECONSTRUCTED_2019,6,centrality,p514,,,1,,
B_RECONSTRUCTED_2019,6,centrality,p331,,,1,,
B_RECONSTRUCTED_2019,6,centrality,p193,,,1,,
B_RECONSTRUCTED_2019,6,centrality,p277,,,1,,
B_RECONSTRUCTED_2019,6,centrality,p142,,,1,,
B_RECONSTRUCTED_2019,6,centrality,p680,,,1,,
B_RECONSTRUCTED_2019,6,centrality,p586,,,1,,
B_RECONSTRUCTED_2019,6,centrality,p721,,,1,,
B_RECONSTRUCTED_2019,6,centrality,p800,,,1,,
B_RECONSTRUCTED_2019,6,centrality,p123,,,1,,
B_RECONSTRUCTED_2019,6,centrality,p455,,,1,,
B_RECONSTRUCTED_2019,6,centrality,p762,,,1,,
B_RECONSTRUCTED_2019,6,centrality,p426,,,1,,
B_RECONSTRUCTED_2019,6,centrality,p879,,,1,,
B_RECONSTRUCTED_2019,8,FO,p257,,,1,,
B_RECONSTRUCTED_2019,8,FO,p427,,,1,,
B_RECONSTRUCTED_2019,8,FO,p810,,,1,,
B_RECONSTRUCTED_2019,8,FO,p654,,,1,,
B_RECONSTRUCTED_2019,8,FO,p523,,,0,,
B_RECONSTRUCTED_2019,8,FO,p827,,,0,,
B_RECONSTRUCTED_2019,8,FO,p280,,,1,,
B_RECONSTRUCTED_2019,8,FO,p653,,,1,,
B_RECONSTRUCTED_2019,8,FO,p710,,,1,,
B_RECONSTRUCTED_2019,8,FO,p514,,,1,,
B_RECONSTRUCTED_2019,8,FO,p331,,,1,,
B_RECONSTRUCTED_2019,8,FO,p193,,,1,,
B_RECONSTRUCTED_2019,8,FO,p277,,,1,,
B_RECONSTRUCTED_2019,8,FO,p142,,,1,,
B_RECONSTRUCTED_2019,8,FO,p680,,,1,,
B_RECONSTRUCTED_2019,8,FO,p586,,,1,,
B_RECONSTRUCTED_2019,8,FO,p721,,,1,,
B_RECONSTRUCTED_2019,8,FO,p800,,,1,,
B_RECONSTRUCTED_2019,8,FO,p123,,,1,,
B_RECONSTRUCTED_2019,8,FO,p455,,,1,,
B_RECONSTRUCTED_2019,8,FO,p762,,,1,,
B_RECONSTRUCTED_2019,8,FO,p426,,,1,,
B_RECONSTRUCTED_2019,8,FO,p879,,,1,,
B_RECONSTRUCTED_2019,8,D_optimal_bayesian,p257,,,1,,
B_RECONSTRUCTED_2019,8,D_optimal_bayesian,p427,,,1,,
B_RECONSTRUCTED_2019,8,D_optimal_bayesian,p810,,,1,,
B_RECONSTRUCTED_2019,8,D_optimal_bayesian,p654,,,1,,
B_RECONSTRUCTED_2019,8,D_optimal_bayesian,p523,,,0,,
B_RECONSTRUCTED_2019,8,D_optimal_bayesian,p827,,,0,,
B_RECONSTRUCTED_2019,8,D_optimal_bayesian,p280,,,1,,
B_RECONSTRUCTED_2019,8,D_optimal_bayesian,p653,,,1,,
B_RECONSTRUCTED_2019,8,D_optimal_bayesian,p710,,,1,,
B_RECONSTRUCTED_2019,8,D_optimal_bayesian,p514,,,1,,
B_RECONSTRUCTED_2019,8,D_optimal_bayesian,p331,,,1,,
B_RECONSTRUCTED_2019,8,D_optimal_bayesian,p193,,,1,,
B_RECONSTRUCTED_2019,8,D_optimal_bayesian,p277,,,1,,
B_RECONSTRUCTED_2019,8,D_optimal_bayesian,p142,,,1,,
B_RECONSTRUCTED_2019,8,D_optimal_bayesian,p680,,,1,,
B_RECONSTRUCTED_2019,8,D_optimal_bayesian,p586,,,1,,
B_RECONSTRUCTED_2019,8,D_optimal_bayesian,p721,,,1,,
B_RECONSTRUCTED_2019,8,D_optimal_bayesian,p800,,,1,,
B_RECONSTRUCTED_2019,8,D_optimal_bayesian,p123,,,1,,
B_RECONSTRUCTED_2019,8,D_optimal_bayesian,p455,,,1,,
B_RECONSTRUCTED_2019,8,D_optimal_bayesian,p762,,,1,,
B_RECONSTRUCTED_2019,8,D_optimal_bayesian,p426,,,1,,
B_RECONSTRUCTED_2019,8,D_optimal_bayesian,p879,,,1,,
B_RECONSTRUCTED_2019,8,A_optimal_bayesian,p257,,,1,,
B_RECONSTRUCTED_2019,8,A_optimal_bayesian,p427,,,1,,
B_RECONSTRUCTED_2019,8,A_optimal_bayesian,p810,,,1,,
B_RECONSTRUCTED_2019,8,A_optimal_bayesian,p654,,,1,,
B_RECONSTRUCTED_2019,8,A_optimal_bayesian,p523,,,0,,
B_RECONSTRUCTED_2019,8,A_optimal_bayesian,p827,,,0,,
B_RECONSTRUCTED_2019,8,A_optimal_bayesian,p280,,,1,,
B_RECONSTRUCTED_2019,8,A_optimal_bayesian,p653,,,1,,
B_RECONSTRUCTED_2019,8,A_optimal_bayesian,p710,,,1,,
B_RECONSTRUCTED_2019,8,A_optimal_bayesian,p514,,,1,,
B_RECONSTRUCTED_2019,8,A_optimal_bayesian,p331,,,1,,
B_RECONSTRUCTED_2019,8,A_optimal_bayesian,p193,,,1,,
B_RECONSTRUCTED_2019,8,A_optimal_bayesian,p277,,,1,,
B_RECONSTRUCTED_2019,8,A_optimal_bayesian,p142,,,1,,
B_RECONSTRUCTED_2019,8,A_optimal_bayesian,p680,,,1,,
B_RECONSTRUCTED_2019,8,A_optimal_bayesian,p586,,,1,,
B_RECONSTRUCTED_2019,8,A_optimal_bayesian,p721,,,1,,
B_RECONSTRUCTED_2019,8,A_optimal_bayesian,p800,,,1,,
B_RECONSTRUCTED_2019,8,A_optimal_bayesian,p123,,,1,,
B_RECONSTRUCTED_2019,8,A_optimal_bayesian,p455,,,1,,
B_RECONSTRUCTED_2019,8,A_optimal_bayesian,p762,,,1,,
B_RECONSTRUCTED_2019,8,A_optimal_bayesian,p426,,,1,,
B_RECONSTRUCTED_2019,8,A_optimal_bayesian,p879,,,1,,
B_RECONSTRUCTED_2019,8,E_optimal_observable_subspace,p257,,,1,,
B_RECONSTRUCTED_2019,8,E_optimal_observable_subspace,p427,,,1,,
B_RECONSTRUCTED_2019,8,E_optimal_observable_subspace,p810,,,1,,
B_RECONSTRUCTED_2019,8,E_optimal_observable_subspace,p654,,,1,,
B_RECONSTRUCTED_2019,8,E_optimal_observable_subspace,p523,,,0,,
B_RECONSTRUCTED_2019,8,E_optimal_observable_subspace,p827,,,0,,
B_RECONSTRUCTED_2019,8,E_optimal_observable_subspace,p280,,,1,,
B_RECONSTRUCTED_2019,8,E_optimal_observable_subspace,p653,,,1,,
B_RECONSTRUCTED_2019,8,E_optimal_observable_subspace,p710,,,1,,
B_RECONSTRUCTED_2019,8,E_optimal_observable_subspace,p514,,,1,,
B_RECONSTRUCTED_2019,8,E_optimal_observable_subspace,p331,,,1,,
B_RECONSTRUCTED_2019,8,E_optimal_observable_subspace,p193,,,1,,
B_RECONSTRUCTED_2019,8,E_optimal_observable_subspace,p277,,,1,,
B_RECONSTRUCTED_2019,8,E_optimal_observable_subspace,p142,,,1,,
B_RECONSTRUCTED_2019,8,E_optimal_observable_subspace,p680,,,1,,
B_RECONSTRUCTED_2019,8,E_optimal_observable_subspace,p586,,,1,,
B_RECONSTRUCTED_2019,8,E_optimal_observable_subspace,p721,,,1,,
B_RECONSTRUCTED_2019,8,E_optimal_observable_subspace,p800,,,1,,
B_RECONSTRUCTED_2019,8,E_optimal_observable_subspace,p123,,,1,,
B_RECONSTRUCTED_2019,8,E_optimal_observable_subspace,p455,,,1,,
B_RECONSTRUCTED_2019,8,E_optimal_observable_subspace,p762,,,1,,
B_RECONSTRUCTED_2019,8,E_optimal_observable_subspace,p426,,,1,,
B_RECONSTRUCTED_2019,8,E_optimal_observable_subspace,p879,,,1,,
B_RECONSTRUCTED_2019,8,bayesian_information_gain,p257,,,1,,
B_RECONSTRUCTED_2019,8,bayesian_information_gain,p427,,,1,,
B_RECONSTRUCTED_2019,8,bayesian_information_gain,p810,,,1,,
B_RECONSTRUCTED_2019,8,bayesian_information_gain,p654,,,1,,
B_RECONSTRUCTED_2019,8,bayesian_information_gain,p523,,,0,,
B_RECONSTRUCTED_2019,8,bayesian_information_gain,p827,,,0,,
B_RECONSTRUCTED_2019,8,bayesian_information_gain,p280,,,1,,
B_RECONSTRUCTED_2019,8,bayesian_information_gain,p653,,,1,,
B_RECONSTRUCTED_2019,8,bayesian_information_gain,p710,,,1,,
B_RECONSTRUCTED_2019,8,bayesian_information_gain,p514,,,1,,
B_RECONSTRUCTED_2019,8,bayesian_information_gain,p331,,,1,,
B_RECONSTRUCTED_2019,8,bayesian_information_gain,p193,,,1,,
B_RECONSTRUCTED_2019,8,bayesian_information_gain,p277,,,1,,
B_RECONSTRUCTED_2019,8,bayesian_information_gain,p142,,,1,,
B_RECONSTRUCTED_2019,8,bayesian_information_gain,p680,,,1,,
B_RECONSTRUCTED_2019,8,bayesian_information_gain,p586,,,1,,
B_RECONSTRUCTED_2019,8,bayesian_information_gain,p721,,,1,,
B_RECONSTRUCTED_2019,8,bayesian_information_gain,p800,,,1,,
B_RECONSTRUCTED_2019,8,bayesian_information_gain,p123,,,1,,
B_RECONSTRUCTED_2019,8,bayesian_information_gain,p455,,,1,,
B_RECONSTRUCTED_2019,8,bayesian_information_gain,p762,,,1,,
B_RECONSTRUCTED_2019,8,bayesian_information_gain,p426,,,1,,
B_RECONSTRUCTED_2019,8,bayesian_information_gain,p879,,,1,,
B_RECONSTRUCTED_2019,8,D_optimal_rank_reduced,p257,,,1,,
B_RECONSTRUCTED_2019,8,D_optimal_rank_reduced,p427,,,1,,
B_RECONSTRUCTED_2019,8,D_optimal_rank_reduced,p810,,,1,,
B_RECONSTRUCTED_2019,8,D_optimal_rank_reduced,p654,,,1,,
B_RECONSTRUCTED_2019,8,D_optimal_rank_reduced,p523,,,0,,
B_RECONSTRUCTED_2019,8,D_optimal_rank_reduced,p827,,,0,,
B_RECONSTRUCTED_2019,8,D_optimal_rank_reduced,p280,,,1,,
B_RECONSTRUCTED_2019,8,D_optimal_rank_reduced,p653,,,1,,
B_RECONSTRUCTED_2019,8,D_optimal_rank_reduced,p710,,,1,,
B_RECONSTRUCTED_2019,8,D_optimal_rank_reduced,p514,,,1,,
B_RECONSTRUCTED_2019,8,D_optimal_rank_reduced,p331,,,1,,
B_RECONSTRUCTED_2019,8,D_optimal_rank_reduced,p193,,,1,,
B_RECONSTRUCTED_2019,8,D_optimal_rank_reduced,p277,,,1,,
B_RECONSTRUCTED_2019,8,D_optimal_rank_reduced,p142,,,1,,
B_RECONSTRUCTED_2019,8,D_optimal_rank_reduced,p680,,,1,,
B_RECONSTRUCTED_2019,8,D_optimal_rank_reduced,p586,,,1,,
B_RECONSTRUCTED_2019,8,D_optimal_rank_reduced,p721,,,1,,
B_RECONSTRUCTED_2019,8,D_optimal_rank_reduced,p800,,,1,,
B_RECONSTRUCTED_2019,8,D_optimal_rank_reduced,p123,,,1,,
B_RECONSTRUCTED_2019,8,D_optimal_rank_reduced,p455,,,1,,
B_RECONSTRUCTED_2019,8,D_optimal_rank_reduced,p762,,,1,,
B_RECONSTRUCTED_2019,8,D_optimal_rank_reduced,p426,,,1,,
B_RECONSTRUCTED_2019,8,D_optimal_rank_reduced,p879,,,1,,
B_RECONSTRUCTED_2019,8,A_optimal_rank_reduced,p257,,,1,,
B_RECONSTRUCTED_2019,8,A_optimal_rank_reduced,p427,,,1,,
B_RECONSTRUCTED_2019,8,A_optimal_rank_reduced,p810,,,1,,
B_RECONSTRUCTED_2019,8,A_optimal_rank_reduced,p654,,,1,,
B_RECONSTRUCTED_2019,8,A_optimal_rank_reduced,p523,,,0,,
B_RECONSTRUCTED_2019,8,A_optimal_rank_reduced,p827,,,0,,
B_RECONSTRUCTED_2019,8,A_optimal_rank_reduced,p280,,,1,,
B_RECONSTRUCTED_2019,8,A_optimal_rank_reduced,p653,,,1,,
B_RECONSTRUCTED_2019,8,A_optimal_rank_reduced,p710,,,1,,
B_RECONSTRUCTED_2019,8,A_optimal_rank_reduced,p514,,,1,,
B_RECONSTRUCTED_2019,8,A_optimal_rank_reduced,p331,,,1,,
B_RECONSTRUCTED_2019,8,A_optimal_rank_reduced,p193,,,1,,
B_RECONSTRUCTED_2019,8,A_optimal_rank_reduced,p277,,,1,,
B_RECONSTRUCTED_2019,8,A_optimal_rank_reduced,p142,,,1,,
B_RECONSTRUCTED_2019,8,A_optimal_rank_reduced,p680,,,1,,
B_RECONSTRUCTED_2019,8,A_optimal_rank_reduced,p586,,,1,,
B_RECONSTRUCTED_2019,8,A_optimal_rank_reduced,p721,,,1,,
B_RECONSTRUCTED_2019,8,A_optimal_rank_reduced,p800,,,1,,
B_RECONSTRUCTED_2019,8,A_optimal_rank_reduced,p123,,,1,,
B_RECONSTRUCTED_2019,8,A_optimal_rank_reduced,p455,,,1,,
B_RECONSTRUCTED_2019,8,A_optimal_rank_reduced,p762,,,1,,
B_RECONSTRUCTED_2019,8,A_optimal_rank_reduced,p426,,,1,,
B_RECONSTRUCTED_2019,8,A_optimal_rank_reduced,p879,,,1,,
B_RECONSTRUCTED_2019,8,E_optimal_rank_reduced,p257,,,1,,
B_RECONSTRUCTED_2019,8,E_optimal_rank_reduced,p427,,,1,,
B_RECONSTRUCTED_2019,8,E_optimal_rank_reduced,p810,,,1,,
B_RECONSTRUCTED_2019,8,E_optimal_rank_reduced,p654,,,1,,
B_RECONSTRUCTED_2019,8,E_optimal_rank_reduced,p523,,,0,,
B_RECONSTRUCTED_2019,8,E_optimal_rank_reduced,p827,,,0,,
B_RECONSTRUCTED_2019,8,E_optimal_rank_reduced,p280,,,1,,
B_RECONSTRUCTED_2019,8,E_optimal_rank_reduced,p653,,,1,,
B_RECONSTRUCTED_2019,8,E_optimal_rank_reduced,p710,,,1,,
B_RECONSTRUCTED_2019,8,E_optimal_rank_reduced,p514,,,1,,
B_RECONSTRUCTED_2019,8,E_optimal_rank_reduced,p331,,,1,,
B_RECONSTRUCTED_2019,8,E_optimal_rank_reduced,p193,,,1,,
B_RECONSTRUCTED_2019,8,E_optimal_rank_reduced,p277,,,1,,
B_RECONSTRUCTED_2019,8,E_optimal_rank_reduced,p142,,,1,,
B_RECONSTRUCTED_2019,8,E_optimal_rank_reduced,p680,,,1,,
B_RECONSTRUCTED_2019,8,E_optimal_rank_reduced,p586,,,1,,
B_RECONSTRUCTED_2019,8,E_optimal_rank_reduced,p721,,,1,,
B_RECONSTRUCTED_2019,8,E_optimal_rank_reduced,p800,,,1,,
B_RECONSTRUCTED_2019,8,E_optimal_rank_reduced,p123,,,1,,
B_RECONSTRUCTED_2019,8,E_optimal_rank_reduced,p455,,,1,,
B_RECONSTRUCTED_2019,8,E_optimal_rank_reduced,p762,,,1,,
B_RECONSTRUCTED_2019,8,E_optimal_rank_reduced,p426,,,1,,
B_RECONSTRUCTED_2019,8,E_optimal_rank_reduced,p879,,,1,,
B_RECONSTRUCTED_2019,8,goal_oriented_oed,p257,,,1,,
B_RECONSTRUCTED_2019,8,goal_oriented_oed,p427,,,1,,
B_RECONSTRUCTED_2019,8,goal_oriented_oed,p810,,,1,,
B_RECONSTRUCTED_2019,8,goal_oriented_oed,p654,,,1,,
B_RECONSTRUCTED_2019,8,goal_oriented_oed,p523,,,0,,
B_RECONSTRUCTED_2019,8,goal_oriented_oed,p827,,,0,,
B_RECONSTRUCTED_2019,8,goal_oriented_oed,p280,,,1,,
B_RECONSTRUCTED_2019,8,goal_oriented_oed,p653,,,1,,
B_RECONSTRUCTED_2019,8,goal_oriented_oed,p710,,,1,,
B_RECONSTRUCTED_2019,8,goal_oriented_oed,p514,,,1,,
B_RECONSTRUCTED_2019,8,goal_oriented_oed,p331,,,1,,
B_RECONSTRUCTED_2019,8,goal_oriented_oed,p193,,,1,,
B_RECONSTRUCTED_2019,8,goal_oriented_oed,p277,,,1,,
B_RECONSTRUCTED_2019,8,goal_oriented_oed,p142,,,1,,
B_RECONSTRUCTED_2019,8,goal_oriented_oed,p680,,,1,,
B_RECONSTRUCTED_2019,8,goal_oriented_oed,p586,,,1,,
B_RECONSTRUCTED_2019,8,goal_oriented_oed,p721,,,1,,
B_RECONSTRUCTED_2019,8,goal_oriented_oed,p800,,,1,,
B_RECONSTRUCTED_2019,8,goal_oriented_oed,p123,,,1,,
B_RECONSTRUCTED_2019,8,goal_oriented_oed,p455,,,1,,
B_RECONSTRUCTED_2019,8,goal_oriented_oed,p762,,,1,,
B_RECONSTRUCTED_2019,8,goal_oriented_oed,p426,,,1,,
B_RECONSTRUCTED_2019,8,goal_oriented_oed,p879,,,1,,
B_RECONSTRUCTED_2019,8,topological_dispersion,p257,,,1,,
B_RECONSTRUCTED_2019,8,topological_dispersion,p427,,,1,,
B_RECONSTRUCTED_2019,8,topological_dispersion,p810,,,1,,
B_RECONSTRUCTED_2019,8,topological_dispersion,p654,,,1,,
B_RECONSTRUCTED_2019,8,topological_dispersion,p523,,,0,,
B_RECONSTRUCTED_2019,8,topological_dispersion,p827,,,0,,
B_RECONSTRUCTED_2019,8,topological_dispersion,p280,,,1,,
B_RECONSTRUCTED_2019,8,topological_dispersion,p653,,,1,,
B_RECONSTRUCTED_2019,8,topological_dispersion,p710,,,1,,
B_RECONSTRUCTED_2019,8,topological_dispersion,p514,,,1,,
B_RECONSTRUCTED_2019,8,topological_dispersion,p331,,,1,,
B_RECONSTRUCTED_2019,8,topological_dispersion,p193,,,1,,
B_RECONSTRUCTED_2019,8,topological_dispersion,p277,,,1,,
B_RECONSTRUCTED_2019,8,topological_dispersion,p142,,,1,,
B_RECONSTRUCTED_2019,8,topological_dispersion,p680,,,1,,
B_RECONSTRUCTED_2019,8,topological_dispersion,p586,,,1,,
B_RECONSTRUCTED_2019,8,topological_dispersion,p721,,,1,,
B_RECONSTRUCTED_2019,8,topological_dispersion,p800,,,1,,
B_RECONSTRUCTED_2019,8,topological_dispersion,p123,,,1,,
B_RECONSTRUCTED_2019,8,topological_dispersion,p455,,,1,,
B_RECONSTRUCTED_2019,8,topological_dispersion,p762,,,1,,
B_RECONSTRUCTED_2019,8,topological_dispersion,p426,,,1,,
B_RECONSTRUCTED_2019,8,topological_dispersion,p879,,,1,,
B_RECONSTRUCTED_2019,8,centrality,p257,,,1,,
B_RECONSTRUCTED_2019,8,centrality,p427,,,1,,
B_RECONSTRUCTED_2019,8,centrality,p810,,,1,,
B_RECONSTRUCTED_2019,8,centrality,p654,,,1,,
B_RECONSTRUCTED_2019,8,centrality,p523,,,0,,
B_RECONSTRUCTED_2019,8,centrality,p827,,,0,,
B_RECONSTRUCTED_2019,8,centrality,p280,,,1,,
B_RECONSTRUCTED_2019,8,centrality,p653,,,1,,
B_RECONSTRUCTED_2019,8,centrality,p710,,,1,,
B_RECONSTRUCTED_2019,8,centrality,p514,,,1,,
B_RECONSTRUCTED_2019,8,centrality,p331,,,1,,
B_RECONSTRUCTED_2019,8,centrality,p193,,,1,,
B_RECONSTRUCTED_2019,8,centrality,p277,,,1,,
B_RECONSTRUCTED_2019,8,centrality,p142,,,1,,
B_RECONSTRUCTED_2019,8,centrality,p680,,,1,,
B_RECONSTRUCTED_2019,8,centrality,p586,,,1,,
B_RECONSTRUCTED_2019,8,centrality,p721,,,1,,
B_RECONSTRUCTED_2019,8,centrality,p800,,,1,,
B_RECONSTRUCTED_2019,8,centrality,p123,,,1,,
B_RECONSTRUCTED_2019,8,centrality,p455,,,1,,
B_RECONSTRUCTED_2019,8,centrality,p762,,,1,,
B_RECONSTRUCTED_2019,8,centrality,p426,,,1,,
B_RECONSTRUCTED_2019,8,centrality,p879,,,1,,
B_RECONSTRUCTED_2019,10,FO,p257,,,1,,
B_RECONSTRUCTED_2019,10,FO,p427,,,1,,
B_RECONSTRUCTED_2019,10,FO,p810,,,1,,
B_RECONSTRUCTED_2019,10,FO,p654,,,1,,
B_RECONSTRUCTED_2019,10,FO,p523,,,0,,
B_RECONSTRUCTED_2019,10,FO,p827,,,0,,
B_RECONSTRUCTED_2019,10,FO,p280,,,1,,
B_RECONSTRUCTED_2019,10,FO,p653,,,1,,
B_RECONSTRUCTED_2019,10,FO,p710,,,1,,
B_RECONSTRUCTED_2019,10,FO,p514,,,1,,
B_RECONSTRUCTED_2019,10,FO,p331,,,1,,
B_RECONSTRUCTED_2019,10,FO,p193,,,1,,
B_RECONSTRUCTED_2019,10,FO,p277,,,1,,
B_RECONSTRUCTED_2019,10,FO,p142,,,1,,
B_RECONSTRUCTED_2019,10,FO,p680,,,1,,
B_RECONSTRUCTED_2019,10,FO,p586,,,1,,
B_RECONSTRUCTED_2019,10,FO,p721,,,1,,
B_RECONSTRUCTED_2019,10,FO,p800,,,1,,
B_RECONSTRUCTED_2019,10,FO,p123,,,1,,
B_RECONSTRUCTED_2019,10,FO,p455,,,1,,
B_RECONSTRUCTED_2019,10,FO,p762,,,1,,
B_RECONSTRUCTED_2019,10,FO,p426,,,1,,
B_RECONSTRUCTED_2019,10,FO,p879,,,1,,
B_RECONSTRUCTED_2019,10,D_optimal_bayesian,p257,,,1,,
B_RECONSTRUCTED_2019,10,D_optimal_bayesian,p427,,,1,,
B_RECONSTRUCTED_2019,10,D_optimal_bayesian,p810,,,1,,
B_RECONSTRUCTED_2019,10,D_optimal_bayesian,p654,,,1,,
B_RECONSTRUCTED_2019,10,D_optimal_bayesian,p523,,,0,,
B_RECONSTRUCTED_2019,10,D_optimal_bayesian,p827,,,0,,
B_RECONSTRUCTED_2019,10,D_optimal_bayesian,p280,,,1,,
B_RECONSTRUCTED_2019,10,D_optimal_bayesian,p653,,,1,,
B_RECONSTRUCTED_2019,10,D_optimal_bayesian,p710,,,1,,
B_RECONSTRUCTED_2019,10,D_optimal_bayesian,p514,,,1,,
B_RECONSTRUCTED_2019,10,D_optimal_bayesian,p331,,,1,,
B_RECONSTRUCTED_2019,10,D_optimal_bayesian,p193,,,1,,
B_RECONSTRUCTED_2019,10,D_optimal_bayesian,p277,,,1,,
B_RECONSTRUCTED_2019,10,D_optimal_bayesian,p142,,,1,,
B_RECONSTRUCTED_2019,10,D_optimal_bayesian,p680,,,1,,
B_RECONSTRUCTED_2019,10,D_optimal_bayesian,p586,,,1,,
B_RECONSTRUCTED_2019,10,D_optimal_bayesian,p721,,,1,,
B_RECONSTRUCTED_2019,10,D_optimal_bayesian,p800,,,1,,
B_RECONSTRUCTED_2019,10,D_optimal_bayesian,p123,,,1,,
B_RECONSTRUCTED_2019,10,D_optimal_bayesian,p455,,,1,,
B_RECONSTRUCTED_2019,10,D_optimal_bayesian,p762,,,1,,
B_RECONSTRUCTED_2019,10,D_optimal_bayesian,p426,,,1,,
B_RECONSTRUCTED_2019,10,D_optimal_bayesian,p879,,,1,,
B_RECONSTRUCTED_2019,10,A_optimal_bayesian,p257,,,1,,
B_RECONSTRUCTED_2019,10,A_optimal_bayesian,p427,,,1,,
B_RECONSTRUCTED_2019,10,A_optimal_bayesian,p810,,,1,,
B_RECONSTRUCTED_2019,10,A_optimal_bayesian,p654,,,1,,
B_RECONSTRUCTED_2019,10,A_optimal_bayesian,p523,,,0,,
B_RECONSTRUCTED_2019,10,A_optimal_bayesian,p827,,,0,,
B_RECONSTRUCTED_2019,10,A_optimal_bayesian,p280,,,1,,
B_RECONSTRUCTED_2019,10,A_optimal_bayesian,p653,,,1,,
B_RECONSTRUCTED_2019,10,A_optimal_bayesian,p710,,,1,,
B_RECONSTRUCTED_2019,10,A_optimal_bayesian,p514,,,1,,
B_RECONSTRUCTED_2019,10,A_optimal_bayesian,p331,,,1,,
B_RECONSTRUCTED_2019,10,A_optimal_bayesian,p193,,,1,,
B_RECONSTRUCTED_2019,10,A_optimal_bayesian,p277,,,1,,
B_RECONSTRUCTED_2019,10,A_optimal_bayesian,p142,,,1,,
B_RECONSTRUCTED_2019,10,A_optimal_bayesian,p680,,,1,,
B_RECONSTRUCTED_2019,10,A_optimal_bayesian,p586,,,1,,
B_RECONSTRUCTED_2019,10,A_optimal_bayesian,p721,,,1,,
B_RECONSTRUCTED_2019,10,A_optimal_bayesian,p800,,,1,,
B_RECONSTRUCTED_2019,10,A_optimal_bayesian,p123,,,1,,
B_RECONSTRUCTED_2019,10,A_optimal_bayesian,p455,,,1,,
B_RECONSTRUCTED_2019,10,A_optimal_bayesian,p762,,,1,,
B_RECONSTRUCTED_2019,10,A_optimal_bayesian,p426,,,1,,
B_RECONSTRUCTED_2019,10,A_optimal_bayesian,p879,,,1,,
B_RECONSTRUCTED_2019,10,E_optimal_observable_subspace,p257,,,1,,
B_RECONSTRUCTED_2019,10,E_optimal_observable_subspace,p427,,,1,,
B_RECONSTRUCTED_2019,10,E_optimal_observable_subspace,p810,,,1,,
B_RECONSTRUCTED_2019,10,E_optimal_observable_subspace,p654,,,1,,
B_RECONSTRUCTED_2019,10,E_optimal_observable_subspace,p523,,,0,,
B_RECONSTRUCTED_2019,10,E_optimal_observable_subspace,p827,,,0,,
B_RECONSTRUCTED_2019,10,E_optimal_observable_subspace,p280,,,1,,
B_RECONSTRUCTED_2019,10,E_optimal_observable_subspace,p653,,,1,,
B_RECONSTRUCTED_2019,10,E_optimal_observable_subspace,p710,,,1,,
B_RECONSTRUCTED_2019,10,E_optimal_observable_subspace,p514,,,1,,
B_RECONSTRUCTED_2019,10,E_optimal_observable_subspace,p331,,,1,,
B_RECONSTRUCTED_2019,10,E_optimal_observable_subspace,p193,,,1,,
B_RECONSTRUCTED_2019,10,E_optimal_observable_subspace,p277,,,1,,
B_RECONSTRUCTED_2019,10,E_optimal_observable_subspace,p142,,,1,,
B_RECONSTRUCTED_2019,10,E_optimal_observable_subspace,p680,,,1,,
B_RECONSTRUCTED_2019,10,E_optimal_observable_subspace,p586,,,1,,
B_RECONSTRUCTED_2019,10,E_optimal_observable_subspace,p721,,,1,,
B_RECONSTRUCTED_2019,10,E_optimal_observable_subspace,p800,,,1,,
B_RECONSTRUCTED_2019,10,E_optimal_observable_subspace,p123,,,1,,
B_RECONSTRUCTED_2019,10,E_optimal_observable_subspace,p455,,,1,,
B_RECONSTRUCTED_2019,10,E_optimal_observable_subspace,p762,,,1,,
B_RECONSTRUCTED_2019,10,E_optimal_observable_subspace,p426,,,1,,
B_RECONSTRUCTED_2019,10,E_optimal_observable_subspace,p879,,,1,,
B_RECONSTRUCTED_2019,10,bayesian_information_gain,p257,,,1,,
B_RECONSTRUCTED_2019,10,bayesian_information_gain,p427,,,1,,
B_RECONSTRUCTED_2019,10,bayesian_information_gain,p810,,,1,,
B_RECONSTRUCTED_2019,10,bayesian_information_gain,p654,,,1,,
B_RECONSTRUCTED_2019,10,bayesian_information_gain,p523,,,0,,
B_RECONSTRUCTED_2019,10,bayesian_information_gain,p827,,,0,,
B_RECONSTRUCTED_2019,10,bayesian_information_gain,p280,,,1,,
B_RECONSTRUCTED_2019,10,bayesian_information_gain,p653,,,1,,
B_RECONSTRUCTED_2019,10,bayesian_information_gain,p710,,,1,,
B_RECONSTRUCTED_2019,10,bayesian_information_gain,p514,,,1,,
B_RECONSTRUCTED_2019,10,bayesian_information_gain,p331,,,1,,
B_RECONSTRUCTED_2019,10,bayesian_information_gain,p193,,,1,,
B_RECONSTRUCTED_2019,10,bayesian_information_gain,p277,,,1,,
B_RECONSTRUCTED_2019,10,bayesian_information_gain,p142,,,1,,
B_RECONSTRUCTED_2019,10,bayesian_information_gain,p680,,,1,,
B_RECONSTRUCTED_2019,10,bayesian_information_gain,p586,,,1,,
B_RECONSTRUCTED_2019,10,bayesian_information_gain,p721,,,1,,
B_RECONSTRUCTED_2019,10,bayesian_information_gain,p800,,,1,,
B_RECONSTRUCTED_2019,10,bayesian_information_gain,p123,,,1,,
B_RECONSTRUCTED_2019,10,bayesian_information_gain,p455,,,1,,
B_RECONSTRUCTED_2019,10,bayesian_information_gain,p762,,,1,,
B_RECONSTRUCTED_2019,10,bayesian_information_gain,p426,,,1,,
B_RECONSTRUCTED_2019,10,bayesian_information_gain,p879,,,1,,
B_RECONSTRUCTED_2019,10,D_optimal_rank_reduced,p257,,,1,,
B_RECONSTRUCTED_2019,10,D_optimal_rank_reduced,p427,,,1,,
B_RECONSTRUCTED_2019,10,D_optimal_rank_reduced,p810,,,1,,
B_RECONSTRUCTED_2019,10,D_optimal_rank_reduced,p654,,,1,,
B_RECONSTRUCTED_2019,10,D_optimal_rank_reduced,p523,,,0,,
B_RECONSTRUCTED_2019,10,D_optimal_rank_reduced,p827,,,0,,
B_RECONSTRUCTED_2019,10,D_optimal_rank_reduced,p280,,,1,,
B_RECONSTRUCTED_2019,10,D_optimal_rank_reduced,p653,,,1,,
B_RECONSTRUCTED_2019,10,D_optimal_rank_reduced,p710,,,1,,
B_RECONSTRUCTED_2019,10,D_optimal_rank_reduced,p514,,,1,,
B_RECONSTRUCTED_2019,10,D_optimal_rank_reduced,p331,,,1,,
B_RECONSTRUCTED_2019,10,D_optimal_rank_reduced,p193,,,1,,
B_RECONSTRUCTED_2019,10,D_optimal_rank_reduced,p277,,,1,,
B_RECONSTRUCTED_2019,10,D_optimal_rank_reduced,p142,,,1,,
B_RECONSTRUCTED_2019,10,D_optimal_rank_reduced,p680,,,1,,
B_RECONSTRUCTED_2019,10,D_optimal_rank_reduced,p586,,,1,,
B_RECONSTRUCTED_2019,10,D_optimal_rank_reduced,p721,,,1,,
B_RECONSTRUCTED_2019,10,D_optimal_rank_reduced,p800,,,1,,
B_RECONSTRUCTED_2019,10,D_optimal_rank_reduced,p123,,,1,,
B_RECONSTRUCTED_2019,10,D_optimal_rank_reduced,p455,,,1,,
B_RECONSTRUCTED_2019,10,D_optimal_rank_reduced,p762,,,1,,
B_RECONSTRUCTED_2019,10,D_optimal_rank_reduced,p426,,,1,,
B_RECONSTRUCTED_2019,10,D_optimal_rank_reduced,p879,,,1,,
B_RECONSTRUCTED_2019,10,A_optimal_rank_reduced,p257,,,1,,
B_RECONSTRUCTED_2019,10,A_optimal_rank_reduced,p427,,,1,,
B_RECONSTRUCTED_2019,10,A_optimal_rank_reduced,p810,,,1,,
B_RECONSTRUCTED_2019,10,A_optimal_rank_reduced,p654,,,1,,
B_RECONSTRUCTED_2019,10,A_optimal_rank_reduced,p523,,,0,,
B_RECONSTRUCTED_2019,10,A_optimal_rank_reduced,p827,,,0,,
B_RECONSTRUCTED_2019,10,A_optimal_rank_reduced,p280,,,1,,
B_RECONSTRUCTED_2019,10,A_optimal_rank_reduced,p653,,,1,,
B_RECONSTRUCTED_2019,10,A_optimal_rank_reduced,p710,,,1,,
B_RECONSTRUCTED_2019,10,A_optimal_rank_reduced,p514,,,1,,
B_RECONSTRUCTED_2019,10,A_optimal_rank_reduced,p331,,,1,,
B_RECONSTRUCTED_2019,10,A_optimal_rank_reduced,p193,,,1,,
B_RECONSTRUCTED_2019,10,A_optimal_rank_reduced,p277,,,1,,
B_RECONSTRUCTED_2019,10,A_optimal_rank_reduced,p142,,,1,,
B_RECONSTRUCTED_2019,10,A_optimal_rank_reduced,p680,,,1,,
B_RECONSTRUCTED_2019,10,A_optimal_rank_reduced,p586,,,1,,
B_RECONSTRUCTED_2019,10,A_optimal_rank_reduced,p721,,,1,,
B_RECONSTRUCTED_2019,10,A_optimal_rank_reduced,p800,,,1,,
B_RECONSTRUCTED_2019,10,A_optimal_rank_reduced,p123,,,1,,
B_RECONSTRUCTED_2019,10,A_optimal_rank_reduced,p455,,,1,,
B_RECONSTRUCTED_2019,10,A_optimal_rank_reduced,p762,,,1,,
B_RECONSTRUCTED_2019,10,A_optimal_rank_reduced,p426,,,1,,
B_RECONSTRUCTED_2019,10,A_optimal_rank_reduced,p879,,,1,,
B_RECONSTRUCTED_2019,10,E_optimal_rank_reduced,p257,,,1,,
B_RECONSTRUCTED_2019,10,E_optimal_rank_reduced,p427,,,1,,
B_RECONSTRUCTED_2019,10,E_optimal_rank_reduced,p810,,,1,,
B_RECONSTRUCTED_2019,10,E_optimal_rank_reduced,p654,,,1,,
B_RECONSTRUCTED_2019,10,E_optimal_rank_reduced,p523,,,0,,
B_RECONSTRUCTED_2019,10,E_optimal_rank_reduced,p827,,,0,,
B_RECONSTRUCTED_2019,10,E_optimal_rank_reduced,p280,,,1,,
B_RECONSTRUCTED_2019,10,E_optimal_rank_reduced,p653,,,1,,
B_RECONSTRUCTED_2019,10,E_optimal_rank_reduced,p710,,,1,,
B_RECONSTRUCTED_2019,10,E_optimal_rank_reduced,p514,,,1,,
B_RECONSTRUCTED_2019,10,E_optimal_rank_reduced,p331,,,1,,
B_RECONSTRUCTED_2019,10,E_optimal_rank_reduced,p193,,,1,,
B_RECONSTRUCTED_2019,10,E_optimal_rank_reduced,p277,,,1,,
B_RECONSTRUCTED_2019,10,E_optimal_rank_reduced,p142,,,1,,
B_RECONSTRUCTED_2019,10,E_optimal_rank_reduced,p680,,,1,,
B_RECONSTRUCTED_2019,10,E_optimal_rank_reduced,p586,,,1,,
B_RECONSTRUCTED_2019,10,E_optimal_rank_reduced,p721,,,1,,
B_RECONSTRUCTED_2019,10,E_optimal_rank_reduced,p800,,,1,,
B_RECONSTRUCTED_2019,10,E_optimal_rank_reduced,p123,,,1,,
B_RECONSTRUCTED_2019,10,E_optimal_rank_reduced,p455,,,1,,
B_RECONSTRUCTED_2019,10,E_optimal_rank_reduced,p762,,,1,,
B_RECONSTRUCTED_2019,10,E_optimal_rank_reduced,p426,,,1,,
B_RECONSTRUCTED_2019,10,E_optimal_rank_reduced,p879,,,1,,
B_RECONSTRUCTED_2019,10,goal_oriented_oed,p257,,,1,,
B_RECONSTRUCTED_2019,10,goal_oriented_oed,p427,,,1,,
B_RECONSTRUCTED_2019,10,goal_oriented_oed,p810,,,1,,
B_RECONSTRUCTED_2019,10,goal_oriented_oed,p654,,,1,,
B_RECONSTRUCTED_2019,10,goal_oriented_oed,p523,,,0,,
B_RECONSTRUCTED_2019,10,goal_oriented_oed,p827,,,0,,
B_RECONSTRUCTED_2019,10,goal_oriented_oed,p280,,,1,,
B_RECONSTRUCTED_2019,10,goal_oriented_oed,p653,,,1,,
B_RECONSTRUCTED_2019,10,goal_oriented_oed,p710,,,1,,
B_RECONSTRUCTED_2019,10,goal_oriented_oed,p514,,,1,,
B_RECONSTRUCTED_2019,10,goal_oriented_oed,p331,,,1,,
B_RECONSTRUCTED_2019,10,goal_oriented_oed,p193,,,1,,
B_RECONSTRUCTED_2019,10,goal_oriented_oed,p277,,,1,,
B_RECONSTRUCTED_2019,10,goal_oriented_oed,p142,,,1,,
B_RECONSTRUCTED_2019,10,goal_oriented_oed,p680,,,1,,
B_RECONSTRUCTED_2019,10,goal_oriented_oed,p586,,,1,,
B_RECONSTRUCTED_2019,10,goal_oriented_oed,p721,,,1,,
B_RECONSTRUCTED_2019,10,goal_oriented_oed,p800,,,1,,
B_RECONSTRUCTED_2019,10,goal_oriented_oed,p123,,,1,,
B_RECONSTRUCTED_2019,10,goal_oriented_oed,p455,,,1,,
B_RECONSTRUCTED_2019,10,goal_oriented_oed,p762,,,1,,
B_RECONSTRUCTED_2019,10,goal_oriented_oed,p426,,,1,,
B_RECONSTRUCTED_2019,10,goal_oriented_oed,p879,,,1,,
B_RECONSTRUCTED_2019,10,topological_dispersion,p257,,,1,,
B_RECONSTRUCTED_2019,10,topological_dispersion,p427,,,1,,
B_RECONSTRUCTED_2019,10,topological_dispersion,p810,,,1,,
B_RECONSTRUCTED_2019,10,topological_dispersion,p654,,,1,,
B_RECONSTRUCTED_2019,10,topological_dispersion,p523,,,0,,
B_RECONSTRUCTED_2019,10,topological_dispersion,p827,,,0,,
B_RECONSTRUCTED_2019,10,topological_dispersion,p280,,,1,,
B_RECONSTRUCTED_2019,10,topological_dispersion,p653,,,1,,
B_RECONSTRUCTED_2019,10,topological_dispersion,p710,,,1,,
B_RECONSTRUCTED_2019,10,topological_dispersion,p514,,,1,,
B_RECONSTRUCTED_2019,10,topological_dispersion,p331,,,1,,
B_RECONSTRUCTED_2019,10,topological_dispersion,p193,,,1,,
B_RECONSTRUCTED_2019,10,topological_dispersion,p277,,,1,,
B_RECONSTRUCTED_2019,10,topological_dispersion,p142,,,1,,
B_RECONSTRUCTED_2019,10,topological_dispersion,p680,,,1,,
B_RECONSTRUCTED_2019,10,topological_dispersion,p586,,,1,,
B_RECONSTRUCTED_2019,10,topological_dispersion,p721,,,1,,
B_RECONSTRUCTED_2019,10,topological_dispersion,p800,,,1,,
B_RECONSTRUCTED_2019,10,topological_dispersion,p123,,,1,,
B_RECONSTRUCTED_2019,10,topological_dispersion,p455,,,1,,
B_RECONSTRUCTED_2019,10,topological_dispersion,p762,,,1,,
B_RECONSTRUCTED_2019,10,topological_dispersion,p426,,,1,,
B_RECONSTRUCTED_2019,10,topological_dispersion,p879,,,1,,
B_RECONSTRUCTED_2019,10,centrality,p257,,,1,,
B_RECONSTRUCTED_2019,10,centrality,p427,,,1,,
B_RECONSTRUCTED_2019,10,centrality,p810,,,1,,
B_RECONSTRUCTED_2019,10,centrality,p654,,,1,,
B_RECONSTRUCTED_2019,10,centrality,p523,,,0,,
B_RECONSTRUCTED_2019,10,centrality,p827,,,0,,
B_RECONSTRUCTED_2019,10,centrality,p280,,,1,,
B_RECONSTRUCTED_2019,10,centrality,p653,,,1,,
B_RECONSTRUCTED_2019,10,centrality,p710,,,1,,
B_RECONSTRUCTED_2019,10,centrality,p514,,,1,,
B_RECONSTRUCTED_2019,10,centrality,p331,,,1,,
B_RECONSTRUCTED_2019,10,centrality,p193,,,1,,
B_RECONSTRUCTED_2019,10,centrality,p277,,,1,,
B_RECONSTRUCTED_2019,10,centrality,p142,,,1,,
B_RECONSTRUCTED_2019,10,centrality,p680,,,1,,
B_RECONSTRUCTED_2019,10,centrality,p586,,,1,,
B_RECONSTRUCTED_2019,10,centrality,p721,,,1,,
B_RECONSTRUCTED_2019,10,centrality,p800,,,1,,
B_RECONSTRUCTED_2019,10,centrality,p123,,,1,,
B_RECONSTRUCTED_2019,10,centrality,p455,,,1,,
B_RECONSTRUCTED_2019,10,centrality,p762,,,1,,
B_RECONSTRUCTED_2019,10,centrality,p426,,,1,,
B_RECONSTRUCTED_2019,10,centrality,p879,,,1,,
B_RECONSTRUCTED_2019,12,FO,p257,,,1,,
B_RECONSTRUCTED_2019,12,FO,p427,,,1,,
B_RECONSTRUCTED_2019,12,FO,p810,,,1,,
B_RECONSTRUCTED_2019,12,FO,p654,,,1,,
B_RECONSTRUCTED_2019,12,FO,p523,,,0,,
B_RECONSTRUCTED_2019,12,FO,p827,,,0,,
B_RECONSTRUCTED_2019,12,FO,p280,,,1,,
B_RECONSTRUCTED_2019,12,FO,p653,,,1,,
B_RECONSTRUCTED_2019,12,FO,p710,,,1,,
B_RECONSTRUCTED_2019,12,FO,p514,,,1,,
B_RECONSTRUCTED_2019,12,FO,p331,,,1,,
B_RECONSTRUCTED_2019,12,FO,p193,,,1,,
B_RECONSTRUCTED_2019,12,FO,p277,,,1,,
B_RECONSTRUCTED_2019,12,FO,p142,,,1,,
B_RECONSTRUCTED_2019,12,FO,p680,,,1,,
B_RECONSTRUCTED_2019,12,FO,p586,,,1,,
B_RECONSTRUCTED_2019,12,FO,p721,,,1,,
B_RECONSTRUCTED_2019,12,FO,p800,,,1,,
B_RECONSTRUCTED_2019,12,FO,p123,,,1,,
B_RECONSTRUCTED_2019,12,FO,p455,,,1,,
B_RECONSTRUCTED_2019,12,FO,p762,,,1,,
B_RECONSTRUCTED_2019,12,FO,p426,,,1,,
B_RECONSTRUCTED_2019,12,FO,p879,,,1,,
B_RECONSTRUCTED_2019,12,D_optimal_bayesian,p257,,,1,,
B_RECONSTRUCTED_2019,12,D_optimal_bayesian,p427,,,1,,
B_RECONSTRUCTED_2019,12,D_optimal_bayesian,p810,,,1,,
B_RECONSTRUCTED_2019,12,D_optimal_bayesian,p654,,,1,,
B_RECONSTRUCTED_2019,12,D_optimal_bayesian,p523,,,0,,
B_RECONSTRUCTED_2019,12,D_optimal_bayesian,p827,,,0,,
B_RECONSTRUCTED_2019,12,D_optimal_bayesian,p280,,,1,,
B_RECONSTRUCTED_2019,12,D_optimal_bayesian,p653,,,1,,
B_RECONSTRUCTED_2019,12,D_optimal_bayesian,p710,,,1,,
B_RECONSTRUCTED_2019,12,D_optimal_bayesian,p514,,,1,,
B_RECONSTRUCTED_2019,12,D_optimal_bayesian,p331,,,1,,
B_RECONSTRUCTED_2019,12,D_optimal_bayesian,p193,,,1,,
B_RECONSTRUCTED_2019,12,D_optimal_bayesian,p277,,,1,,
B_RECONSTRUCTED_2019,12,D_optimal_bayesian,p142,,,1,,
B_RECONSTRUCTED_2019,12,D_optimal_bayesian,p680,,,1,,
B_RECONSTRUCTED_2019,12,D_optimal_bayesian,p586,,,1,,
B_RECONSTRUCTED_2019,12,D_optimal_bayesian,p721,,,1,,
B_RECONSTRUCTED_2019,12,D_optimal_bayesian,p800,,,1,,
B_RECONSTRUCTED_2019,12,D_optimal_bayesian,p123,,,1,,
B_RECONSTRUCTED_2019,12,D_optimal_bayesian,p455,,,1,,
B_RECONSTRUCTED_2019,12,D_optimal_bayesian,p762,,,1,,
B_RECONSTRUCTED_2019,12,D_optimal_bayesian,p426,,,1,,
B_RECONSTRUCTED_2019,12,D_optimal_bayesian,p879,,,1,,
B_RECONSTRUCTED_2019,12,A_optimal_bayesian,p257,,,1,,
B_RECONSTRUCTED_2019,12,A_optimal_bayesian,p427,,,1,,
B_RECONSTRUCTED_2019,12,A_optimal_bayesian,p810,,,1,,
B_RECONSTRUCTED_2019,12,A_optimal_bayesian,p654,,,1,,
B_RECONSTRUCTED_2019,12,A_optimal_bayesian,p523,,,0,,
B_RECONSTRUCTED_2019,12,A_optimal_bayesian,p827,,,0,,
B_RECONSTRUCTED_2019,12,A_optimal_bayesian,p280,,,1,,
B_RECONSTRUCTED_2019,12,A_optimal_bayesian,p653,,,1,,
B_RECONSTRUCTED_2019,12,A_optimal_bayesian,p710,,,1,,
B_RECONSTRUCTED_2019,12,A_optimal_bayesian,p514,,,1,,
B_RECONSTRUCTED_2019,12,A_optimal_bayesian,p331,,,1,,
B_RECONSTRUCTED_2019,12,A_optimal_bayesian,p193,,,1,,
B_RECONSTRUCTED_2019,12,A_optimal_bayesian,p277,,,1,,
B_RECONSTRUCTED_2019,12,A_optimal_bayesian,p142,,,1,,
B_RECONSTRUCTED_2019,12,A_optimal_bayesian,p680,,,1,,
B_RECONSTRUCTED_2019,12,A_optimal_bayesian,p586,,,1,,
B_RECONSTRUCTED_2019,12,A_optimal_bayesian,p721,,,1,,
B_RECONSTRUCTED_2019,12,A_optimal_bayesian,p800,,,1,,
B_RECONSTRUCTED_2019,12,A_optimal_bayesian,p123,,,1,,
B_RECONSTRUCTED_2019,12,A_optimal_bayesian,p455,,,1,,
B_RECONSTRUCTED_2019,12,A_optimal_bayesian,p762,,,1,,
B_RECONSTRUCTED_2019,12,A_optimal_bayesian,p426,,,1,,
B_RECONSTRUCTED_2019,12,A_optimal_bayesian,p879,,,1,,
B_RECONSTRUCTED_2019,12,E_optimal_observable_subspace,p257,,,1,,
B_RECONSTRUCTED_2019,12,E_optimal_observable_subspace,p427,,,1,,
B_RECONSTRUCTED_2019,12,E_optimal_observable_subspace,p810,,,1,,
B_RECONSTRUCTED_2019,12,E_optimal_observable_subspace,p654,,,1,,
B_RECONSTRUCTED_2019,12,E_optimal_observable_subspace,p523,,,0,,
B_RECONSTRUCTED_2019,12,E_optimal_observable_subspace,p827,,,0,,
B_RECONSTRUCTED_2019,12,E_optimal_observable_subspace,p280,,,1,,
B_RECONSTRUCTED_2019,12,E_optimal_observable_subspace,p653,,,1,,
B_RECONSTRUCTED_2019,12,E_optimal_observable_subspace,p710,,,1,,
B_RECONSTRUCTED_2019,12,E_optimal_observable_subspace,p514,,,1,,
B_RECONSTRUCTED_2019,12,E_optimal_observable_subspace,p331,,,1,,
B_RECONSTRUCTED_2019,12,E_optimal_observable_subspace,p193,,,1,,
B_RECONSTRUCTED_2019,12,E_optimal_observable_subspace,p277,,,1,,
B_RECONSTRUCTED_2019,12,E_optimal_observable_subspace,p142,,,1,,
B_RECONSTRUCTED_2019,12,E_optimal_observable_subspace,p680,,,1,,
B_RECONSTRUCTED_2019,12,E_optimal_observable_subspace,p586,,,1,,
B_RECONSTRUCTED_2019,12,E_optimal_observable_subspace,p721,,,1,,
B_RECONSTRUCTED_2019,12,E_optimal_observable_subspace,p800,,,1,,
B_RECONSTRUCTED_2019,12,E_optimal_observable_subspace,p123,,,1,,
B_RECONSTRUCTED_2019,12,E_optimal_observable_subspace,p455,,,1,,
B_RECONSTRUCTED_2019,12,E_optimal_observable_subspace,p762,,,1,,
B_RECONSTRUCTED_2019,12,E_optimal_observable_subspace,p426,,,1,,
B_RECONSTRUCTED_2019,12,E_optimal_observable_subspace,p879,,,1,,
B_RECONSTRUCTED_2019,12,bayesian_information_gain,p257,,,1,,
B_RECONSTRUCTED_2019,12,bayesian_information_gain,p427,,,1,,
B_RECONSTRUCTED_2019,12,bayesian_information_gain,p810,,,1,,
B_RECONSTRUCTED_2019,12,bayesian_information_gain,p654,,,1,,
B_RECONSTRUCTED_2019,12,bayesian_information_gain,p523,,,0,,
B_RECONSTRUCTED_2019,12,bayesian_information_gain,p827,,,0,,
B_RECONSTRUCTED_2019,12,bayesian_information_gain,p280,,,1,,
B_RECONSTRUCTED_2019,12,bayesian_information_gain,p653,,,1,,
B_RECONSTRUCTED_2019,12,bayesian_information_gain,p710,,,1,,
B_RECONSTRUCTED_2019,12,bayesian_information_gain,p514,,,1,,
B_RECONSTRUCTED_2019,12,bayesian_information_gain,p331,,,1,,
B_RECONSTRUCTED_2019,12,bayesian_information_gain,p193,,,1,,
B_RECONSTRUCTED_2019,12,bayesian_information_gain,p277,,,1,,
B_RECONSTRUCTED_2019,12,bayesian_information_gain,p142,,,1,,
B_RECONSTRUCTED_2019,12,bayesian_information_gain,p680,,,1,,
B_RECONSTRUCTED_2019,12,bayesian_information_gain,p586,,,1,,
B_RECONSTRUCTED_2019,12,bayesian_information_gain,p721,,,1,,
B_RECONSTRUCTED_2019,12,bayesian_information_gain,p800,,,1,,
B_RECONSTRUCTED_2019,12,bayesian_information_gain,p123,,,1,,
B_RECONSTRUCTED_2019,12,bayesian_information_gain,p455,,,1,,
B_RECONSTRUCTED_2019,12,bayesian_information_gain,p762,,,1,,
B_RECONSTRUCTED_2019,12,bayesian_information_gain,p426,,,1,,
B_RECONSTRUCTED_2019,12,bayesian_information_gain,p879,,,1,,
B_RECONSTRUCTED_2019,12,D_optimal_rank_reduced,p257,,,1,,
B_RECONSTRUCTED_2019,12,D_optimal_rank_reduced,p427,,,1,,
B_RECONSTRUCTED_2019,12,D_optimal_rank_reduced,p810,,,1,,
B_RECONSTRUCTED_2019,12,D_optimal_rank_reduced,p654,,,1,,
B_RECONSTRUCTED_2019,12,D_optimal_rank_reduced,p523,,,0,,
B_RECONSTRUCTED_2019,12,D_optimal_rank_reduced,p827,,,0,,
B_RECONSTRUCTED_2019,12,D_optimal_rank_reduced,p280,,,1,,
B_RECONSTRUCTED_2019,12,D_optimal_rank_reduced,p653,,,1,,
B_RECONSTRUCTED_2019,12,D_optimal_rank_reduced,p710,,,1,,
B_RECONSTRUCTED_2019,12,D_optimal_rank_reduced,p514,,,1,,
B_RECONSTRUCTED_2019,12,D_optimal_rank_reduced,p331,,,1,,
B_RECONSTRUCTED_2019,12,D_optimal_rank_reduced,p193,,,1,,
B_RECONSTRUCTED_2019,12,D_optimal_rank_reduced,p277,,,1,,
B_RECONSTRUCTED_2019,12,D_optimal_rank_reduced,p142,,,1,,
B_RECONSTRUCTED_2019,12,D_optimal_rank_reduced,p680,,,1,,
B_RECONSTRUCTED_2019,12,D_optimal_rank_reduced,p586,,,1,,
B_RECONSTRUCTED_2019,12,D_optimal_rank_reduced,p721,,,1,,
B_RECONSTRUCTED_2019,12,D_optimal_rank_reduced,p800,,,1,,
B_RECONSTRUCTED_2019,12,D_optimal_rank_reduced,p123,,,1,,
B_RECONSTRUCTED_2019,12,D_optimal_rank_reduced,p455,,,1,,
B_RECONSTRUCTED_2019,12,D_optimal_rank_reduced,p762,,,1,,
B_RECONSTRUCTED_2019,12,D_optimal_rank_reduced,p426,,,1,,
B_RECONSTRUCTED_2019,12,D_optimal_rank_reduced,p879,,,1,,
B_RECONSTRUCTED_2019,12,A_optimal_rank_reduced,p257,,,1,,
B_RECONSTRUCTED_2019,12,A_optimal_rank_reduced,p427,,,1,,
B_RECONSTRUCTED_2019,12,A_optimal_rank_reduced,p810,,,1,,
B_RECONSTRUCTED_2019,12,A_optimal_rank_reduced,p654,,,1,,
B_RECONSTRUCTED_2019,12,A_optimal_rank_reduced,p523,,,0,,
B_RECONSTRUCTED_2019,12,A_optimal_rank_reduced,p827,,,0,,
B_RECONSTRUCTED_2019,12,A_optimal_rank_reduced,p280,,,1,,
B_RECONSTRUCTED_2019,12,A_optimal_rank_reduced,p653,,,1,,
B_RECONSTRUCTED_2019,12,A_optimal_rank_reduced,p710,,,1,,
B_RECONSTRUCTED_2019,12,A_optimal_rank_reduced,p514,,,1,,
B_RECONSTRUCTED_2019,12,A_optimal_rank_reduced,p331,,,1,,
B_RECONSTRUCTED_2019,12,A_optimal_rank_reduced,p193,,,1,,
B_RECONSTRUCTED_2019,12,A_optimal_rank_reduced,p277,,,1,,
B_RECONSTRUCTED_2019,12,A_optimal_rank_reduced,p142,,,1,,
B_RECONSTRUCTED_2019,12,A_optimal_rank_reduced,p680,,,1,,
B_RECONSTRUCTED_2019,12,A_optimal_rank_reduced,p586,,,1,,
B_RECONSTRUCTED_2019,12,A_optimal_rank_reduced,p721,,,1,,
B_RECONSTRUCTED_2019,12,A_optimal_rank_reduced,p800,,,1,,
B_RECONSTRUCTED_2019,12,A_optimal_rank_reduced,p123,,,1,,
B_RECONSTRUCTED_2019,12,A_optimal_rank_reduced,p455,,,1,,
B_RECONSTRUCTED_2019,12,A_optimal_rank_reduced,p762,,,1,,
B_RECONSTRUCTED_2019,12,A_optimal_rank_reduced,p426,,,1,,
B_RECONSTRUCTED_2019,12,A_optimal_rank_reduced,p879,,,1,,
B_RECONSTRUCTED_2019,12,E_optimal_rank_reduced,p257,,,1,,
B_RECONSTRUCTED_2019,12,E_optimal_rank_reduced,p427,,,1,,
B_RECONSTRUCTED_2019,12,E_optimal_rank_reduced,p810,,,1,,
B_RECONSTRUCTED_2019,12,E_optimal_rank_reduced,p654,,,1,,
B_RECONSTRUCTED_2019,12,E_optimal_rank_reduced,p523,,,0,,
B_RECONSTRUCTED_2019,12,E_optimal_rank_reduced,p827,,,0,,
B_RECONSTRUCTED_2019,12,E_optimal_rank_reduced,p280,,,1,,
B_RECONSTRUCTED_2019,12,E_optimal_rank_reduced,p653,,,1,,
B_RECONSTRUCTED_2019,12,E_optimal_rank_reduced,p710,,,1,,
B_RECONSTRUCTED_2019,12,E_optimal_rank_reduced,p514,,,1,,
B_RECONSTRUCTED_2019,12,E_optimal_rank_reduced,p331,,,1,,
B_RECONSTRUCTED_2019,12,E_optimal_rank_reduced,p193,,,1,,
B_RECONSTRUCTED_2019,12,E_optimal_rank_reduced,p277,,,1,,
B_RECONSTRUCTED_2019,12,E_optimal_rank_reduced,p142,,,1,,
B_RECONSTRUCTED_2019,12,E_optimal_rank_reduced,p680,,,1,,
B_RECONSTRUCTED_2019,12,E_optimal_rank_reduced,p586,,,1,,
B_RECONSTRUCTED_2019,12,E_optimal_rank_reduced,p721,,,1,,
B_RECONSTRUCTED_2019,12,E_optimal_rank_reduced,p800,,,1,,
B_RECONSTRUCTED_2019,12,E_optimal_rank_reduced,p123,,,1,,
B_RECONSTRUCTED_2019,12,E_optimal_rank_reduced,p455,,,1,,
B_RECONSTRUCTED_2019,12,E_optimal_rank_reduced,p762,,,1,,
B_RECONSTRUCTED_2019,12,E_optimal_rank_reduced,p426,,,1,,
B_RECONSTRUCTED_2019,12,E_optimal_rank_reduced,p879,,,1,,
B_RECONSTRUCTED_2019,12,goal_oriented_oed,p257,,,1,,
B_RECONSTRUCTED_2019,12,goal_oriented_oed,p427,,,1,,
B_RECONSTRUCTED_2019,12,goal_oriented_oed,p810,,,1,,
B_RECONSTRUCTED_2019,12,goal_oriented_oed,p654,,,1,,
B_RECONSTRUCTED_2019,12,goal_oriented_oed,p523,,,0,,
B_RECONSTRUCTED_2019,12,goal_oriented_oed,p827,,,0,,
B_RECONSTRUCTED_2019,12,goal_oriented_oed,p280,,,1,,
B_RECONSTRUCTED_2019,12,goal_oriented_oed,p653,,,1,,
B_RECONSTRUCTED_2019,12,goal_oriented_oed,p710,,,1,,
B_RECONSTRUCTED_2019,12,goal_oriented_oed,p514,,,1,,
B_RECONSTRUCTED_2019,12,goal_oriented_oed,p331,,,1,,
B_RECONSTRUCTED_2019,12,goal_oriented_oed,p193,,,1,,
B_RECONSTRUCTED_2019,12,goal_oriented_oed,p277,,,1,,
B_RECONSTRUCTED_2019,12,goal_oriented_oed,p142,,,1,,
B_RECONSTRUCTED_2019,12,goal_oriented_oed,p680,,,1,,
B_RECONSTRUCTED_2019,12,goal_oriented_oed,p586,,,1,,
B_RECONSTRUCTED_2019,12,goal_oriented_oed,p721,,,1,,
B_RECONSTRUCTED_2019,12,goal_oriented_oed,p800,,,1,,
B_RECONSTRUCTED_2019,12,goal_oriented_oed,p123,,,1,,
B_RECONSTRUCTED_2019,12,goal_oriented_oed,p455,,,1,,
B_RECONSTRUCTED_2019,12,goal_oriented_oed,p762,,,1,,
B_RECONSTRUCTED_2019,12,goal_oriented_oed,p426,,,1,,
B_RECONSTRUCTED_2019,12,goal_oriented_oed,p879,,,1,,
B_RECONSTRUCTED_2019,12,topological_dispersion,p257,,,1,,
B_RECONSTRUCTED_2019,12,topological_dispersion,p427,,,1,,
B_RECONSTRUCTED_2019,12,topological_dispersion,p810,,,1,,
B_RECONSTRUCTED_2019,12,topological_dispersion,p654,,,1,,
B_RECONSTRUCTED_2019,12,topological_dispersion,p523,,,0,,
B_RECONSTRUCTED_2019,12,topological_dispersion,p827,,,0,,
B_RECONSTRUCTED_2019,12,topological_dispersion,p280,,,1,,
B_RECONSTRUCTED_2019,12,topological_dispersion,p653,,,1,,
B_RECONSTRUCTED_2019,12,topological_dispersion,p710,,,1,,
B_RECONSTRUCTED_2019,12,topological_dispersion,p514,,,1,,
B_RECONSTRUCTED_2019,12,topological_dispersion,p331,,,1,,
B_RECONSTRUCTED_2019,12,topological_dispersion,p193,,,1,,
B_RECONSTRUCTED_2019,12,topological_dispersion,p277,,,1,,
B_RECONSTRUCTED_2019,12,topological_dispersion,p142,,,1,,
B_RECONSTRUCTED_2019,12,topological_dispersion,p680,,,1,,
B_RECONSTRUCTED_2019,12,topological_dispersion,p586,,,1,,
B_RECONSTRUCTED_2019,12,topological_dispersion,p721,,,1,,
B_RECONSTRUCTED_2019,12,topological_dispersion,p800,,,1,,
B_RECONSTRUCTED_2019,12,topological_dispersion,p123,,,1,,
B_RECONSTRUCTED_2019,12,topological_dispersion,p455,,,1,,
B_RECONSTRUCTED_2019,12,topological_dispersion,p762,,,1,,
B_RECONSTRUCTED_2019,12,topological_dispersion,p426,,,1,,
B_RECONSTRUCTED_2019,12,topological_dispersion,p879,,,1,,
B_RECONSTRUCTED_2019,12,centrality,p257,,,1,,
B_RECONSTRUCTED_2019,12,centrality,p427,,,1,,
B_RECONSTRUCTED_2019,12,centrality,p810,,,1,,
B_RECONSTRUCTED_2019,12,centrality,p654,,,1,,
B_RECONSTRUCTED_2019,12,centrality,p523,,,0,,
B_RECONSTRUCTED_2019,12,centrality,p827,,,0,,
B_RECONSTRUCTED_2019,12,centrality,p280,,,1,,
B_RECONSTRUCTED_2019,12,centrality,p653,,,1,,
B_RECONSTRUCTED_2019,12,centrality,p710,,,1,,
B_RECONSTRUCTED_2019,12,centrality,p514,,,1,,
B_RECONSTRUCTED_2019,12,centrality,p331,,,1,,
B_RECONSTRUCTED_2019,12,centrality,p193,,,1,,
B_RECONSTRUCTED_2019,12,centrality,p277,,,1,,
B_RECONSTRUCTED_2019,12,centrality,p142,,,1,,
B_RECONSTRUCTED_2019,12,centrality,p680,,,1,,
B_RECONSTRUCTED_2019,12,centrality,p586,,,1,,
B_RECONSTRUCTED_2019,12,centrality,p721,,,1,,
B_RECONSTRUCTED_2019,12,centrality,p800,,,1,,
B_RECONSTRUCTED_2019,12,centrality,p123,,,1,,
B_RECONSTRUCTED_2019,12,centrality,p455,,,1,,
B_RECONSTRUCTED_2019,12,centrality,p762,,,1,,
B_RECONSTRUCTED_2019,12,centrality,p426,,,1,,
B_RECONSTRUCTED_2019,12,centrality,p879,,,1,,
