year,budget,method,event,leak_type,diameter_m,failure,localisation_m,delay_h,fo_visibility_dS,fo_neg_visibility,snr,neg_snr,isolability_margin,neg_isolability_margin,smallest_sv,neg_smallest_sv
2018,4,FO,p257,incipient,0.011843,0,1791.2253000000005,135.66666666666666,11.103362395040905,-11.103362395040905,0.01099918486179757,-0.01099918486179757,1.474065314255313e-11,-1.474065314255313e-11,2.9326339721233382e-06,-2.9326339721233382e-06
2018,4,FO,p461,incipient,0.02132,0,3247.7357500000016,360.0,6.545037026533254,-6.545037026533254,0.0044503963916695454,-0.0044503963916695454,3.496791295409807e-06,-3.496791295409807e-06,4.415377833005044e-06,-4.415377833005044e-06
2018,4,FO,p232,incipient,0.020108,1,,,4.816493657337891,-4.816493657337891,0.007819866098287012,-0.007819866098287012,7.450873854675244e-06,-7.450873854675244e-06,2.6890750150534323e-05,-2.6890750150534323e-05
2018,4,FO,p427,incipient,0.0090731,0,392.82755000000003,227.25,5.021238333807325,-5.021238333807325,0.009284903040060973,-0.009284903040060973,8.913697211743177e-05,-8.913697211743177e-05,1.405361695362127e-05,-1.405361695362127e-05
2018,4,FO,p673,abrupt,0.022916,0,41.168549999999996,54.0,4.649989893199941,-4.649989893199941,0.008166656812281096,-0.008166656812281096,2.7669206037472804e-08,-2.7669206037472804e-08,2.938780177495209e-07,-2.938780177495209e-07
2018,4,FO,p810,incipient,0.010028,0,896.4460499999999,258.1666666666667,9.034164699831047,-9.034164699831047,0.005889752349415018,-0.005889752349415018,5.56459260370179e-06,-5.56459260370179e-06,1.0821206568963415e-05,-1.0821206568963415e-05
2018,4,FO,p628,incipient,0.022318,0,2072.7785500000005,268.9166666666667,5.58393366902637,-5.58393366902637,0.007521063445842149,-0.007521063445842149,4.0519949171535785e-06,-4.0519949171535785e-06,5.7650919587909915e-06,-5.7650919587909915e-06
2018,4,FO,p538,abrupt,0.021731,0,430.262,59.333333333333336,6.8528598183077705,-6.8528598183077705,0.004815815497605621,-0.004815815497605621,3.1648660114846905e-07,-3.1648660114846905e-07,4.835460021638992e-06,-4.835460021638992e-06
2018,4,FO,p866,abrupt,0.018108,0,184.4115,69.83333333333333,10.505573561441732,-10.505573561441732,0.005038747759218364,-0.005038747759218364,1.0538309313967709e-05,-1.0538309313967709e-05,3.8759997086433986e-05,-3.8759997086433986e-05
2018,4,FO,p31,incipient,0.016389,0,1398.2145500000001,222.5,11.135988620537653,-11.135988620537653,0.010951459315358007,-0.010951459315358007,6.20914962001784e-07,-6.20914962001784e-07,1.5362301543761723e-06,-1.5362301543761723e-06
2018,4,FO,p654,incipient,0.0087735,0,436.4045500000001,273.25,5.4348050521249105,-5.4348050521249105,0.007615715976375344,-0.007615715976375344,1.5439780787218638e-08,-1.5439780787218638e-08,9.09043527562631e-06,-9.09043527562631e-06
2018,4,FO,p183,abrupt,0.015853,0,767.18975,288.9166666666667,8.975484167187274,-8.975484167187274,0.005753408970972693,-0.005753408970972693,1.9758532887603764e-07,-1.9758532887603764e-07,3.199968738555081e-05,-3.199968738555081e-05
2018,4,FO,p158,abrupt,0.019364,0,574.1573999999998,42.916666666666664,6.123214681603483,-6.123214681603483,0.007359381123765951,-0.007359381123765951,1.3875439673904921e-06,-1.3875439673904921e-06,3.9524199354235325e-05,-3.9524199354235325e-05
2018,4,FO,p369,abrupt,0.019363,1,,,5.289671270830293,-5.289671270830293,0.009898217834394821,-0.009898217834394821,5.456658188629504e-07,-5.456658188629504e-07,1.933472576037774e-05,-1.933472576037774e-05
2018,4,D_optimal_bayesian,p257,incipient,0.011843,0,726.4699999999999,136.16666666666666,22.05486644072306,-22.05486644072306,0.02808141759204318,-0.02808141759204318,0.003956121925385525,-0.003956121925385525,0.00013713965939132625,-0.00013713965939132625
2018,4,D_optimal_bayesian,p461,incipient,0.02132,0,1703.5344500000003,198.25,1.986131845988749,-1.986131845988749,0.003831972956874329,-0.003831972956874329,5.146724157967242e-09,-5.146724157967242e-09,6.71041162244409e-07,-6.71041162244409e-07
2018,4,D_optimal_bayesian,p232,incipient,0.020108,1,,,4.091731088602473,-4.091731088602473,0.008045786360229849,-0.008045786360229849,2.8580759980911807e-10,-2.8580759980911807e-10,1.6100998991874582e-07,-1.6100998991874582e-07
2018,4,D_optimal_bayesian,p427,incipient,0.0090731,0,1454.9428000000003,339.9166666666667,5.04771002466793,-5.04771002466793,0.009853290375979817,-0.009853290375979817,6.397675577085593e-07,-6.397675577085593e-07,8.06609750942309e-07,-8.06609750942309e-07
2018,4,D_optimal_bayesian,p673,abrupt,0.022916,0,66.32135,23.416666666666668,8.960731797309826,-8.960731797309826,0.017739873335584105,-0.017739873335584105,3.0925623106803357e-07,-3.0925623106803357e-07,9.065602302604587e-07,-9.065602302604587e-07
2018,4,D_optimal_bayesian,p810,incipient,0.010028,0,1067.8651999999997,62.083333333333336,2.9714353134592346,-2.9714353134592346,0.005499599469043585,-0.005499599469043585,2.8976876453867817e-10,-2.8976876453867817e-10,9.951370391068977e-07,-9.951370391068977e-07
2018,4,D_optimal_bayesian,p628,incipient,0.022318,0,1220.1119999999996,292.1666666666667,4.307038321563885,-4.307038321563885,0.007693542780661456,-0.007693542780661456,5.081642107107598e-09,-5.081642107107598e-09,5.576827163431761e-07,-5.576827163431761e-07
2018,4,D_optimal_bayesian,p538,abrupt,0.021731,0,2471.5548500000004,114.75,2.2824354018580992,-2.2824354018580992,0.004272637278711036,-0.004272637278711036,2.5416702076341835e-10,-2.5416702076341835e-10,7.431104677428866e-07,-7.431104677428866e-07
2018,4,D_optimal_bayesian,p866,abrupt,0.018108,0,1312.7446499999999,224.91666666666666,1.8239180683556486,-1.8239180683556486,0.003636828225220193,-0.003636828225220193,7.96338550657083e-10,-7.96338550657083e-10,8.313211894350297e-07,-8.313211894350297e-07
2018,4,D_optimal_bayesian,p31,incipient,0.016389,0,1264.9398999999999,170.75,15.512063337561457,-15.512063337561457,0.014402005980147427,-0.014402005980147427,1.857826076012703e-05,-1.857826076012703e-05,0.00029549176002270503,-0.00029549176002270503
2018,4,D_optimal_bayesian,p654,incipient,0.0087735,0,1845.43415,201.83333333333334,4.326328350028235,-4.326328350028235,0.007818005351041272,-0.007818005351041272,1.8192110040615717e-09,-1.8192110040615717e-09,7.293883252011763e-07,-7.293883252011763e-07
2018,4,D_optimal_bayesian,p183,abrupt,0.015853,0,767.18975,121.33333333333333,2.728252253338596,-2.728252253338596,0.005253211320346009,-0.005253211320346009,1.8146462110735229e-10,-1.8146462110735229e-10,1.2225132945825426e-06,-1.2225132945825426e-06
2018,4,D_optimal_bayesian,p158,abrupt,0.019364,0,356.89074999999997,38.916666666666664,4.436083120638511,-4.436083120638511,0.007955919628814003,-0.007955919628814003,1.3228640405316128e-11,-1.3228640405316128e-11,3.9660012973698006e-07,-3.9660012973698006e-07
2018,4,D_optimal_bayesian,p369,abrupt,0.019363,0,406.80710000000005,12.083333333333334,6.473384806358562,-6.473384806358562,0.012744626711013687,-0.012744626711013687,0.00015189395175352338,-0.00015189395175352338,9.38510268899896e-07,-9.38510268899896e-07
2018,4,A_optimal_bayesian,p257,incipient,0.011843,0,726.4699999999999,136.16666666666666,22.05486644072306,-22.05486644072306,0.02808141759204318,-0.02808141759204318,0.003956121925385525,-0.003956121925385525,0.00013713965939132625,-0.00013713965939132625
2018,4,A_optimal_bayesian,p461,incipient,0.02132,0,1703.5344500000003,198.25,1.986131845988749,-1.986131845988749,0.003831972956874329,-0.003831972956874329,5.146724157967242e-09,-5.146724157967242e-09,6.71041162244409e-07,-6.71041162244409e-07
2018,4,A_optimal_bayesian,p232,incipient,0.020108,1,,,4.091731088602473,-4.091731088602473,0.008045786360229849,-0.008045786360229849,2.8580759980911807e-10,-2.8580759980911807e-10,1.6100998991874582e-07,-1.6100998991874582e-07
2018,4,A_optimal_bayesian,p427,incipient,0.0090731,0,1454.9428000000003,339.9166666666667,5.04771002466793,-5.04771002466793,0.009853290375979817,-0.009853290375979817,6.397675577085593e-07,-6.397675577085593e-07,8.06609750942309e-07,-8.06609750942309e-07
2018,4,A_optimal_bayesian,p673,abrupt,0.022916,0,66.32135,23.416666666666668,8.960731797309826,-8.960731797309826,0.017739873335584105,-0.017739873335584105,3.0925623106803357e-07,-3.0925623106803357e-07,9.065602302604587e-07,-9.065602302604587e-07
2018,4,A_optimal_bayesian,p810,incipient,0.010028,0,1067.8651999999997,62.083333333333336,2.9714353134592346,-2.9714353134592346,0.005499599469043585,-0.005499599469043585,2.8976876453867817e-10,-2.8976876453867817e-10,9.951370391068977e-07,-9.951370391068977e-07
2018,4,A_optimal_bayesian,p628,incipient,0.022318,0,1220.1119999999996,292.1666666666667,4.307038321563885,-4.307038321563885,0.007693542780661456,-0.007693542780661456,5.081642107107598e-09,-5.081642107107598e-09,5.576827163431761e-07,-5.576827163431761e-07
2018,4,A_optimal_bayesian,p538,abrupt,0.021731,0,2471.5548500000004,114.75,2.2824354018580992,-2.2824354018580992,0.004272637278711036,-0.004272637278711036,2.5416702076341835e-10,-2.5416702076341835e-10,7.431104677428866e-07,-7.431104677428866e-07
2018,4,A_optimal_bayesian,p866,abrupt,0.018108,0,1312.7446499999999,224.91666666666666,1.8239180683556486,-1.8239180683556486,0.003636828225220193,-0.003636828225220193,7.96338550657083e-10,-7.96338550657083e-10,8.313211894350297e-07,-8.313211894350297e-07
2018,4,A_optimal_bayesian,p31,incipient,0.016389,0,1264.9398999999999,170.75,15.512063337561457,-15.512063337561457,0.014402005980147427,-0.014402005980147427,1.857826076012703e-05,-1.857826076012703e-05,0.00029549176002270503,-0.00029549176002270503
2018,4,A_optimal_bayesian,p654,incipient,0.0087735,0,1845.43415,201.83333333333334,4.326328350028235,-4.326328350028235,0.007818005351041272,-0.007818005351041272,1.8192110040615717e-09,-1.8192110040615717e-09,7.293883252011763e-07,-7.293883252011763e-07
2018,4,A_optimal_bayesian,p183,abrupt,0.015853,0,767.18975,121.33333333333333,2.728252253338596,-2.728252253338596,0.005253211320346009,-0.005253211320346009,1.8146462110735229e-10,-1.8146462110735229e-10,1.2225132945825426e-06,-1.2225132945825426e-06
2018,4,A_optimal_bayesian,p158,abrupt,0.019364,0,356.89074999999997,38.916666666666664,4.436083120638511,-4.436083120638511,0.007955919628814003,-0.007955919628814003,1.3228640405316128e-11,-1.3228640405316128e-11,3.9660012973698006e-07,-3.9660012973698006e-07
2018,4,A_optimal_bayesian,p369,abrupt,0.019363,0,406.80710000000005,12.083333333333334,6.473384806358562,-6.473384806358562,0.012744626711013687,-0.012744626711013687,0.00015189395175352338,-0.00015189395175352338,9.38510268899896e-07,-9.38510268899896e-07
2018,4,E_optimal_observable_subspace,p257,incipient,0.011843,0,1686.7510500000005,135.5,22.05486644072306,-22.05486644072306,0.026901774861032467,-0.026901774861032467,0.0031257467453325027,-0.0031257467453325027,1.1138287701786938e-05,-1.1138287701786938e-05
2018,4,E_optimal_observable_subspace,p461,incipient,0.02132,0,2022.2249500000007,198.25,7.6854789945464015,-7.6854789945464015,0.007334517761797202,-0.007334517761797202,2.4190505332866152e-05,-2.4190505332866152e-05,6.916013311668952e-06,-6.916013311668952e-06
2018,4,E_optimal_observable_subspace,p232,incipient,0.020108,1,,,4.45635745054197,-4.45635745054197,0.00884502533945917,-0.00884502533945917,1.8386705290529548e-05,-1.8386705290529548e-05,6.59431639730379e-06,-6.59431639730379e-06
2018,4,E_optimal_observable_subspace,p427,incipient,0.0090731,0,1454.9428000000003,339.9166666666667,5.04771002466793,-5.04771002466793,0.010338541602920696,-0.010338541602920696,0.00010208150982782271,-0.00010208150982782271,9.784610273228458e-06,-9.784610273228458e-06
2018,4,E_optimal_observable_subspace,p673,abrupt,0.022916,0,66.32135,23.416666666666668,8.960731797309826,-8.960731797309826,0.01795429322152211,-0.01795429322152211,3.9603440349367247e-07,-3.9603440349367247e-07,1.9832538091490115e-06,-1.9832538091490115e-06
2018,4,E_optimal_observable_subspace,p810,incipient,0.010028,0,3134.9808999999996,151.83333333333334,2.9714353134592346,-2.9714353134592346,0.005754387856371917,-0.005754387856371917,1.2648317393448849e-08,-1.2648317393448849e-08,4.924352830798718e-06,-4.924352830798718e-06
2018,4,E_optimal_observable_subspace,p628,incipient,0.022318,0,1220.1119999999996,292.1666666666667,5.228825069553216,-5.228825069553216,0.008617121948090358,-0.008617121948090358,1.3632324870060941e-05,-1.3632324870060941e-05,4.835899246402276e-06,-4.835899246402276e-06
2018,4,E_optimal_observable_subspace,p538,abrupt,0.021731,0,2471.5548500000004,108.66666666666667,6.958350812055903,-6.958350812055903,0.0067158678079358505,-0.0067158678079358505,2.269948917721365e-08,-2.269948917721365e-08,1.0942840966793247e-05,-1.0942840966793247e-05
2018,4,E_optimal_observable_subspace,p866,abrupt,0.018108,0,2348.9909000000002,224.91666666666666,1.8239180683556486,-1.8239180683556486,0.003811095862459217,-0.003811095862459217,5.4117154091315456e-08,-5.4117154091315456e-08,1.5049095799382087e-05,-1.5049095799382087e-05
2018,4,E_optimal_observable_subspace,p31,incipient,0.016389,0,746.37275,240.0,15.218512143715426,-15.218512143715426,0.012860457886116092,-0.012860457886116092,2.1973353819815244e-06,-2.1973353819815244e-06,4.510700279522688e-05,-4.510700279522688e-05
2018,4,E_optimal_observable_subspace,p654,incipient,0.0087735,0,2014.1642500000003,257.25,5.072602020008464,-5.072602020008464,0.008696075290681107,-0.008696075290681107,4.7436127803557326e-08,-4.7436127803557326e-08,4.891237104252165e-06,-4.891237104252165e-06
2018,4,E_optimal_observable_subspace,p183,abrupt,0.015853,0,767.18975,121.33333333333333,2.728252253338596,-2.728252253338596,0.005498833755862334,-0.005498833755862334,5.287895676886478e-10,-5.287895676886478e-10,9.259578377376478e-06,-9.259578377376478e-06
2018,4,E_optimal_observable_subspace,p158,abrupt,0.019364,0,356.89074999999997,38.916666666666664,4.436083120638511,-4.436083120638511,0.008299866311554443,-0.008299866311554443,4.53280191159422e-10,-4.53280191159422e-10,1.1499713194843334e-05,-1.1499713194843334e-05
2018,4,E_optimal_observable_subspace,p369,abrupt,0.019363,0,406.80710000000005,12.083333333333334,6.473384806358562,-6.473384806358562,0.013151216889982775,-0.013151216889982775,0.0001527519927577714,-0.0001527519927577714,7.11011508420483e-06,-7.11011508420483e-06
2018,4,bayesian_information_gain,p257,incipient,0.011843,0,726.4699999999999,136.16666666666666,22.05486644072306,-22.05486644072306,0.02808141759204318,-0.02808141759204318,0.003956121925385525,-0.003956121925385525,0.00013713965939132625,-0.00013713965939132625
2018,4,bayesian_information_gain,p461,incipient,0.02132,0,1703.5344500000003,198.25,1.986131845988749,-1.986131845988749,0.003831972956874329,-0.003831972956874329,5.146724157967242e-09,-5.146724157967242e-09,6.71041162244409e-07,-6.71041162244409e-07
2018,4,bayesian_information_gain,p232,incipient,0.020108,1,,,4.091731088602473,-4.091731088602473,0.008045786360229849,-0.008045786360229849,2.8580759980911807e-10,-2.8580759980911807e-10,1.6100998991874582e-07,-1.6100998991874582e-07
2018,4,bayesian_information_gain,p427,incipient,0.0090731,0,1454.9428000000003,339.9166666666667,5.04771002466793,-5.04771002466793,0.009853290375979817,-0.009853290375979817,6.397675577085593e-07,-6.397675577085593e-07,8.06609750942309e-07,-8.06609750942309e-07
2018,4,bayesian_information_gain,p673,abrupt,0.022916,0,66.32135,23.416666666666668,8.960731797309826,-8.960731797309826,0.017739873335584105,-0.017739873335584105,3.0925623106803357e-07,-3.0925623106803357e-07,9.065602302604587e-07,-9.065602302604587e-07
2018,4,bayesian_information_gain,p810,incipient,0.010028,0,1067.8651999999997,62.083333333333336,2.9714353134592346,-2.9714353134592346,0.005499599469043585,-0.005499599469043585,2.8976876453867817e-10,-2.8976876453867817e-10,9.951370391068977e-07,-9.951370391068977e-07
2018,4,bayesian_information_gain,p628,incipient,0.022318,0,1220.1119999999996,292.1666666666667,4.307038321563885,-4.307038321563885,0.007693542780661456,-0.007693542780661456,5.081642107107598e-09,-5.081642107107598e-09,5.576827163431761e-07,-5.576827163431761e-07
2018,4,bayesian_information_gain,p538,abrupt,0.021731,0,2471.5548500000004,114.75,2.2824354018580992,-2.2824354018580992,0.004272637278711036,-0.004272637278711036,2.5416702076341835e-10,-2.5416702076341835e-10,7.431104677428866e-07,-7.431104677428866e-07
2018,4,bayesian_information_gain,p866,abrupt,0.018108,0,1312.7446499999999,224.91666666666666,1.8239180683556486,-1.8239180683556486,0.003636828225220193,-0.003636828225220193,7.96338550657083e-10,-7.96338550657083e-10,8.313211894350297e-07,-8.313211894350297e-07
2018,4,bayesian_information_gain,p31,incipient,0.016389,0,1264.9398999999999,170.75,15.512063337561457,-15.512063337561457,0.014402005980147427,-0.014402005980147427,1.857826076012703e-05,-1.857826076012703e-05,0.00029549176002270503,-0.00029549176002270503
2018,4,bayesian_information_gain,p654,incipient,0.0087735,0,1845.43415,201.83333333333334,4.326328350028235,-4.326328350028235,0.007818005351041272,-0.007818005351041272,1.8192110040615717e-09,-1.8192110040615717e-09,7.293883252011763e-07,-7.293883252011763e-07
2018,4,bayesian_information_gain,p183,abrupt,0.015853,0,767.18975,121.33333333333333,2.728252253338596,-2.728252253338596,0.005253211320346009,-0.005253211320346009,1.8146462110735229e-10,-1.8146462110735229e-10,1.2225132945825426e-06,-1.2225132945825426e-06
2018,4,bayesian_information_gain,p158,abrupt,0.019364,0,356.89074999999997,38.916666666666664,4.436083120638511,-4.436083120638511,0.007955919628814003,-0.007955919628814003,1.3228640405316128e-11,-1.3228640405316128e-11,3.9660012973698006e-07,-3.9660012973698006e-07
2018,4,bayesian_information_gain,p369,abrupt,0.019363,0,406.80710000000005,12.083333333333334,6.473384806358562,-6.473384806358562,0.012744626711013687,-0.012744626711013687,0.00015189395175352338,-0.00015189395175352338,9.38510268899896e-07,-9.38510268899896e-07
2018,4,D_optimal_rank_reduced,p257,incipient,0.011843,0,1331.0012000000002,62.25,15.375343334132701,-15.375343334132701,0.01302257894030202,-0.01302257894030202,2.602821415065293e-07,-2.602821415065293e-07,0.00014594586170643814,-0.00014594586170643814
2018,4,D_optimal_rank_reduced,p461,incipient,0.02132,0,1682.53855,42.416666666666664,7.6854789945464015,-7.6854789945464015,0.006991749876278675,-0.006991749876278675,1.5096951816784276e-05,-1.5096951816784276e-05,6.402602675378585e-06,-6.402602675378585e-06
2018,4,D_optimal_rank_reduced,p232,incipient,0.020108,1,,,4.45635745054197,-4.45635745054197,0.007451362993750417,-0.007451362993750417,2.031622205278527e-05,-2.031622205278527e-05,6.1837544599801536e-06,-6.1837544599801536e-06
2018,4,D_optimal_rank_reduced,p427,incipient,0.0090731,0,1293.8062,942.75,5.04771002466793,-5.04771002466793,0.008725279079269234,-0.008725279079269234,3.925470799071018e-05,-3.925470799071018e-05,9.404179699055195e-06,-9.404179699055195e-06
2018,4,D_optimal_rank_reduced,p673,abrupt,0.022916,1,,,4.051518487728212,-4.051518487728212,0.0070625280046549355,-0.0070625280046549355,4.040298251517527e-08,-4.040298251517527e-08,6.60436731363265e-07,-6.60436731363265e-07
2018,4,D_optimal_rank_reduced,p810,incipient,0.010028,0,2816.2904,206.83333333333334,8.778381745781378,-8.778381745781378,0.006163590770649777,-0.006163590770649777,7.728286165353815e-06,-7.728286165353815e-06,1.5232174880250518e-05,-1.5232174880250518e-05
2018,4,D_optimal_rank_reduced,p628,incipient,0.022318,0,1158.3416499999996,292.1666666666667,5.228825069553216,-5.228825069553216,0.00730740328646233,-0.00730740328646233,1.0761413984150536e-05,-1.0761413984150536e-05,3.6659866070000076e-06,-3.6659866070000076e-06
2018,4,D_optimal_rank_reduced,p538,abrupt,0.021731,0,2471.5548500000004,108.66666666666667,6.958350812055903,-6.958350812055903,0.006245037411844867,-0.006245037411844867,3.359821032500321e-08,-3.359821032500321e-08,1.071536007359399e-05,-1.071536007359399e-05
2018,4,D_optimal_rank_reduced,p866,abrupt,0.018108,1,,,9.555611373929874,-9.555611373929874,0.006491092109153387,-0.006491092109153387,7.874651033468183e-06,-7.874651033468183e-06,1.3562143303624973e-05,-1.3562143303624973e-05
2018,4,D_optimal_rank_reduced,p31,incipient,0.016389,0,1245.8509,170.75,15.512063337561457,-15.512063337561457,0.012038142963976038,-0.012038142963976038,7.921477529815313e-06,-7.921477529815313e-06,0.00011331163458302185,-0.00011331163458302185
2018,4,D_optimal_rank_reduced,p654,incipient,0.0087735,0,1788.30445,257.9166666666667,5.072602020008464,-5.072602020008464,0.007340911284816087,-0.007340911284816087,3.060357256501334e-08,-3.060357256501334e-08,4.968566783878623e-06,-4.968566783878623e-06
2018,4,D_optimal_rank_reduced,p183,abrupt,0.015853,0,767.18975,151.91666666666666,9.011198548324161,-9.011198548324161,0.006355454299105115,-0.006355454299105115,1.39533967380423e-07,-1.39533967380423e-07,8.614129965332468e-06,-8.614129965332468e-06
2018,4,D_optimal_rank_reduced,p158,abrupt,0.019364,1,,,5.9489314177141726,-5.9489314177141726,0.00653254414004826,-0.00653254414004826,1.5893802320920969e-06,-1.5893802320920969e-06,1.16069467376612e-05,-1.16069467376612e-05
2018,4,D_optimal_rank_reduced,p369,abrupt,0.019363,0,406.80710000000005,12.083333333333334,6.473384806358562,-6.473384806358562,0.012063048585955815,-0.012063048585955815,5.6845482523937285e-05,-5.6845482523937285e-05,6.941932067809542e-06,-6.941932067809542e-06
2018,4,A_optimal_rank_reduced,p257,incipient,0.011843,0,893.7226000000002,114.0,8.818183668379167,-8.818183668379167,0.01097726981770553,-0.01097726981770553,1.155742168634788e-12,-1.155742168634788e-12,1.7007202781528014e-05,-1.7007202781528014e-05
2018,4,A_optimal_rank_reduced,p461,incipient,0.02132,0,1006.59675,295.25,3.205818652862482,-3.205818652862482,0.005832348894518905,-0.005832348894518905,2.435352919327727e-09,-2.435352919327727e-09,4.299947482168041e-05,-4.299947482168041e-05
2018,4,A_optimal_rank_reduced,p232,incipient,0.020108,1,,,5.083109247523073,-5.083109247523073,0.010708672577054315,-0.010708672577054315,3.497197586055378e-05,-3.497197586055378e-05,7.4928876718673e-05,-7.4928876718673e-05
2018,4,A_optimal_rank_reduced,p427,incipient,0.0090731,0,601.4271500000001,233.75,4.319578551869986,-4.319578551869986,0.010561571203711725,-0.010561571203711725,3.705421954292021e-05,-3.705421954292021e-05,2.9028677147280682e-05,-2.9028677147280682e-05
2018,4,A_optimal_rank_reduced,p673,abrupt,0.022916,0,529.5471000000001,2.9166666666666665,8.960731797309826,-8.960731797309826,0.01875818077014642,-0.01875818077014642,6.726400030299118e-07,-6.726400030299118e-07,4.274438016879328e-07,-4.274438016879328e-07
2018,4,A_optimal_rank_reduced,p810,incipient,0.010028,0,944.0238500000002,1692.0833333333333,5.548398133631171,-5.548398133631171,0.007864418837668169,-0.007864418837668169,2.6201220637567246e-08,-2.6201220637567246e-08,5.889734806966859e-06,-5.889734806966859e-06
2018,4,A_optimal_rank_reduced,p628,incipient,0.022318,0,227.97324999999998,190.25,6.338889512170365,-6.338889512170365,0.011115164334026725,-0.011115164334026725,7.077543231581718e-05,-7.077543231581718e-05,1.4976505094295552e-05,-1.4976505094295552e-05
2018,4,A_optimal_rank_reduced,p538,abrupt,0.021731,0,1607.2340499999998,166.5,3.677618598742672,-3.677618598742672,0.00649299155147671,-0.00649299155147671,7.612305519266727e-08,-7.612305519266727e-08,4.1981164853290256e-05,-4.1981164853290256e-05
2018,4,A_optimal_rank_reduced,p866,abrupt,0.018108,0,2813.036450000001,2.5833333333333335,3.046557713894345,-3.046557713894345,0.005030303226855952,-0.005030303226855952,7.895671758628708e-07,-7.895671758628708e-07,2.6350937775702914e-06,-2.6350937775702914e-06
2018,4,A_optimal_rank_reduced,p31,incipient,0.016389,0,1201.86765,432.4166666666667,8.840065595066097,-8.840065595066097,0.010825342347584647,-0.010825342347584647,2.082771188849364e-08,-2.082771188849364e-08,1.0869851360120291e-05,-1.0869851360120291e-05
2018,4,A_optimal_rank_reduced,p654,incipient,0.0087735,0,791.4859500000001,2513.0,6.051224740300737,-6.051224740300737,0.010990357966316042,-0.010990357966316042,3.642010315552113e-08,-3.642010315552113e-08,1.8176293405477194e-05,-1.8176293405477194e-05
2018,4,A_optimal_rank_reduced,p183,abrupt,0.015853,1,,,5.0639720927201495,-5.0639720927201495,0.007475440216643423,-0.007475440216643423,4.322558866398651e-09,-4.322558866398651e-09,3.693423164429408e-06,-3.693423164429408e-06
2018,4,A_optimal_rank_reduced,p158,abrupt,0.019364,1,,,9.244042356147576,-9.244042356147576,0.01286065166877073,-0.01286065166877073,0.0004526243948209663,-0.0004526243948209663,2.8426440936594212e-05,-2.8426440936594212e-05
2018,4,A_optimal_rank_reduced,p369,abrupt,0.019363,0,1106.4519,160.16666666666666,4.127187438254756,-4.127187438254756,0.010464515018003299,-0.010464515018003299,1.0880811474045515e-07,-1.0880811474045515e-07,1.0215494786012668e-05,-1.0215494786012668e-05
2018,4,E_optimal_rank_reduced,p257,incipient,0.011843,0,2404.585200000001,282.0,22.05486644072306,-22.05486644072306,0.02546125041269105,-0.02546125041269105,0.0014006535449700985,-0.0014006535449700985,1.9351107881456e-06,-1.9351107881456e-06
2018,4,E_optimal_rank_reduced,p461,incipient,0.02132,0,2022.2249500000007,198.25,6.545037026533254,-6.545037026533254,0.004540256844232481,-0.004540256844232481,1.1202077668803767e-06,-1.1202077668803767e-06,7.841568911575039e-06,-7.841568911575039e-06
2018,4,E_optimal_rank_reduced,p232,incipient,0.020108,1,,,5.083109247523073,-5.083109247523073,0.007215387665497729,-0.007215387665497729,1.584500420515056e-05,-1.584500420515056e-05,7.353380414906634e-06,-7.353380414906634e-06
2018,4,E_optimal_rank_reduced,p427,incipient,0.0090731,0,1612.4967000000004,233.75,3.904472589095105,-3.904472589095105,0.00623422921822492,-0.00623422921822492,1.6685938874938522e-05,-1.6685938874938522e-05,8.993684492672576e-06,-8.993684492672576e-06
2018,4,E_optimal_rank_reduced,p673,abrupt,0.022916,0,1630.02215,279.6666666666667,3.6422969644779775,-3.6422969644779775,0.00599314062300371,-0.00599314062300371,4.69807015512913e-09,-4.69807015512913e-09,3.168918703172581e-07,-3.168918703172581e-07
2018,4,E_optimal_rank_reduced,p810,incipient,0.010028,0,3134.9808999999996,151.83333333333334,9.44115358585011,-9.44115358585011,0.007690323415649885,-0.007690323415649885,1.3206547744282204e-07,-1.3206547744282204e-07,1.1079385946230717e-05,-1.1079385946230717e-05
2018,4,E_optimal_rank_reduced,p628,incipient,0.022318,0,2087.2331500000005,217.91666666666666,6.338889512170365,-6.338889512170365,0.008010649373648827,-0.008010649373648827,3.410297618455793e-05,-3.410297618455793e-05,5.609755972658285e-06,-5.609755972658285e-06
2018,4,E_optimal_rank_reduced,p538,abrupt,0.021731,0,513.8250499999999,11.666666666666666,6.8528598183077705,-6.8528598183077705,0.004912623869667649,-0.004912623869667649,1.0198918231063558e-06,-1.0198918231063558e-06,5.460911577915903e-06,-5.460911577915903e-06
2018,4,E_optimal_rank_reduced,p866,abrupt,0.018108,0,355.83065,23.0,5.03872852320991,-5.03872852320991,0.004802867582762043,-0.004802867582762043,2.682955443367163e-07,-2.682955443367163e-07,6.3226836958833015e-06,-6.3226836958833015e-06
2018,4,E_optimal_rank_reduced,p31,incipient,0.016389,0,508.50425000000007,222.5,15.218512143715426,-15.218512143715426,0.00952012084859517,-0.00952012084859517,1.9751103996767938e-07,-1.9751103996767938e-07,1.2916648339737382e-05,-1.2916648339737382e-05
2018,4,E_optimal_rank_reduced,p654,incipient,0.0087735,0,2014.1642500000003,257.25,6.051224740300737,-6.051224740300737,0.0077556257265124235,-0.0077556257265124235,6.441870814555273e-09,-6.441870814555273e-09,5.053628179796091e-06,-5.053628179796091e-06
2018,4,E_optimal_rank_reduced,p183,abrupt,0.015853,0,767.18975,86.16666666666667,11.656379519250693,-11.656379519250693,0.01014532200701086,-0.01014532200701086,0.00011978699918324676,-0.00011978699918324676,3.0419677431670318e-06,-3.0419677431670318e-06
2018,4,E_optimal_rank_reduced,p158,abrupt,0.019364,0,1032.24045,67.83333333333333,5.629191532906177,-5.629191532906177,0.006166604881217288,-0.006166604881217288,6.34497165030723e-07,-6.34497165030723e-07,1.2223698007696323e-05,-1.2223698007696323e-05
2018,4,E_optimal_rank_reduced,p369,abrupt,0.019363,1,,,3.7674185289774647,-3.7674185289774647,0.00628243943321244,-0.00628243943321244,7.094015763708938e-08,-7.094015763708938e-08,8.740725950800759e-06,-8.740725950800759e-06
2018,4,goal_oriented_oed,p257,incipient,0.011843,0,537.2082499999999,117.08333333333333,27.113118281151092,-27.113118281151092,0.02608099617430339,-0.02608099617430339,0.002025413120998132,-0.002025413120998132,5.620916658282256e-06,-5.620916658282256e-06
2018,4,goal_oriented_oed,p461,incipient,0.02132,0,1448.0241500000004,198.25,8.939126913556372,-8.939126913556372,0.005702002255175398,-0.005702002255175398,7.40673167132222e-07,-7.40673167132222e-07,9.705705570772334e-07,-9.705705570772334e-07
2018,4,goal_oriented_oed,p232,incipient,0.020108,0,1537.1108500000005,178.5,4.145718630718178,-4.145718630718178,0.004897218113698749,-0.004897218113698749,4.477602399965974e-09,-4.477602399965974e-09,7.346998582662061e-07,-7.346998582662061e-07
2018,4,goal_oriented_oed,p427,incipient,0.0090731,0,954.77395,45.833333333333336,4.319578551869986,-4.319578551869986,0.005307048376037118,-0.005307048376037118,1.184265510623117e-05,-1.184265510623117e-05,6.662626697501921e-07,-6.662626697501921e-07
2018,4,goal_oriented_oed,p673,abrupt,0.022916,0,1505.47055,192.83333333333334,4.593909918891372,-4.593909918891372,0.005994751185254444,-0.005994751185254444,5.352929655089156e-09,-5.352929655089156e-09,3.204808458341306e-07,-3.204808458341306e-07
2018,4,goal_oriented_oed,p810,incipient,0.010028,0,944.0238500000002,57.5,5.548398133631171,-5.548398133631171,0.0055601370212280225,-0.0055601370212280225,1.117292136587622e-08,-1.117292136587622e-08,6.037767825787916e-07,-6.037767825787916e-07
2018,4,goal_oriented_oed,p628,incipient,0.022318,0,2072.7785500000005,388.0,4.829800069072933,-4.829800069072933,0.004820757771456999,-0.004820757771456999,7.23183755213519e-07,-7.23183755213519e-07,6.267179743953032e-07,-6.267179743953032e-07
2018,4,goal_oriented_oed,p538,abrupt,0.021731,0,2486.0094500000005,190.08333333333334,7.224190281887509,-7.224190281887509,0.004679680430256978,-0.004679680430256978,3.3913673291863233e-07,-3.3913673291863233e-07,1.0917196830733691e-06,-1.0917196830733691e-06
2018,4,goal_oriented_oed,p866,abrupt,0.018108,0,355.83065,34.5,3.046557713894345,-3.046557713894345,0.0034217932150640853,-0.0034217932150640853,1.6494099597252898e-07,-1.6494099597252898e-07,9.49453841967609e-07,-9.49453841967609e-07
2018,4,goal_oriented_oed,p31,incipient,0.016389,0,2526.809800000001,174.58333333333334,29.134623536404806,-29.134623536404806,0.011352563837260864,-0.011352563837260864,1.549132782685536e-05,-1.549132782685536e-05,9.862765888085836e-05,-9.862765888085836e-05
2018,4,goal_oriented_oed,p654,incipient,0.0087735,0,1859.88875,201.83333333333334,4.694540424281387,-4.694540424281387,0.004861359677346562,-0.004861359677346562,5.335786246174479e-08,-5.335786246174479e-08,5.957949317597134e-07,-5.957949317597134e-07
2018,4,goal_oriented_oed,p183,abrupt,0.015853,0,2714.9464500000004,162.66666666666666,5.0639720927201495,-5.0639720927201495,0.005254495286389921,-0.005254495286389921,1.86998150297768e-09,-1.86998150297768e-09,9.245070837710235e-07,-9.245070837710235e-07
2018,4,goal_oriented_oed,p158,abrupt,0.019364,0,109.7696,12.583333333333334,9.244042356147576,-9.244042356147576,0.010061747198915272,-0.010061747198915272,5.003606775932923e-05,-5.003606775932923e-05,7.604211826668703e-07,-7.604211826668703e-07
2018,4,goal_oriented_oed,p369,abrupt,0.019363,1,,,3.6736360656564866,-3.6736360656564866,0.005124567862641141,-0.005124567862641141,3.311112428683316e-08,-3.311112428683316e-08,8.811381266036519e-07,-8.811381266036519e-07
2018,4,topological_dispersion,p257,incipient,0.011843,0,2065.6011500000004,62.583333333333336,22.05486644072306,-22.05486644072306,0.02492084565425983,-0.02492084565425983,0.0005928316784818977,-0.0005928316784818977,5.75652655512398e-08,-5.75652655512398e-08
2018,4,topological_dispersion,p461,incipient,0.02132,0,2022.2249500000007,198.25,7.6854789945464015,-7.6854789945464015,0.00632444778625005,-0.00632444778625005,1.5226925477174191e-06,-1.5226925477174191e-06,7.179282608877922e-08,-7.179282608877922e-08
2018,4,topological_dispersion,p232,incipient,0.020108,0,1584.9617000000005,197.16666666666666,4.45635745054197,-4.45635745054197,0.004171137671803368,-0.004171137671803368,1.5261696584278894e-07,-1.5261696584278894e-07,3.1811113350997284e-08,-3.1811113350997284e-08
2018,4,topological_dispersion,p427,incipient,0.0090731,0,1612.4967000000004,483.0833333333333,3.580854656444034,-3.580854656444034,0.003877615614790593,-0.003877615614790593,2.7326946818173603e-05,-2.7326946818173603e-05,3.533989292892968e-08,-3.533989292892968e-08
2018,4,topological_dispersion,p673,abrupt,0.022916,0,2041.7068499999996,279.6666666666667,13.331334173037677,-13.331334173037677,0.004517529854919172,-0.004517529854919172,3.841559801365246e-05,-3.841559801365246e-05,4.9294392506046405e-06,-4.9294392506046405e-06
2018,4,topological_dispersion,p810,incipient,0.010028,0,3134.9808999999996,151.83333333333334,9.74532019282626,-9.74532019282626,0.005637200213323923,-0.005637200213323923,1.1259733034840735e-08,-1.1259733034840735e-08,5.9025522323508314e-08,-5.9025522323508314e-08
2018,4,topological_dispersion,p628,incipient,0.022318,0,616.2338000000001,295.1666666666667,5.228825069553216,-5.228825069553216,0.0043170557483620765,-0.0043170557483620765,5.358601367078109e-07,-5.358601367078109e-07,2.828260062441119e-09,-2.828260062441119e-09
2018,4,topological_dispersion,p538,abrupt,0.021731,0,1825.1946000000003,106.41666666666667,6.958350812055903,-6.958350812055903,0.005285991764496488,-0.005285991764496488,2.3700004403437447e-08,-2.3700004403437447e-08,9.899987307123296e-08,-9.899987307123296e-08
2018,4,topological_dispersion,p866,abrupt,0.018108,0,355.83065,141.0,5.682691171319137,-5.682691171319137,0.0037805385824530957,-0.0037805385824530957,7.791773548593284e-08,-7.791773548593284e-08,6.229443592383672e-08,-6.229443592383672e-08
2018,4,topological_dispersion,p31,incipient,0.016389,0,696.0381,240.0,15.218512143715426,-15.218512143715426,0.008012025070161074,-0.008012025070161074,4.590435820350791e-08,-4.590435820350791e-08,2.4217785370865164e-08,-2.4217785370865164e-08
2018,4,topological_dispersion,p654,incipient,0.0087735,0,1990.5150499999997,257.25,5.072602020008464,-5.072602020008464,0.004268169348099357,-0.004268169348099357,2.6713675049805374e-08,-2.6713675049805374e-08,3.654912724455115e-08,-3.654912724455115e-08
2018,4,topological_dispersion,p183,abrupt,0.015853,0,1770.4300500000002,85.25,9.289465094209067,-9.289465094209067,0.005576607391351646,-0.005576607391351646,8.523175720753784e-09,-8.523175720753784e-09,3.8522068811808885e-08,-3.8522068811808885e-08
2018,4,topological_dispersion,p158,abrupt,0.019364,0,953.2788999999998,67.83333333333333,5.680531232448645,-5.680531232448645,0.004119196791410889,-0.004119196791410889,3.851877958815919e-07,-3.851877958815919e-07,7.642859449715741e-09,-7.642859449715741e-09
2018,4,topological_dispersion,p369,abrupt,0.019363,1,,,3.3710396376415686,-3.3710396376415686,0.003906881392096661,-0.003906881392096661,6.675143715551002e-08,-6.675143715551002e-08,2.8651772761331253e-08,-2.8651772761331253e-08
2018,4,centrality,p257,incipient,0.011843,0,654.3554500000001,40.0,11.103362395040905,-11.103362395040905,0.015111304771585713,-0.015111304771585713,6.047717882040615e-12,-6.047717882040615e-12,2.835656735824549e-06,-2.835656735824549e-06
2018,4,centrality,p461,incipient,0.02132,0,1491.1279499999998,289.3333333333333,2.157182690847643,-2.157182690847643,0.005497380618658157,-0.005497380618658157,3.5819693877670034e-09,-3.5819693877670034e-09,6.556257027804199e-07,-6.556257027804199e-07
2018,4,centrality,p232,incipient,0.020108,1,,,5.020425177587004,-5.020425177587004,0.011716429532227401,-0.011716429532227401,6.975170669942798e-07,-6.975170669942798e-07,2.058017687795298e-06,-2.058017687795298e-06
2018,4,centrality,p427,incipient,0.0090731,0,754.2244,60.916666666666664,5.261939316500232,-5.261939316500232,0.013562738329576622,-0.013562738329576622,8.338160070331391e-05,-8.338160070331391e-05,3.323934534702371e-05,-3.323934534702371e-05
2018,4,centrality,p673,abrupt,0.022916,0,570.1016,54.0,4.649989893199941,-4.649989893199941,0.011584247112745642,-0.011584247112745642,1.8617857255875947e-08,-1.8617857255875947e-08,3.147565262760365e-07,-3.147565262760365e-07
2018,4,centrality,p810,incipient,0.010028,0,1067.8651999999997,528.4166666666666,4.1578925171827095,-4.1578925171827095,0.007320959693547624,-0.007320959693547624,8.301780485275856e-09,-8.301780485275856e-09,5.179546057624211e-06,-5.179546057624211e-06
2018,4,centrality,p628,incipient,0.022318,0,982.4820000000002,234.41666666666666,5.28935271484591,-5.28935271484591,0.01118971115297386,-0.01118971115297386,9.383652965766487e-09,-9.383652965766487e-09,2.1062997835135063e-06,-2.1062997835135063e-06
2018,4,centrality,p538,abrupt,0.021731,0,2471.5548500000004,288.4166666666667,2.486305802233564,-2.486305802233564,0.006133238137962399,-0.006133238137962399,7.395532630738444e-09,-7.395532630738444e-09,9.225067726170917e-07,-9.225067726170917e-07
2018,4,centrality,p866,abrupt,0.018108,1,,,2.8650196795865033,-2.8650196795865033,0.005060349483853049,-0.005060349483853049,2.3943555804706307e-08,-2.3943555804706307e-08,2.212981336771767e-06,-2.212981336771767e-06
2018,4,centrality,p31,incipient,0.016389,0,2202.7455500000005,298.75,11.135988620537653,-11.135988620537653,0.015018217577190969,-0.015018217577190969,4.423464704528257e-07,-4.423464704528257e-07,1.3417236498148765e-06,-1.3417236498148765e-06
2018,4,centrality,p654,incipient,0.0087735,0,1029.2209,344.3333333333333,5.389837415326924,-5.389837415326924,0.011388482040850193,-0.011388482040850193,5.447130857483273e-09,-5.447130857483273e-09,2.7100326431268714e-06,-2.7100326431268714e-06
2018,4,centrality,p183,abrupt,0.015853,1,,,3.8749268109680104,-3.8749268109680104,0.0070279650807102785,-0.0070279650807102785,1.46711174320302e-08,-1.46711174320302e-08,7.263729720552948e-06,-7.263729720552948e-06
2018,4,centrality,p158,abrupt,0.019364,0,316.2152,42.916666666666664,5.140921468642244,-5.140921468642244,0.010087100474179435,-0.010087100474179435,1.2133001270342447e-09,-1.2133001270342447e-09,6.005109957263933e-06,-6.005109957263933e-06
2018,4,centrality,p369,abrupt,0.019363,1,,,5.291904244534389,-5.291904244534389,0.014281852528461297,-0.014281852528461297,8.451723776392583e-07,-8.451723776392583e-07,5.34380244616319e-06,-5.34380244616319e-06
2018,6,FO,p257,incipient,0.011843,0,1728.8004500000006,135.66666666666666,11.103362395040905,-11.103362395040905,0.011488074612175976,-0.011488074612175976,4.0739078777107807e-11,-4.0739078777107807e-11,3.318184939042198e-07,-3.318184939042198e-07
2018,6,FO,p461,incipient,0.02132,0,1184.1486,283.4166666666667,6.545037026533254,-6.545037026533254,0.004923011298278132,-0.004923011298278132,2.2640893504455306e-06,-2.2640893504455306e-06,1.181714586023849e-06,-1.181714586023849e-06
2018,6,FO,p232,incipient,0.020108,1,,,5.201641434167588,-5.201641434167588,0.009431078521959499,-0.009431078521959499,2.8903164707605455e-05,-2.8903164707605455e-05,2.550699297084903e-06,-2.550699297084903e-06
2018,6,FO,p427,incipient,0.0090731,0,1201.7358499999998,58.75,5.021238333807325,-5.021238333807325,0.010251975033094688,-0.010251975033094688,8.494718951590485e-05,-8.494718951590485e-05,1.958930524883867e-06,-1.958930524883867e-06
2018,6,FO,p673,abrupt,0.022916,0,1945.4259499999996,126.66666666666667,8.960731797309826,-8.960731797309826,0.015768153436183947,-0.015768153436183947,7.082784770906514e-07,-7.082784770906514e-07,2.4275222421342996e-07,-2.4275222421342996e-07
2018,6,FO,p810,incipient,0.010028,0,896.4460499999999,258.1666666666667,9.034164699831047,-9.034164699831047,0.006429941087033221,-0.006429941087033221,3.652907568874042e-06,-3.652907568874042e-06,3.558411623644621e-07,-3.558411623644621e-07
2018,6,FO,p628,incipient,0.022318,0,2087.2331500000005,220.33333333333334,5.6064885219628895,-5.6064885219628895,0.00908114701411922,-0.00908114701411922,2.252996384455308e-06,-2.252996384455308e-06,1.7331057511129228e-06,-1.7331057511129228e-06
2018,6,FO,p538,abrupt,0.021731,0,494.73605,11.666666666666666,6.8528598183077705,-6.8528598183077705,0.005401464860316186,-0.005401464860316186,2.715573464984189e-07,-2.715573464984189e-07,2.9123645953111214e-06,-2.9123645953111214e-06
2018,6,FO,p866,abrupt,0.018108,0,184.4115,29.5,10.505573561441732,-10.505573561441732,0.0049901329824324075,-0.0049901329824324075,1.5798317906545734e-05,-1.5798317906545734e-05,4.858042962008263e-07,-4.858042962008263e-07
2018,6,FO,p31,incipient,0.016389,0,1365.3154,222.5,11.135988620537653,-11.135988620537653,0.011400641190499853,-0.011400641190499853,7.016661546233038e-07,-7.016661546233038e-07,2.7952950985284294e-07,-2.7952950985284294e-07
2018,6,FO,p654,incipient,0.0087735,0,507.46810000000005,273.25,5.539330008261573,-5.539330008261573,0.009173204807021685,-0.009173204807021685,4.347937676563163e-08,-4.347937676563163e-08,1.090803858491666e-06,-1.090803858491666e-06
2018,6,FO,p183,abrupt,0.015853,0,767.18975,288.9166666666667,8.975484167187274,-8.975484167187274,0.006221064584892767,-0.006221064584892767,2.1292587626398074e-07,-2.1292587626398074e-07,4.845335862746366e-07,-4.845335862746366e-07
2018,6,FO,p158,abrupt,0.019364,0,356.89074999999997,38.916666666666664,6.123214681603483,-6.123214681603483,0.008612413152482783,-0.008612413152482783,6.884800092255006e-07,-6.884800092255006e-07,5.642310750341403e-07,-5.642310750341403e-07
2018,6,FO,p369,abrupt,0.019363,1,,,5.289671270830293,-5.289671270830293,0.01060585153503159,-0.01060585153503159,5.301464143236956e-07,-5.301464143236956e-07,7.504890723978765e-07,-7.504890723978765e-07
2018,6,D_optimal_bayesian,p257,incipient,0.011843,0,726.4699999999999,135.5,22.05486644072306,-22.05486644072306,0.023246636819224877,-0.023246636819224877,0.004248649440591334,-0.004248649440591334,3.927222341053884e-07,-3.927222341053884e-07
2018,6,D_optimal_bayesian,p461,incipient,0.02132,0,1703.5344500000003,198.25,7.6854789945464015,-7.6854789945464015,0.00607693791340207,-0.00607693791340207,2.4296220421993198e-05,-2.4296220421993198e-05,7.220728172310072e-07,-7.220728172310072e-07
2018,6,D_optimal_bayesian,p232,incipient,0.020108,1,,,4.45635745054197,-4.45635745054197,0.007539183678050851,-0.007539183678050851,1.7512813258679927e-05,-1.7512813258679927e-05,5.577245242712328e-07,-5.577245242712328e-07
2018,6,D_optimal_bayesian,p427,incipient,0.0090731,0,1454.9428000000003,339.9166666666667,5.04771002466793,-5.04771002466793,0.008806153908619002,-0.008806153908619002,0.00010586080649144236,-0.00010586080649144236,3.934963486500532e-07,-3.934963486500532e-07
2018,6,D_optimal_bayesian,p673,abrupt,0.022916,0,66.32135,23.416666666666668,8.960731797309826,-8.960731797309826,0.01493584078200137,-0.01493584078200137,5.200258226256693e-07,-5.200258226256693e-07,4.051130931052676e-07,-4.051130931052676e-07
2018,6,D_optimal_bayesian,p810,incipient,0.010028,0,1082.3197999999998,62.083333333333336,9.44115358585011,-9.44115358585011,0.007461351520964649,-0.007461351520964649,4.079667166090317e-06,-4.079667166090317e-06,1.0068383077649713e-06,-1.0068383077649713e-06
2018,6,D_optimal_bayesian,p628,incipient,0.022318,0,1220.1119999999996,292.1666666666667,5.228825069553216,-5.228825069553216,0.007334506345663566,-0.007334506345663566,1.2833630134156948e-05,-1.2833630134156948e-05,5.629547362702453e-07,-5.629547362702453e-07
2018,6,D_optimal_bayesian,p538,abrupt,0.021731,0,2471.5548500000004,108.66666666666667,6.958350812055903,-6.958350812055903,0.0056020233912659565,-0.0056020233912659565,5.491734433871187e-08,-5.491734433871187e-08,6.736060081595653e-07,-6.736060081595653e-07
2018,6,D_optimal_bayesian,p866,abrupt,0.018108,0,1058.59955,161.08333333333334,5.03872852320991,-5.03872852320991,0.004737020662072774,-0.004737020662072774,5.0962786669606075e-06,-5.0962786669606075e-06,2.946813543683844e-07,-2.946813543683844e-07
2018,6,D_optimal_bayesian,p31,incipient,0.016389,0,1264.9398999999999,170.75,15.512063337561457,-15.512063337561457,0.012347610456853193,-0.012347610456853193,1.6900675946396326e-05,-1.6900675946396326e-05,6.7936848358439514e-06,-6.7936848358439514e-06
2018,6,D_optimal_bayesian,p654,incipient,0.0087735,0,1859.88875,201.83333333333334,5.072602020008464,-5.072602020008464,0.0074080547006427746,-0.0074080547006427746,4.359269900611196e-08,-4.359269900611196e-08,4.52698217308179e-07,-4.52698217308179e-07
2018,6,D_optimal_bayesian,p183,abrupt,0.015853,0,781.64435,9.416666666666666,11.656379519250693,-11.656379519250693,0.009133220316985225,-0.009133220316985225,0.00029240268345676057,-0.00029240268345676057,8.23238269653023e-07,-8.23238269653023e-07
2018,6,D_optimal_bayesian,p158,abrupt,0.019364,0,356.89074999999997,38.916666666666664,5.629191532906177,-5.629191532906177,0.007731125223574984,-0.007731125223574984,7.265183858962132e-07,-7.265183858962132e-07,2.862646685958384e-07,-2.862646685958384e-07
2018,6,D_optimal_bayesian,p369,abrupt,0.019363,0,406.80710000000005,12.083333333333334,6.473384806358562,-6.473384806358562,0.01099952291584797,-0.01099952291584797,0.0001690102541345162,-0.0001690102541345162,9.211873493291483e-07,-9.211873493291483e-07
2018,6,A_optimal_bayesian,p257,incipient,0.011843,0,726.4699999999999,135.5,22.05486644072306,-22.05486644072306,0.023246636819224877,-0.023246636819224877,0.004248649440591334,-0.004248649440591334,3.927222341053884e-07,-3.927222341053884e-07
2018,6,A_optimal_bayesian,p461,incipient,0.02132,0,1703.5344500000003,198.25,7.6854789945464015,-7.6854789945464015,0.00607693791340207,-0.00607693791340207,2.4296220421993198e-05,-2.4296220421993198e-05,7.220728172310072e-07,-7.220728172310072e-07
2018,6,A_optimal_bayesian,p232,incipient,0.020108,1,,,4.45635745054197,-4.45635745054197,0.007539183678050851,-0.007539183678050851,1.7512813258679927e-05,-1.7512813258679927e-05,5.577245242712328e-07,-5.577245242712328e-07
2018,6,A_optimal_bayesian,p427,incipient,0.0090731,0,1454.9428000000003,339.9166666666667,5.04771002466793,-5.04771002466793,0.008806153908619002,-0.008806153908619002,0.00010586080649144236,-0.00010586080649144236,3.934963486500532e-07,-3.934963486500532e-07
2018,6,A_optimal_bayesian,p673,abrupt,0.022916,0,66.32135,23.416666666666668,8.960731797309826,-8.960731797309826,0.01493584078200137,-0.01493584078200137,5.200258226256693e-07,-5.200258226256693e-07,4.051130931052676e-07,-4.051130931052676e-07
2018,6,A_optimal_bayesian,p810,incipient,0.010028,0,1082.3197999999998,62.083333333333336,9.44115358585011,-9.44115358585011,0.007461351520964649,-0.007461351520964649,4.079667166090317e-06,-4.079667166090317e-06,1.0068383077649713e-06,-1.0068383077649713e-06
2018,6,A_optimal_bayesian,p628,incipient,0.022318,0,1220.1119999999996,292.1666666666667,5.228825069553216,-5.228825069553216,0.007334506345663566,-0.007334506345663566,1.2833630134156948e-05,-1.2833630134156948e-05,5.629547362702453e-07,-5.629547362702453e-07
2018,6,A_optimal_bayesian,p538,abrupt,0.021731,0,2471.5548500000004,108.66666666666667,6.958350812055903,-6.958350812055903,0.0056020233912659565,-0.0056020233912659565,5.491734433871187e-08,-5.491734433871187e-08,6.736060081595653e-07,-6.736060081595653e-07
2018,6,A_optimal_bayesian,p866,abrupt,0.018108,0,1058.59955,161.08333333333334,5.03872852320991,-5.03872852320991,0.004737020662072774,-0.004737020662072774,5.0962786669606075e-06,-5.0962786669606075e-06,2.946813543683844e-07,-2.946813543683844e-07
2018,6,A_optimal_bayesian,p31,incipient,0.016389,0,1264.9398999999999,170.75,15.512063337561457,-15.512063337561457,0.012347610456853193,-0.012347610456853193,1.6900675946396326e-05,-1.6900675946396326e-05,6.7936848358439514e-06,-6.7936848358439514e-06
2018,6,A_optimal_bayesian,p654,incipient,0.0087735,0,1859.88875,201.83333333333334,5.072602020008464,-5.072602020008464,0.0074080547006427746,-0.0074080547006427746,4.359269900611196e-08,-4.359269900611196e-08,4.52698217308179e-07,-4.52698217308179e-07
2018,6,A_optimal_bayesian,p183,abrupt,0.015853,0,781.64435,9.416666666666666,11.656379519250693,-11.656379519250693,0.009133220316985225,-0.009133220316985225,0.00029240268345676057,-0.00029240268345676057,8.23238269653023e-07,-8.23238269653023e-07
2018,6,A_optimal_bayesian,p158,abrupt,0.019364,0,356.89074999999997,38.916666666666664,5.629191532906177,-5.629191532906177,0.007731125223574984,-0.007731125223574984,7.265183858962132e-07,-7.265183858962132e-07,2.862646685958384e-07,-2.862646685958384e-07
2018,6,A_optimal_bayesian,p369,abrupt,0.019363,0,406.80710000000005,12.083333333333334,6.473384806358562,-6.473384806358562,0.01099952291584797,-0.01099952291584797,0.0001690102541345162,-0.0001690102541345162,9.211873493291483e-07,-9.211873493291483e-07
2018,6,E_optimal_observable_subspace,p257,incipient,0.011843,0,726.4699999999999,135.5,22.05486644072306,-22.05486644072306,0.023246636819224877,-0.023246636819224877,0.004248649440591334,-0.004248649440591334,3.927222341053884e-07,-3.927222341053884e-07
2018,6,E_optimal_observable_subspace,p461,incipient,0.02132,0,1703.5344500000003,198.25,7.6854789945464015,-7.6854789945464015,0.00607693791340207,-0.00607693791340207,2.4296220421993198e-05,-2.4296220421993198e-05,7.220728172310072e-07,-7.220728172310072e-07
2018,6,E_optimal_observable_subspace,p232,incipient,0.020108,1,,,4.45635745054197,-4.45635745054197,0.007539183678050851,-0.007539183678050851,1.7512813258679927e-05,-1.7512813258679927e-05,5.577245242712328e-07,-5.577245242712328e-07
2018,6,E_optimal_observable_subspace,p427,incipient,0.0090731,0,1454.9428000000003,339.9166666666667,5.04771002466793,-5.04771002466793,0.008806153908619002,-0.008806153908619002,0.00010586080649144236,-0.00010586080649144236,3.934963486500532e-07,-3.934963486500532e-07
2018,6,E_optimal_observable_subspace,p673,abrupt,0.022916,0,66.32135,23.416666666666668,8.960731797309826,-8.960731797309826,0.01493584078200137,-0.01493584078200137,5.200258226256693e-07,-5.200258226256693e-07,4.051130931052676e-07,-4.051130931052676e-07
2018,6,E_optimal_observable_subspace,p810,incipient,0.010028,0,1082.3197999999998,62.083333333333336,9.44115358585011,-9.44115358585011,0.007461351520964649,-0.007461351520964649,4.079667166090317e-06,-4.079667166090317e-06,1.0068383077649713e-06,-1.0068383077649713e-06
2018,6,E_optimal_observable_subspace,p628,incipient,0.022318,0,1220.1119999999996,292.1666666666667,5.228825069553216,-5.228825069553216,0.007334506345663566,-0.007334506345663566,1.2833630134156948e-05,-1.2833630134156948e-05,5.629547362702453e-07,-5.629547362702453e-07
2018,6,E_optimal_observable_subspace,p538,abrupt,0.021731,0,2471.5548500000004,108.66666666666667,6.958350812055903,-6.958350812055903,0.0056020233912659565,-0.0056020233912659565,5.491734433871187e-08,-5.491734433871187e-08,6.736060081595653e-07,-6.736060081595653e-07
2018,6,E_optimal_observable_subspace,p866,abrupt,0.018108,0,1058.59955,161.08333333333334,5.03872852320991,-5.03872852320991,0.004737020662072774,-0.004737020662072774,5.0962786669606075e-06,-5.0962786669606075e-06,2.946813543683844e-07,-2.946813543683844e-07
2018,6,E_optimal_observable_subspace,p31,incipient,0.016389,0,1264.9398999999999,170.75,15.512063337561457,-15.512063337561457,0.012347610456853193,-0.012347610456853193,1.6900675946396326e-05,-1.6900675946396326e-05,6.7936848358439514e-06,-6.7936848358439514e-06
2018,6,E_optimal_observable_subspace,p654,incipient,0.0087735,0,1859.88875,201.83333333333334,5.072602020008464,-5.072602020008464,0.0074080547006427746,-0.0074080547006427746,4.359269900611196e-08,-4.359269900611196e-08,4.52698217308179e-07,-4.52698217308179e-07
2018,6,E_optimal_observable_subspace,p183,abrupt,0.015853,0,781.64435,9.416666666666666,11.656379519250693,-11.656379519250693,0.009133220316985225,-0.009133220316985225,0.00029240268345676057,-0.00029240268345676057,8.23238269653023e-07,-8.23238269653023e-07
2018,6,E_optimal_observable_subspace,p158,abrupt,0.019364,0,356.89074999999997,38.916666666666664,5.629191532906177,-5.629191532906177,0.007731125223574984,-0.007731125223574984,7.265183858962132e-07,-7.265183858962132e-07,2.862646685958384e-07,-2.862646685958384e-07
2018,6,E_optimal_observable_subspace,p369,abrupt,0.019363,0,406.80710000000005,12.083333333333334,6.473384806358562,-6.473384806358562,0.01099952291584797,-0.01099952291584797,0.0001690102541345162,-0.0001690102541345162,9.211873493291483e-07,-9.211873493291483e-07
2018,6,bayesian_information_gain,p257,incipient,0.011843,0,726.4699999999999,135.5,22.05486644072306,-22.05486644072306,0.023246636819224877,-0.023246636819224877,0.004248649440591334,-0.004248649440591334,3.927222341053884e-07,-3.927222341053884e-07
2018,6,bayesian_information_gain,p461,incipient,0.02132,0,1703.5344500000003,198.25,7.6854789945464015,-7.6854789945464015,0.00607693791340207,-0.00607693791340207,2.4296220421993198e-05,-2.4296220421993198e-05,7.220728172310072e-07,-7.220728172310072e-07
2018,6,bayesian_information_gain,p232,incipient,0.020108,1,,,4.45635745054197,-4.45635745054197,0.007539183678050851,-0.007539183678050851,1.7512813258679927e-05,-1.7512813258679927e-05,5.577245242712328e-07,-5.577245242712328e-07
2018,6,bayesian_information_gain,p427,incipient,0.0090731,0,1454.9428000000003,339.9166666666667,5.04771002466793,-5.04771002466793,0.008806153908619002,-0.008806153908619002,0.00010586080649144236,-0.00010586080649144236,3.934963486500532e-07,-3.934963486500532e-07
2018,6,bayesian_information_gain,p673,abrupt,0.022916,0,66.32135,23.416666666666668,8.960731797309826,-8.960731797309826,0.01493584078200137,-0.01493584078200137,5.200258226256693e-07,-5.200258226256693e-07,4.051130931052676e-07,-4.051130931052676e-07
2018,6,bayesian_information_gain,p810,incipient,0.010028,0,1082.3197999999998,62.083333333333336,9.44115358585011,-9.44115358585011,0.007461351520964649,-0.007461351520964649,4.079667166090317e-06,-4.079667166090317e-06,1.0068383077649713e-06,-1.0068383077649713e-06
2018,6,bayesian_information_gain,p628,incipient,0.022318,0,1220.1119999999996,292.1666666666667,5.228825069553216,-5.228825069553216,0.007334506345663566,-0.007334506345663566,1.2833630134156948e-05,-1.2833630134156948e-05,5.629547362702453e-07,-5.629547362702453e-07
2018,6,bayesian_information_gain,p538,abrupt,0.021731,0,2471.5548500000004,108.66666666666667,6.958350812055903,-6.958350812055903,0.0056020233912659565,-0.0056020233912659565,5.491734433871187e-08,-5.491734433871187e-08,6.736060081595653e-07,-6.736060081595653e-07
2018,6,bayesian_information_gain,p866,abrupt,0.018108,0,1058.59955,161.08333333333334,5.03872852320991,-5.03872852320991,0.004737020662072774,-0.004737020662072774,5.0962786669606075e-06,-5.0962786669606075e-06,2.946813543683844e-07,-2.946813543683844e-07
2018,6,bayesian_information_gain,p31,incipient,0.016389,0,1264.9398999999999,170.75,15.512063337561457,-15.512063337561457,0.012347610456853193,-0.012347610456853193,1.6900675946396326e-05,-1.6900675946396326e-05,6.7936848358439514e-06,-6.7936848358439514e-06
2018,6,bayesian_information_gain,p654,incipient,0.0087735,0,1859.88875,201.83333333333334,5.072602020008464,-5.072602020008464,0.0074080547006427746,-0.0074080547006427746,4.359269900611196e-08,-4.359269900611196e-08,4.52698217308179e-07,-4.52698217308179e-07
2018,6,bayesian_information_gain,p183,abrupt,0.015853,0,781.64435,9.416666666666666,11.656379519250693,-11.656379519250693,0.009133220316985225,-0.009133220316985225,0.00029240268345676057,-0.00029240268345676057,8.23238269653023e-07,-8.23238269653023e-07
2018,6,bayesian_information_gain,p158,abrupt,0.019364,0,356.89074999999997,38.916666666666664,5.629191532906177,-5.629191532906177,0.007731125223574984,-0.007731125223574984,7.265183858962132e-07,-7.265183858962132e-07,2.862646685958384e-07,-2.862646685958384e-07
2018,6,bayesian_information_gain,p369,abrupt,0.019363,0,406.80710000000005,12.083333333333334,6.473384806358562,-6.473384806358562,0.01099952291584797,-0.01099952291584797,0.0001690102541345162,-0.0001690102541345162,9.211873493291483e-07,-9.211873493291483e-07
2018,6,D_optimal_rank_reduced,p257,incipient,0.011843,0,1387.18955,62.25,22.05486644072306,-22.05486644072306,0.02284049475830278,-0.02284049475830278,0.0038708748019643524,-0.0038708748019643524,4.0310998763986967e-07,-4.0310998763986967e-07
2018,6,D_optimal_rank_reduced,p461,incipient,0.02132,0,1703.5344500000003,198.25,7.6854789945464015,-7.6854789945464015,0.005801331871296716,-0.005801331871296716,1.588345545877612e-05,-1.588345545877612e-05,7.245159285937699e-07,-7.245159285937699e-07
2018,6,D_optimal_rank_reduced,p232,incipient,0.020108,1,,,4.45635745054197,-4.45635745054197,0.00645741295541225,-0.00645741295541225,1.9772205698931344e-05,-1.9772205698931344e-05,6.416244765077627e-07,-6.416244765077627e-07
2018,6,D_optimal_rank_reduced,p427,incipient,0.0090731,0,1612.4967000000004,483.0833333333333,5.04771002466793,-5.04771002466793,0.007552817256927829,-0.007552817256927829,6.665851190112981e-05,-6.665851190112981e-05,4.99051856450281e-07,-4.99051856450281e-07
2018,6,D_optimal_rank_reduced,p673,abrupt,0.022916,0,1953.8528,279.6666666666667,4.051518487728212,-4.051518487728212,0.006436441383066829,-0.006436441383066829,4.7689350246571394e-08,-4.7689350246571394e-08,3.412137048711222e-07,-3.412137048711222e-07
2018,6,D_optimal_rank_reduced,p810,incipient,0.010028,0,1082.3197999999998,62.083333333333336,9.44115358585011,-9.44115358585011,0.007676132765386804,-0.007676132765386804,7.897299447501283e-06,-7.897299447501283e-06,7.03260578939679e-07,-7.03260578939679e-07
2018,6,D_optimal_rank_reduced,p628,incipient,0.022318,0,1205.8682999999999,292.1666666666667,5.228825069553216,-5.228825069553216,0.006315896748965564,-0.006315896748965564,1.585403212067682e-05,-1.585403212067682e-05,5.769307794288818e-07,-5.769307794288818e-07
2018,6,D_optimal_rank_reduced,p538,abrupt,0.021731,0,1881.9792500000003,108.66666666666667,6.958350812055903,-6.958350812055903,0.005226318717477592,-0.005226318717477592,6.4172944513885e-08,-6.4172944513885e-08,5.102690151793051e-07,-5.102690151793051e-07
2018,6,D_optimal_rank_reduced,p866,abrupt,0.018108,0,446.17695000000003,161.08333333333334,9.555611373929874,-9.555611373929874,0.006391080874824504,-0.006391080874824504,2.590642412381161e-05,-2.590642412381161e-05,9.538285008337497e-07,-9.538285008337497e-07
2018,6,D_optimal_rank_reduced,p31,incipient,0.016389,0,1245.8509,170.75,15.512063337561457,-15.512063337561457,0.011583298074512348,-0.011583298074512348,1.851377590678105e-05,-1.851377590678105e-05,3.733943467545449e-07,-3.733943467545449e-07
2018,6,D_optimal_rank_reduced,p654,incipient,0.0087735,0,1859.88875,201.83333333333334,5.072602020008464,-5.072602020008464,0.006355373822665866,-0.006355373822665866,2.858178527187505e-08,-2.858178527187505e-08,5.413657261701086e-07,-5.413657261701086e-07
2018,6,D_optimal_rank_reduced,p183,abrupt,0.015853,0,767.18975,9.416666666666666,11.656379519250693,-11.656379519250693,0.009496602782432443,-0.009496602782432443,0.0007022465275752232,-0.0007022465275752232,8.789690389468612e-07,-8.789690389468612e-07
2018,6,D_optimal_rank_reduced,p158,abrupt,0.019364,0,1032.24045,67.83333333333333,5.9489314177141726,-5.9489314177141726,0.006503424647827984,-0.006503424647827984,1.256147091788229e-06,-1.256147091788229e-06,2.924738178596023e-07,-2.924738178596023e-07
2018,6,D_optimal_rank_reduced,p369,abrupt,0.019363,0,406.80710000000005,12.083333333333334,6.473384806358562,-6.473384806358562,0.010133998646865611,-0.010133998646865611,9.361381644756861e-05,-9.361381644756861e-05,5.508938520018726e-07,-5.508938520018726e-07
2018,6,A_optimal_rank_reduced,p257,incipient,0.011843,0,397.31444999999997,114.0,15.375343334132701,-15.375343334132701,0.013452811703405365,-0.013452811703405365,1.954142405669046e-07,-1.954142405669046e-07,5.207389387155668e-06,-5.207389387155668e-06
2018,6,A_optimal_rank_reduced,p461,incipient,0.02132,0,736.7911000000001,42.416666666666664,3.205818652862482,-3.205818652862482,0.005338995554248859,-0.005338995554248859,4.648605944623796e-09,-4.648605944623796e-09,4.294234031298201e-06,-4.294234031298201e-06
2018,6,A_optimal_rank_reduced,p232,incipient,0.020108,0,608.9383,105.08333333333333,5.083109247523073,-5.083109247523073,0.010071399297594553,-0.010071399297594553,3.181563759802053e-05,-3.181563759802053e-05,5.965717904188079e-06,-5.965717904188079e-06
2018,6,A_optimal_rank_reduced,p427,incipient,0.0090731,0,601.4271500000001,233.75,5.04771002466793,-5.04771002466793,0.010700795379791106,-0.010700795379791106,8.38894561957515e-05,-8.38894561957515e-05,3.4278109410596127e-06,-3.4278109410596127e-06
2018,6,A_optimal_rank_reduced,p673,abrupt,0.022916,0,1997.9219,2.9166666666666665,8.960731797309826,-8.960731797309826,0.016047347257359623,-0.016047347257359623,7.648755547817743e-07,-7.648755547817743e-07,4.0691036671193155e-07,-4.0691036671193155e-07
2018,6,A_optimal_rank_reduced,p810,incipient,0.010028,0,2816.2904,206.83333333333334,5.548398133631171,-5.548398133631171,0.007037514639560816,-0.007037514639560816,3.0361595682038e-08,-3.0361595682038e-08,2.174302769798607e-06,-2.174302769798607e-06
2018,6,A_optimal_rank_reduced,p628,incipient,0.022318,0,227.97324999999998,190.25,6.338889512170365,-6.338889512170365,0.010253820095191265,-0.010253820095191265,6.71549968562779e-05,-6.71549968562779e-05,3.967506653611639e-06,-3.967506653611639e-06
2018,6,A_optimal_rank_reduced,p538,abrupt,0.021731,0,1607.2340499999998,166.5,3.677618598742672,-3.677618598742672,0.005946338748628319,-0.005946338748628319,1.1476407646426878e-07,-1.1476407646426878e-07,3.321759911818451e-06,-3.321759911818451e-06
2018,6,A_optimal_rank_reduced,p866,abrupt,0.018108,0,2813.036450000001,2.5833333333333335,3.046557713894345,-3.046557713894345,0.004533032778363778,-0.004533032778363778,9.066200493679233e-07,-9.066200493679233e-07,5.626687533702792e-07,-5.626687533702792e-07
2018,6,A_optimal_rank_reduced,p31,incipient,0.016389,0,1245.8509,170.75,15.512063337561457,-15.512063337561457,0.012757246893397307,-0.012757246893397307,4.731942389257782e-06,-4.731942389257782e-06,3.4093264277896168e-06,-3.4093264277896168e-06
2018,6,A_optimal_rank_reduced,p654,incipient,0.0087735,0,1847.7817,257.9166666666667,6.051224740300737,-6.051224740300737,0.010192759518261936,-0.010192759518261936,2.8797350948295275e-08,-2.8797350948295275e-08,5.078557601932251e-06,-5.078557601932251e-06
2018,6,A_optimal_rank_reduced,p183,abrupt,0.015853,0,767.18975,151.91666666666666,5.0639720927201495,-5.0639720927201495,0.0066965821673439195,-0.0066965821673439195,5.015389881179999e-09,-5.015389881179999e-09,2.526293138240288e-06,-2.526293138240288e-06
2018,6,A_optimal_rank_reduced,p158,abrupt,0.019364,0,109.7696,12.583333333333334,9.244042356147576,-9.244042356147576,0.011270782217857116,-0.011270782217857116,0.0004583328587886015,-0.0004583328587886015,5.8195169350684505e-06,-5.8195169350684505e-06
2018,6,A_optimal_rank_reduced,p369,abrupt,0.019363,0,1106.4519,160.16666666666666,6.473384806358562,-6.473384806358562,0.012621878657588246,-0.012621878657588246,0.0001649582948395345,-0.0001649582948395345,5.955034699057579e-06,-5.955034699057579e-06
2018,6,E_optimal_rank_reduced,p257,incipient,0.011843,0,1680.5398500000006,135.5,22.05486644072306,-22.05486644072306,0.022126628161756267,-0.022126628161756267,0.0033214064245667974,-0.0033214064245667974,1.2156769261215004e-07,-1.2156769261215004e-07
2018,6,E_optimal_rank_reduced,p461,incipient,0.02132,0,2022.2249500000007,198.25,7.6854789945464015,-7.6854789945464015,0.006756038431533678,-0.006756038431533678,8.536145386806027e-05,-8.536145386806027e-05,4.754988731718622e-06,-4.754988731718622e-06
2018,6,E_optimal_rank_reduced,p232,incipient,0.020108,1,,,5.083109247523073,-5.083109247523073,0.008287966039966536,-0.008287966039966536,2.382744566142847e-05,-2.382744566142847e-05,3.622759544616131e-06,-3.622759544616131e-06
2018,6,E_optimal_rank_reduced,p427,incipient,0.0090731,0,1612.4967000000004,233.75,5.04771002466793,-5.04771002466793,0.00851968197906002,-0.00851968197906002,4.9510980688505235e-05,-4.9510980688505235e-05,2.097255014002377e-06,-2.097255014002377e-06
2018,6,E_optimal_rank_reduced,p673,abrupt,0.022916,0,1630.02215,279.6666666666667,3.6422969644779775,-3.6422969644779775,0.00721008362599974,-0.00721008362599974,3.5975497469920015e-08,-3.5975497469920015e-08,3.1889692512691316e-07,-3.1889692512691316e-07
2018,6,E_optimal_rank_reduced,p810,incipient,0.010028,0,3134.9808999999996,151.83333333333334,9.44115358585011,-9.44115358585011,0.007045059465929689,-0.007045059465929689,3.8425045967294125e-07,-3.8425045967294125e-07,3.445002416543101e-06,-3.445002416543101e-06
2018,6,E_optimal_rank_reduced,p628,incipient,0.022318,0,2087.2331500000005,217.91666666666666,6.338889512170365,-6.338889512170365,0.008694789826186539,-0.008694789826186539,6.351486915567861e-05,-6.351486915567861e-05,2.4309899155953024e-06,-2.4309899155953024e-06
2018,6,E_optimal_rank_reduced,p538,abrupt,0.021731,0,513.8250499999999,11.666666666666666,6.958350812055903,-6.958350812055903,0.006421879364883572,-0.006421879364883572,0.00010218745966339426,-0.00010218745966339426,2.7949510413476025e-06,-2.7949510413476025e-06
2018,6,E_optimal_rank_reduced,p866,abrupt,0.018108,0,355.83065,23.0,5.03872852320991,-5.03872852320991,0.004463488758889939,-0.004463488758889939,2.90823650961336e-06,-2.90823650961336e-06,1.0379146748056712e-06,-1.0379146748056712e-06
2018,6,E_optimal_rank_reduced,p31,incipient,0.016389,0,438.66175000000004,222.5,15.218512143715426,-15.218512143715426,0.010817864461665655,-0.010817864461665655,2.436210521983284e-06,-2.436210521983284e-06,2.6409345992900465e-07,-2.6409345992900465e-07
2018,6,E_optimal_rank_reduced,p654,incipient,0.0087735,0,2014.1642500000003,257.25,6.051224740300737,-6.051224740300737,0.008551834106199611,-0.008551834106199611,1.7902440863082347e-08,-1.7902440863082347e-08,7.652276161031456e-07,-7.652276161031456e-07
2018,6,E_optimal_rank_reduced,p183,abrupt,0.015853,0,767.18975,86.16666666666667,11.656379519250693,-11.656379519250693,0.008829972245245604,-0.008829972245245604,0.0002499893890085536,-0.0002499893890085536,4.0908897527700927e-07,-4.0908897527700927e-07
2018,6,E_optimal_rank_reduced,p158,abrupt,0.019364,0,1032.24045,67.83333333333333,5.629191532906177,-5.629191532906177,0.0067708973195912585,-0.0067708973195912585,5.914625055281064e-07,-5.914625055281064e-07,1.1396375406636447e-06,-1.1396375406636447e-06
2018,6,E_optimal_rank_reduced,p369,abrupt,0.019363,0,406.80710000000005,12.083333333333334,6.473384806358562,-6.473384806358562,0.010937997916272526,-0.010937997916272526,0.00010263321071179998,-0.00010263321071179998,2.6662038614442297e-06,-2.6662038614442297e-06
2018,6,goal_oriented_oed,p257,incipient,0.011843,0,1461.6046000000001,114.75,27.113118281151092,-27.113118281151092,0.02245589833440132,-0.02245589833440132,0.00353223711467876,-0.00353223711467876,2.8752961889256613e-07,-2.8752961889256613e-07
2018,6,goal_oriented_oed,p461,incipient,0.02132,0,1448.0241500000004,198.25,8.939126913556372,-8.939126913556372,0.005609476773417712,-0.005609476773417712,1.3610865863267207e-06,-1.3610865863267207e-06,8.08122244502677e-07,-8.08122244502677e-07
2018,6,goal_oriented_oed,p232,incipient,0.020108,0,1635.2353500000004,178.5,5.020425177587004,-5.020425177587004,0.007983203336718661,-0.007983203336718661,5.556893492020265e-07,-5.556893492020265e-07,4.550059845401565e-07,-4.550059845401565e-07
2018,6,goal_oriented_oed,p427,incipient,0.0090731,0,1449.1038999999998,45.833333333333336,4.482236741503616,-4.482236741503616,0.008395971968951822,-0.008395971968951822,8.82719501293927e-06,-8.82719501293927e-06,5.631037269544273e-07,-5.631037269544273e-07
2018,6,goal_oriented_oed,p673,abrupt,0.022916,0,66.32135,23.416666666666668,8.960731797309826,-8.960731797309826,0.015349414578225279,-0.015349414578225279,5.819293134035064e-07,-5.819293134035064e-07,3.150215427013788e-07,-3.150215427013788e-07
2018,6,goal_oriented_oed,p810,incipient,0.010028,0,1383.2828000000002,57.5,5.548398133631171,-5.548398133631171,0.006426179020202474,-0.006426179020202474,2.4516711771838118e-08,-2.4516711771838118e-08,5.554578097960903e-07,-5.554578097960903e-07
2018,6,goal_oriented_oed,p628,incipient,0.022318,0,869.1462500000001,234.41666666666666,5.28935271484591,-5.28935271484591,0.007687886037739793,-0.007687886037739793,5.270731840756326e-06,-5.270731840756326e-06,6.433075051320913e-07,-6.433075051320913e-07
2018,6,goal_oriented_oed,p538,abrupt,0.021731,0,2471.5548500000004,25.416666666666668,7.224190281887509,-7.224190281887509,0.005175683079680048,-0.005175683079680048,1.342995510245082e-06,-1.342995510245082e-06,1.0237723533665315e-06,-1.0237723533665315e-06
2018,6,goal_oriented_oed,p866,abrupt,0.018108,0,1527.84925,46.0,3.046557713894345,-3.046557713894345,0.004101256848110815,-0.004101256848110815,1.067145823041571e-06,-1.067145823041571e-06,4.3550685967633776e-07,-4.3550685967633776e-07
2018,6,goal_oriented_oed,p31,incipient,0.016389,0,2526.809800000001,174.58333333333334,29.134623536404806,-29.134623536404806,0.011638273460548337,-0.011638273460548337,1.7704858540024127e-05,-1.7704858540024127e-05,9.86625970313273e-06,-9.86625970313273e-06
2018,6,goal_oriented_oed,p654,incipient,0.0087735,0,1265.1831499999996,201.83333333333334,5.389837415326924,-5.389837415326924,0.007837847306353887,-0.007837847306353887,4.1395587624393215e-08,-4.1395587624393215e-08,4.823207891709542e-07,-4.823207891709542e-07
2018,6,goal_oriented_oed,p183,abrupt,0.015853,0,767.18975,162.66666666666666,5.0639720927201495,-5.0639720927201495,0.006104998675883426,-0.006104998675883426,6.722430390126988e-09,-6.722430390126988e-09,7.957791651884698e-07,-7.957791651884698e-07
2018,6,goal_oriented_oed,p158,abrupt,0.019364,0,109.7696,12.583333333333334,9.244042356147576,-9.244042356147576,0.010533123807243347,-0.010533123807243347,0.00046063665020268374,-0.00046063665020268374,7.416531949856265e-07,-7.416531949856265e-07
2018,6,goal_oriented_oed,p369,abrupt,0.019363,0,920.2284,163.33333333333334,3.9863852242484854,-3.9863852242484854,0.008096612078673283,-0.008096612078673283,2.942864818500368e-08,-2.942864818500368e-08,7.139504152922673e-07,-7.139504152922673e-07
2018,6,topological_dispersion,p257,incipient,0.011843,0,2115.9940000000006,135.5,22.05486644072306,-22.05486644072306,0.02206933407534309,-0.02206933407534309,0.0032531665733133153,-0.0032531665733133153,4.9142167384402995e-08,-4.9142167384402995e-08
2018,6,topological_dispersion,p461,incipient,0.02132,0,1917.4326000000005,198.25,7.6854789945464015,-7.6854789945464015,0.006300653448642017,-0.006300653448642017,7.468814217226338e-05,-7.468814217226338e-05,7.01188603710287e-08,-7.01188603710287e-08
2018,6,topological_dispersion,p232,incipient,0.020108,0,1537.1108500000005,194.5,4.8910043167845245,-4.8910043167845245,0.0083436340597636,-0.0083436340597636,1.2575212532728308e-05,-1.2575212532728308e-05,5.603839772328574e-10,-5.603839772328574e-10
2018,6,topological_dispersion,p427,incipient,0.0090731,0,806.37965,58.083333333333336,5.04771002466793,-5.04771002466793,0.008426116039243464,-0.008426116039243464,4.967549720147346e-05,-4.967549720147346e-05,2.618477423081842e-10,-2.618477423081842e-10
2018,6,topological_dispersion,p673,abrupt,0.022916,0,1986.8275499999997,279.6666666666667,13.331334173037677,-13.331334173037677,0.0073518919423520715,-0.0073518919423520715,1.500198501047656e-05,-1.500198501047656e-05,2.3687584046649597e-07,-2.3687584046649597e-07
2018,6,topological_dispersion,p810,incipient,0.010028,0,3134.9808999999996,151.83333333333334,9.74532019282626,-9.74532019282626,0.00599273821286505,-0.00599273821286505,8.537757854032435e-07,-8.537757854032435e-07,2.1547873830611197e-08,-2.1547873830611197e-08
2018,6,topological_dispersion,p628,incipient,0.022318,0,375.73870000000005,210.58333333333334,5.980954703215131,-5.980954703215131,0.008805013506053302,-0.008805013506053302,3.5308893024499355e-05,-3.5308893024499355e-05,1.2649399933889844e-08,-1.2649399933889844e-08
2018,6,topological_dispersion,p538,abrupt,0.021731,0,513.8250499999999,5.75,6.958350812055903,-6.958350812055903,0.005903473252826306,-0.005903473252826306,6.074975698044938e-07,-6.074975698044938e-07,8.927571196504663e-08,-8.927571196504663e-08
2018,6,topological_dispersion,p866,abrupt,0.018108,0,355.83065,22.0,5.682691171319137,-5.682691171319137,0.00401142364429924,-0.00401142364429924,3.8817844716376726e-07,-3.8817844716376726e-07,2.5214820277455902e-08,-2.5214820277455902e-08
2018,6,topological_dispersion,p31,incipient,0.016389,0,746.37275,240.0,15.218512143715426,-15.218512143715426,0.010705703796290822,-0.010705703796290822,2.3503542341263284e-06,-2.3503542341263284e-06,4.57826494698872e-09,-4.57826494698872e-09
2018,6,topological_dispersion,p654,incipient,0.0087735,0,2014.1642500000003,257.25,7.506284102664712,-7.506284102664712,0.010551984883372756,-0.010551984883372756,0.0004885346023113524,-0.0004885346023113524,1.0781479051129753e-17,-1.0781479051129753e-17
2018,6,topological_dispersion,p183,abrupt,0.015853,0,1770.4300500000002,85.25,9.289465094209067,-9.289465094209067,0.005850867451342043,-0.005850867451342043,4.508382367429675e-08,-4.508382367429675e-08,1.699114994978354e-08,-1.699114994978354e-08
2018,6,topological_dispersion,p158,abrupt,0.019364,0,953.2788999999998,61.916666666666664,5.680531232448645,-5.680531232448645,0.006390512563306388,-0.006390512563306388,3.667912886751168e-07,-3.667912886751168e-07,4.832527592571705e-10,-4.832527592571705e-10
2018,6,topological_dispersion,p369,abrupt,0.019363,0,406.80710000000005,12.083333333333334,6.473384806358562,-6.473384806358562,0.010852253857181861,-0.010852253857181861,0.00010174553872266401,-0.00010174553872266401,9.895854950757483e-18,-9.895854950757483e-18
2018,6,centrality,p257,incipient,0.011843,0,1854.7987000000003,135.41666666666666,11.103362395040905,-11.103362395040905,0.013549989601843055,-0.013549989601843055,3.301514617248813e-11,-3.301514617248813e-11,3.1590412099747747e-07,-3.1590412099747747e-07
2018,6,centrality,p461,incipient,0.02132,0,1491.1279499999998,289.3333333333333,2.157182690847643,-2.157182690847643,0.005054506718429374,-0.005054506718429374,9.122384847515264e-09,-9.122384847515264e-09,3.6999869431143737e-07,-3.6999869431143737e-07
2018,6,centrality,p232,incipient,0.020108,1,,,5.020425177587004,-5.020425177587004,0.010774947927799814,-0.010774947927799814,1.33780334143907e-06,-1.33780334143907e-06,1.0553152862223219e-06,-1.0553152862223219e-06
2018,6,centrality,p427,incipient,0.0090731,0,754.2244,60.916666666666664,5.261939316500232,-5.261939316500232,0.01248452511568213,-0.01248452511568213,0.00010317820685978862,-0.00010317820685978862,7.3089448369372615e-06,-7.3089448369372615e-06
2018,6,centrality,p673,abrupt,0.022916,0,66.32135,23.416666666666668,8.960731797309826,-8.960731797309826,0.016952168372116792,-0.016952168372116792,7.977837889194817e-07,-7.977837889194817e-07,2.5680276093607885e-07,-2.5680276093607885e-07
2018,6,centrality,p810,incipient,0.010028,0,653.48875,256.6666666666667,7.864371770899421,-7.864371770899421,0.00840139520387538,-0.00840139520387538,6.290771095152081e-07,-6.290771095152081e-07,3.9691717749417555e-07,-3.9691717749417555e-07
2018,6,centrality,p628,incipient,0.022318,0,740.0676000000002,234.41666666666666,5.28935271484591,-5.28935271484591,0.010297219275550653,-0.010297219275550653,8.267400319894591e-09,-8.267400319894591e-09,9.652219332849852e-07,-9.652219332849852e-07
2018,6,centrality,p538,abrupt,0.021731,0,2486.0094500000005,25.416666666666668,2.486305802233564,-2.486305802233564,0.0056367041529047845,-0.0056367041529047845,7.934950030374921e-09,-7.934950030374921e-09,7.678787868919916e-07,-7.678787868919916e-07
2018,6,centrality,p866,abrupt,0.018108,0,1543.19825,224.91666666666666,4.58830215346611,-4.58830215346611,0.005709947741376042,-0.005709947741376042,1.0888507664397196e-06,-1.0888507664397196e-06,7.14651199951332e-07,-7.14651199951332e-07
2018,6,centrality,p31,incipient,0.016389,0,1264.9398999999999,298.75,11.135988620537653,-11.135988620537653,0.013449092003357657,-0.013449092003357657,5.259052904271755e-07,-5.259052904271755e-07,2.648038342876575e-07,-2.648038342876575e-07
2018,6,centrality,p654,incipient,0.0087735,0,1230.6479499999996,344.3333333333333,5.389837415326924,-5.389837415326924,0.010486214923703364,-0.010486214923703364,8.465101508647876e-09,-8.465101508647876e-09,2.61118039424496e-06,-2.61118039424496e-06
2018,6,centrality,p183,abrupt,0.015853,0,767.18975,288.9166666666667,7.516769493205101,-7.516769493205101,0.008158001374922218,-0.008158001374922218,4.4816676814107836e-08,-4.4816676814107836e-08,1.4282669290649828e-06,-1.4282669290649828e-06
2018,6,centrality,p158,abrupt,0.019364,0,173.1364,38.916666666666664,6.347634425958937,-6.347634425958937,0.010499185071284348,-0.010499185071284348,7.192035755831938e-08,-7.192035755831938e-08,1.562042134074524e-06,-1.562042134074524e-06
2018,6,centrality,p369,abrupt,0.019363,0,1125.5409,140.25,5.291904244534389,-5.291904244534389,0.012874197527707097,-0.012874197527707097,1.0304911803871164e-06,-1.0304911803871164e-06,1.2043789739065255e-06,-1.2043789739065255e-06
2018,8,FO,p257,incipient,0.011843,0,1763.9371500000004,135.66666666666666,11.103362395040905,-11.103362395040905,0.01252108290890752,-0.01252108290890752,2.8078317448887447e-11,-2.8078317448887447e-11,1.7492600362827838e-07,-1.7492600362827838e-07
2018,8,FO,p461,incipient,0.02132,0,1184.1486,283.4166666666667,6.545037026533254,-6.545037026533254,0.005188380856471959,-0.005188380856471959,1.6990141604722453e-06,-1.6990141604722453e-06,3.405997213002027e-07,-3.405997213002027e-07
2018,8,FO,p232,incipient,0.020108,1,,,5.201641434167588,-5.201641434167588,0.010374142321542651,-0.010374142321542651,2.2751838120171897e-05,-2.2751838120171897e-05,2.4724864106807e-07,-2.4724864106807e-07
2018,8,FO,p427,incipient,0.0090731,0,1145.7253499999997,58.083333333333336,5.04771002466793,-5.04771002466793,0.011370321132643274,-0.011370321132643274,8.488423543384638e-05,-8.488423543384638e-05,4.6425791527160684e-07,-4.6425791527160684e-07
2018,8,FO,p673,abrupt,0.022916,0,1945.4259499999996,126.66666666666667,8.960731797309826,-8.960731797309826,0.01490858827415449,-0.01490858827415449,8.113035228074494e-07,-8.113035228074494e-07,9.412688544396958e-08,-9.412688544396958e-08
2018,8,FO,p810,incipient,0.010028,0,896.4460499999999,258.1666666666667,9.034164699831047,-9.034164699831047,0.006621209494443695,-0.006621209494443695,2.7113893414920653e-06,-2.7113893414920653e-06,1.229291551255896e-07,-1.229291551255896e-07
2018,8,FO,p628,incipient,0.022318,0,2087.2331500000005,220.33333333333334,5.6064885219628895,-5.6064885219628895,0.009956270687427028,-0.009956270687427028,1.409911786987017e-06,-1.409911786987017e-06,1.4094214355993053e-07,-1.4094214355993053e-07
2018,8,FO,p538,abrupt,0.021731,0,2471.5548500000004,11.666666666666666,6.8528598183077705,-6.8528598183077705,0.005724918939037889,-0.005724918939037889,2.1531031457744376e-07,-2.1531031457744376e-07,2.081379704734918e-07,-2.081379704734918e-07
2018,8,FO,p866,abrupt,0.018108,0,184.4115,29.5,10.505573561441732,-10.505573561441732,0.004933795259539971,-0.004933795259539971,1.496169748949061e-05,-1.496169748949061e-05,2.5549604064489855e-07,-2.5549604064489855e-07
2018,8,FO,p31,incipient,0.016389,0,1450.2399500000001,222.5,11.135988620537653,-11.135988620537653,0.012424612440220747,-0.012424612440220747,5.194417160847564e-07,-5.194417160847564e-07,8.49570852311295e-08,-8.49570852311295e-08
2018,8,FO,p654,incipient,0.0087735,0,1078.47245,273.25,5.539330008261573,-5.539330008261573,0.010092481928027702,-0.010092481928027702,2.8925525974443644e-08,-2.8925525974443644e-08,1.6669947660138067e-07,-1.6669947660138067e-07
2018,8,FO,p183,abrupt,0.015853,0,767.18975,288.9166666666667,8.975484167187274,-8.975484167187274,0.006384405039564141,-0.006384405039564141,1.7501309168554968e-07,-1.7501309168554968e-07,2.2231046149164642e-07,-2.2231046149164642e-07
2018,8,FO,p158,abrupt,0.019364,0,356.89074999999997,38.916666666666664,6.123214681603483,-6.123214681603483,0.009040021993664703,-0.009040021993664703,4.690644738181149e-07,-4.690644738181149e-07,3.3497206115730323e-07,-3.3497206115730323e-07
2018,8,FO,p369,abrupt,0.019363,1,,,6.473384806358562,-6.473384806358562,0.012986443495738938,-0.012986443495738938,0.00013836103617625994,-0.00013836103617625994,4.986072234326651e-07,-4.986072234326651e-07
2018,8,D_optimal_bayesian,p257,incipient,0.011843,0,522.3629999999999,116.83333333333333,22.05486644072306,-22.05486644072306,0.02063220699481192,-0.02063220699481192,0.00471318287394884,-0.00471318287394884,6.196110927776064e-08,-6.196110927776064e-08
2018,8,D_optimal_bayesian,p461,incipient,0.02132,0,1703.5344500000003,198.25,7.6854789945464015,-7.6854789945464015,0.005789146266625783,-0.005789146266625783,7.019287561005338e-05,-7.019287561005338e-05,4.2849751345117484e-07,-4.2849751345117484e-07
2018,8,D_optimal_bayesian,p232,incipient,0.020108,0,1635.2353500000004,194.5,4.8910043167845245,-4.8910043167845245,0.008320983364475539,-0.008320983364475539,1.356339308999921e-05,-1.356339308999921e-05,3.2018580959536903e-07,-3.2018580959536903e-07
2018,8,D_optimal_bayesian,p427,incipient,0.0090731,0,806.37965,58.083333333333336,5.04771002466793,-5.04771002466793,0.008732567711471826,-0.008732567711471826,8.753069453759643e-05,-8.753069453759643e-05,1.4094414144416621e-07,-1.4094414144416621e-07
2018,8,D_optimal_bayesian,p673,abrupt,0.022916,0,66.32135,23.416666666666668,8.960731797309826,-8.960731797309826,0.013547777152821749,-0.013547777152821749,7.257745111566294e-07,-7.257745111566294e-07,1.3360335663786237e-07,-1.3360335663786237e-07
2018,8,D_optimal_bayesian,p810,incipient,0.010028,0,1082.3197999999998,62.083333333333336,9.44115358585011,-9.44115358585011,0.007292075710918653,-0.007292075710918653,1.3162801483224129e-05,-1.3162801483224129e-05,1.9377258133732808e-07,-1.9377258133732808e-07
2018,8,D_optimal_bayesian,p628,incipient,0.022318,0,375.73870000000005,210.58333333333334,5.980954703215131,-5.980954703215131,0.008589088561184127,-0.008589088561184127,3.97187496936624e-05,-3.97187496936624e-05,1.3821098623510932e-07,-1.3821098623510932e-07
2018,8,D_optimal_bayesian,p538,abrupt,0.021731,0,494.73605,14.5,6.958350812055903,-6.958350812055903,0.005547540479591059,-0.005547540479591059,5.572313328539025e-07,-5.572313328539025e-07,4.054183964148966e-07,-4.054183964148966e-07
2018,8,D_optimal_bayesian,p866,abrupt,0.018108,0,173.50234999999998,22.666666666666668,16.619922087707565,-16.619922087707565,0.007807554620928228,-0.007807554620928228,5.550233468021304e-05,-5.550233468021304e-05,4.759223672497786e-07,-4.759223672497786e-07
2018,8,D_optimal_bayesian,p31,incipient,0.016389,0,1264.9398999999999,170.75,15.512063337561457,-15.512063337561457,0.011581691677686856,-0.011581691677686856,1.4640854157810246e-05,-1.4640854157810246e-05,1.5409052860215375e-07,-1.5409052860215375e-07
2018,8,D_optimal_bayesian,p654,incipient,0.0087735,0,1859.88875,201.83333333333334,7.506284102664712,-7.506284102664712,0.009989129705487066,-0.009989129705487066,0.0005450578843149145,-0.0005450578843149145,1.1398456149659827e-07,-1.1398456149659827e-07
2018,8,D_optimal_bayesian,p183,abrupt,0.015853,0,781.64435,9.416666666666666,11.656379519250693,-11.656379519250693,0.008618506061630404,-0.008618506061630404,0.0005566006842703253,-0.0005566006842703253,1.7598299318850326e-07,-1.7598299318850326e-07
2018,8,D_optimal_bayesian,p158,abrupt,0.019364,0,571.99535,29.083333333333332,5.854508394558843,-5.854508394558843,0.007654824206646526,-0.007654824206646526,1.213582957793058e-06,-1.213582957793058e-06,1.1101006391088454e-07,-1.1101006391088454e-07
2018,8,D_optimal_bayesian,p369,abrupt,0.019363,0,406.80710000000005,12.083333333333334,6.473384806358562,-6.473384806358562,0.010437268633206551,-0.010437268633206551,0.000172621938869022,-0.000172621938869022,7.181718641934383e-07,-7.181718641934383e-07
2018,8,A_optimal_bayesian,p257,incipient,0.011843,0,522.3629999999999,116.83333333333333,22.05486644072306,-22.05486644072306,0.02063220699481192,-0.02063220699481192,0.00471318287394884,-0.00471318287394884,6.196110927776064e-08,-6.196110927776064e-08
2018,8,A_optimal_bayesian,p461,incipient,0.02132,0,1703.5344500000003,198.25,7.6854789945464015,-7.6854789945464015,0.005789146266625783,-0.005789146266625783,7.019287561005338e-05,-7.019287561005338e-05,4.2849751345117484e-07,-4.2849751345117484e-07
2018,8,A_optimal_bayesian,p232,incipient,0.020108,0,1635.2353500000004,194.5,4.8910043167845245,-4.8910043167845245,0.008320983364475539,-0.008320983364475539,1.356339308999921e-05,-1.356339308999921e-05,3.2018580959536903e-07,-3.2018580959536903e-07
2018,8,A_optimal_bayesian,p427,incipient,0.0090731,0,806.37965,58.083333333333336,5.04771002466793,-5.04771002466793,0.008732567711471826,-0.008732567711471826,8.753069453759643e-05,-8.753069453759643e-05,1.4094414144416621e-07,-1.4094414144416621e-07
2018,8,A_optimal_bayesian,p673,abrupt,0.022916,0,66.32135,23.416666666666668,8.960731797309826,-8.960731797309826,0.013547777152821749,-0.013547777152821749,7.257745111566294e-07,-7.257745111566294e-07,1.3360335663786237e-07,-1.3360335663786237e-07
2018,8,A_optimal_bayesian,p810,incipient,0.010028,0,1082.3197999999998,62.083333333333336,9.44115358585011,-9.44115358585011,0.007292075710918653,-0.007292075710918653,1.3162801483224129e-05,-1.3162801483224129e-05,1.9377258133732808e-07,-1.9377258133732808e-07
2018,8,A_optimal_bayesian,p628,incipient,0.022318,0,375.73870000000005,210.58333333333334,5.980954703215131,-5.980954703215131,0.008589088561184127,-0.008589088561184127,3.97187496936624e-05,-3.97187496936624e-05,1.3821098623510932e-07,-1.3821098623510932e-07
2018,8,A_optimal_bayesian,p538,abrupt,0.021731,0,494.73605,14.5,6.958350812055903,-6.958350812055903,0.005547540479591059,-0.005547540479591059,5.572313328539025e-07,-5.572313328539025e-07,4.054183964148966e-07,-4.054183964148966e-07
2018,8,A_optimal_bayesian,p866,abrupt,0.018108,0,173.50234999999998,22.666666666666668,16.619922087707565,-16.619922087707565,0.007807554620928228,-0.007807554620928228,5.550233468021304e-05,-5.550233468021304e-05,4.759223672497786e-07,-4.759223672497786e-07
2018,8,A_optimal_bayesian,p31,incipient,0.016389,0,1264.9398999999999,170.75,15.512063337561457,-15.512063337561457,0.011581691677686856,-0.011581691677686856,1.4640854157810246e-05,-1.4640854157810246e-05,1.5409052860215375e-07,-1.5409052860215375e-07
2018,8,A_optimal_bayesian,p654,incipient,0.0087735,0,1859.88875,201.83333333333334,7.506284102664712,-7.506284102664712,0.009989129705487066,-0.009989129705487066,0.0005450578843149145,-0.0005450578843149145,1.1398456149659827e-07,-1.1398456149659827e-07
2018,8,A_optimal_bayesian,p183,abrupt,0.015853,0,781.64435,9.416666666666666,11.656379519250693,-11.656379519250693,0.008618506061630404,-0.008618506061630404,0.0005566006842703253,-0.0005566006842703253,1.7598299318850326e-07,-1.7598299318850326e-07
2018,8,A_optimal_bayesian,p158,abrupt,0.019364,0,571.99535,29.083333333333332,5.854508394558843,-5.854508394558843,0.007654824206646526,-0.007654824206646526,1.213582957793058e-06,-1.213582957793058e-06,1.1101006391088454e-07,-1.1101006391088454e-07
2018,8,A_optimal_bayesian,p369,abrupt,0.019363,0,406.80710000000005,12.083333333333334,6.473384806358562,-6.473384806358562,0.010437268633206551,-0.010437268633206551,0.000172621938869022,-0.000172621938869022,7.181718641934383e-07,-7.181718641934383e-07
2018,8,E_optimal_observable_subspace,p257,incipient,0.011843,0,522.3629999999999,116.83333333333333,22.05486644072306,-22.05486644072306,0.02063220699481192,-0.02063220699481192,0.00471318287394884,-0.00471318287394884,6.196110927776064e-08,-6.196110927776064e-08
2018,8,E_optimal_observable_subspace,p461,incipient,0.02132,0,1703.5344500000003,198.25,7.6854789945464015,-7.6854789945464015,0.005789146266625783,-0.005789146266625783,7.019287561005338e-05,-7.019287561005338e-05,4.2849751345117484e-07,-4.2849751345117484e-07
2018,8,E_optimal_observable_subspace,p232,incipient,0.020108,0,1635.2353500000004,194.5,4.8910043167845245,-4.8910043167845245,0.008320983364475539,-0.008320983364475539,1.356339308999921e-05,-1.356339308999921e-05,3.2018580959536903e-07,-3.2018580959536903e-07
2018,8,E_optimal_observable_subspace,p427,incipient,0.0090731,0,806.37965,58.083333333333336,5.04771002466793,-5.04771002466793,0.008732567711471826,-0.008732567711471826,8.753069453759643e-05,-8.753069453759643e-05,1.4094414144416621e-07,-1.4094414144416621e-07
2018,8,E_optimal_observable_subspace,p673,abrupt,0.022916,0,66.32135,23.416666666666668,8.960731797309826,-8.960731797309826,0.013547777152821749,-0.013547777152821749,7.257745111566294e-07,-7.257745111566294e-07,1.3360335663786237e-07,-1.3360335663786237e-07
2018,8,E_optimal_observable_subspace,p810,incipient,0.010028,0,1082.3197999999998,62.083333333333336,9.44115358585011,-9.44115358585011,0.007292075710918653,-0.007292075710918653,1.3162801483224129e-05,-1.3162801483224129e-05,1.9377258133732808e-07,-1.9377258133732808e-07
2018,8,E_optimal_observable_subspace,p628,incipient,0.022318,0,375.73870000000005,210.58333333333334,5.980954703215131,-5.980954703215131,0.008589088561184127,-0.008589088561184127,3.97187496936624e-05,-3.97187496936624e-05,1.3821098623510932e-07,-1.3821098623510932e-07
2018,8,E_optimal_observable_subspace,p538,abrupt,0.021731,0,494.73605,14.5,6.958350812055903,-6.958350812055903,0.005547540479591059,-0.005547540479591059,5.572313328539025e-07,-5.572313328539025e-07,4.054183964148966e-07,-4.054183964148966e-07
2018,8,E_optimal_observable_subspace,p866,abrupt,0.018108,0,173.50234999999998,22.666666666666668,16.619922087707565,-16.619922087707565,0.007807554620928228,-0.007807554620928228,5.550233468021304e-05,-5.550233468021304e-05,4.759223672497786e-07,-4.759223672497786e-07
2018,8,E_optimal_observable_subspace,p31,incipient,0.016389,0,1264.9398999999999,170.75,15.512063337561457,-15.512063337561457,0.011581691677686856,-0.011581691677686856,1.4640854157810246e-05,-1.4640854157810246e-05,1.5409052860215375e-07,-1.5409052860215375e-07
2018,8,E_optimal_observable_subspace,p654,incipient,0.0087735,0,1859.88875,201.83333333333334,7.506284102664712,-7.506284102664712,0.009989129705487066,-0.009989129705487066,0.0005450578843149145,-0.0005450578843149145,1.1398456149659827e-07,-1.1398456149659827e-07
2018,8,E_optimal_observable_subspace,p183,abrupt,0.015853,0,781.64435,9.416666666666666,11.656379519250693,-11.656379519250693,0.008618506061630404,-0.008618506061630404,0.0005566006842703253,-0.0005566006842703253,1.7598299318850326e-07,-1.7598299318850326e-07
2018,8,E_optimal_observable_subspace,p158,abrupt,0.019364,0,571.99535,29.083333333333332,5.854508394558843,-5.854508394558843,0.007654824206646526,-0.007654824206646526,1.213582957793058e-06,-1.213582957793058e-06,1.1101006391088454e-07,-1.1101006391088454e-07
2018,8,E_optimal_observable_subspace,p369,abrupt,0.019363,0,406.80710000000005,12.083333333333334,6.473384806358562,-6.473384806358562,0.010437268633206551,-0.010437268633206551,0.000172621938869022,-0.000172621938869022,7.181718641934383e-07,-7.181718641934383e-07
2018,8,bayesian_information_gain,p257,incipient,0.011843,0,522.3629999999999,116.83333333333333,22.05486644072306,-22.05486644072306,0.02063220699481192,-0.02063220699481192,0.00471318287394884,-0.00471318287394884,6.196110927776064e-08,-6.196110927776064e-08
2018,8,bayesian_information_gain,p461,incipient,0.02132,0,1703.5344500000003,198.25,7.6854789945464015,-7.6854789945464015,0.005789146266625783,-0.005789146266625783,7.019287561005338e-05,-7.019287561005338e-05,4.2849751345117484e-07,-4.2849751345117484e-07
2018,8,bayesian_information_gain,p232,incipient,0.020108,0,1635.2353500000004,194.5,4.8910043167845245,-4.8910043167845245,0.008320983364475539,-0.008320983364475539,1.356339308999921e-05,-1.356339308999921e-05,3.2018580959536903e-07,-3.2018580959536903e-07
2018,8,bayesian_information_gain,p427,incipient,0.0090731,0,806.37965,58.083333333333336,5.04771002466793,-5.04771002466793,0.008732567711471826,-0.008732567711471826,8.753069453759643e-05,-8.753069453759643e-05,1.4094414144416621e-07,-1.4094414144416621e-07
2018,8,bayesian_information_gain,p673,abrupt,0.022916,0,66.32135,23.416666666666668,8.960731797309826,-8.960731797309826,0.013547777152821749,-0.013547777152821749,7.257745111566294e-07,-7.257745111566294e-07,1.3360335663786237e-07,-1.3360335663786237e-07
2018,8,bayesian_information_gain,p810,incipient,0.010028,0,1082.3197999999998,62.083333333333336,9.44115358585011,-9.44115358585011,0.007292075710918653,-0.007292075710918653,1.3162801483224129e-05,-1.3162801483224129e-05,1.9377258133732808e-07,-1.9377258133732808e-07
2018,8,bayesian_information_gain,p628,incipient,0.022318,0,375.73870000000005,210.58333333333334,5.980954703215131,-5.980954703215131,0.008589088561184127,-0.008589088561184127,3.97187496936624e-05,-3.97187496936624e-05,1.3821098623510932e-07,-1.3821098623510932e-07
2018,8,bayesian_information_gain,p538,abrupt,0.021731,0,494.73605,14.5,6.958350812055903,-6.958350812055903,0.005547540479591059,-0.005547540479591059,5.572313328539025e-07,-5.572313328539025e-07,4.054183964148966e-07,-4.054183964148966e-07
2018,8,bayesian_information_gain,p866,abrupt,0.018108,0,173.50234999999998,22.666666666666668,16.619922087707565,-16.619922087707565,0.007807554620928228,-0.007807554620928228,5.550233468021304e-05,-5.550233468021304e-05,4.759223672497786e-07,-4.759223672497786e-07
2018,8,bayesian_information_gain,p31,incipient,0.016389,0,1264.9398999999999,170.75,15.512063337561457,-15.512063337561457,0.011581691677686856,-0.011581691677686856,1.4640854157810246e-05,-1.4640854157810246e-05,1.5409052860215375e-07,-1.5409052860215375e-07
2018,8,bayesian_information_gain,p654,incipient,0.0087735,0,1859.88875,201.83333333333334,7.506284102664712,-7.506284102664712,0.009989129705487066,-0.009989129705487066,0.0005450578843149145,-0.0005450578843149145,1.1398456149659827e-07,-1.1398456149659827e-07
2018,8,bayesian_information_gain,p183,abrupt,0.015853,0,781.64435,9.416666666666666,11.656379519250693,-11.656379519250693,0.008618506061630404,-0.008618506061630404,0.0005566006842703253,-0.0005566006842703253,1.7598299318850326e-07,-1.7598299318850326e-07
2018,8,bayesian_information_gain,p158,abrupt,0.019364,0,571.99535,29.083333333333332,5.854508394558843,-5.854508394558843,0.007654824206646526,-0.007654824206646526,1.213582957793058e-06,-1.213582957793058e-06,1.1101006391088454e-07,-1.1101006391088454e-07
2018,8,bayesian_information_gain,p369,abrupt,0.019363,0,406.80710000000005,12.083333333333334,6.473384806358562,-6.473384806358562,0.010437268633206551,-0.010437268633206551,0.000172621938869022,-0.000172621938869022,7.181718641934383e-07,-7.181718641934383e-07
2018,8,D_optimal_rank_reduced,p257,incipient,0.011843,0,1387.18955,62.25,22.05486644072306,-22.05486644072306,0.020039071583145336,-0.020039071583145336,0.004153349604498646,-0.004153349604498646,9.412317346974869e-08,-9.412317346974869e-08
2018,8,D_optimal_rank_reduced,p461,incipient,0.02132,0,1703.5344500000003,198.25,10.221501026023477,-10.221501026023477,0.007632030766473248,-0.007632030766473248,8.974816679796493e-05,-8.974816679796493e-05,4.473492534836207e-07,-4.473492534836207e-07
2018,8,D_optimal_rank_reduced,p232,incipient,0.020108,1,,,4.45635745054197,-4.45635745054197,0.006344101264965418,-0.006344101264965418,2.4048752680250196e-05,-2.4048752680250196e-05,3.36277101348494e-07,-3.36277101348494e-07
2018,8,D_optimal_rank_reduced,p427,incipient,0.0090731,0,1612.4967000000004,483.0833333333333,5.04771002466793,-5.04771002466793,0.007216159463368686,-0.007216159463368686,8.135681051935073e-05,-8.135681051935073e-05,2.549129690192994e-07,-2.549129690192994e-07
2018,8,D_optimal_rank_reduced,p673,abrupt,0.022916,0,2054.79635,269.5833333333333,4.051518487728212,-4.051518487728212,0.006434818230973321,-0.006434818230973321,4.518902152472748e-08,-4.518902152472748e-08,1.1017004735805717e-07,-1.1017004735805717e-07
2018,8,D_optimal_rank_reduced,p810,incipient,0.010028,0,1082.3197999999998,62.083333333333336,9.44115358585011,-9.44115358585011,0.008461874230258765,-0.008461874230258765,1.5338766203853993e-05,-1.5338766203853993e-05,2.2709329292963243e-07,-2.2709329292963243e-07
2018,8,D_optimal_rank_reduced,p628,incipient,0.022318,0,1260.2616499999997,292.1666666666667,5.228825069553216,-5.228825069553216,0.006244541434383323,-0.006244541434383323,1.7268794759162098e-05,-1.7268794759162098e-05,3.2112991606451175e-07,-3.2112991606451175e-07
2018,8,D_optimal_rank_reduced,p538,abrupt,0.021731,0,430.262,85.25,6.958350812055903,-6.958350812055903,0.005793203574270387,-0.005793203574270387,7.961888072527401e-05,-7.961888072527401e-05,4.751993825078693e-07,-4.751993825078693e-07
2018,8,D_optimal_rank_reduced,p866,abrupt,0.018108,0,964.3997499999999,105.25,9.555611373929874,-9.555611373929874,0.006278900287682096,-0.006278900287682096,2.4453272263635917e-05,-2.4453272263635917e-05,7.232717291629781e-07,-7.232717291629781e-07
2018,8,D_optimal_rank_reduced,p31,incipient,0.016389,0,1245.8509,170.75,15.512063337561457,-15.512063337561457,0.010515239162963316,-0.010515239162963316,1.6913916945360263e-05,-1.6913916945360263e-05,2.9427654751514255e-07,-2.9427654751514255e-07
2018,8,D_optimal_rank_reduced,p654,incipient,0.0087735,0,1859.88875,201.83333333333334,5.072602020008464,-5.072602020008464,0.00627372000287665,-0.00627372000287665,3.579693530486594e-08,-3.579693530486594e-08,3.2788196301885625e-07,-3.2788196301885625e-07
2018,8,D_optimal_rank_reduced,p183,abrupt,0.015853,0,767.18975,9.416666666666666,11.656379519250693,-11.656379519250693,0.009590929129759578,-0.009590929129759578,0.0006958389242430751,-0.0006958389242430751,1.9985166387300775e-07,-1.9985166387300775e-07
2018,8,D_optimal_rank_reduced,p158,abrupt,0.019364,0,142.68609999999998,42.416666666666664,6.134092790498432,-6.134092790498432,0.006870591277647115,-0.006870591277647115,8.744201061006152e-07,-8.744201061006152e-07,2.108533757286575e-07,-2.108533757286575e-07
2018,8,D_optimal_rank_reduced,p369,abrupt,0.019363,0,1178.5248500000002,1.5,6.473384806358562,-6.473384806358562,0.009274022544088698,-0.009274022544088698,0.0001305336423222947,-0.0001305336423222947,2.7845756355975364e-07,-2.7845756355975364e-07
2018,8,A_optimal_rank_reduced,p257,incipient,0.011843,0,479.4792,114.0,15.375343334132701,-15.375343334132701,0.012114255759633373,-0.012114255759633373,2.0384177779053658e-07,-2.0384177779053658e-07,1.3395381479904895e-07,-1.3395381479904895e-07
2018,8,A_optimal_rank_reduced,p461,incipient,0.02132,0,736.7911000000001,42.416666666666664,7.6854789945464015,-7.6854789945464015,0.006460149191591193,-0.006460149191591193,9.632567459039176e-05,-9.632567459039176e-05,3.318641558440345e-07,-3.318641558440345e-07
2018,8,A_optimal_rank_reduced,p232,incipient,0.020108,0,1400.3412999999996,105.08333333333333,5.083109247523073,-5.083109247523073,0.009291767414222224,-0.009291767414222224,3.232282147203058e-05,-3.232282147203058e-05,9.033207032780893e-07,-9.033207032780893e-07
2018,8,A_optimal_rank_reduced,p427,incipient,0.0090731,0,601.4271500000001,233.75,5.04771002466793,-5.04771002466793,0.009772300686130416,-0.009772300686130416,8.077488791102816e-05,-8.077488791102816e-05,1.736360241428245e-07,-1.736360241428245e-07
2018,8,A_optimal_rank_reduced,p673,abrupt,0.022916,0,2054.79635,2.9166666666666665,8.960731797309826,-8.960731797309826,0.014251174246931479,-0.014251174246931479,8.595159761703997e-07,-8.595159761703997e-07,6.325466571956047e-08,-6.325466571956047e-08
2018,8,A_optimal_rank_reduced,p810,incipient,0.010028,0,2816.2904,206.83333333333334,9.44115358585011,-9.44115358585011,0.007985986911842734,-0.007985986911842734,1.5250899411900498e-05,-1.5250899411900498e-05,3.7323533397966167e-07,-3.7323533397966167e-07
2018,8,A_optimal_rank_reduced,p628,incipient,0.022318,0,198.5745,190.25,6.338889512170365,-6.338889512170365,0.009466074009345765,-0.009466074009345765,6.19351904138643e-05,-6.19351904138643e-05,1.149921958710366e-06,-1.149921958710366e-06
2018,8,A_optimal_rank_reduced,p538,abrupt,0.021731,0,1607.2340499999998,166.5,6.958350812055903,-6.958350812055903,0.006397538064332366,-0.006397538064332366,2.423601114021068e-06,-2.423601114021068e-06,5.909791944299122e-07,-5.909791944299122e-07
2018,8,A_optimal_rank_reduced,p866,abrupt,0.018108,0,2947.793650000001,2.5833333333333335,5.03872852320991,-5.03872852320991,0.0050623663856036215,-0.0050623663856036215,1.9445391460592987e-05,-1.9445391460592987e-05,4.703430956600693e-07,-4.703430956600693e-07
2018,8,A_optimal_rank_reduced,p31,incipient,0.016389,0,1245.8509,170.75,15.512063337561457,-15.512063337561457,0.011519515445272124,-0.011519515445272124,4.4199470136119245e-06,-4.4199470136119245e-06,1.203608617459703e-07,-1.203608617459703e-07
2018,8,A_optimal_rank_reduced,p654,incipient,0.0087735,0,1788.30445,257.9166666666667,6.051224740300737,-6.051224740300737,0.009408406451103773,-0.009408406451103773,3.469345877249452e-08,-3.469345877249452e-08,5.390109938532093e-07,-5.390109938532093e-07
2018,8,A_optimal_rank_reduced,p183,abrupt,0.015853,0,200.68145,136.0,11.656379519250693,-11.656379519250693,0.009077269962595003,-0.009077269962595003,0.00037188922651498757,-0.00037188922651498757,1.746332013174745e-07,-1.746332013174745e-07
2018,8,A_optimal_rank_reduced,p158,abrupt,0.019364,0,109.7696,12.583333333333334,9.244042356147576,-9.244042356147576,0.010414043076473572,-0.010414043076473572,0.000517889028822438,-0.000517889028822438,1.7239016989671154e-07,-1.7239016989671154e-07
2018,8,A_optimal_rank_reduced,p369,abrupt,0.019363,0,1106.4519,160.16666666666666,6.473384806358562,-6.473384806358562,0.011358399487419776,-0.011358399487419776,0.00016587485393837476,-0.00016587485393837476,2.1408604459478482e-07,-2.1408604459478482e-07
2018,8,E_optimal_rank_reduced,p257,incipient,0.011843,0,1750.3820000000005,135.5,22.05486644072306,-22.05486644072306,0.019396169942745154,-0.019396169942745154,0.0036283154198603063,-0.0036283154198603063,7.706811883566545e-08,-7.706811883566545e-08
2018,8,E_optimal_rank_reduced,p461,incipient,0.02132,0,2022.2249500000007,198.25,10.221501026023477,-10.221501026023477,0.008186588145327158,-0.008186588145327158,0.0001560168389335148,-0.0001560168389335148,2.3778111169988705e-07,-2.3778111169988705e-07
2018,8,E_optimal_rank_reduced,p232,incipient,0.020108,1,,,5.083109247523073,-5.083109247523073,0.007714578350644403,-0.007714578350644403,2.6290957909402835e-05,-2.6290957909402835e-05,2.6080195579468997e-07,-2.6080195579468997e-07
2018,8,E_optimal_rank_reduced,p427,incipient,0.0090731,0,1612.4967000000004,233.75,5.04771002466793,-5.04771002466793,0.007900053926073571,-0.007900053926073571,5.9202879571174094e-05,-5.9202879571174094e-05,2.2055671123430783e-07,-2.2055671123430783e-07
2018,8,E_optimal_rank_reduced,p673,abrupt,0.022916,0,1926.3369499999997,269.5833333333333,3.8553329169047204,-3.8553329169047204,0.006894917325784757,-0.006894917325784757,3.737323450714314e-08,-3.737323450714314e-08,1.6838061770464802e-07,-1.6838061770464802e-07
2018,8,E_optimal_rank_reduced,p810,incipient,0.010028,0,3134.9808999999996,151.83333333333334,9.44115358585011,-9.44115358585011,0.007651172643370804,-0.007651172643370804,8.611969089189486e-06,-8.611969089189486e-06,2.5085103955724234e-07,-2.5085103955724234e-07
2018,8,E_optimal_rank_reduced,p628,incipient,0.022318,0,2087.2331500000005,217.91666666666666,6.338889512170365,-6.338889512170365,0.00805482597897227,-0.00805482597897227,6.098973418244835e-05,-6.098973418244835e-05,2.0812067573437322e-07,-2.0812067573437322e-07
2018,8,E_optimal_rank_reduced,p538,abrupt,0.021731,0,513.8250499999999,11.666666666666666,6.958350812055903,-6.958350812055903,0.006613251772043357,-0.006613251772043357,9.786611325568462e-05,-9.786611325568462e-05,4.515785514150583e-07,-4.515785514150583e-07
2018,8,E_optimal_rank_reduced,p866,abrupt,0.018108,0,3003.0237,23.0,5.845553044036895,-5.845553044036895,0.005155235228999758,-0.005155235228999758,2.301746111810221e-05,-2.301746111810221e-05,2.7872156052137926e-07,-2.7872156052137926e-07
2018,8,E_optimal_rank_reduced,p31,incipient,0.016389,0,194.2245,43.5,15.218512143715426,-15.218512143715426,0.009822012899900404,-0.009822012899900404,2.43418134582285e-06,-2.43418134582285e-06,1.3816369115070477e-07,-1.3816369115070477e-07
2018,8,E_optimal_rank_reduced,p654,incipient,0.0087735,0,1702.3477,61.416666666666664,6.051224740300737,-6.051224740300737,0.007936279078438194,-0.007936279078438194,2.3220302125537273e-08,-2.3220302125537273e-08,3.333475804781915e-07,-3.333475804781915e-07
2018,8,E_optimal_rank_reduced,p183,abrupt,0.015853,0,767.18975,86.16666666666667,11.656379519250693,-11.656379519250693,0.009123724118316153,-0.009123724118316153,0.0006113672440877238,-0.0006113672440877238,1.4733745300168707e-07,-1.4733745300168707e-07
2018,8,E_optimal_rank_reduced,p158,abrupt,0.019364,0,874.9977,67.83333333333333,5.874679462945672,-5.874679462945672,0.006785547360733457,-0.006785547360733457,1.149276094625229e-06,-1.149276094625229e-06,2.7699049935217116e-07,-2.7699049935217116e-07
2018,8,E_optimal_rank_reduced,p369,abrupt,0.019363,0,406.80710000000005,12.083333333333334,6.473384806358562,-6.473384806358562,0.009875650781664629,-0.009875650781664629,0.0001227807646824175,-0.0001227807646824175,3.2108964899801135e-07,-3.2108964899801135e-07
2018,8,goal_oriented_oed,p257,incipient,0.011843,0,2845.6240000000016,114.0,27.113118281151092,-27.113118281151092,0.01999462117025135,-0.01999462117025135,0.0041647012754574275,-0.0041647012754574275,1.6750957377950818e-07,-1.6750957377950818e-07
2018,8,goal_oriented_oed,p461,incipient,0.02132,0,1448.0241500000004,198.25,8.939126913556372,-8.939126913556372,0.00554617707292483,-0.00554617707292483,2.630214923970975e-06,-2.630214923970975e-06,9.685320069058112e-08,-9.685320069058112e-08
2018,8,goal_oriented_oed,p232,incipient,0.020108,0,1683.2430500000007,178.5,5.083109247523073,-5.083109247523073,0.008522057912730491,-0.008522057912730491,1.312891655702586e-05,-1.312891655702586e-05,3.0395822451678443e-07,-3.0395822451678443e-07
2018,8,goal_oriented_oed,p427,incipient,0.0090731,0,1457.4307000000001,33.5,4.482236741503616,-4.482236741503616,0.008478736500734154,-0.008478736500734154,1.586781412565852e-05,-1.586781412565852e-05,3.2369470604040356e-07,-3.2369470604040356e-07
2018,8,goal_oriented_oed,p673,abrupt,0.022916,0,1945.4259499999996,192.83333333333334,8.960731797309826,-8.960731797309826,0.013964746194607228,-0.013964746194607228,7.856399993899643e-07,-7.856399993899643e-07,1.8510993981167674e-07,-1.8510993981167674e-07
2018,8,goal_oriented_oed,p810,incipient,0.010028,0,1383.2828000000002,57.5,9.173483697502729,-9.173483697502729,0.007830149368336294,-0.007830149368336294,1.2480774513878856e-07,-1.2480774513878856e-07,3.8582802475443397e-07,-3.8582802475443397e-07
2018,8,goal_oriented_oed,p628,incipient,0.022318,0,2087.2331500000005,217.91666666666666,6.338889512170365,-6.338889512170365,0.008657950161233758,-0.008657950161233758,8.513618727068462e-05,-8.513618727068462e-05,5.761227431604032e-07,-5.761227431604032e-07
2018,8,goal_oriented_oed,p538,abrupt,0.021731,0,513.8250499999999,10.333333333333334,7.224190281887509,-7.224190281887509,0.0053813143958803935,-0.0053813143958803935,3.4782965896429374e-06,-3.4782965896429374e-06,6.765440363935262e-07,-6.765440363935262e-07
2018,8,goal_oriented_oed,p866,abrupt,0.018108,0,355.83065,31.0,4.487800006610821,-4.487800006610821,0.0047663226695667015,-0.0047663226695667015,2.2589619157464824e-06,-2.2589619157464824e-06,2.789678085835799e-07,-2.789678085835799e-07
2018,8,goal_oriented_oed,p31,incipient,0.016389,0,2526.809800000001,174.58333333333334,29.134623536404806,-29.134623536404806,0.011068262207103946,-0.011068262207103946,1.7678894309369753e-05,-1.7678894309369753e-05,2.1976291252791406e-07,-2.1976291252791406e-07
2018,8,goal_oriented_oed,p654,incipient,0.0087735,0,1859.88875,201.83333333333334,6.051224740300737,-6.051224740300737,0.00864845068366415,-0.00864845068366415,5.4310836161697296e-08,-5.4310836161697296e-08,4.006109254112714e-07,-4.006109254112714e-07
2018,8,goal_oriented_oed,p183,abrupt,0.015853,0,767.18975,162.66666666666666,8.312923273096791,-8.312923273096791,0.007415514729369066,-0.007415514729369066,4.9409641711406493e-08,-4.9409641711406493e-08,1.4775177401961314e-07,-1.4775177401961314e-07
2018,8,goal_oriented_oed,p158,abrupt,0.019364,0,109.7696,12.583333333333334,9.244042356147576,-9.244042356147576,0.010222929554161675,-0.010222929554161675,0.0005474909529017413,-0.0005474909529017413,4.4898685679875734e-07,-4.4898685679875734e-07
2018,8,goal_oriented_oed,p369,abrupt,0.019363,0,1025.7771500000001,163.33333333333334,3.9863852242484854,-3.9863852242484854,0.008260343235558413,-0.008260343235558413,4.590912805468861e-08,-4.590912805468861e-08,2.798259186185791e-07,-2.798259186185791e-07
2018,8,topological_dispersion,p257,incipient,0.011843,0,2115.9940000000006,135.41666666666666,22.05486644072306,-22.05486644072306,0.019814080586955284,-0.019814080586955284,0.004119837387578484,-0.004119837387578484,1.731179869007867e-08,-1.731179869007867e-08
2018,8,topological_dispersion,p461,incipient,0.02132,0,1917.4326000000005,198.25,7.6854789945464015,-7.6854789945464015,0.006027483309042647,-0.006027483309042647,9.578645690888621e-05,-9.578645690888621e-05,1.5662056418804727e-08,-1.5662056418804727e-08
2018,8,topological_dispersion,p232,incipient,0.020108,0,1537.1108500000005,194.5,4.8910043167845245,-4.8910043167845245,0.008449074191109318,-0.008449074191109318,1.1513256718220788e-05,-1.1513256718220788e-05,2.140071650658424e-09,-2.140071650658424e-09
2018,8,topological_dispersion,p427,incipient,0.0090731,0,1096.5483,58.083333333333336,5.04771002466793,-5.04771002466793,0.008678348316832873,-0.008678348316832873,5.4324729521493254e-05,-5.4324729521493254e-05,5.910942424800887e-11,-5.910942424800887e-11
2018,8,topological_dispersion,p673,abrupt,0.022916,0,479.15355000000005,117.75,13.331334173037677,-13.331334173037677,0.007695084394058484,-0.007695084394058484,1.0442055243586879e-05,-1.0442055243586879e-05,1.1062430536171754e-07,-1.1062430536171754e-07
2018,8,topological_dispersion,p810,incipient,0.010028,0,1743.3146000000002,151.83333333333334,9.74532019282626,-9.74532019282626,0.0069273643472115625,-0.0069273643472115625,5.169395972393076e-06,-5.169395972393076e-06,7.698551576006801e-10,-7.698551576006801e-10
2018,8,topological_dispersion,p628,incipient,0.022318,0,375.73870000000005,210.58333333333334,5.980954703215131,-5.980954703215131,0.008747549215748007,-0.008747549215748007,3.509377439181449e-05,-3.509377439181449e-05,3.0925932048171154e-09,-3.0925932048171154e-09
2018,8,topological_dispersion,p538,abrupt,0.021731,0,513.8250499999999,5.75,6.958350812055903,-6.958350812055903,0.005849351176153227,-0.005849351176153227,4.274294334360995e-06,-4.274294334360995e-06,6.157704839862289e-08,-6.157704839862289e-08
2018,8,topological_dispersion,p866,abrupt,0.018108,0,355.83065,16.75,5.682691171319137,-5.682691171319137,0.004644158526986574,-0.004644158526986574,5.169395972393076e-06,-5.169395972393076e-06,4.588302090087733e-10,-4.588302090087733e-10
2018,8,topological_dispersion,p31,incipient,0.016389,0,696.0381,240.0,15.218512143715426,-15.218512143715426,0.010610879863525302,-0.010610879863525302,1.894980096839305e-06,-1.894980096839305e-06,3.1728777812173596e-10,-3.1728777812173596e-10
2018,8,topological_dispersion,p654,incipient,0.0087735,0,2014.1642500000003,257.25,7.506284102664712,-7.506284102664712,0.010104065982563531,-0.010104065982563531,0.0005632884432127394,-0.0005632884432127394,6.374549219640299e-18,-6.374549219640299e-18
2018,8,topological_dispersion,p183,abrupt,0.015853,0,1770.4300500000002,85.25,9.289465094209067,-9.289465094209067,0.006803563680312951,-0.006803563680312951,3.85482027809303e-06,-3.85482027809303e-06,3.1567908110744764e-11,-3.1567908110744764e-11
2018,8,topological_dispersion,p158,abrupt,0.019364,0,425.92485000000005,61.916666666666664,6.347634425958937,-6.347634425958937,0.007138002988143174,-0.007138002988143174,4.6649343923288455e-06,-4.6649343923288455e-06,9.345719933489688e-12,-9.345719933489688e-12
2018,8,topological_dispersion,p369,abrupt,0.019363,0,201.30635,162.66666666666666,6.473384806358562,-6.473384806358562,0.010598736252101955,-0.010598736252101955,0.00011467758751382284,-0.00011467758751382284,7.334597176712623e-18,-7.334597176712623e-18
2018,8,centrality,p257,incipient,0.011843,0,2103.2486500000005,91.66666666666667,11.103362395040905,-11.103362395040905,0.01214855197854875,-0.01214855197854875,3.746181143071681e-11,-3.746181143071681e-11,9.434267603484804e-08,-9.434267603484804e-08
2018,8,centrality,p461,incipient,0.02132,0,1534.6901,289.3333333333333,8.862032829835988,-8.862032829835988,0.0063960118860199415,-0.0063960118860199415,5.081443242516137e-06,-5.081443242516137e-06,1.1160185184459067e-07,-1.1160185184459067e-07
2018,8,centrality,p232,incipient,0.020108,1,,,5.083997326690272,-5.083997326690272,0.009877763159850035,-0.009877763159850035,1.5943036880683437e-05,-1.5943036880683437e-05,2.2854876423461373e-07,-2.2854876423461373e-07
2018,8,centrality,p427,incipient,0.0090731,0,1201.7358499999998,227.25,5.261939316500232,-5.261939316500232,0.011166073405512433,-0.011166073405512433,9.673694878697958e-05,-9.673694878697958e-05,3.103168456831112e-07,-3.103168456831112e-07
2018,8,centrality,p673,abrupt,0.022916,0,2106.2356999999997,2.9166666666666665,8.960731797309826,-8.960731797309826,0.014884378815662092,-0.014884378815662092,8.371549500285624e-07,-8.371549500285624e-07,1.444475132797388e-07,-1.444475132797388e-07
2018,8,centrality,p810,incipient,0.010028,0,653.48875,256.6666666666667,7.864371770899421,-7.864371770899421,0.007428568961023425,-0.007428568961023425,6.100774925243968e-07,-6.100774925243968e-07,2.4475898467899103e-07,-2.4475898467899103e-07
2018,8,centrality,p628,incipient,0.022318,0,1037.4853,234.41666666666666,5.931180783587429,-5.931180783587429,0.009542633863488704,-0.009542633863488704,7.323892097899076e-06,-7.323892097899076e-06,3.143706789049472e-07,-3.143706789049472e-07
2018,8,centrality,p538,abrupt,0.021731,0,2471.5548500000004,25.416666666666668,7.490237668399216,-7.490237668399216,0.006621830407416724,-0.006621830407416724,1.3130254543081143e-05,-1.3130254543081143e-05,7.495270022982555e-07,-7.495270022982555e-07
2018,8,centrality,p866,abrupt,0.018108,0,1527.84925,46.0,4.58830215346611,-4.58830215346611,0.0050464797054438106,-0.0050464797054438106,1.0849351848030153e-06,-1.0849351848030153e-06,1.5465675680217196e-07,-1.5465675680217196e-07
2018,8,centrality,p31,incipient,0.016389,0,1209.8145499999998,298.75,11.135988620537653,-11.135988620537653,0.012050987622006322,-0.012050987622006322,5.807159948467699e-07,-5.807159948467699e-07,2.5224162427234873e-07,-2.5224162427234873e-07
2018,8,centrality,p654,incipient,0.0087735,0,1202.9478999999997,344.3333333333333,5.763250355524314,-5.763250355524314,0.009675978864896765,-0.009675978864896765,5.212833475987111e-08,-5.212833475987111e-08,8.869158204484451e-08,-8.869158204484451e-08
2018,8,centrality,p183,abrupt,0.015853,0,767.18975,288.9166666666667,7.516769493205101,-7.516769493205101,0.007209869865743831,-0.007209869865743831,4.310236501048337e-08,-4.310236501048337e-08,1.6317571914998454e-07,-1.6317571914998454e-07
2018,8,centrality,p158,abrupt,0.019364,0,173.1364,38.916666666666664,6.347634425958937,-6.347634425958937,0.00933099885934907,-0.00933099885934907,7.294881432251543e-08,-7.294881432251543e-08,1.063316523787665e-07,-1.063316523787665e-07
2018,8,centrality,p369,abrupt,0.019363,0,1879.2928,140.25,5.291904244534389,-5.291904244534389,0.011520075882387144,-0.011520075882387144,1.0050739434053213e-06,-1.0050739434053213e-06,1.4535444639723804e-07,-1.4535444639723804e-07
2018,10,FO,p257,incipient,0.011843,0,1763.9371500000004,135.58333333333334,11.103362395040905,-11.103362395040905,0.012951658436440413,-0.012951658436440413,2.504652041324107e-11,-2.504652041324107e-11,1.1324311723750667e-07,-1.1324311723750667e-07
2018,10,FO,p461,incipient,0.02132,0,1184.1486,283.4166666666667,6.545037026533254,-6.545037026533254,0.00544544034413255,-0.00544544034413255,1.297648184572786e-06,-1.297648184572786e-06,1.1091662108084723e-09,-1.1091662108084723e-09
2018,10,FO,p232,incipient,0.020108,1,,,5.228363508874409,-5.228363508874409,0.010842629863370912,-0.010842629863370912,2.90108555958124e-05,-2.90108555958124e-05,1.6629002441139313e-07,-1.6629002441139313e-07
2018,10,FO,p427,incipient,0.0090731,0,1502.7280999999998,13.083333333333334,5.261939316500232,-5.261939316500232,0.011813079399512013,-0.011813079399512013,7.753536470944677e-05,-7.753536470944677e-05,6.821879218049361e-08,-6.821879218049361e-08
2018,10,FO,p673,abrupt,0.022916,0,1945.4259499999996,126.66666666666667,8.960731797309826,-8.960731797309826,0.014165446759693773,-0.014165446759693773,8.672901294914936e-07,-8.672901294914936e-07,5.602036438546693e-09,-5.602036438546693e-09
2018,10,FO,p810,incipient,0.010028,0,896.4460499999999,258.1666666666667,9.034164699831047,-9.034164699831047,0.006587352128360907,-0.006587352128360907,2.2275909461466625e-06,-2.2275909461466625e-06,8.22262727752466e-08,-8.22262727752466e-08
2018,10,FO,p628,incipient,0.022318,0,2087.2331500000005,219.41666666666666,5.912836043329092,-5.912836043329092,0.010482740899107388,-0.010482740899107388,1.8216823312044994e-06,-1.8216823312044994e-06,3.389094356561026e-08,-3.389094356561026e-08
2018,10,FO,p538,abrupt,0.021731,0,2471.5548500000004,11.666666666666666,6.8528598183077705,-6.8528598183077705,0.00602667988563711,-0.00602667988563711,1.7377676231333794e-07,-1.7377676231333794e-07,1.5264387622267058e-08,-1.5264387622267058e-08
2018,10,FO,p866,abrupt,0.018108,0,355.83065,29.5,10.505573561441732,-10.505573561441732,0.004814919423914233,-0.004814919423914233,1.3707821824748834e-05,-1.3707821824748834e-05,1.616194653757378e-08,-1.616194653757378e-08
2018,10,FO,p31,incipient,0.016389,0,1450.2399500000001,222.5,11.135988620537653,-11.135988620537653,0.012847576517034057,-0.012847576517034057,4.552875260133149e-07,-4.552875260133149e-07,6.765420891029344e-08,-6.765420891029344e-08
2018,10,FO,p654,incipient,0.0087735,0,1202.9478999999997,271.3333333333333,5.781656397124142,-5.781656397124142,0.010588886639347476,-0.010588886639347476,5.0480630231497514e-08,-5.0480630231497514e-08,4.940371931815663e-09,-4.940371931815663e-09
2018,10,FO,p183,abrupt,0.015853,0,767.18975,288.9166666666667,8.975484167187274,-8.975484167187274,0.0063430957979494305,-0.0063430957979494305,1.4622505850603318e-07,-1.4622505850603318e-07,4.1924018197124556e-08,-4.1924018197124556e-08
2018,10,FO,p158,abrupt,0.019364,0,356.89074999999997,38.916666666666664,6.123214681603483,-6.123214681603483,0.00905903500114833,-0.00905903500114833,3.7939178088031156e-07,-3.7939178088031156e-07,6.44167866805242e-08,-6.44167866805242e-08
2018,10,FO,p369,abrupt,0.019363,0,1052.9730499999998,189.75,6.473384806358562,-6.473384806358562,0.013258412317226463,-0.013258412317226463,0.00011662124819455943,-0.00011662124819455943,1.6110468595898707e-07,-1.6110468595898707e-07
2018,10,D_optimal_bayesian,p257,incipient,0.011843,0,2642.7663499999994,116.83333333333333,22.05486644072306,-22.05486644072306,0.018653646157805903,-0.018653646157805903,0.004895512637862698,-0.004895512637862698,3.140211212078933e-08,-3.140211212078933e-08
2018,10,D_optimal_bayesian,p461,incipient,0.02132,0,1703.5344500000003,198.25,8.939126913556372,-8.939126913556372,0.006251990987410047,-0.006251990987410047,0.00023611423695113487,-0.00023611423695113487,1.5018828415808432e-07,-1.5018828415808432e-07
2018,10,D_optimal_bayesian,p232,incipient,0.020108,0,1683.2430500000007,178.5,4.8910043167845245,-4.8910043167845245,0.007852504449763905,-0.007852504449763905,1.7313405416219396e-05,-1.7313405416219396e-05,6.564913481833006e-08,-6.564913481833006e-08
2018,10,D_optimal_bayesian,p427,incipient,0.0090731,0,1293.8062,29.0,5.04771002466793,-5.04771002466793,0.008232945952120669,-0.008232945952120669,8.606836689184494e-05,-8.606836689184494e-05,2.3899965801537736e-09,-2.3899965801537736e-09
2018,10,D_optimal_bayesian,p673,abrupt,0.022916,0,1926.3369499999997,194.08333333333334,8.960731797309826,-8.960731797309826,0.012433298284954972,-0.012433298284954972,8.311464950727654e-07,-8.311464950727654e-07,6.648559762667878e-08,-6.648559762667878e-08
2018,10,D_optimal_bayesian,p810,incipient,0.010028,0,1082.3197999999998,62.083333333333336,9.44115358585011,-9.44115358585011,0.008017123648417928,-0.008017123648417928,1.4457316820037924e-05,-1.4457316820037924e-05,1.1692803560193538e-07,-1.1692803560193538e-07
2018,10,D_optimal_bayesian,p628,incipient,0.022318,0,375.73870000000005,210.58333333333334,5.980954703215131,-5.980954703215131,0.008078720000111748,-0.008078720000111748,3.8156714880166476e-05,-3.8156714880166476e-05,7.15580073662843e-08,-7.15580073662843e-08
2018,10,D_optimal_bayesian,p538,abrupt,0.021731,0,2471.5548500000004,14.5,7.224190281887509,-7.224190281887509,0.005698783796961257,-0.005698783796961257,9.064719437401614e-05,-9.064719437401614e-05,1.995532495938142e-07,-1.995532495938142e-07
2018,10,D_optimal_bayesian,p866,abrupt,0.018108,0,173.50234999999998,22.666666666666668,16.619922087707565,-16.619922087707565,0.007463930246593375,-0.007463930246593375,5.521044512890594e-05,-5.521044512890594e-05,6.959111508378126e-08,-6.959111508378126e-08
2018,10,D_optimal_bayesian,p31,incipient,0.016389,0,1245.8509,170.75,15.512063337561457,-15.512063337561457,0.010698542646348983,-0.010698542646348983,1.3734210154381365e-05,-1.3734210154381365e-05,7.285011228587583e-08,-7.285011228587583e-08
2018,10,D_optimal_bayesian,p654,incipient,0.0087735,0,1859.88875,201.83333333333334,7.506284102664712,-7.506284102664712,0.009279223802899791,-0.009279223802899791,0.0005600540850453362,-0.0005600540850453362,7.071753091542562e-08,-7.071753091542562e-08
2018,10,D_optimal_bayesian,p183,abrupt,0.015853,0,781.64435,9.416666666666666,11.656379519250693,-11.656379519250693,0.008872512315510988,-0.008872512315510988,0.0004883755626703401,-0.0004883755626703401,1.0700340909670154e-07,-1.0700340909670154e-07
2018,10,D_optimal_bayesian,p158,abrupt,0.019364,0,571.99535,29.083333333333332,6.134092790498432,-6.134092790498432,0.007673827685823449,-0.007673827685823449,1.0627343074443019e-06,-1.0627343074443019e-06,1.5828924336724871e-07,-1.5828924336724871e-07
2018,10,D_optimal_bayesian,p369,abrupt,0.019363,0,1178.5248500000002,1.5,6.473384806358562,-6.473384806358562,0.009676376791080882,-0.009676376791080882,0.00017794020897421436,-0.00017794020897421436,4.466322609562208e-08,-4.466322609562208e-08
2018,10,A_optimal_bayesian,p257,incipient,0.011843,0,478.29389999999995,116.83333333333333,27.113118281151092,-27.113118281151092,0.019037152223063018,-0.019037152223063018,0.0050868124668589365,-0.0050868124668589365,1.4179712472784947e-08,-1.4179712472784947e-08
2018,10,A_optimal_bayesian,p461,incipient,0.02132,0,1543.1136500000002,198.25,8.939126913556372,-8.939126913556372,0.006188310499079642,-0.006188310499079642,0.00023291432459238148,-0.00023291432459238148,4.2386718141742397e-07,-4.2386718141742397e-07
2018,10,A_optimal_bayesian,p232,incipient,0.020108,0,1584.9617000000005,178.5,4.8910043167845245,-4.8910043167845245,0.007626497456929428,-0.007626497456929428,1.7296683084366826e-05,-1.7296683084366826e-05,3.0992237526397e-08,-3.0992237526397e-08
2018,10,A_optimal_bayesian,p427,incipient,0.0090731,0,1293.8062,29.0,5.04771002466793,-5.04771002466793,0.007942021374910183,-0.007942021374910183,8.468119639282179e-05,-8.468119639282179e-05,9.402289781297356e-09,-9.402289781297356e-09
2018,10,A_optimal_bayesian,p673,abrupt,0.022916,0,1505.47055,192.83333333333334,8.960731797309826,-8.960731797309826,0.012183448559575285,-0.012183448559575285,7.50748415656588e-07,-7.50748415656588e-07,7.913421009536538e-08,-7.913421009536538e-08
2018,10,A_optimal_bayesian,p810,incipient,0.010028,0,1383.2828000000002,57.5,9.44115358585011,-9.44115358585011,0.006568204769146251,-0.006568204769146251,1.3203614785739504e-05,-1.3203614785739504e-05,1.1500473375462954e-07,-1.1500473375462954e-07
2018,10,A_optimal_bayesian,p628,incipient,0.022318,0,375.73870000000005,210.58333333333334,5.980954703215131,-5.980954703215131,0.007877753026498428,-0.007877753026498428,3.7892967369668185e-05,-3.7892967369668185e-05,6.23751014609305e-08,-6.23751014609305e-08
2018,10,A_optimal_bayesian,p538,abrupt,0.021731,0,2471.5548500000004,11.0,7.224190281887509,-7.224190281887509,0.005612364160801829,-0.005612364160801829,9.01244789623945e-05,-9.01244789623945e-05,2.7867524176283205e-07,-2.7867524176283205e-07
2018,10,A_optimal_bayesian,p866,abrupt,0.018108,0,173.50234999999998,22.666666666666668,16.619922087707565,-16.619922087707565,0.007002775864369894,-0.007002775864369894,5.669790816720255e-05,-5.669790816720255e-05,3.975394510806366e-08,-3.975394510806366e-08
2018,10,A_optimal_bayesian,p31,incipient,0.016389,0,1245.8509,170.75,29.134623536404806,-29.134623536404806,0.011463327736563066,-0.011463327736563066,2.1218618441842807e-05,-2.1218618441842807e-05,3.672397709683276e-09,-3.672397709683276e-09
2018,10,A_optimal_bayesian,p654,incipient,0.0087735,0,1859.88875,201.83333333333334,7.506284102664712,-7.506284102664712,0.009097659113934497,-0.009097659113934497,0.0005570160991694717,-0.0005570160991694717,2.659852927232043e-08,-2.659852927232043e-08
2018,10,A_optimal_bayesian,p183,abrupt,0.015853,0,781.64435,162.66666666666666,11.656379519250693,-11.656379519250693,0.007744503427200065,-0.007744503427200065,0.0005560366466529354,-0.0005560366466529354,1.0322193783439595e-08,-1.0322193783439595e-08
2018,10,A_optimal_bayesian,p158,abrupt,0.019364,0,571.99535,29.083333333333332,5.854508394558843,-5.854508394558843,0.00693168878461231,-0.00693168878461231,1.1845209846317317e-06,-1.1845209846317317e-06,2.2373940296411186e-08,-2.2373940296411186e-08
2018,10,A_optimal_bayesian,p369,abrupt,0.019363,0,406.80710000000005,12.083333333333334,6.473384806358562,-6.473384806358562,0.009454361199217463,-0.009454361199217463,0.0001700700929251342,-0.0001700700929251342,3.5661774245831845e-07,-3.5661774245831845e-07
2018,10,E_optimal_observable_subspace,p257,incipient,0.011843,0,478.29389999999995,116.83333333333333,27.113118281151092,-27.113118281151092,0.019037152223063018,-0.019037152223063018,0.0050868124668589365,-0.0050868124668589365,1.4179712472784947e-08,-1.4179712472784947e-08
2018,10,E_optimal_observable_subspace,p461,incipient,0.02132,0,1543.1136500000002,198.25,8.939126913556372,-8.939126913556372,0.006188310499079642,-0.006188310499079642,0.00023291432459238148,-0.00023291432459238148,4.2386718141742397e-07,-4.2386718141742397e-07
2018,10,E_optimal_observable_subspace,p232,incipient,0.020108,0,1584.9617000000005,178.5,4.8910043167845245,-4.8910043167845245,0.007626497456929428,-0.007626497456929428,1.7296683084366826e-05,-1.7296683084366826e-05,3.0992237526397e-08,-3.0992237526397e-08
2018,10,E_optimal_observable_subspace,p427,incipient,0.0090731,0,1293.8062,29.0,5.04771002466793,-5.04771002466793,0.007942021374910183,-0.007942021374910183,8.468119639282179e-05,-8.468119639282179e-05,9.402289781297356e-09,-9.402289781297356e-09
2018,10,E_optimal_observable_subspace,p673,abrupt,0.022916,0,1505.47055,192.83333333333334,8.960731797309826,-8.960731797309826,0.012183448559575285,-0.012183448559575285,7.50748415656588e-07,-7.50748415656588e-07,7.913421009536538e-08,-7.913421009536538e-08
2018,10,E_optimal_observable_subspace,p810,incipient,0.010028,0,1383.2828000000002,57.5,9.44115358585011,-9.44115358585011,0.006568204769146251,-0.006568204769146251,1.3203614785739504e-05,-1.3203614785739504e-05,1.1500473375462954e-07,-1.1500473375462954e-07
2018,10,E_optimal_observable_subspace,p628,incipient,0.022318,0,375.73870000000005,210.58333333333334,5.980954703215131,-5.980954703215131,0.007877753026498428,-0.007877753026498428,3.7892967369668185e-05,-3.7892967369668185e-05,6.23751014609305e-08,-6.23751014609305e-08
2018,10,E_optimal_observable_subspace,p538,abrupt,0.021731,0,2471.5548500000004,11.0,7.224190281887509,-7.224190281887509,0.005612364160801829,-0.005612364160801829,9.01244789623945e-05,-9.01244789623945e-05,2.7867524176283205e-07,-2.7867524176283205e-07
2018,10,E_optimal_observable_subspace,p866,abrupt,0.018108,0,173.50234999999998,22.666666666666668,16.619922087707565,-16.619922087707565,0.007002775864369894,-0.007002775864369894,5.669790816720255e-05,-5.669790816720255e-05,3.975394510806366e-08,-3.975394510806366e-08
2018,10,E_optimal_observable_subspace,p31,incipient,0.016389,0,1245.8509,170.75,29.134623536404806,-29.134623536404806,0.011463327736563066,-0.011463327736563066,2.1218618441842807e-05,-2.1218618441842807e-05,3.672397709683276e-09,-3.672397709683276e-09
2018,10,E_optimal_observable_subspace,p654,incipient,0.0087735,0,1859.88875,201.83333333333334,7.506284102664712,-7.506284102664712,0.009097659113934497,-0.009097659113934497,0.0005570160991694717,-0.0005570160991694717,2.659852927232043e-08,-2.659852927232043e-08
2018,10,E_optimal_observable_subspace,p183,abrupt,0.015853,0,781.64435,162.66666666666666,11.656379519250693,-11.656379519250693,0.007744503427200065,-0.007744503427200065,0.0005560366466529354,-0.0005560366466529354,1.0322193783439595e-08,-1.0322193783439595e-08
2018,10,E_optimal_observable_subspace,p158,abrupt,0.019364,0,571.99535,29.083333333333332,5.854508394558843,-5.854508394558843,0.00693168878461231,-0.00693168878461231,1.1845209846317317e-06,-1.1845209846317317e-06,2.2373940296411186e-08,-2.2373940296411186e-08
2018,10,E_optimal_observable_subspace,p369,abrupt,0.019363,0,406.80710000000005,12.083333333333334,6.473384806358562,-6.473384806358562,0.009454361199217463,-0.009454361199217463,0.0001700700929251342,-0.0001700700929251342,3.5661774245831845e-07,-3.5661774245831845e-07
2018,10,bayesian_information_gain,p257,incipient,0.011843,0,2642.7663499999994,116.83333333333333,22.05486644072306,-22.05486644072306,0.018653646157805903,-0.018653646157805903,0.004895512637862698,-0.004895512637862698,3.140211212078933e-08,-3.140211212078933e-08
2018,10,bayesian_information_gain,p461,incipient,0.02132,0,1703.5344500000003,198.25,8.939126913556372,-8.939126913556372,0.006251990987410047,-0.006251990987410047,0.00023611423695113487,-0.00023611423695113487,1.5018828415808432e-07,-1.5018828415808432e-07
2018,10,bayesian_information_gain,p232,incipient,0.020108,0,1683.2430500000007,178.5,4.8910043167845245,-4.8910043167845245,0.007852504449763905,-0.007852504449763905,1.7313405416219396e-05,-1.7313405416219396e-05,6.564913481833006e-08,-6.564913481833006e-08
2018,10,bayesian_information_gain,p427,incipient,0.0090731,0,1293.8062,29.0,5.04771002466793,-5.04771002466793,0.008232945952120669,-0.008232945952120669,8.606836689184494e-05,-8.606836689184494e-05,2.3899965801537736e-09,-2.3899965801537736e-09
2018,10,bayesian_information_gain,p673,abrupt,0.022916,0,1926.3369499999997,194.08333333333334,8.960731797309826,-8.960731797309826,0.012433298284954972,-0.012433298284954972,8.311464950727654e-07,-8.311464950727654e-07,6.648559762667878e-08,-6.648559762667878e-08
2018,10,bayesian_information_gain,p810,incipient,0.010028,0,1082.3197999999998,62.083333333333336,9.44115358585011,-9.44115358585011,0.008017123648417928,-0.008017123648417928,1.4457316820037924e-05,-1.4457316820037924e-05,1.1692803560193538e-07,-1.1692803560193538e-07
2018,10,bayesian_information_gain,p628,incipient,0.022318,0,375.73870000000005,210.58333333333334,5.980954703215131,-5.980954703215131,0.008078720000111748,-0.008078720000111748,3.8156714880166476e-05,-3.8156714880166476e-05,7.15580073662843e-08,-7.15580073662843e-08
2018,10,bayesian_information_gain,p538,abrupt,0.021731,0,2471.5548500000004,14.5,7.224190281887509,-7.224190281887509,0.005698783796961257,-0.005698783796961257,9.064719437401614e-05,-9.064719437401614e-05,1.995532495938142e-07,-1.995532495938142e-07
2018,10,bayesian_information_gain,p866,abrupt,0.018108,0,173.50234999999998,22.666666666666668,16.619922087707565,-16.619922087707565,0.007463930246593375,-0.007463930246593375,5.521044512890594e-05,-5.521044512890594e-05,6.959111508378126e-08,-6.959111508378126e-08
2018,10,bayesian_information_gain,p31,incipient,0.016389,0,1245.8509,170.75,15.512063337561457,-15.512063337561457,0.010698542646348983,-0.010698542646348983,1.3734210154381365e-05,-1.3734210154381365e-05,7.285011228587583e-08,-7.285011228587583e-08
2018,10,bayesian_information_gain,p654,incipient,0.0087735,0,1859.88875,201.83333333333334,7.506284102664712,-7.506284102664712,0.009279223802899791,-0.009279223802899791,0.0005600540850453362,-0.0005600540850453362,7.071753091542562e-08,-7.071753091542562e-08
2018,10,bayesian_information_gain,p183,abrupt,0.015853,0,781.64435,9.416666666666666,11.656379519250693,-11.656379519250693,0.008872512315510988,-0.008872512315510988,0.0004883755626703401,-0.0004883755626703401,1.0700340909670154e-07,-1.0700340909670154e-07
2018,10,bayesian_information_gain,p158,abrupt,0.019364,0,571.99535,29.083333333333332,6.134092790498432,-6.134092790498432,0.007673827685823449,-0.007673827685823449,1.0627343074443019e-06,-1.0627343074443019e-06,1.5828924336724871e-07,-1.5828924336724871e-07
2018,10,bayesian_information_gain,p369,abrupt,0.019363,0,1178.5248500000002,1.5,6.473384806358562,-6.473384806358562,0.009676376791080882,-0.009676376791080882,0.00017794020897421436,-0.00017794020897421436,4.466322609562208e-08,-4.466322609562208e-08
2018,10,D_optimal_rank_reduced,p257,incipient,0.011843,0,1025.1218000000001,61.916666666666664,22.05486644072306,-22.05486644072306,0.019024742137210712,-0.019024742137210712,0.005197907552549452,-0.005197907552549452,7.762532370232375e-08,-7.762532370232375e-08
2018,10,D_optimal_rank_reduced,p461,incipient,0.02132,0,1703.5344500000003,198.25,10.221501026023477,-10.221501026023477,0.007126848895705417,-0.007126848895705417,0.00012477612326966536,-0.00012477612326966536,3.995722907554862e-08,-3.995722907554862e-08
2018,10,D_optimal_rank_reduced,p232,incipient,0.020108,1,,,4.45635745054197,-4.45635745054197,0.007080816057611861,-0.007080816057611861,1.7124865511308762e-05,-1.7124865511308762e-05,8.193087612728115e-09,-8.193087612728115e-09
2018,10,D_optimal_rank_reduced,p427,incipient,0.0090731,0,1612.4967000000004,227.25,5.04771002466793,-5.04771002466793,0.008260326411977619,-0.008260326411977619,7.1268590666973e-05,-7.1268590666973e-05,5.47791090960619e-08,-5.47791090960619e-08
2018,10,D_optimal_rank_reduced,p673,abrupt,0.022916,0,2054.79635,269.5833333333333,4.051518487728212,-4.051518487728212,0.007163934164255149,-0.007163934164255149,4.7722210849698854e-08,-4.7722210849698854e-08,7.729472529971011e-08,-7.729472529971011e-08
2018,10,D_optimal_rank_reduced,p810,incipient,0.010028,0,1082.3197999999998,151.83333333333334,9.44115358585011,-9.44115358585011,0.008854962930576667,-0.008854962930576667,1.2865962524477581e-05,-1.2865962524477581e-05,1.3030395320620127e-07,-1.3030395320620127e-07
2018,10,D_optimal_rank_reduced,p628,incipient,0.022318,0,2087.2331500000005,268.9166666666667,5.228825069553216,-5.228825069553216,0.006896321474447118,-0.006896321474447118,1.3083420803527979e-05,-1.3083420803527979e-05,1.2325753386971768e-08,-1.2325753386971768e-08
2018,10,D_optimal_rank_reduced,p538,abrupt,0.021731,0,436.8189,60.083333333333336,6.958350812055903,-6.958350812055903,0.005662386041738046,-0.005662386041738046,0.00010066926304774793,-0.00010066926304774793,1.7291903664834635e-07,-1.7291903664834635e-07
2018,10,D_optimal_rank_reduced,p866,abrupt,0.018108,0,255.86605,69.83333333333333,9.555611373929874,-9.555611373929874,0.0065301751846023924,-0.0065301751846023924,2.5214544634555303e-05,-2.5214544634555303e-05,1.8196932000665945e-08,-1.8196932000665945e-08
2018,10,D_optimal_rank_reduced,p31,incipient,0.016389,0,446.2005,43.5,15.512063337561457,-15.512063337561457,0.01135444440014922,-0.01135444440014922,1.4620857006097943e-05,-1.4620857006097943e-05,5.935964659993495e-09,-5.935964659993495e-09
2018,10,D_optimal_rank_reduced,p654,incipient,0.0087735,0,1788.30445,78.91666666666667,5.072602020008464,-5.072602020008464,0.006949249112968856,-0.006949249112968856,2.600418580467334e-08,-2.600418580467334e-08,8.684635997970625e-08,-8.684635997970625e-08
2018,10,D_optimal_rank_reduced,p183,abrupt,0.015853,0,767.18975,86.16666666666667,11.656379519250693,-11.656379519250693,0.009855175750258774,-0.009855175750258774,0.0006649527742188521,-0.0006649527742188521,5.165112100578529e-08,-5.165112100578529e-08
2018,10,D_optimal_rank_reduced,p158,abrupt,0.019364,0,256.51494999999994,42.416666666666664,6.134092790498432,-6.134092790498432,0.007442666352680376,-0.007442666352680376,1.1362709944062743e-06,-1.1362709944062743e-06,9.905644910363613e-08,-9.905644910363613e-08
2018,10,D_optimal_rank_reduced,p369,abrupt,0.019363,0,1130.5171500000001,1.5,6.473384806358562,-6.473384806358562,0.010034495379057713,-0.010034495379057713,0.00010772056589691825,-0.00010772056589691825,3.83276640995722e-08,-3.83276640995722e-08
2018,10,A_optimal_rank_reduced,p257,incipient,0.011843,0,645.8952,114.0,22.05486644072306,-22.05486644072306,0.01903192018750752,-0.01903192018750752,0.0052030149023011285,-0.0052030149023011285,4.399653477029932e-08,-4.399653477029932e-08
2018,10,A_optimal_rank_reduced,p461,incipient,0.02132,0,1703.5344500000003,198.25,10.221501026023477,-10.221501026023477,0.007681123729715377,-0.007681123729715377,0.00016399837531455574,-0.00016399837531455574,2.172872552539486e-07,-2.172872552539486e-07
2018,10,A_optimal_rank_reduced,p232,incipient,0.020108,1,,,5.083109247523073,-5.083109247523073,0.008529383221388206,-0.008529383221388206,3.219831982836929e-05,-3.219831982836929e-05,1.2953638470774756e-08,-1.2953638470774756e-08
2018,10,A_optimal_rank_reduced,p427,incipient,0.0090731,0,1469.3974000000003,154.33333333333334,5.04771002466793,-5.04771002466793,0.008895163289002769,-0.008895163289002769,7.803108892368016e-05,-7.803108892368016e-05,5.708473806199746e-09,-5.708473806199746e-09
2018,10,A_optimal_rank_reduced,p673,abrupt,0.022916,0,66.32135,23.416666666666668,8.960731797309826,-8.960731797309826,0.01282946330088372,-0.01282946330088372,8.816102223807576e-07,-8.816102223807576e-07,6.168710608326993e-08,-6.168710608326993e-08
2018,10,A_optimal_rank_reduced,p810,incipient,0.010028,0,1082.3197999999998,62.083333333333336,9.44115358585011,-9.44115358585011,0.007198380075392264,-0.007198380075392264,1.5121370773751863e-05,-1.5121370773751863e-05,1.4911173578625215e-07,-1.4911173578625215e-07
2018,10,A_optimal_rank_reduced,p628,incipient,0.022318,0,198.5745,190.25,6.338889512170365,-6.338889512170365,0.008702851772976767,-0.008702851772976767,5.8897704318994215e-05,-5.8897704318994215e-05,2.5690143118562427e-08,-2.5690143118562427e-08
2018,10,A_optimal_rank_reduced,p538,abrupt,0.021731,0,419.82610000000005,166.5,6.958350812055903,-6.958350812055903,0.006498123656460893,-0.006498123656460893,0.000108671933780502,-0.000108671933780502,2.9490609033874727e-08,-2.9490609033874727e-08
2018,10,A_optimal_rank_reduced,p866,abrupt,0.018108,0,2947.793650000001,2.5833333333333335,5.03872852320991,-5.03872852320991,0.004567579229950904,-0.004567579229950904,1.9351566630909645e-05,-1.9351566630909645e-05,1.5714934656829218e-08,-1.5714934656829218e-08
2018,10,A_optimal_rank_reduced,p31,incipient,0.016389,0,1245.8509,170.75,15.512063337561457,-15.512063337561457,0.011329222318646432,-0.011329222318646432,1.2447598705556118e-05,-1.2447598705556118e-05,1.1988990263247658e-07,-1.1988990263247658e-07
2018,10,A_optimal_rank_reduced,p654,incipient,0.0087735,0,1859.88875,201.83333333333334,6.051224740300737,-6.051224740300737,0.008644714040253479,-0.008644714040253479,3.872484477529525e-08,-3.872484477529525e-08,1.728708931382679e-07,-1.728708931382679e-07
2018,10,A_optimal_rank_reduced,p183,abrupt,0.015853,0,781.64435,9.416666666666666,11.656379519250693,-11.656379519250693,0.008163992966881892,-0.008163992966881892,0.0003735753590893287,-0.0003735753590893287,2.3460031943327562e-09,-2.3460031943327562e-09
2018,10,A_optimal_rank_reduced,p158,abrupt,0.019364,0,109.7696,12.583333333333334,9.244042356147576,-9.244042356147576,0.009397330100379934,-0.009397330100379934,0.0005173938400844236,-0.0005173938400844236,1.0148017142381143e-07,-1.0148017142381143e-07
2018,10,A_optimal_rank_reduced,p369,abrupt,0.019363,0,1879.2928,160.16666666666666,6.473384806358562,-6.473384806358562,0.010302936846304546,-0.010302936846304546,0.00016259878478708245,-0.00016259878478708245,1.4858258977522043e-07,-1.4858258977522043e-07
2018,10,E_optimal_rank_reduced,p257,incipient,0.011843,0,1728.8004500000006,135.5,22.05486644072306,-22.05486644072306,0.018455046637099383,-0.018455046637099383,0.004900023504530782,-0.004900023504530782,6.699999996290185e-08,-6.699999996290185e-08
2018,10,E_optimal_rank_reduced,p461,incipient,0.02132,0,2022.2249500000007,198.25,10.221501026023477,-10.221501026023477,0.008287141970446619,-0.008287141970446619,0.0003238917329337898,-0.0003238917329337898,1.7661550702203157e-07,-1.7661550702203157e-07
2018,10,E_optimal_rank_reduced,p232,incipient,0.020108,0,1740.0277000000008,178.5,5.083109247523073,-5.083109247523073,0.008099830059613617,-0.008099830059613617,2.440717630414202e-05,-2.440717630414202e-05,6.507148167164334e-08,-6.507148167164334e-08
2018,10,E_optimal_rank_reduced,p427,incipient,0.0090731,0,1555.7120500000003,33.5,5.04771002466793,-5.04771002466793,0.008655667311486849,-0.008655667311486849,4.838705162502066e-05,-4.838705162502066e-05,8.530209693480923e-08,-8.530209693480923e-08
2018,10,E_optimal_rank_reduced,p673,abrupt,0.022916,0,1505.47055,194.08333333333334,3.8553329169047204,-3.8553329169047204,0.007287556759368935,-0.007287556759368935,4.155743826839142e-08,-4.155743826839142e-08,8.46654925055105e-08,-8.46654925055105e-08
2018,10,E_optimal_rank_reduced,p810,incipient,0.010028,0,3134.9808999999996,151.83333333333334,9.44115358585011,-9.44115358585011,0.007232227001810668,-0.007232227001810668,1.029233243643457e-05,-1.029233243643457e-05,4.194589331932659e-08,-4.194589331932659e-08
2018,10,E_optimal_rank_reduced,p628,incipient,0.022318,0,2087.2331500000005,217.91666666666666,6.338889512170365,-6.338889512170365,0.00829570661764647,-0.00829570661764647,5.923691976961187e-05,-5.923691976961187e-05,9.433732034928141e-08,-9.433732034928141e-08
2018,10,E_optimal_rank_reduced,p538,abrupt,0.021731,0,2471.5548500000004,11.666666666666666,7.224190281887509,-7.224190281887509,0.0068058226982752636,-0.0068058226982752636,8.926543341003512e-05,-8.926543341003512e-05,8.22803656866597e-08,-8.22803656866597e-08
2018,10,E_optimal_rank_reduced,p866,abrupt,0.018108,0,3003.0237,23.0,5.845553044036895,-5.845553044036895,0.0048672806250147915,-0.0048672806250147915,2.2013134938214662e-05,-2.2013134938214662e-05,1.3947309562756104e-07,-1.3947309562756104e-07
2018,10,E_optimal_rank_reduced,p31,incipient,0.016389,0,1334.5836000000002,43.5,15.218512143715426,-15.218512143715426,0.010799116927745656,-0.010799116927745656,3.766809452021569e-06,-3.766809452021569e-06,6.196071364485438e-09,-6.196071364485438e-09
2018,10,E_optimal_rank_reduced,p654,incipient,0.0087735,0,1748.5272000000002,61.416666666666664,6.051224740300737,-6.051224740300737,0.008218421290886022,-0.008218421290886022,2.3268477811200228e-08,-2.3268477811200228e-08,5.968983956156136e-08,-5.968983956156136e-08
2018,10,E_optimal_rank_reduced,p183,abrupt,0.015853,0,767.18975,86.16666666666667,11.656379519250693,-11.656379519250693,0.008461944327207758,-0.008461944327207758,0.0005884668168528728,-0.0005884668168528728,9.073978909167852e-08,-9.073978909167852e-08
2018,10,E_optimal_rank_reduced,p158,abrupt,0.019364,0,953.2788999999998,61.416666666666664,5.874679462945672,-5.874679462945672,0.006917762550341389,-0.006917762550341389,1.0520804206715084e-06,-1.0520804206715084e-06,3.41525002450518e-08,-3.41525002450518e-08
2018,10,E_optimal_rank_reduced,p369,abrupt,0.019363,0,406.80710000000005,12.083333333333334,6.473384806358562,-6.473384806358562,0.010432848074136258,-0.010432848074136258,9.132562998426241e-05,-9.132562998426241e-05,1.3054500103214642e-07,-1.3054500103214642e-07
2018,10,goal_oriented_oed,p257,incipient,0.011843,0,2802.0158000000015,114.0,27.113118281151092,-27.113118281151092,0.018381722655986723,-0.018381722655986723,0.004697272935111685,-0.004697272935111685,7.557715385848626e-09,-7.557715385848626e-09
2018,10,goal_oriented_oed,p461,incipient,0.02132,0,1448.0241500000004,198.25,8.939126913556372,-8.939126913556372,0.005435814181473448,-0.005435814181473448,2.4457905064556584e-06,-2.4457905064556584e-06,3.292990967497504e-08,-3.292990967497504e-08
2018,10,goal_oriented_oed,p232,incipient,0.020108,0,1683.2430500000007,178.5,5.083109247523073,-5.083109247523073,0.008979867231577668,-0.008979867231577668,3.503077388566922e-05,-3.503077388566922e-05,2.6916920347400995e-07,-2.6916920347400995e-07
2018,10,goal_oriented_oed,p427,incipient,0.0090731,0,1359.2452,29.0,4.482236741503616,-4.482236741503616,0.008582728081724642,-0.008582728081724642,1.6108064613939987e-05,-1.6108064613939987e-05,1.498891794601421e-07,-1.498891794601421e-07
2018,10,goal_oriented_oed,p673,abrupt,0.022916,0,1945.4259499999996,192.83333333333334,8.960731797309826,-8.960731797309826,0.01308579644430324,-0.01308579644430324,9.119610122620969e-07,-9.119610122620969e-07,2.0828874984202135e-08,-2.0828874984202135e-08
2018,10,goal_oriented_oed,p810,incipient,0.010028,0,1383.2828000000002,57.5,9.173483697502729,-9.173483697502729,0.008316608441839176,-0.008316608441839176,6.608565525145771e-06,-6.608565525145771e-06,8.754078696542313e-08,-8.754078696542313e-08
2018,10,goal_oriented_oed,p628,incipient,0.022318,0,421.74665000000005,210.58333333333334,6.338889512170365,-6.338889512170365,0.009373088353610611,-0.009373088353610611,7.588580318629301e-05,-7.588580318629301e-05,1.657387939256422e-07,-1.657387939256422e-07
2018,10,goal_oriented_oed,p538,abrupt,0.021731,0,513.8250499999999,10.333333333333334,7.224190281887509,-7.224190281887509,0.005413864823572292,-0.005413864823572292,2.951030633968621e-06,-2.951030633968621e-06,1.0931900224366963e-07,-1.0931900224366963e-07
2018,10,goal_oriented_oed,p866,abrupt,0.018108,0,355.83065,28.75,5.845553044036895,-5.845553044036895,0.005371362572437191,-0.005371362572437191,2.476784575877744e-06,-2.476784575877744e-06,1.5562511403215814e-07,-1.5562511403215814e-07
2018,10,goal_oriented_oed,p31,incipient,0.016389,0,194.2245,43.5,29.134623536404806,-29.134623536404806,0.010748039012576817,-0.010748039012576817,1.678052847364775e-05,-1.678052847364775e-05,3.089670176389862e-08,-3.089670176389862e-08
2018,10,goal_oriented_oed,p654,incipient,0.0087735,0,1740.1560499999998,78.91666666666667,7.506284102664712,-7.506284102664712,0.010388786191030319,-0.010388786191030319,0.0005750176267108609,-0.0005750176267108609,1.7312852638887927e-07,-1.7312852638887927e-07
2018,10,goal_oriented_oed,p183,abrupt,0.015853,0,767.18975,162.66666666666666,9.437215221346372,-9.437215221346372,0.008161982070374696,-0.008161982070374696,1.4035052897654055e-06,-1.4035052897654055e-06,3.715911805894871e-09,-3.715911805894871e-09
2018,10,goal_oriented_oed,p158,abrupt,0.019364,0,109.7696,12.583333333333334,9.244042356147576,-9.244042356147576,0.009952031099868232,-0.009952031099868232,0.0005740160079417134,-0.0005740160079417134,5.132690123824195e-08,-5.132690123824195e-08
2018,10,goal_oriented_oed,p369,abrupt,0.019363,0,916.84485,163.33333333333334,3.9863852242484854,-3.9863852242484854,0.008405864831145502,-0.008405864831145502,4.9667114976337245e-08,-4.9667114976337245e-08,1.6922472981344749e-07,-1.6922472981344749e-07
2018,10,topological_dispersion,p257,incipient,0.011843,0,2115.9940000000006,135.41666666666666,22.05486644072306,-22.05486644072306,0.01864513869309164,-0.01864513869309164,0.004888480279673035,-0.004888480279673035,1.0061008243246807e-08,-1.0061008243246807e-08
2018,10,topological_dispersion,p461,incipient,0.02132,0,1703.5344500000003,198.25,8.939126913556372,-8.939126913556372,0.006367751517663108,-0.006367751517663108,0.00024081707155754195,-0.00024081707155754195,5.6597974950035886e-08,-5.6597974950035886e-08
2018,10,topological_dispersion,p232,incipient,0.020108,0,1635.2353500000004,178.5,4.8910043167845245,-4.8910043167845245,0.007738341932814769,-0.007738341932814769,1.2727801826262208e-05,-1.2727801826262208e-05,6.718234317543205e-10,-6.718234317543205e-10
2018,10,topological_dispersion,p427,incipient,0.0090731,0,1293.8062,29.0,5.04771002466793,-5.04771002466793,0.00789433316105919,-0.00789433316105919,5.276309567858739e-05,-5.276309567858739e-05,6.722228165998898e-12,-6.722228165998898e-12
2018,10,topological_dispersion,p673,abrupt,0.022916,0,1894.37555,117.75,13.331334173037677,-13.331334173037677,0.0069981472846100375,-0.0069981472846100375,1.0102470132888897e-05,-1.0102470132888897e-05,8.866094131166784e-08,-8.866094131166784e-08
2018,10,topological_dispersion,p810,incipient,0.010028,0,1082.3197999999998,62.083333333333336,9.74532019282626,-9.74532019282626,0.0062443991539926766,-0.0062443991539926766,5.198851841470287e-06,-5.198851841470287e-06,2.0297221602282004e-10,-2.0297221602282004e-10
2018,10,topological_dispersion,p628,incipient,0.022318,0,375.73870000000005,210.58333333333334,5.980954703215131,-5.980954703215131,0.008016029737195104,-0.008016029737195104,3.352208205875673e-05,-3.352208205875673e-05,7.147066474475244e-10,-7.147066474475244e-10
2018,10,topological_dispersion,p538,abrupt,0.021731,0,2471.5548500000004,5.75,7.224190281887509,-7.224190281887509,0.005852383660270661,-0.005852383660270661,9.31707438420748e-05,-9.31707438420748e-05,9.079118624592061e-09,-9.079118624592061e-09
2018,10,topological_dispersion,p866,abrupt,0.018108,0,355.83065,16.75,5.682691171319137,-5.682691171319137,0.004186539054458381,-0.004186539054458381,5.198851841470287e-06,-5.198851841470287e-06,2.959556890872021e-10,-2.959556890872021e-10
2018,10,topological_dispersion,p31,incipient,0.016389,0,2526.809800000001,170.75,15.512063337561457,-15.512063337561457,0.01068863630124025,-0.01068863630124025,1.4020266121406166e-05,-1.4020266121406166e-05,4.26745574388457e-20,-4.26745574388457e-20
2018,10,topological_dispersion,p654,incipient,0.0087735,0,1859.88875,201.83333333333334,7.506284102664712,-7.506284102664712,0.00919863854542918,-0.00919863854542918,0.0005727667649333412,-0.0005727667649333412,3.0599296239392736e-20,-3.0599296239392736e-20
2018,10,topological_dispersion,p183,abrupt,0.015853,0,767.18975,12.333333333333334,9.289465094209067,-9.289465094209067,0.006130676880586496,-0.006130676880586496,3.850731034371613e-06,-3.850731034371613e-06,1.1786993834485199e-11,-1.1786993834485199e-11
2018,10,topological_dispersion,p158,abrupt,0.019364,0,425.92485000000005,61.916666666666664,6.347634425958937,-6.347634425958937,0.006475500893238904,-0.006475500893238904,4.586778107329437e-06,-4.586778107329437e-06,4.811192958867201e-13,-4.811192958867201e-13
2018,10,topological_dispersion,p369,abrupt,0.019363,0,151.05505000000002,162.66666666666666,6.473384806358562,-6.473384806358562,0.009596991858505868,-0.009596991858505868,0.00011456072232074455,-0.00011456072232074455,2.1826817704487364e-19,-2.1826817704487364e-19
2018,10,centrality,p257,incipient,0.011843,0,2103.2486500000005,91.66666666666667,11.103362395040905,-11.103362395040905,0.011521514833456396,-0.011521514833456396,3.59071661293342e-11,-3.59071661293342e-11,5.0020071222468214e-08,-5.0020071222468214e-08
2018,10,centrality,p461,incipient,0.02132,0,1534.6901,289.3333333333333,8.862032829835988,-8.862032829835988,0.006337910758304625,-0.006337910758304625,4.469922463168352e-06,-4.469922463168352e-06,6.138701883553287e-08,-6.138701883553287e-08
2018,10,centrality,p232,incipient,0.020108,1,,,5.083997326690272,-5.083997326690272,0.009565066117695663,-0.009565066117695663,2.067040653630503e-05,-2.067040653630503e-05,1.922081960266881e-09,-1.922081960266881e-09
2018,10,centrality,p427,incipient,0.0090731,0,1087.1158999999998,227.25,5.261939316500232,-5.261939316500232,0.01054369444847409,-0.01054369444847409,8.714886885408113e-05,-8.714886885408113e-05,1.4211578410975338e-07,-1.4211578410975338e-07
2018,10,centrality,p673,abrupt,0.022916,0,2156.8522,2.9166666666666665,8.960731797309826,-8.960731797309826,0.013622000365251538,-0.013622000365251538,8.773547448548413e-07,-8.773547448548413e-07,1.0340140610870044e-08,-1.0340140610870044e-08
2018,10,centrality,p810,incipient,0.010028,0,653.48875,256.6666666666667,7.864371770899421,-7.864371770899421,0.0068718192219387,-0.0068718192219387,5.832686229556572e-07,-5.832686229556572e-07,5.109170409272358e-08,-5.109170409272358e-08
2018,10,centrality,p628,incipient,0.022318,0,751.0036500000001,190.25,5.931180783587429,-5.931180783587429,0.00930042153063951,-0.00930042153063951,7.4718797828943195e-06,-7.4718797828943195e-06,5.387440458863881e-08,-5.387440458863881e-08
2018,10,centrality,p538,abrupt,0.021731,0,439.8968,157.25,7.490237668399216,-7.490237668399216,0.006613814857869937,-0.006613814857869937,1.769773797022367e-05,-1.769773797022367e-05,3.202635275207372e-07,-3.202635275207372e-07
2018,10,centrality,p866,abrupt,0.018108,0,1557.38635,224.91666666666666,4.58830215346611,-4.58830215346611,0.004663998274846492,-0.004663998274846492,1.053992358723832e-06,-1.053992358723832e-06,3.173407584063096e-09,-3.173407584063096e-09
2018,10,centrality,p31,incipient,0.016389,0,999.2606500000002,222.5,11.135988620537653,-11.135988620537653,0.011422044530152244,-0.011422044530152244,5.728257812531723e-07,-5.728257812531723e-07,1.6446425869923493e-10,-1.6446425869923493e-10
2018,10,centrality,p654,incipient,0.0087735,0,510.23820000000006,271.3333333333333,5.763250355524314,-5.763250355524314,0.00940075544933247,-0.00940075544933247,6.511719563562224e-08,-6.511719563562224e-08,1.9640538033280975e-08,-1.9640538033280975e-08
2018,10,centrality,p183,abrupt,0.015853,0,767.18975,288.9166666666667,7.516769493205101,-7.516769493205101,0.006664126698425831,-0.006664126698425831,4.0376901155880773e-08,-4.0376901155880773e-08,1.1248725212311672e-08,-1.1248725212311672e-08
2018,10,centrality,p158,abrupt,0.019364,0,119.32935,38.916666666666664,6.347634425958937,-6.347634425958937,0.008702570734057788,-0.008702570734057788,6.991890677543466e-08,-6.991890677543466e-08,2.4987823311712414e-08,-2.4987823311712414e-08
2018,10,centrality,p369,abrupt,0.019363,0,1062.46865,140.25,5.291904244534389,-5.291904244534389,0.010903284898687872,-0.010903284898687872,9.183793336919877e-07,-9.183793336919877e-07,7.774768582029687e-08,-7.774768582029687e-08
2018,12,FO,p257,incipient,0.011843,0,2711.2831500000007,116.41666666666667,11.103362395040905,-11.103362395040905,0.012465383015198936,-0.012465383015198936,2.3987145603143745e-11,-2.3987145603143745e-11,1.5935352257084512e-07,-1.5935352257084512e-07
2018,12,FO,p461,incipient,0.02132,0,1184.1486,283.4166666666667,6.545037026533254,-6.545037026533254,0.005351474998344132,-0.005351474998344132,1.3247772990832019e-06,-1.3247772990832019e-06,2.7970010233303096e-07,-2.7970010233303096e-07
2018,12,FO,p232,incipient,0.020108,1,,,5.228363508874409,-5.228363508874409,0.010429260270052856,-0.010429260270052856,2.6547970693346912e-05,-2.6547970693346912e-05,2.5483136227346763e-07,-2.5483136227346763e-07
2018,12,FO,p427,incipient,0.0090731,0,1483.6390999999999,13.083333333333334,5.261939316500232,-5.261939316500232,0.0113279861050788,-0.0113279861050788,7.321431504525577e-05,-7.321431504525577e-05,1.0927374773326372e-07,-1.0927374773326372e-07
2018,12,FO,p673,abrupt,0.022916,0,1926.3369499999997,126.66666666666667,8.960731797309826,-8.960731797309826,0.013274469357075498,-0.013274469357075498,8.912390849769025e-07,-8.912390849769025e-07,1.686809667473963e-07,-1.686809667473963e-07
2018,12,FO,p810,incipient,0.010028,0,896.4460499999999,258.1666666666667,9.034164699831047,-9.034164699831047,0.006565235613221286,-0.006565235613221286,3.906066481262904e-06,-3.906066481262904e-06,1.7603773078969382e-07,-1.7603773078969382e-07
2018,12,FO,p628,incipient,0.022318,0,2087.2331500000005,219.41666666666666,5.912836043329092,-5.912836043329092,0.010099741708046528,-0.010099741708046528,1.9448164001456547e-06,-1.9448164001456547e-06,2.3056812873915866e-07,-2.3056812873915866e-07
2018,12,FO,p538,abrupt,0.021731,0,494.73605,11.666666666666666,6.8528598183077705,-6.8528598183077705,0.00592481887953174,-0.00592481887953174,5.584597296826033e-07,-5.584597296826033e-07,2.2049167349465617e-07,-2.2049167349465617e-07
2018,12,FO,p866,abrupt,0.018108,0,173.50234999999998,22.666666666666668,16.619922087707565,-16.619922087707565,0.006959360302648605,-0.006959360302648605,0.00036828790420151414,-0.00036828790420151414,2.2528878202295518e-07,-2.2528878202295518e-07
2018,12,FO,p31,incipient,0.016389,0,1202.0454499999996,222.5,11.135988620537653,-11.135988620537653,0.012360438189519105,-0.012360438189519105,4.400736575149722e-07,-4.400736575149722e-07,1.16617607127873e-07,-1.16617607127873e-07
2018,12,FO,p654,incipient,0.0087735,0,507.46810000000005,271.3333333333333,5.781656397124142,-5.781656397124142,0.010194829313252003,-0.010194829313252003,4.826133026547552e-08,-4.826133026547552e-08,1.9089529875478247e-07,-1.9089529875478247e-07
2018,12,FO,p183,abrupt,0.015853,0,767.18975,288.9166666666667,8.975484167187274,-8.975484167187274,0.006381154853289422,-0.006381154853289422,1.6253780992236955e-06,-1.6253780992236955e-06,1.1606837369772941e-07,-1.1606837369772941e-07
2018,12,FO,p158,abrupt,0.019364,0,552.6478,29.083333333333332,6.123214681603483,-6.123214681603483,0.008732186558611006,-0.008732186558611006,7.559771575404994e-07,-7.559771575404994e-07,3.6099932109750137e-07,-3.6099932109750137e-07
2018,12,FO,p369,abrupt,0.019363,0,1098.6712499999996,189.75,6.473384806358562,-6.473384806358562,0.012652368165858253,-0.012652368165858253,0.0001089658377564362,-0.0001089658377564362,4.577091020499784e-07,-4.577091020499784e-07
2018,12,D_optimal_bayesian,p257,incipient,0.011843,0,478.29389999999995,116.83333333333333,27.113118281151092,-27.113118281151092,0.01835130638392207,-0.01835130638392207,0.005745430474662139,-0.005745430474662139,1.0796396563161449e-07,-1.0796396563161449e-07
2018,12,D_optimal_bayesian,p461,incipient,0.02132,0,1703.5344500000003,198.25,8.939126913556372,-8.939126913556372,0.005962671655861023,-0.005962671655861023,0.00023216705521444947,-0.00023216705521444947,5.441309629052924e-07,-5.441309629052924e-07
2018,12,D_optimal_bayesian,p232,incipient,0.020108,0,1635.2353500000004,178.5,4.8910043167845245,-4.8910043167845245,0.008004423964359101,-0.008004423964359101,1.3895832542742959e-05,-1.3895832542742959e-05,3.5052936128446407e-07,-3.5052936128446407e-07
2018,12,D_optimal_bayesian,p427,incipient,0.0090731,0,1293.8062,29.0,5.04771002466793,-5.04771002466793,0.008694058020122752,-0.008694058020122752,8.509800330325223e-05,-8.509800330325223e-05,3.242327685458548e-08,-3.242327685458548e-08
2018,12,D_optimal_bayesian,p673,abrupt,0.022916,0,1505.47055,192.83333333333334,8.960731797309826,-8.960731797309826,0.01183430678507147,-0.01183430678507147,8.728575257022086e-07,-8.728575257022086e-07,9.937374162845404e-08,-9.937374162845404e-08
2018,12,D_optimal_bayesian,p810,incipient,0.010028,0,1383.2828000000002,57.5,9.44115358585011,-9.44115358585011,0.007590851803562312,-0.007590851803562312,1.3865380386834936e-05,-1.3865380386834936e-05,1.4400422131737457e-07,-1.4400422131737457e-07
2018,12,D_optimal_bayesian,p628,incipient,0.022318,0,375.73870000000005,210.58333333333334,5.980954703215131,-5.980954703215131,0.008120927513272026,-0.008120927513272026,3.7021664657355124e-05,-3.7021664657355124e-05,2.8051292350560776e-07,-2.8051292350560776e-07
2018,12,D_optimal_bayesian,p538,abrupt,0.021731,0,2471.5548500000004,11.0,7.224190281887509,-7.224190281887509,0.00554743516584102,-0.00554743516584102,9.131134709428057e-05,-9.131134709428057e-05,3.7266637974804895e-07,-3.7266637974804895e-07
2018,12,D_optimal_bayesian,p866,abrupt,0.018108,0,173.50234999999998,22.666666666666668,16.619922087707565,-16.619922087707565,0.006944241488843823,-0.006944241488843823,6.23026671018323e-05,-6.23026671018323e-05,4.060344199709098e-07,-4.060344199709098e-07
2018,12,D_optimal_bayesian,p31,incipient,0.016389,0,1245.8509,170.75,29.134623536404806,-29.134623536404806,0.012002283770324315,-0.012002283770324315,1.691618925647731e-05,-1.691618925647731e-05,1.1051130852724772e-07,-1.1051130852724772e-07
2018,12,D_optimal_bayesian,p654,incipient,0.0087735,0,1859.88875,201.83333333333334,7.506284102664712,-7.506284102664712,0.00914319866491156,-0.00914319866491156,0.0005615695791816311,-0.0005615695791816311,3.0324259778949215e-07,-3.0324259778949215e-07
2018,12,D_optimal_bayesian,p183,abrupt,0.015853,0,767.18975,162.66666666666666,11.656379519250693,-11.656379519250693,0.008325548842738515,-0.008325548842738515,0.0004769104949282621,-0.0004769104949282621,1.9547970964126774e-07,-1.9547970964126774e-07
2018,12,D_optimal_bayesian,p158,abrupt,0.019364,0,552.6478,29.083333333333332,6.134092790498432,-6.134092790498432,0.007568409149975431,-0.007568409149975431,9.513825359741546e-07,-9.513825359741546e-07,4.150654285730981e-07,-4.150654285730981e-07
2018,12,D_optimal_bayesian,p369,abrupt,0.019363,0,1178.5248500000002,1.5,6.473384806358562,-6.473384806358562,0.010092009314861832,-0.010092009314861832,0.00013702419912131614,-0.00013702419912131614,5.060620985865834e-07,-5.060620985865834e-07
2018,12,A_optimal_bayesian,p257,incipient,0.011843,0,478.29389999999995,116.41666666666667,27.113118281151092,-27.113118281151092,0.017982844906343085,-0.017982844906343085,0.0055314740898426695,-0.0055314740898426695,1.5418337656654094e-07,-1.5418337656654094e-07
2018,12,A_optimal_bayesian,p461,incipient,0.02132,0,1543.1136500000002,198.25,8.939126913556372,-8.939126913556372,0.006068967188759614,-0.006068967188759614,0.000225007231260399,-0.000225007231260399,5.275259469743426e-07,-5.275259469743426e-07
2018,12,A_optimal_bayesian,p232,incipient,0.020108,0,1635.2353500000004,178.5,4.8910043167845245,-4.8910043167845245,0.007983222648163089,-0.007983222648163089,1.570590273725081e-05,-1.570590273725081e-05,2.2742402223772484e-07,-2.2742402223772484e-07
2018,12,A_optimal_bayesian,p427,incipient,0.0090731,0,1293.8062,29.0,5.04771002466793,-5.04771002466793,0.008403064433309326,-0.008403064433309326,8.039975555718115e-05,-8.039975555718115e-05,1.332529370472354e-07,-1.332529370472354e-07
2018,12,A_optimal_bayesian,p673,abrupt,0.022916,0,1519.92515,126.66666666666667,8.960731797309826,-8.960731797309826,0.0118855888717131,-0.0118855888717131,9.02343679443085e-07,-9.02343679443085e-07,1.1306080442141841e-07,-1.1306080442141841e-07
2018,12,A_optimal_bayesian,p810,incipient,0.010028,0,1383.2828000000002,57.5,9.44115358585011,-9.44115358585011,0.006949753357579001,-0.006949753357579001,1.4104421349303564e-05,-1.4104421349303564e-05,2.0335901544341557e-07,-2.0335901544341557e-07
2018,12,A_optimal_bayesian,p628,incipient,0.022318,0,375.73870000000005,210.58333333333334,5.980954703215131,-5.980954703215131,0.008138753960715145,-0.008138753960715145,3.4458957453464834e-05,-3.4458957453464834e-05,3.8914648162767636e-07,-3.8914648162767636e-07
2018,12,A_optimal_bayesian,p538,abrupt,0.021731,0,2471.5548500000004,10.333333333333334,7.224190281887509,-7.224190281887509,0.005684393149203047,-0.005684393149203047,9.187860317738661e-05,-9.187860317738661e-05,4.0789895506529593e-07,-4.0789895506529593e-07
2018,12,A_optimal_bayesian,p866,abrupt,0.018108,0,173.50234999999998,22.666666666666668,16.619922087707565,-16.619922087707565,0.006758534349637064,-0.006758534349637064,6.732817581345252e-05,-6.732817581345252e-05,4.5926238925982443e-07,-4.5926238925982443e-07
2018,12,A_optimal_bayesian,p31,incipient,0.016389,0,1245.8509,170.75,29.134623536404806,-29.134623536404806,0.01141666655166351,-0.01141666655166351,1.821532288026617e-05,-1.821532288026617e-05,1.0074129314265094e-07,-1.0074129314265094e-07
2018,12,A_optimal_bayesian,p654,incipient,0.0087735,0,1859.88875,201.83333333333334,7.506284102664712,-7.506284102664712,0.009150461179458936,-0.009150461179458936,0.0005654702003752288,-0.0005654702003752288,3.817433409882114e-07,-3.817433409882114e-07
2018,12,A_optimal_bayesian,p183,abrupt,0.015853,0,781.64435,162.66666666666666,11.656379519250693,-11.656379519250693,0.00781387343409345,-0.00781387343409345,0.0005160514330291299,-0.0005160514330291299,1.546993484412417e-07,-1.546993484412417e-07
2018,12,A_optimal_bayesian,p158,abrupt,0.019364,0,109.7696,12.583333333333334,9.244042356147576,-9.244042356147576,0.008824641982558414,-0.008824641982558414,0.0005127877674047099,-0.0005127877674047099,2.075990681599381e-07,-2.075990681599381e-07
2018,12,A_optimal_bayesian,p369,abrupt,0.019363,0,916.6190000000001,116.33333333333333,6.473384806358562,-6.473384806358562,0.009668862583495096,-0.009668862583495096,0.00016046447204276504,-0.00016046447204276504,4.665219208737629e-07,-4.665219208737629e-07
2018,12,E_optimal_observable_subspace,p257,incipient,0.011843,0,478.29389999999995,116.41666666666667,27.113118281151092,-27.113118281151092,0.017982844906343085,-0.017982844906343085,0.0055314740898426695,-0.0055314740898426695,1.5418337656654094e-07,-1.5418337656654094e-07
2018,12,E_optimal_observable_subspace,p461,incipient,0.02132,0,1543.1136500000002,198.25,8.939126913556372,-8.939126913556372,0.006068967188759614,-0.006068967188759614,0.000225007231260399,-0.000225007231260399,5.275259469743426e-07,-5.275259469743426e-07
2018,12,E_optimal_observable_subspace,p232,incipient,0.020108,0,1635.2353500000004,178.5,4.8910043167845245,-4.8910043167845245,0.007983222648163089,-0.007983222648163089,1.570590273725081e-05,-1.570590273725081e-05,2.2742402223772484e-07,-2.2742402223772484e-07
2018,12,E_optimal_observable_subspace,p427,incipient,0.0090731,0,1293.8062,29.0,5.04771002466793,-5.04771002466793,0.008403064433309326,-0.008403064433309326,8.039975555718115e-05,-8.039975555718115e-05,1.332529370472354e-07,-1.332529370472354e-07
2018,12,E_optimal_observable_subspace,p673,abrupt,0.022916,0,1519.92515,126.66666666666667,8.960731797309826,-8.960731797309826,0.0118855888717131,-0.0118855888717131,9.02343679443085e-07,-9.02343679443085e-07,1.1306080442141841e-07,-1.1306080442141841e-07
2018,12,E_optimal_observable_subspace,p810,incipient,0.010028,0,1383.2828000000002,57.5,9.44115358585011,-9.44115358585011,0.006949753357579001,-0.006949753357579001,1.4104421349303564e-05,-1.4104421349303564e-05,2.0335901544341557e-07,-2.0335901544341557e-07
2018,12,E_optimal_observable_subspace,p628,incipient,0.022318,0,375.73870000000005,210.58333333333334,5.980954703215131,-5.980954703215131,0.008138753960715145,-0.008138753960715145,3.4458957453464834e-05,-3.4458957453464834e-05,3.8914648162767636e-07,-3.8914648162767636e-07
2018,12,E_optimal_observable_subspace,p538,abrupt,0.021731,0,2471.5548500000004,10.333333333333334,7.224190281887509,-7.224190281887509,0.005684393149203047,-0.005684393149203047,9.187860317738661e-05,-9.187860317738661e-05,4.0789895506529593e-07,-4.0789895506529593e-07
2018,12,E_optimal_observable_subspace,p866,abrupt,0.018108,0,173.50234999999998,22.666666666666668,16.619922087707565,-16.619922087707565,0.006758534349637064,-0.006758534349637064,6.732817581345252e-05,-6.732817581345252e-05,4.5926238925982443e-07,-4.5926238925982443e-07
2018,12,E_optimal_observable_subspace,p31,incipient,0.016389,0,1245.8509,170.75,29.134623536404806,-29.134623536404806,0.01141666655166351,-0.01141666655166351,1.821532288026617e-05,-1.821532288026617e-05,1.0074129314265094e-07,-1.0074129314265094e-07
2018,12,E_optimal_observable_subspace,p654,incipient,0.0087735,0,1859.88875,201.83333333333334,7.506284102664712,-7.506284102664712,0.009150461179458936,-0.009150461179458936,0.0005654702003752288,-0.0005654702003752288,3.817433409882114e-07,-3.817433409882114e-07
2018,12,E_optimal_observable_subspace,p183,abrupt,0.015853,0,781.64435,162.66666666666666,11.656379519250693,-11.656379519250693,0.00781387343409345,-0.00781387343409345,0.0005160514330291299,-0.0005160514330291299,1.546993484412417e-07,-1.546993484412417e-07
2018,12,E_optimal_observable_subspace,p158,abrupt,0.019364,0,109.7696,12.583333333333334,9.244042356147576,-9.244042356147576,0.008824641982558414,-0.008824641982558414,0.0005127877674047099,-0.0005127877674047099,2.075990681599381e-07,-2.075990681599381e-07
2018,12,E_optimal_observable_subspace,p369,abrupt,0.019363,0,916.6190000000001,116.33333333333333,6.473384806358562,-6.473384806358562,0.009668862583495096,-0.009668862583495096,0.00016046447204276504,-0.00016046447204276504,4.665219208737629e-07,-4.665219208737629e-07
2018,12,bayesian_information_gain,p257,incipient,0.011843,0,478.29389999999995,116.83333333333333,27.113118281151092,-27.113118281151092,0.01835130638392207,-0.01835130638392207,0.005745430474662139,-0.005745430474662139,1.0796396563161449e-07,-1.0796396563161449e-07
2018,12,bayesian_information_gain,p461,incipient,0.02132,0,1703.5344500000003,198.25,8.939126913556372,-8.939126913556372,0.005962671655861023,-0.005962671655861023,0.00023216705521444947,-0.00023216705521444947,5.441309629052924e-07,-5.441309629052924e-07
2018,12,bayesian_information_gain,p232,incipient,0.020108,0,1635.2353500000004,178.5,4.8910043167845245,-4.8910043167845245,0.008004423964359101,-0.008004423964359101,1.3895832542742959e-05,-1.3895832542742959e-05,3.5052936128446407e-07,-3.5052936128446407e-07
2018,12,bayesian_information_gain,p427,incipient,0.0090731,0,1293.8062,29.0,5.04771002466793,-5.04771002466793,0.008694058020122752,-0.008694058020122752,8.509800330325223e-05,-8.509800330325223e-05,3.242327685458548e-08,-3.242327685458548e-08
2018,12,bayesian_information_gain,p673,abrupt,0.022916,0,1505.47055,192.83333333333334,8.960731797309826,-8.960731797309826,0.01183430678507147,-0.01183430678507147,8.728575257022086e-07,-8.728575257022086e-07,9.937374162845404e-08,-9.937374162845404e-08
2018,12,bayesian_information_gain,p810,incipient,0.010028,0,1383.2828000000002,57.5,9.44115358585011,-9.44115358585011,0.007590851803562312,-0.007590851803562312,1.3865380386834936e-05,-1.3865380386834936e-05,1.4400422131737457e-07,-1.4400422131737457e-07
2018,12,bayesian_information_gain,p628,incipient,0.022318,0,375.73870000000005,210.58333333333334,5.980954703215131,-5.980954703215131,0.008120927513272026,-0.008120927513272026,3.7021664657355124e-05,-3.7021664657355124e-05,2.8051292350560776e-07,-2.8051292350560776e-07
2018,12,bayesian_information_gain,p538,abrupt,0.021731,0,2471.5548500000004,11.0,7.224190281887509,-7.224190281887509,0.00554743516584102,-0.00554743516584102,9.131134709428057e-05,-9.131134709428057e-05,3.7266637974804895e-07,-3.7266637974804895e-07
2018,12,bayesian_information_gain,p866,abrupt,0.018108,0,173.50234999999998,22.666666666666668,16.619922087707565,-16.619922087707565,0.006944241488843823,-0.006944241488843823,6.23026671018323e-05,-6.23026671018323e-05,4.060344199709098e-07,-4.060344199709098e-07
2018,12,bayesian_information_gain,p31,incipient,0.016389,0,1245.8509,170.75,29.134623536404806,-29.134623536404806,0.012002283770324315,-0.012002283770324315,1.691618925647731e-05,-1.691618925647731e-05,1.1051130852724772e-07,-1.1051130852724772e-07
2018,12,bayesian_information_gain,p654,incipient,0.0087735,0,1859.88875,201.83333333333334,7.506284102664712,-7.506284102664712,0.00914319866491156,-0.00914319866491156,0.0005615695791816311,-0.0005615695791816311,3.0324259778949215e-07,-3.0324259778949215e-07
2018,12,bayesian_information_gain,p183,abrupt,0.015853,0,767.18975,162.66666666666666,11.656379519250693,-11.656379519250693,0.008325548842738515,-0.008325548842738515,0.0004769104949282621,-0.0004769104949282621,1.9547970964126774e-07,-1.9547970964126774e-07
2018,12,bayesian_information_gain,p158,abrupt,0.019364,0,552.6478,29.083333333333332,6.134092790498432,-6.134092790498432,0.007568409149975431,-0.007568409149975431,9.513825359741546e-07,-9.513825359741546e-07,4.150654285730981e-07,-4.150654285730981e-07
2018,12,bayesian_information_gain,p369,abrupt,0.019363,0,1178.5248500000002,1.5,6.473384806358562,-6.473384806358562,0.010092009314861832,-0.010092009314861832,0.00013702419912131614,-0.00013702419912131614,5.060620985865834e-07,-5.060620985865834e-07
2018,12,D_optimal_rank_reduced,p257,incipient,0.011843,0,868.8543000000001,61.416666666666664,22.05486644072306,-22.05486644072306,0.018190605974609465,-0.018190605974609465,0.005760695496263235,-0.005760695496263235,9.695748885072773e-08,-9.695748885072773e-08
2018,12,D_optimal_rank_reduced,p461,incipient,0.02132,0,1703.5344500000003,198.25,10.221501026023477,-10.221501026023477,0.0072367711921502145,-0.0072367711921502145,0.0001532410842897125,-0.0001532410842897125,2.11385480671901e-07,-2.11385480671901e-07
2018,12,D_optimal_rank_reduced,p232,incipient,0.020108,0,1683.2430500000007,193.83333333333334,5.084960378085843,-5.084960378085843,0.007774057703902253,-0.007774057703902253,2.0598864487020307e-05,-2.0598864487020307e-05,2.130102522717025e-07,-2.130102522717025e-07
2018,12,D_optimal_rank_reduced,p427,incipient,0.0090731,0,700.6166499999998,58.083333333333336,5.261939316500232,-5.261939316500232,0.009051276807740339,-0.009051276807740339,5.821794036953154e-05,-5.821794036953154e-05,1.8594784504083865e-07,-1.8594784504083865e-07
2018,12,D_optimal_rank_reduced,p673,abrupt,0.022916,0,2054.79635,269.5833333333333,4.051518487728212,-4.051518487728212,0.007607730735615288,-0.007607730735615288,4.4176019731168026e-08,-4.4176019731168026e-08,1.0999651023035245e-07,-1.0999651023035245e-07
2018,12,D_optimal_rank_reduced,p810,incipient,0.010028,0,1082.3197999999998,151.83333333333334,9.44115358585011,-9.44115358585011,0.008416704719196774,-0.008416704719196774,1.2752297155582681e-05,-1.2752297155582681e-05,2.2548687657752267e-07,-2.2548687657752267e-07
2018,12,D_optimal_rank_reduced,p628,incipient,0.022318,0,2087.2331500000005,268.9166666666667,6.0118627447214,-6.0118627447214,0.0076191980952388895,-0.0076191980952388895,1.7893099729437978e-05,-1.7893099729437978e-05,2.786467988731516e-07,-2.786467988731516e-07
2018,12,D_optimal_rank_reduced,p538,abrupt,0.021731,0,436.8189,60.083333333333336,6.958350812055903,-6.958350812055903,0.006177706755756187,-0.006177706755756187,8.524336907411723e-05,-8.524336907411723e-05,3.8102540893275346e-07,-3.8102540893275346e-07
2018,12,D_optimal_rank_reduced,p866,abrupt,0.018108,0,255.86605,69.83333333333333,9.555611373929874,-9.555611373929874,0.006163351156829722,-0.006163351156829722,3.140292005454626e-05,-3.140292005454626e-05,2.9608580424566907e-07,-2.9608580424566907e-07
2018,12,D_optimal_rank_reduced,p31,incipient,0.016389,0,446.2005,43.5,15.512063337561457,-15.512063337561457,0.011671931959642473,-0.011671931959642473,1.1731952082705277e-05,-1.1731952082705277e-05,7.254534476499272e-08,-7.254534476499272e-08
2018,12,D_optimal_rank_reduced,p654,incipient,0.0087735,0,1788.30445,78.91666666666667,5.820847794750078,-5.820847794750078,0.00765943356618998,-0.00765943356618998,2.7095790833264743e-08,-2.7095790833264743e-08,1.4688105671275464e-07,-1.4688105671275464e-07
2018,12,D_optimal_rank_reduced,p183,abrupt,0.015853,0,767.18975,86.16666666666667,11.656379519250693,-11.656379519250693,0.009272319121193886,-0.009272319121193886,0.0006299682420436437,-0.0006299682420436437,1.9546065838879396e-07,-1.9546065838879396e-07
2018,12,D_optimal_rank_reduced,p158,abrupt,0.019364,0,256.51494999999994,42.416666666666664,6.134092790498432,-6.134092790498432,0.0075631717973334905,-0.0075631717973334905,1.1095580555453566e-06,-1.1095580555453566e-06,1.035871374348801e-07,-1.035871374348801e-07
2018,12,D_optimal_rank_reduced,p369,abrupt,0.019363,0,1130.5171500000001,1.5,6.473384806358562,-6.473384806358562,0.010611481424287392,-0.010611481424287392,0.00010781946189353242,-0.00010781946189353242,2.932054814745862e-07,-2.932054814745862e-07
2018,12,A_optimal_rank_reduced,p257,incipient,0.011843,0,2752.5967000000014,114.0,22.05486644072306,-22.05486644072306,0.017575831190858378,-0.017575831190858378,0.005361776073458668,-0.005361776073458668,7.074367063181192e-08,-7.074367063181192e-08
2018,12,A_optimal_rank_reduced,p461,incipient,0.02132,0,1703.5344500000003,198.25,10.221501026023477,-10.221501026023477,0.007095115695396642,-0.007095115695396642,0.0001680449383384408,-0.0001680449383384408,2.5050388629512204e-07,-2.5050388629512204e-07
2018,12,A_optimal_rank_reduced,p232,incipient,0.020108,1,,,5.083109247523073,-5.083109247523073,0.008112006564908776,-0.008112006564908776,3.266452062666847e-05,-3.266452062666847e-05,3.6688898352840683e-07,-3.6688898352840683e-07
2018,12,A_optimal_rank_reduced,p427,incipient,0.0090731,0,1469.3974000000003,154.33333333333334,5.04771002466793,-5.04771002466793,0.008538240912348767,-0.008538240912348767,7.96726200145148e-05,-7.96726200145148e-05,1.265927119110709e-07,-1.265927119110709e-07
2018,12,A_optimal_rank_reduced,p673,abrupt,0.022916,0,66.32135,23.416666666666668,8.960731797309826,-8.960731797309826,0.01209228717010426,-0.01209228717010426,9.685800917980103e-07,-9.685800917980103e-07,1.0347756534090129e-07,-1.0347756534090129e-07
2018,12,A_optimal_rank_reduced,p810,incipient,0.010028,0,3134.9808999999996,151.83333333333334,9.44115358585011,-9.44115358585011,0.008621988156497357,-0.008621988156497357,1.3151507867403822e-05,-1.3151507867403822e-05,4.5858320628724253e-07,-4.5858320628724253e-07
2018,12,A_optimal_rank_reduced,p628,incipient,0.022318,0,198.5745,190.25,6.338889512170365,-6.338889512170365,0.008237952447190859,-0.008237952447190859,5.8746488681760134e-05,-5.8746488681760134e-05,2.210462598896811e-07,-2.210462598896811e-07
2018,12,A_optimal_rank_reduced,p538,abrupt,0.021731,0,1881.9792500000003,158.41666666666666,6.958350812055903,-6.958350812055903,0.006052829206544045,-0.006052829206544045,0.00010817890051284529,-0.00010817890051284529,5.37570789108523e-07,-5.37570789108523e-07
2018,12,A_optimal_rank_reduced,p866,abrupt,0.018108,0,1063.7037,161.08333333333334,5.845553044036895,-5.845553044036895,0.005513692337774007,-0.005513692337774007,1.452431188320169e-05,-1.452431188320169e-05,4.7676097806915917e-07,-4.7676097806915917e-07
2018,12,A_optimal_rank_reduced,p31,incipient,0.016389,0,388.6891499999999,43.5,15.512063337561457,-15.512063337561457,0.010666358908019124,-0.010666358908019124,1.1703805373741716e-05,-1.1703805373741716e-05,1.621743560812641e-07,-1.621743560812641e-07
2018,12,A_optimal_rank_reduced,p654,incipient,0.0087735,0,1788.30445,78.91666666666667,6.051224740300737,-6.051224740300737,0.008198500395007267,-0.008198500395007267,3.679223392616393e-08,-3.679223392616393e-08,1.98716098495406e-07,-1.98716098495406e-07
2018,12,A_optimal_rank_reduced,p183,abrupt,0.015853,0,767.18975,86.16666666666667,11.656379519250693,-11.656379519250693,0.009330704779047447,-0.009330704779047447,0.00044481499466786367,-0.00044481499466786367,3.29510692581908e-07,-3.29510692581908e-07
2018,12,A_optimal_rank_reduced,p158,abrupt,0.019364,0,109.7696,12.583333333333334,9.244042356147576,-9.244042356147576,0.009439682373634352,-0.009439682373634352,0.0005852480589771947,-0.0005852480589771947,4.0542960236699395e-07,-4.0542960236699395e-07
2018,12,A_optimal_rank_reduced,p369,abrupt,0.019363,0,1879.2928,160.16666666666666,6.473384806358562,-6.473384806358562,0.009733836182331493,-0.009733836182331493,0.00017042227842600788,-0.00017042227842600788,1.8803723634532296e-07,-1.8803723634532296e-07
2018,12,E_optimal_rank_reduced,p257,incipient,0.011843,0,1728.8004500000006,135.5,22.05486644072306,-22.05486644072306,0.017030089580904174,-0.017030089580904174,0.005076703579059871,-0.005076703579059871,7.41373462375907e-08,-7.41373462375907e-08
2018,12,E_optimal_rank_reduced,p461,incipient,0.02132,0,2022.2249500000007,198.25,10.221501026023477,-10.221501026023477,0.008164184911137656,-0.008164184911137656,0.0003636426397800596,-0.0003636426397800596,2.462974758009908e-07,-2.462974758009908e-07
2018,12,E_optimal_rank_reduced,p232,incipient,0.020108,0,1740.0277000000008,178.5,5.083109247523073,-5.083109247523073,0.007741452469987348,-0.007741452469987348,2.616076240480325e-05,-2.616076240480325e-05,3.329602722963174e-07,-3.329602722963174e-07
2018,12,E_optimal_rank_reduced,p427,incipient,0.0090731,0,1555.7120500000003,33.5,5.04771002466793,-5.04771002466793,0.00825248627807207,-0.00825248627807207,5.8224790184580044e-05,-5.8224790184580044e-05,1.9065384057947023e-07,-1.9065384057947023e-07
2018,12,E_optimal_rank_reduced,p673,abrupt,0.022916,0,1505.47055,194.08333333333334,3.892943264906753,-3.892943264906753,0.00712287608360465,-0.00712287608360465,4.192992464346901e-08,-4.192992464346901e-08,1.1955821334357363e-07,-1.1955821334357363e-07
2018,12,E_optimal_rank_reduced,p810,incipient,0.010028,0,3134.9808999999996,151.83333333333334,9.44115358585011,-9.44115358585011,0.007855317585650792,-0.007855317585650792,1.3557281671738863e-05,-1.3557281671738863e-05,2.0025125223718751e-07,-2.0025125223718751e-07
2018,12,E_optimal_rank_reduced,p628,incipient,0.022318,0,2087.2331500000005,217.91666666666666,6.338889512170365,-6.338889512170365,0.007911402555363796,-0.007911402555363796,5.738383734676944e-05,-5.738383734676944e-05,2.130265920732133e-07,-2.130265920732133e-07
2018,12,E_optimal_rank_reduced,p538,abrupt,0.021731,0,2471.5548500000004,11.666666666666666,7.490237668399216,-7.490237668399216,0.006724269459284071,-0.006724269459284071,7.947077660097612e-05,-7.947077660097612e-05,4.666044199782068e-07,-4.666044199782068e-07
2018,12,E_optimal_rank_reduced,p866,abrupt,0.018108,0,3024.70735,23.0,5.845553044036895,-5.845553044036895,0.0050528514482482585,-0.0050528514482482585,1.7137239117781533e-05,-1.7137239117781533e-05,3.421778550024564e-07,-3.421778550024564e-07
2018,12,E_optimal_rank_reduced,p31,incipient,0.016389,0,1334.5836000000002,43.5,15.218512143715426,-15.218512143715426,0.01015721843415854,-0.01015721843415854,3.860638540742478e-06,-3.860638540742478e-06,1.1195732400170361e-07,-1.1195732400170361e-07
2018,12,E_optimal_rank_reduced,p654,incipient,0.0087735,0,1748.5272000000002,61.416666666666664,6.051224740300737,-6.051224740300737,0.00784542236634453,-0.00784542236634453,2.5488946286955638e-08,-2.5488946286955638e-08,1.6710576551305255e-07,-1.6710576551305255e-07
2018,12,E_optimal_rank_reduced,p183,abrupt,0.015853,0,767.18975,86.16666666666667,11.656379519250693,-11.656379519250693,0.00870391437509092,-0.00870391437509092,0.000493898843812568,-0.000493898843812568,2.609136673041797e-07,-2.609136673041797e-07
2018,12,E_optimal_rank_reduced,p158,abrupt,0.019364,0,201.83139999999997,42.416666666666664,6.134092790498432,-6.134092790498432,0.007064063421307906,-0.007064063421307906,8.773082036395152e-07,-8.773082036395152e-07,2.537754923865298e-07,-2.537754923865298e-07
2018,12,E_optimal_rank_reduced,p369,abrupt,0.019363,0,1130.5171500000001,1.5,6.473384806358562,-6.473384806358562,0.009804688265149658,-0.009804688265149658,0.00010440018128066164,-0.00010440018128066164,2.125796103770837e-07,-2.125796103770837e-07
2018,12,goal_oriented_oed,p257,incipient,0.011843,0,2845.6240000000016,114.0,27.113118281151092,-27.113118281151092,0.01700114311186711,-0.01700114311186711,0.004920741878489343,-0.004920741878489343,3.918067874281143e-08,-3.918067874281143e-08
2018,12,goal_oriented_oed,p461,incipient,0.02132,0,1448.0241500000004,198.25,8.939126913556372,-8.939126913556372,0.005086802005651686,-0.005086802005651686,2.5770906628697077e-06,-2.5770906628697077e-06,1.22439666489193e-07,-1.22439666489193e-07
2018,12,goal_oriented_oed,p232,incipient,0.020108,0,1740.0277000000008,178.5,5.083109247523073,-5.083109247523073,0.008529034995810366,-0.008529034995810366,3.2925381835080536e-05,-3.2925381835080536e-05,4.129882594324449e-07,-4.129882594324449e-07
2018,12,goal_oriented_oed,p427,incipient,0.0090731,0,1359.2452,29.0,4.482236741503616,-4.482236741503616,0.008297966141192218,-0.008297966141192218,1.561520889081791e-05,-1.561520889081791e-05,2.421746080889917e-07,-2.421746080889917e-07
2018,12,goal_oriented_oed,p673,abrupt,0.022916,0,1945.4259499999996,192.83333333333334,8.960731797309826,-8.960731797309826,0.012341398529467229,-0.012341398529467229,9.869362941339332e-07,-9.869362941339332e-07,6.673156295245171e-08,-6.673156295245171e-08
2018,12,goal_oriented_oed,p810,incipient,0.010028,0,1383.2828000000002,57.5,9.44115358585011,-9.44115358585011,0.009269727824101794,-0.009269727824101794,1.1465583469760787e-05,-1.1465583469760787e-05,1.9899409338174238e-07,-1.9899409338174238e-07
2018,12,goal_oriented_oed,p628,incipient,0.022318,0,328.26145,210.58333333333334,6.338889512170365,-6.338889512170365,0.008848500074185308,-0.008848500074185308,7.602960852903795e-05,-7.602960852903795e-05,1.868661102358643e-07,-1.868661102358643e-07
2018,12,goal_oriented_oed,p538,abrupt,0.021731,0,513.8250499999999,10.333333333333334,7.224190281887509,-7.224190281887509,0.005096143581857094,-0.005096143581857094,2.9321508397961438e-06,-2.9321508397961438e-06,1.3627842829575142e-07,-1.3627842829575142e-07
2018,12,goal_oriented_oed,p866,abrupt,0.018108,0,355.83065,18.5,5.845553044036895,-5.845553044036895,0.0059680723336935975,-0.0059680723336935975,1.5721550822744845e-05,-1.5721550822744845e-05,2.1736160366619589e-07,-2.1736160366619589e-07
2018,12,goal_oriented_oed,p31,incipient,0.016389,0,194.2245,43.5,29.134623536404806,-29.134623536404806,0.01017232562025373,-0.01017232562025373,1.65618241558807e-05,-1.65618241558807e-05,1.0595806744514523e-07,-1.0595806744514523e-07
2018,12,goal_oriented_oed,p654,incipient,0.0087735,0,1740.1560499999998,78.91666666666667,7.506284102664712,-7.506284102664712,0.009758539139269074,-0.009758539139269074,0.000563022034721361,-0.000563022034721361,2.1620130536902826e-07,-2.1620130536902826e-07
2018,12,goal_oriented_oed,p183,abrupt,0.015853,0,767.18975,162.66666666666666,11.656379519250693,-11.656379519250693,0.009927341797733242,-0.009927341797733242,0.00040836079505524037,-0.00040836079505524037,5.28104243967887e-07,-5.28104243967887e-07
2018,12,goal_oriented_oed,p158,abrupt,0.019364,0,109.7696,12.583333333333334,9.244042356147576,-9.244042356147576,0.009896590099600288,-0.009896590099600288,0.00058011502208144,-0.00058011502208144,1.812772206422017e-07,-1.812772206422017e-07
2018,12,goal_oriented_oed,p369,abrupt,0.019363,0,920.2284,163.33333333333334,3.9863852242484854,-3.9863852242484854,0.008100585135403033,-0.008100585135403033,5.694794480426424e-08,-5.694794480426424e-08,3.0975364823874627e-07,-3.0975364823874627e-07
2018,12,topological_dispersion,p257,incipient,0.011843,0,2115.9940000000006,135.41666666666666,22.05486644072306,-22.05486644072306,0.0181016691298352,-0.0181016691298352,0.005710336607389621,-0.005710336607389621,1.1909966445801793e-07,-1.1909966445801793e-07
2018,12,topological_dispersion,p461,incipient,0.02132,0,1703.5344500000003,198.25,8.939126913556372,-8.939126913556372,0.006340501148144895,-0.006340501148144895,0.0002066363883949096,-0.0002066363883949096,6.951432219420434e-08,-6.951432219420434e-08
2018,12,topological_dispersion,p232,incipient,0.020108,0,1683.2430500000007,178.5,5.201641434167588,-5.201641434167588,0.008791288133203654,-0.008791288133203654,1.8099473763966145e-05,-1.8099473763966145e-05,3.4291370702201803e-07,-3.4291370702201803e-07
2018,12,topological_dispersion,p427,incipient,0.0090731,0,1293.8062,29.0,5.261939316500232,-5.261939316500232,0.009169578758639055,-0.009169578758639055,4.450387342114226e-05,-4.450387342114226e-05,1.907105071172057e-07,-1.907105071172057e-07
2018,12,topological_dispersion,p673,abrupt,0.022916,0,1894.37555,117.75,13.331334173037677,-13.331334173037677,0.007816024447386114,-0.007816024447386114,7.124956941662042e-06,-7.124956941662042e-06,1.05552388307672e-07,-1.05552388307672e-07
2018,12,topological_dispersion,p810,incipient,0.010028,0,1082.3197999999998,62.083333333333336,9.74532019282626,-9.74532019282626,0.006314063422470094,-0.006314063422470094,6.247416004079298e-06,-6.247416004079298e-06,3.054028897801975e-07,-3.054028897801975e-07
2018,12,topological_dispersion,p628,incipient,0.022318,0,421.74665000000005,210.58333333333334,5.980954703215131,-5.980954703215131,0.00888130571796408,-0.00888130571796408,3.419096449697179e-05,-3.419096449697179e-05,3.276062541721309e-08,-3.276062541721309e-08
2018,12,topological_dispersion,p538,abrupt,0.021731,0,2471.5548500000004,5.75,7.224190281887509,-7.224190281887509,0.0060431979662189245,-0.0060431979662189245,8.90982005624652e-05,-8.90982005624652e-05,2.2614021409677012e-07,-2.2614021409677012e-07
2018,12,topological_dispersion,p866,abrupt,0.018108,0,355.83065,13.833333333333334,5.682691171319137,-5.682691171319137,0.004229479880767793,-0.004229479880767793,6.247416004079298e-06,-6.247416004079298e-06,1.1781570623776358e-07,-1.1781570623776358e-07
2018,12,topological_dispersion,p31,incipient,0.016389,0,2526.809800000001,170.75,15.512063337561457,-15.512063337561457,0.011511056542587102,-0.011511056542587102,1.0505869078913932e-05,-1.0505869078913932e-05,6.961518209992568e-08,-6.961518209992568e-08
2018,12,topological_dispersion,p654,incipient,0.0087735,0,1859.88875,201.83333333333334,7.506284102664712,-7.506284102664712,0.00980618686710215,-0.00980618686710215,0.0005600529558773548,-0.0005600529558773548,2.0547233943192027e-07,-2.0547233943192027e-07
2018,12,topological_dispersion,p183,abrupt,0.015853,0,767.18975,12.333333333333334,9.289465094209067,-9.289465094209067,0.0061706331676562734,-0.0061706331676562734,4.035390144929707e-06,-4.035390144929707e-06,2.9210709302511403e-07,-2.9210709302511403e-07
2018,12,topological_dispersion,p158,abrupt,0.019364,0,425.92485000000005,61.916666666666664,6.347634425958937,-6.347634425958937,0.007053853141064867,-0.007053853141064867,3.4525093038917376e-06,-3.4525093038917376e-06,5.737010526325472e-08,-5.737010526325472e-08
2018,12,topological_dispersion,p369,abrupt,0.019363,0,1235.3095000000003,143.25,6.473384806358562,-6.473384806358562,0.010643822812938184,-0.010643822812938184,0.00010264854882346963,-0.00010264854882346963,1.631964369462122e-07,-1.631964369462122e-07
2018,12,centrality,p257,incipient,0.011843,0,2103.2486500000005,91.66666666666667,11.103362395040905,-11.103362395040905,0.011532374192549811,-0.011532374192549811,3.6300074057749043e-11,-3.6300074057749043e-11,6.5046098541246e-08,-6.5046098541246e-08
2018,12,centrality,p461,incipient,0.02132,0,1485.3151,279.3333333333333,8.862032829835988,-8.862032829835988,0.0064179638818679515,-0.0064179638818679515,4.889282443909515e-06,-4.889282443909515e-06,7.659647423828521e-08,-7.659647423828521e-08
2018,12,centrality,p232,incipient,0.020108,1,,,5.083997326690272,-5.083997326690272,0.01031481061184052,-0.01031481061184052,2.9316960652003843e-05,-2.9316960652003843e-05,2.0474621288837906e-07,-2.0474621288837906e-07
2018,12,centrality,p427,incipient,0.0090731,0,1483.6390999999999,154.33333333333334,5.261939316500232,-5.261939316500232,0.010574315078324155,-0.010574315078324155,7.377159241039877e-05,-7.377159241039877e-05,2.4770418998346743e-07,-2.4770418998346743e-07
2018,12,centrality,p673,abrupt,0.022916,0,66.32135,23.416666666666668,8.960731797309826,-8.960731797309826,0.01305632935845396,-0.01305632935845396,9.422792413005254e-07,-9.422792413005254e-07,1.8840957171221273e-07,-1.8840957171221273e-07
2018,12,centrality,p810,incipient,0.010028,0,653.48875,256.6666666666667,7.864371770899421,-7.864371770899421,0.006721896390338205,-0.006721896390338205,5.283239520315064e-07,-5.283239520315064e-07,1.4901564242805558e-07,-1.4901564242805558e-07
2018,12,centrality,p628,incipient,0.022318,0,421.74665000000005,190.25,6.338889512170365,-6.338889512170365,0.010535395390871696,-0.010535395390871696,6.312691436183293e-05,-6.312691436183293e-05,3.7975368387657297e-07,-3.7975368387657297e-07
2018,12,centrality,p538,abrupt,0.021731,0,439.8968,157.25,7.490237668399216,-7.490237668399216,0.006784871864895975,-0.006784871864895975,1.5947586010645054e-05,-1.5947586010645054e-05,6.292768254695103e-07,-6.292768254695103e-07
2018,12,centrality,p866,abrupt,0.018108,0,1544.2523,224.91666666666666,4.58830215346611,-4.58830215346611,0.004554672265832284,-0.004554672265832284,9.78408678298237e-07,-9.78408678298237e-07,2.441068731876363e-07,-2.441068731876363e-07
2018,12,centrality,p31,incipient,0.016389,0,803.5784000000001,222.5,11.135988620537653,-11.135988620537653,0.011421457215071608,-0.011421457215071608,5.671176794841415e-07,-5.671176794841415e-07,4.379130062848721e-08,-4.379130062848721e-08
2018,12,centrality,p654,incipient,0.0087735,0,1146.9373999999998,271.3333333333333,7.506284102664712,-7.506284102664712,0.01131056149755247,-0.01131056149755247,0.0005007388422691994,-0.0005007388422691994,2.554194207221716e-07,-2.554194207221716e-07
2018,12,centrality,p183,abrupt,0.015853,0,767.18975,288.9166666666667,7.516769493205101,-7.516769493205101,0.006509112191451135,-0.006509112191451135,3.527335157293976e-08,-3.527335157293976e-08,1.0226165000387373e-07,-1.0226165000387373e-07
2018,12,centrality,p158,abrupt,0.019364,0,109.118,38.916666666666664,6.347634425958937,-6.347634425958937,0.008640521355227781,-0.008640521355227781,6.100845828527213e-08,-6.100845828527213e-08,8.683231850086233e-08,-8.683231850086233e-08
2018,12,centrality,p369,abrupt,0.019363,0,1010.1532,140.25,5.291904244534389,-5.291904244534389,0.010903383890621371,-0.010903383890621371,8.37414738663611e-07,-8.37414738663611e-07,9.036680848005246e-08,-9.036680848005246e-08
2019,4,FO,p257,incipient,0.011843,0,1598.01835,403.9166666666667,11.103362395040905,-11.103362395040905,0.01099918486179757,-0.01099918486179757,1.474065314255313e-11,-1.474065314255313e-11,2.9326339721233382e-06,-2.9326339721233382e-06
2019,4,FO,p427,incipient,0.0090731,0,1550.7673500000003,593.4166666666666,5.021238333807325,-5.021238333807325,0.009284903040060973,-0.009284903040060973,8.913697211743177e-05,-8.913697211743177e-05,1.405361695362127e-05,-1.405361695362127e-05
2019,4,FO,p810,incipient,0.010028,0,2276.7086000000004,790.4166666666666,9.034164699831047,-9.034164699831047,0.005889752349415018,-0.005889752349415018,5.56459260370179e-06,-5.56459260370179e-06,1.0821206568963415e-05,-1.0821206568963415e-05
2019,4,FO,p654,incipient,0.0087735,0,1845.43415,1014.9166666666666,5.4348050521249105,-5.4348050521249105,0.007615715976375344,-0.007615715976375344,1.5439780787218638e-08,-1.5439780787218638e-08,9.09043527562631e-06,-9.09043527562631e-06
2019,4,FO,p523,abrupt,0.020246,1,,,6.785273662803534,-6.785273662803534,0.004611528762596779,-0.004611528762596779,1.4462534969617025e-07,-1.4462534969617025e-07,7.3679871437953665e-06,-7.3679871437953665e-06
2019,4,FO,p827,abrupt,0.02025,1,,,9.31240273101837,-9.31240273101837,0.005647799107200674,-0.005647799107200674,9.158675654874493e-06,-9.158675654874493e-06,7.009110663371927e-06,-7.009110663371927e-06
2019,4,FO,p280,abrupt,0.0095008,0,1131.839,1447.6666666666667,11.128476587691672,-11.128476587691672,0.011323363685048403,-0.011323363685048403,3.898282918690654e-09,-3.898282918690654e-09,3.2823848562900476e-06,-3.2823848562900476e-06
2019,4,FO,p653,incipient,0.016035,0,1377.59105,1128.6666666666667,5.4647562254458135,-5.4647562254458135,0.007603476737750244,-0.007603476737750244,5.481458731360078e-09,-5.481458731360078e-09,8.068163522504427e-06,-8.068163522504427e-06
2019,4,FO,p710,abrupt,0.0092936,0,1593.0368000000003,792.5833333333334,6.0880503174723835,-6.0880503174723835,0.007277244226927593,-0.007277244226927593,8.283539884246238e-06,-8.283539884246238e-06,5.5604159852205235e-05,-5.5604159852205235e-05
2019,4,FO,p514,abrupt,0.014979,0,235.8952,785.6666666666666,7.388844689568748,-7.388844689568748,0.005105735083949381,-0.005105735083949381,2.4928188874229207e-06,-2.4928188874229207e-06,7.506426451366408e-06,-7.506426451366408e-06
2019,4,FO,p331,abrupt,0.014053,0,658.32925,547.3333333333334,5.212861846227596,-5.212861846227596,0.00991194337920229,-0.00991194337920229,8.530209094637087e-09,-8.530209094637087e-09,8.765877568907778e-07,-8.765877568907778e-07
2019,4,FO,p193,incipient,0.01239,0,2927.8485500000006,58.833333333333336,9.379434800143278,-9.379434800143278,0.005674520217912027,-0.005674520217912027,3.482613486482933e-08,-3.482613486482933e-08,1.7474437968986533e-05,-1.7474437968986533e-05
2019,4,FO,p277,incipient,0.012089,0,1214.5656999999999,141.91666666666666,11.109585380830476,-11.109585380830476,0.010937789635847723,-0.010937789635847723,7.299039150865383e-11,-7.299039150865383e-11,3.2709060100440104e-06,-3.2709060100440104e-06
2019,4,FO,p142,abrupt,0.019857,0,574.53015,15.333333333333334,5.310923235771437,-5.310923235771437,0.007648032963276543,-0.007648032963276543,1.8088070876665086e-06,-1.8088070876665086e-06,8.70101159986334e-06,-8.70101159986334e-06
2019,4,FO,p680,abrupt,0.0097197,0,1968.8904,44.666666666666664,4.885093009143946,-4.885093009143946,0.008194682359588179,-0.008194682359588179,7.805645019232088e-12,-7.805645019232088e-12,3.1529107427379386e-07,-3.1529107427379386e-07
2019,4,FO,p586,incipient,0.017184,0,598.8746500000001,159.83333333333334,6.42115521017978,-6.42115521017978,0.0059875287762633,-0.0059875287762633,5.299970260441711e-07,-5.299970260441711e-07,8.597893149462252e-06,-8.597893149462252e-06
2019,4,FO,p721,incipient,0.01408,0,1537.1008999999997,196.33333333333334,6.471781441053005,-6.471781441053005,0.007174291941122988,-0.007174291941122988,2.9155271290548512e-06,-2.9155271290548512e-06,5.698111950391168e-05,-5.698111950391168e-05
2019,4,FO,p800,incipient,0.018847,0,529.2630500000001,41.166666666666664,9.816791579023825,-9.816791579023825,0.004935191747479964,-0.004935191747479964,5.753457087420699e-07,-5.753457087420699e-07,3.376941080793411e-06,-3.376941080793411e-06
2019,4,FO,p123,incipient,0.011906,0,1634.92985,78.41666666666667,5.221383340660256,-5.221383340660256,0.007561998939085635,-0.007561998939085635,1.3958049058793165e-06,-1.3958049058793165e-06,1.6177060299254825e-05,-1.6177060299254825e-05
2019,4,FO,p455,incipient,0.012722,0,3133.5329,112.91666666666667,6.610898245354088,-6.610898245354088,0.004527629370870517,-0.004527629370870517,2.7122795376310904e-07,-2.7122795376310904e-07,6.4281755894271824e-06,-6.4281755894271824e-06
2019,4,FO,p762,incipient,0.01519,0,1047.9435499999997,163.25,8.333734521794712,-8.333734521794712,0.00626796180778379,-0.00626796180778379,6.544507992756188e-06,-6.544507992756188e-06,2.7518118746138542e-05,-2.7518118746138542e-05
2019,4,FO,p426,abrupt,0.015008,0,49.43475,124.83333333333333,5.013681851062847,-5.013681851062847,0.0093799073964361,-0.0093799073964361,7.184982085661762e-05,-7.184982085661762e-05,1.0440443289346826e-05,-1.0440443289346826e-05
2019,4,FO,p879,incipient,0.013195,0,1624.6297000000004,16.333333333333332,11.110180847220821,-11.110180847220821,0.00449889819519022,-0.00449889819519022,5.6319619545330823e-05,-5.6319619545330823e-05,0.00044628344766434896,-0.00044628344766434896
2019,4,D_optimal_bayesian,p257,incipient,0.011843,0,1617.10735,14.583333333333334,22.05486644072306,-22.05486644072306,0.02808141759204318,-0.02808141759204318,0.003956121925385525,-0.003956121925385525,0.00013713965939132625,-0.00013713965939132625
2019,4,D_optimal_bayesian,p427,incipient,0.0090731,0,1454.9428000000003,378.9166666666667,5.04771002466793,-5.04771002466793,0.009853290375979817,-0.009853290375979817,6.397675577085593e-07,-6.397675577085593e-07,8.06609750942309e-07,-8.06609750942309e-07
2019,4,D_optimal_bayesian,p810,incipient,0.010028,0,1001.9161999999999,574.1666666666666,2.9714353134592346,-2.9714353134592346,0.005499599469043585,-0.005499599469043585,2.8976876453867817e-10,-2.8976876453867817e-10,9.951370391068977e-07,-9.951370391068977e-07
2019,4,D_optimal_bayesian,p654,incipient,0.0087735,0,766.0087499999998,773.4166666666666,4.326328350028235,-4.326328350028235,0.007818005351041272,-0.007818005351041272,1.8192110040615717e-09,-1.8192110040615717e-09,7.293883252011763e-07,-7.293883252011763e-07
2019,4,D_optimal_bayesian,p523,abrupt,0.020246,1,,,2.1269163588150057,-2.1269163588150057,0.004016184040760833,-0.004016184040760833,6.610678671137293e-11,-6.610678671137293e-11,1.3714973758431174e-06,-1.3714973758431174e-06
2019,4,D_optimal_bayesian,p827,abrupt,0.02025,1,,,2.544804698152971,-2.544804698152971,0.005004697383436292,-0.005004697383436292,8.020227815208614e-10,-8.020227815208614e-10,1.1173023138278325e-06,-1.1173023138278325e-06
2019,4,D_optimal_bayesian,p280,abrupt,0.0095008,0,487.2520500000001,287.0,16.60896088940954,-16.60896088940954,0.013421761190878432,-0.013421761190878432,0.00014627574194658877,-0.00014627574194658877,0.000755641782183844,-0.000755641782183844
2019,4,D_optimal_bayesian,p653,incipient,0.016035,0,2226.05745,45.833333333333336,4.329205506816138,-4.329205506816138,0.007801419374011006,-0.007801419374011006,3.049769659035917e-09,-3.049769659035917e-09,7.982498557902521e-07,-7.982498557902521e-07
2019,4,D_optimal_bayesian,p710,abrupt,0.0092936,0,2108.2984500000007,171.66666666666666,4.31336365430676,-4.31336365430676,0.007800487959267383,-0.007800487959267383,9.205188833405487e-10,-9.205188833405487e-10,6.673679060117782e-07,-6.673679060117782e-07
2019,4,D_optimal_bayesian,p514,abrupt,0.014979,0,1400.4199,177.25,2.4592061711754765,-2.4592061711754765,0.004486638401319233,-0.004486638401319233,4.818773158277168e-10,-4.818773158277168e-10,1.1908926718701094e-06,-1.1908926718701094e-06
2019,4,D_optimal_bayesian,p331,abrupt,0.014053,0,734.4634500000001,222.25,9.634530047213056,-9.634530047213056,0.019227827584239104,-0.019227827584239104,6.293562466730407e-07,-6.293562466730407e-07,6.574375271754877e-07,-6.574375271754877e-07
2019,4,D_optimal_bayesian,p193,incipient,0.01239,0,1839.1472500000002,82.41666666666667,2.75058539151294,-2.75058539151294,0.005157174935153772,-0.005157174935153772,4.5732972964174223e-11,-4.5732972964174223e-11,1.0789803665356927e-06,-1.0789803665356927e-06
2019,4,D_optimal_bayesian,p277,incipient,0.012089,0,380.48814999999996,18.0,15.601531803495089,-15.601531803495089,0.01948492071187872,-0.01948492071187872,1.3053893303749398e-05,-1.3053893303749398e-05,0.0004392315761839707,-0.0004392315761839707
2019,4,D_optimal_bayesian,p142,abrupt,0.019857,0,1034.09305,191.0,4.261047406242102,-4.261047406242102,0.00785315251535469,-0.00785315251535469,8.170497611814653e-11,-8.170497611814653e-11,7.09816272719509e-07,-7.09816272719509e-07
2019,4,D_optimal_bayesian,p680,abrupt,0.0097197,0,603.9072500000001,53.416666666666664,9.494245653696941,-9.494245653696941,0.017959445265547977,-0.017959445265547977,3.292688344203043e-11,-3.292688344203043e-11,7.952815815964503e-07,-7.952815815964503e-07
2019,4,D_optimal_bayesian,p586,incipient,0.017184,0,2388.20845,61.583333333333336,3.114478629620399,-3.114478629620399,0.005793914634799319,-0.005793914634799319,1.1953484868598707e-09,-1.1953484868598707e-09,7.365429034721777e-07,-7.365429034721777e-07
2019,4,D_optimal_bayesian,p721,incipient,0.01408,0,2205.4777000000004,105.83333333333333,4.3779718439343585,-4.3779718439343585,0.00764736728089621,-0.00764736728089621,1.6135198732669664e-08,-1.6135198732669664e-08,6.380210561752444e-07,-6.380210561752444e-07
2019,4,D_optimal_bayesian,p800,incipient,0.018847,0,529.2630500000001,111.66666666666667,1.8291968101059481,-1.8291968101059481,0.0036624386391111647,-0.0036624386391111647,6.748880343465657e-10,-6.748880343465657e-10,1.0093849043751078e-06,-1.0093849043751078e-06
2019,4,D_optimal_bayesian,p123,incipient,0.011906,0,1138.1924000000004,34.833333333333336,3.9611474043878725,-3.9611474043878725,0.007673308517278477,-0.007673308517278477,5.174041195488144e-10,-5.174041195488144e-10,1.1589406454123314e-06,-1.1589406454123314e-06
2019,4,D_optimal_bayesian,p455,incipient,0.012722,0,1886.3446499999998,193.08333333333334,2.069830952545929,-2.069830952545929,0.00393443977233205,-0.00393443977233205,1.9436774412184832e-10,-1.9436774412184832e-10,4.531183716824865e-07,-4.531183716824865e-07
2019,4,D_optimal_bayesian,p762,incipient,0.01519,0,1047.9435499999997,282.0,3.371762454915715,-3.371762454915715,0.006074983880763209,-0.006074983880763209,6.213407899302581e-09,-6.213407899302581e-09,9.014777868117105e-07,-9.014777868117105e-07
2019,4,D_optimal_bayesian,p426,abrupt,0.015008,0,1504.3775500000002,73.58333333333333,5.045639343646333,-5.045639343646333,0.009940777520844534,-0.009940777520844534,1.1254982945629877e-08,-1.1254982945629877e-08,7.111165299699398e-07,-7.111165299699398e-07
2019,4,D_optimal_bayesian,p879,incipient,0.013195,0,303.1096,40.25,1.414702789080288,-1.414702789080288,0.00285960508161729,-0.00285960508161729,8.884064595093832e-10,-8.884064595093832e-10,7.509548266509822e-07,-7.509548266509822e-07
2019,4,A_optimal_bayesian,p257,incipient,0.011843,0,1617.10735,14.583333333333334,22.05486644072306,-22.05486644072306,0.02808141759204318,-0.02808141759204318,0.003956121925385525,-0.003956121925385525,0.00013713965939132625,-0.00013713965939132625
2019,4,A_optimal_bayesian,p427,incipient,0.0090731,0,1454.9428000000003,378.9166666666667,5.04771002466793,-5.04771002466793,0.009853290375979817,-0.009853290375979817,6.397675577085593e-07,-6.397675577085593e-07,8.06609750942309e-07,-8.06609750942309e-07
2019,4,A_optimal_bayesian,p810,incipient,0.010028,0,1001.9161999999999,574.1666666666666,2.9714353134592346,-2.9714353134592346,0.005499599469043585,-0.005499599469043585,2.8976876453867817e-10,-2.8976876453867817e-10,9.951370391068977e-07,-9.951370391068977e-07
2019,4,A_optimal_bayesian,p654,incipient,0.0087735,0,766.0087499999998,773.4166666666666,4.326328350028235,-4.326328350028235,0.007818005351041272,-0.007818005351041272,1.8192110040615717e-09,-1.8192110040615717e-09,7.293883252011763e-07,-7.293883252011763e-07
2019,4,A_optimal_bayesian,p523,abrupt,0.020246,1,,,2.1269163588150057,-2.1269163588150057,0.004016184040760833,-0.004016184040760833,6.610678671137293e-11,-6.610678671137293e-11,1.3714973758431174e-06,-1.3714973758431174e-06
2019,4,A_optimal_bayesian,p827,abrupt,0.02025,1,,,2.544804698152971,-2.544804698152971,0.005004697383436292,-0.005004697383436292,8.020227815208614e-10,-8.020227815208614e-10,1.1173023138278325e-06,-1.1173023138278325e-06
2019,4,A_optimal_bayesian,p280,abrupt,0.0095008,0,487.2520500000001,287.0,16.60896088940954,-16.60896088940954,0.013421761190878432,-0.013421761190878432,0.00014627574194658877,-0.00014627574194658877,0.000755641782183844,-0.000755641782183844
2019,4,A_optimal_bayesian,p653,incipient,0.016035,0,2226.05745,45.833333333333336,4.329205506816138,-4.329205506816138,0.007801419374011006,-0.007801419374011006,3.049769659035917e-09,-3.049769659035917e-09,7.982498557902521e-07,-7.982498557902521e-07
2019,4,A_optimal_bayesian,p710,abrupt,0.0092936,0,2108.2984500000007,171.66666666666666,4.31336365430676,-4.31336365430676,0.007800487959267383,-0.007800487959267383,9.205188833405487e-10,-9.205188833405487e-10,6.673679060117782e-07,-6.673679060117782e-07
2019,4,A_optimal_bayesian,p514,abrupt,0.014979,0,1400.4199,177.25,2.4592061711754765,-2.4592061711754765,0.004486638401319233,-0.004486638401319233,4.818773158277168e-10,-4.818773158277168e-10,1.1908926718701094e-06,-1.1908926718701094e-06
2019,4,A_optimal_bayesian,p331,abrupt,0.014053,0,734.4634500000001,222.25,9.634530047213056,-9.634530047213056,0.019227827584239104,-0.019227827584239104,6.293562466730407e-07,-6.293562466730407e-07,6.574375271754877e-07,-6.574375271754877e-07
2019,4,A_optimal_bayesian,p193,incipient,0.01239,0,1839.1472500000002,82.41666666666667,2.75058539151294,-2.75058539151294,0.005157174935153772,-0.005157174935153772,4.5732972964174223e-11,-4.5732972964174223e-11,1.0789803665356927e-06,-1.0789803665356927e-06
2019,4,A_optimal_bayesian,p277,incipient,0.012089,0,380.48814999999996,18.0,15.601531803495089,-15.601531803495089,0.01948492071187872,-0.01948492071187872,1.3053893303749398e-05,-1.3053893303749398e-05,0.0004392315761839707,-0.0004392315761839707
2019,4,A_optimal_bayesian,p142,abrupt,0.019857,0,1034.09305,191.0,4.261047406242102,-4.261047406242102,0.00785315251535469,-0.00785315251535469,8.170497611814653e-11,-8.170497611814653e-11,7.09816272719509e-07,-7.09816272719509e-07
2019,4,A_optimal_bayesian,p680,abrupt,0.0097197,0,603.9072500000001,53.416666666666664,9.494245653696941,-9.494245653696941,0.017959445265547977,-0.017959445265547977,3.292688344203043e-11,-3.292688344203043e-11,7.952815815964503e-07,-7.952815815964503e-07
2019,4,A_optimal_bayesian,p586,incipient,0.017184,0,2388.20845,61.583333333333336,3.114478629620399,-3.114478629620399,0.005793914634799319,-0.005793914634799319,1.1953484868598707e-09,-1.1953484868598707e-09,7.365429034721777e-07,-7.365429034721777e-07
2019,4,A_optimal_bayesian,p721,incipient,0.01408,0,2205.4777000000004,105.83333333333333,4.3779718439343585,-4.3779718439343585,0.00764736728089621,-0.00764736728089621,1.6135198732669664e-08,-1.6135198732669664e-08,6.380210561752444e-07,-6.380210561752444e-07
2019,4,A_optimal_bayesian,p800,incipient,0.018847,0,529.2630500000001,111.66666666666667,1.8291968101059481,-1.8291968101059481,0.0036624386391111647,-0.0036624386391111647,6.748880343465657e-10,-6.748880343465657e-10,1.0093849043751078e-06,-1.0093849043751078e-06
2019,4,A_optimal_bayesian,p123,incipient,0.011906,0,1138.1924000000004,34.833333333333336,3.9611474043878725,-3.9611474043878725,0.007673308517278477,-0.007673308517278477,5.174041195488144e-10,-5.174041195488144e-10,1.1589406454123314e-06,-1.1589406454123314e-06
2019,4,A_optimal_bayesian,p455,incipient,0.012722,0,1886.3446499999998,193.08333333333334,2.069830952545929,-2.069830952545929,0.00393443977233205,-0.00393443977233205,1.9436774412184832e-10,-1.9436774412184832e-10,4.531183716824865e-07,-4.531183716824865e-07
2019,4,A_optimal_bayesian,p762,incipient,0.01519,0,1047.9435499999997,282.0,3.371762454915715,-3.371762454915715,0.006074983880763209,-0.006074983880763209,6.213407899302581e-09,-6.213407899302581e-09,9.014777868117105e-07,-9.014777868117105e-07
2019,4,A_optimal_bayesian,p426,abrupt,0.015008,0,1504.3775500000002,73.58333333333333,5.045639343646333,-5.045639343646333,0.009940777520844534,-0.009940777520844534,1.1254982945629877e-08,-1.1254982945629877e-08,7.111165299699398e-07,-7.111165299699398e-07
2019,4,A_optimal_bayesian,p879,incipient,0.013195,0,303.1096,40.25,1.414702789080288,-1.414702789080288,0.00285960508161729,-0.00285960508161729,8.884064595093832e-10,-8.884064595093832e-10,7.509548266509822e-07,-7.509548266509822e-07
2019,4,E_optimal_observable_subspace,p257,incipient,0.011843,0,2878.9772500000017,14.583333333333334,22.05486644072306,-22.05486644072306,0.026901774861032467,-0.026901774861032467,0.0031257467453325027,-0.0031257467453325027,1.1138287701786938e-05,-1.1138287701786938e-05
2019,4,E_optimal_observable_subspace,p427,incipient,0.0090731,0,1469.3974000000003,378.9166666666667,5.04771002466793,-5.04771002466793,0.010338541602920696,-0.010338541602920696,0.00010208150982782271,-0.00010208150982782271,9.784610273228458e-06,-9.784610273228458e-06
2019,4,E_optimal_observable_subspace,p810,incipient,0.010028,0,2777.917200000001,574.1666666666666,2.9714353134592346,-2.9714353134592346,0.005754387856371917,-0.005754387856371917,1.2648317393448849e-08,-1.2648317393448849e-08,4.924352830798718e-06,-4.924352830798718e-06
2019,4,E_optimal_observable_subspace,p654,incipient,0.0087735,0,861.9575499999997,773.4166666666666,5.072602020008464,-5.072602020008464,0.008696075290681107,-0.008696075290681107,4.7436127803557326e-08,-4.7436127803557326e-08,4.891237104252165e-06,-4.891237104252165e-06
2019,4,E_optimal_observable_subspace,p523,abrupt,0.020246,1,,,6.614870232353266,-6.614870232353266,0.006372073427072398,-0.006372073427072398,7.915104172084853e-08,-7.915104172084853e-08,1.316652964918299e-05,-1.316652964918299e-05
2019,4,E_optimal_observable_subspace,p827,abrupt,0.02025,1,,,2.544804698152971,-2.544804698152971,0.005240362358483793,-0.005240362358483793,3.789831448663961e-09,-3.789831448663961e-09,6.47104784727826e-06,-6.47104784727826e-06
2019,4,E_optimal_observable_subspace,p280,abrupt,0.0095008,0,683.7189,292.6666666666667,16.26061147507443,-16.26061147507443,0.012535726157288471,-0.012535726157288471,4.0796087175110074e-08,-4.0796087175110074e-08,4.070603105693235e-05,-4.070603105693235e-05
2019,4,E_optimal_observable_subspace,p653,incipient,0.016035,0,2226.05745,45.833333333333336,5.102909129982226,-5.102909129982226,0.008685940763616777,-0.008685940763616777,7.942222546297728e-09,-7.942222546297728e-09,5.926624990279566e-06,-5.926624990279566e-06
2019,4,E_optimal_observable_subspace,p710,abrupt,0.0092936,0,2057.9638000000004,171.66666666666666,4.31336365430676,-4.31336365430676,0.008139505399250062,-0.008139505399250062,1.9127232242510672e-08,-1.9127232242510672e-08,9.668674586350289e-06,-9.668674586350289e-06
2019,4,E_optimal_observable_subspace,p514,abrupt,0.014979,0,1130.37935,177.25,5.873922007714732,-5.873922007714732,0.006233557925569814,-0.006233557925569814,6.80522774154646e-06,-6.80522774154646e-06,7.1275443333222475e-06,-7.1275443333222475e-06
2019,4,E_optimal_observable_subspace,p331,abrupt,0.014053,0,1951.8776500000001,4.333333333333333,9.634530047213056,-9.634530047213056,0.019500188801743125,-0.019500188801743125,6.654794822980037e-07,-6.654794822980037e-07,4.864565688878448e-06,-4.864565688878448e-06
2019,4,E_optimal_observable_subspace,p193,incipient,0.01239,0,3263.77965,131.41666666666666,2.75058539151294,-2.75058539151294,0.005398065411021035,-0.005398065411021035,4.459188573946449e-11,-4.459188573946449e-11,5.067392596735106e-06,-5.067392596735106e-06
2019,4,E_optimal_observable_subspace,p277,incipient,0.012089,0,269.68460000000005,115.25,15.601531803495089,-15.601531803495089,0.017178218469574156,-0.017178218469574156,3.685001154218881e-07,-3.685001154218881e-07,1.081641998601362e-05,-1.081641998601362e-05
2019,4,E_optimal_observable_subspace,p142,abrupt,0.019857,0,1059.5837000000001,191.0,4.946524442517614,-4.946524442517614,0.008716318027629151,-0.008716318027629151,3.005342839479397e-06,-3.005342839479397e-06,4.76535692162214e-06,-4.76535692162214e-06
2019,4,E_optimal_observable_subspace,p680,abrupt,0.0097197,0,426.29735000000005,53.416666666666664,9.494245653696941,-9.494245653696941,0.018172111087521724,-0.018172111087521724,3.707889550952359e-11,-3.707889550952359e-11,1.3116240644689464e-06,-1.3116240644689464e-06
2019,4,E_optimal_observable_subspace,p586,incipient,0.017184,0,2402.66305,61.583333333333336,7.675134167675357,-7.675134167675357,0.008219383191187118,-0.008219383191187118,1.8177577331135453e-06,-1.8177577331135453e-06,1.2643071795544769e-05,-1.2643071795544769e-05
2019,4,E_optimal_observable_subspace,p721,incipient,0.01408,0,1223.73915,74.66666666666667,4.3779718439343585,-4.3779718439343585,0.007979735360718717,-0.007979735360718717,3.9100313764528494e-08,-3.9100313764528494e-08,8.844181631417909e-06,-8.844181631417909e-06
2019,4,E_optimal_observable_subspace,p800,incipient,0.018847,0,1143.8421999999998,117.58333333333333,1.8291968101059481,-1.8291968101059481,0.003837989269549613,-0.003837989269549613,2.7674504909924735e-09,-2.7674504909924735e-09,8.779596244033313e-06,-8.779596244033313e-06
2019,4,E_optimal_observable_subspace,p123,incipient,0.011906,0,1456.8829000000005,153.58333333333334,4.78423997097811,-4.78423997097811,0.008580676973682063,-0.008580676973682063,3.319502804965957e-06,-3.319502804965957e-06,6.954038895357103e-06,-6.954038895357103e-06
2019,4,E_optimal_observable_subspace,p455,incipient,0.012722,0,3037.708350000001,62.75,9.355360344620724,-9.355360344620724,0.008437466910635434,-0.008437466910635434,3.300893339941435e-05,-3.300893339941435e-05,7.462941361063651e-06,-7.462941361063651e-06
2019,4,E_optimal_observable_subspace,p762,incipient,0.01519,0,1062.39815,115.91666666666667,3.371762454915715,-3.371762454915715,0.006352147321670758,-0.006352147321670758,1.0618783075067029e-08,-1.0618783075067029e-08,1.0130844140904195e-05,-1.0130844140904195e-05
2019,4,E_optimal_observable_subspace,p426,abrupt,0.015008,0,1518.8321500000002,73.58333333333333,5.045639343646333,-5.045639343646333,0.010427754962855239,-0.010427754962855239,8.23133408509591e-05,-8.23133408509591e-05,9.233738298220506e-06,-9.233738298220506e-06
2019,4,E_optimal_observable_subspace,p879,incipient,0.013195,0,303.1096,40.25,1.414702789080288,-1.414702789080288,0.0029962253904880173,-0.0029962253904880173,1.675708589665703e-07,-1.675708589665703e-07,1.296294248716639e-05,-1.296294248716639e-05
2019,4,bayesian_information_gain,p257,incipient,0.011843,0,1617.10735,14.583333333333334,22.05486644072306,-22.05486644072306,0.02808141759204318,-0.02808141759204318,0.003956121925385525,-0.003956121925385525,0.00013713965939132625,-0.00013713965939132625
2019,4,bayesian_information_gain,p427,incipient,0.0090731,0,1454.9428000000003,378.9166666666667,5.04771002466793,-5.04771002466793,0.009853290375979817,-0.009853290375979817,6.397675577085593e-07,-6.397675577085593e-07,8.06609750942309e-07,-8.06609750942309e-07
2019,4,bayesian_information_gain,p810,incipient,0.010028,0,1001.9161999999999,574.1666666666666,2.9714353134592346,-2.9714353134592346,0.005499599469043585,-0.005499599469043585,2.8976876453867817e-10,-2.8976876453867817e-10,9.951370391068977e-07,-9.951370391068977e-07
2019,4,bayesian_information_gain,p654,incipient,0.0087735,0,766.0087499999998,773.4166666666666,4.326328350028235,-4.326328350028235,0.007818005351041272,-0.007818005351041272,1.8192110040615717e-09,-1.8192110040615717e-09,7.293883252011763e-07,-7.293883252011763e-07
2019,4,bayesian_information_gain,p523,abrupt,0.020246,1,,,2.1269163588150057,-2.1269163588150057,0.004016184040760833,-0.004016184040760833,6.610678671137293e-11,-6.610678671137293e-11,1.3714973758431174e-06,-1.3714973758431174e-06
2019,4,bayesian_information_gain,p827,abrupt,0.02025,1,,,2.544804698152971,-2.544804698152971,0.005004697383436292,-0.005004697383436292,8.020227815208614e-10,-8.020227815208614e-10,1.1173023138278325e-06,-1.1173023138278325e-06
2019,4,bayesian_information_gain,p280,abrupt,0.0095008,0,487.2520500000001,287.0,16.60896088940954,-16.60896088940954,0.013421761190878432,-0.013421761190878432,0.00014627574194658877,-0.00014627574194658877,0.000755641782183844,-0.000755641782183844
2019,4,bayesian_information_gain,p653,incipient,0.016035,0,2226.05745,45.833333333333336,4.329205506816138,-4.329205506816138,0.007801419374011006,-0.007801419374011006,3.049769659035917e-09,-3.049769659035917e-09,7.982498557902521e-07,-7.982498557902521e-07
2019,4,bayesian_information_gain,p710,abrupt,0.0092936,0,2108.2984500000007,171.66666666666666,4.31336365430676,-4.31336365430676,0.007800487959267383,-0.007800487959267383,9.205188833405487e-10,-9.205188833405487e-10,6.673679060117782e-07,-6.673679060117782e-07
2019,4,bayesian_information_gain,p514,abrupt,0.014979,0,1400.4199,177.25,2.4592061711754765,-2.4592061711754765,0.004486638401319233,-0.004486638401319233,4.818773158277168e-10,-4.818773158277168e-10,1.1908926718701094e-06,-1.1908926718701094e-06
2019,4,bayesian_information_gain,p331,abrupt,0.014053,0,734.4634500000001,222.25,9.634530047213056,-9.634530047213056,0.019227827584239104,-0.019227827584239104,6.293562466730407e-07,-6.293562466730407e-07,6.574375271754877e-07,-6.574375271754877e-07
2019,4,bayesian_information_gain,p193,incipient,0.01239,0,1839.1472500000002,82.41666666666667,2.75058539151294,-2.75058539151294,0.005157174935153772,-0.005157174935153772,4.5732972964174223e-11,-4.5732972964174223e-11,1.0789803665356927e-06,-1.0789803665356927e-06
2019,4,bayesian_information_gain,p277,incipient,0.012089,0,380.48814999999996,18.0,15.601531803495089,-15.601531803495089,0.01948492071187872,-0.01948492071187872,1.3053893303749398e-05,-1.3053893303749398e-05,0.0004392315761839707,-0.0004392315761839707
2019,4,bayesian_information_gain,p142,abrupt,0.019857,0,1034.09305,191.0,4.261047406242102,-4.261047406242102,0.00785315251535469,-0.00785315251535469,8.170497611814653e-11,-8.170497611814653e-11,7.09816272719509e-07,-7.09816272719509e-07
2019,4,bayesian_information_gain,p680,abrupt,0.0097197,0,603.9072500000001,53.416666666666664,9.494245653696941,-9.494245653696941,0.017959445265547977,-0.017959445265547977,3.292688344203043e-11,-3.292688344203043e-11,7.952815815964503e-07,-7.952815815964503e-07
2019,4,bayesian_information_gain,p586,incipient,0.017184,0,2388.20845,61.583333333333336,3.114478629620399,-3.114478629620399,0.005793914634799319,-0.005793914634799319,1.1953484868598707e-09,-1.1953484868598707e-09,7.365429034721777e-07,-7.365429034721777e-07
2019,4,bayesian_information_gain,p721,incipient,0.01408,0,2205.4777000000004,105.83333333333333,4.3779718439343585,-4.3779718439343585,0.00764736728089621,-0.00764736728089621,1.6135198732669664e-08,-1.6135198732669664e-08,6.380210561752444e-07,-6.380210561752444e-07
2019,4,bayesian_information_gain,p800,incipient,0.018847,0,529.2630500000001,111.66666666666667,1.8291968101059481,-1.8291968101059481,0.0036624386391111647,-0.0036624386391111647,6.748880343465657e-10,-6.748880343465657e-10,1.0093849043751078e-06,-1.0093849043751078e-06
2019,4,bayesian_information_gain,p123,incipient,0.011906,0,1138.1924000000004,34.833333333333336,3.9611474043878725,-3.9611474043878725,0.007673308517278477,-0.007673308517278477,5.174041195488144e-10,-5.174041195488144e-10,1.1589406454123314e-06,-1.1589406454123314e-06
2019,4,bayesian_information_gain,p455,incipient,0.012722,0,1886.3446499999998,193.08333333333334,2.069830952545929,-2.069830952545929,0.00393443977233205,-0.00393443977233205,1.9436774412184832e-10,-1.9436774412184832e-10,4.531183716824865e-07,-4.531183716824865e-07
2019,4,bayesian_information_gain,p762,incipient,0.01519,0,1047.9435499999997,282.0,3.371762454915715,-3.371762454915715,0.006074983880763209,-0.006074983880763209,6.213407899302581e-09,-6.213407899302581e-09,9.014777868117105e-07,-9.014777868117105e-07
2019,4,bayesian_information_gain,p426,abrupt,0.015008,0,1504.3775500000002,73.58333333333333,5.045639343646333,-5.045639343646333,0.009940777520844534,-0.009940777520844534,1.1254982945629877e-08,-1.1254982945629877e-08,7.111165299699398e-07,-7.111165299699398e-07
2019,4,bayesian_information_gain,p879,incipient,0.013195,0,303.1096,40.25,1.414702789080288,-1.414702789080288,0.00285960508161729,-0.00285960508161729,8.884064595093832e-10,-8.884064595093832e-10,7.509548266509822e-07,-7.509548266509822e-07
2019,4,D_optimal_rank_reduced,p257,incipient,0.011843,0,615.3704500000001,121.41666666666667,15.375343334132701,-15.375343334132701,0.01302257894030202,-0.01302257894030202,2.602821415065293e-07,-2.602821415065293e-07,0.00014594586170643814,-0.00014594586170643814
2019,4,D_optimal_rank_reduced,p427,incipient,0.0090731,0,1541.7673999999997,397.5833333333333,5.04771002466793,-5.04771002466793,0.008725279079269234,-0.008725279079269234,3.925470799071018e-05,-3.925470799071018e-05,9.404179699055195e-06,-9.404179699055195e-06
2019,4,D_optimal_rank_reduced,p810,incipient,0.010028,0,2822.5882000000006,584.4166666666666,8.778381745781378,-8.778381745781378,0.006163590770649777,-0.006163590770649777,7.728286165353815e-06,-7.728286165353815e-06,1.5232174880250518e-05,-1.5232174880250518e-05
2019,4,D_optimal_rank_reduced,p654,incipient,0.0087735,0,1788.30445,775.0833333333334,5.072602020008464,-5.072602020008464,0.007340911284816087,-0.007340911284816087,3.060357256501334e-08,-3.060357256501334e-08,4.968566783878623e-06,-4.968566783878623e-06
2019,4,D_optimal_rank_reduced,p523,abrupt,0.020246,1,,,6.614870232353266,-6.614870232353266,0.005934140428243801,-0.005934140428243801,3.276133256902014e-07,-3.276133256902014e-07,1.3113369914284118e-05,-1.3113369914284118e-05
2019,4,D_optimal_rank_reduced,p827,abrupt,0.02025,1,,,10.095953206296418,-10.095953206296418,0.006880431479968485,-0.006880431479968485,2.097388754329632e-05,-2.097388754329632e-05,8.981687637989763e-06,-8.981687637989763e-06
2019,4,D_optimal_rank_reduced,p280,abrupt,0.0095008,0,2268.008600000001,263.75,16.60896088940954,-16.60896088940954,0.011564122096102988,-0.011564122096102988,0.00010348135568327699,-0.00010348135568327699,0.00013019501523374902,-0.00013019501523374902
2019,4,D_optimal_rank_reduced,p653,incipient,0.016035,0,1806.4234,48.0,5.102909129982226,-5.102909129982226,0.007337350689176205,-0.007337350689176205,8.931159811709222e-09,-8.931159811709222e-09,5.44374380106697e-06,-5.44374380106697e-06
2019,4,D_optimal_rank_reduced,p710,abrupt,0.0092936,0,923.4071999999999,279.4166666666667,5.919444223441268,-5.919444223441268,0.00647433916432005,-0.00647433916432005,3.820706195867274e-07,-3.820706195867274e-07,1.1704197961014233e-05,-1.1704197961014233e-05
2019,4,D_optimal_rank_reduced,p514,abrupt,0.014979,0,1089.27885,230.75,5.873922007714732,-5.873922007714732,0.005671004376621568,-0.005671004376621568,6.079972738604056e-06,-6.079972738604056e-06,1.0862837914025969e-05,-1.0862837914025969e-05
2019,4,D_optimal_rank_reduced,p331,abrupt,0.014053,0,765.2811,222.25,9.634530047213056,-9.634530047213056,0.018788977226146673,-0.018788977226146673,2.1722531406975776e-07,-2.1722531406975776e-07,5.292578787463782e-06,-5.292578787463782e-06
2019,4,D_optimal_rank_reduced,p193,incipient,0.01239,0,429.20865000000003,80.75,9.00943811881533,-9.00943811881533,0.006166120422451368,-0.006166120422451368,6.966061575353066e-07,-6.966061575353066e-07,6.9437321536986745e-06,-6.9437321536986745e-06
2019,4,D_optimal_rank_reduced,p277,incipient,0.012089,0,439.60470000000004,18.0,14.016700184621639,-14.016700184621639,0.013700998313721213,-0.013700998313721213,2.450591629621357e-07,-2.450591629621357e-07,4.290351722562962e-05,-4.290351722562962e-05
2019,4,D_optimal_rank_reduced,p142,abrupt,0.019857,0,1192.3440000000003,191.0,4.946524442517614,-4.946524442517614,0.0073562820190032265,-0.0073562820190032265,1.060560961052559e-06,-1.060560961052559e-06,4.538332483303217e-06,-4.538332483303217e-06
2019,4,D_optimal_rank_reduced,p680,abrupt,0.0097197,0,1562.4786000000001,44.5,4.251437263824732,-4.251437263824732,0.007087306284424622,-0.007087306284424622,1.0403677919157417e-11,-1.0403677919157417e-11,3.3076266307973794e-07,-3.3076266307973794e-07
2019,4,D_optimal_rank_reduced,p586,incipient,0.017184,0,1479.9423500000003,159.58333333333334,7.675134167675357,-7.675134167675357,0.0074933221087571476,-0.0074933221087571476,1.1854707997471792e-06,-1.1854707997471792e-06,1.2241262231314208e-05,-1.2241262231314208e-05
2019,4,D_optimal_rank_reduced,p721,incipient,0.01408,0,1991.5795500000002,171.58333333333334,6.298596728905554,-6.298596728905554,0.006451566216625132,-0.006451566216625132,1.0470904752146737e-05,-1.0470904752146737e-05,9.165020752063834e-06,-9.165020752063834e-06
2019,4,D_optimal_rank_reduced,p800,incipient,0.018847,0,406.81284999999997,167.33333333333334,9.23323272012536,-9.23323272012536,0.0063468403094449986,-0.0063468403094449986,1.5355564420005408e-07,-1.5355564420005408e-07,8.519427188942722e-06,-8.519427188942722e-06
2019,4,D_optimal_rank_reduced,p123,incipient,0.011906,0,977.7716,175.83333333333334,4.78423997097811,-4.78423997097811,0.0073496989711657815,-0.0073496989711657815,2.664045669065196e-06,-2.664045669065196e-06,6.5547815821650425e-06,-6.5547815821650425e-06
2019,4,D_optimal_rank_reduced,p455,incipient,0.012722,0,1848.82415,41.416666666666664,9.355360344620724,-9.355360344620724,0.008124493121883623,-0.008124493121883623,2.554181358382923e-05,-2.554181358382923e-05,7.784240261903963e-06,-7.784240261903963e-06
2019,4,D_optimal_rank_reduced,p762,incipient,0.01519,0,1047.9435499999997,91.75,8.226377067918834,-8.226377067918834,0.006194238357296076,-0.006194238357296076,5.893987272687085e-07,-5.893987272687085e-07,8.539068231310102e-06,-8.539068231310102e-06
2019,4,D_optimal_rank_reduced,p426,abrupt,0.015008,0,1434.20435,62.5,5.045639343646333,-5.045639343646333,0.008867943634935352,-0.008867943634935352,3.030959762673202e-05,-3.030959762673202e-05,9.132393652234445e-06,-9.132393652234445e-06
2019,4,D_optimal_rank_reduced,p879,incipient,0.013195,0,3026.4460000000004,115.0,6.003504732487906,-6.003504732487906,0.004260385069608385,-0.004260385069608385,3.468626426161858e-05,-3.468626426161858e-05,1.545490546091095e-05,-1.545490546091095e-05
2019,4,A_optimal_rank_reduced,p257,incipient,0.011843,0,2211.7385500000005,129.33333333333334,8.818183668379167,-8.818183668379167,0.01097726981770553,-0.01097726981770553,1.155742168634788e-12,-1.155742168634788e-12,1.7007202781528014e-05,-1.7007202781528014e-05
2019,4,A_optimal_rank_reduced,p427,incipient,0.0090731,0,1469.3974000000003,378.5833333333333,4.319578551869986,-4.319578551869986,0.010561571203711725,-0.010561571203711725,3.705421954292021e-05,-3.705421954292021e-05,2.9028677147280682e-05,-2.9028677147280682e-05
2019,4,A_optimal_rank_reduced,p810,incipient,0.010028,0,2687.8310000000006,579.75,5.548398133631171,-5.548398133631171,0.007864418837668169,-0.007864418837668169,2.6201220637567246e-08,-2.6201220637567246e-08,5.889734806966859e-06,-5.889734806966859e-06
2019,4,A_optimal_rank_reduced,p654,incipient,0.0087735,0,916.0675999999997,773.4166666666666,6.051224740300737,-6.051224740300737,0.010990357966316042,-0.010990357966316042,3.642010315552113e-08,-3.642010315552113e-08,1.8176293405477194e-05,-1.8176293405477194e-05
2019,4,A_optimal_rank_reduced,p523,abrupt,0.020246,1,,,3.439478056181708,-3.439478056181708,0.006108581332377309,-0.006108581332377309,2.7384210898873107e-08,-2.7384210898873107e-08,4.770426558842495e-05,-4.770426558842495e-05
2019,4,A_optimal_rank_reduced,p827,abrupt,0.02025,1,,,4.671277529141223,-4.671277529141223,0.007084339305659145,-0.007084339305659145,3.0550125207362555e-08,-3.0550125207362555e-08,7.671673074956748e-06,-7.671673074956748e-06
2019,4,A_optimal_rank_reduced,p280,abrupt,0.0095008,0,1764.6995000000002,146.66666666666666,8.83476970323495,-8.83476970323495,0.01127721210558167,-0.01127721210558167,7.130078749639779e-10,-7.130078749639779e-10,3.3870009527261405e-05,-3.3870009527261405e-05
2019,4,A_optimal_rank_reduced,p653,incipient,0.016035,0,1060.203,490.1666666666667,6.100123109268355,-6.100123109268355,0.011006787541194166,-0.011006787541194166,1.2679900385226262e-07,-1.2679900385226262e-07,1.741000212333227e-05,-1.741000212333227e-05
2019,4,A_optimal_rank_reduced,p710,abrupt,0.0092936,0,1686.65315,399.6666666666667,8.200041974011135,-8.200041974011135,0.011761997047014909,-0.011761997047014909,8.99717393010313e-06,-8.99717393010313e-06,2.49845972146725e-05,-2.49845972146725e-05
2019,4,A_optimal_rank_reduced,p514,abrupt,0.014979,0,1035.9388,399.5833333333333,4.011317980718373,-4.011317980718373,0.0068260744530584585,-0.0068260744530584585,8.316475336167528e-07,-8.316475336167528e-07,8.361453302492727e-05,-8.361453302492727e-05
2019,4,A_optimal_rank_reduced,p331,abrupt,0.014053,0,1043.00495,148.16666666666666,4.055198227319294,-4.055198227319294,0.010450355410119905,-0.010450355410119905,2.0476305429006914e-08,-2.0476305429006914e-08,1.3816800125298246e-06,-1.3816800125298246e-06
2019,4,A_optimal_rank_reduced,p193,incipient,0.01239,0,639.39545,43.916666666666664,5.112427026310893,-5.112427026310893,0.007346787305395818,-0.007346787305395818,1.402898874847125e-08,-1.402898874847125e-08,4.8093605525831425e-06,-4.8093605525831425e-06
2019,4,A_optimal_rank_reduced,p277,incipient,0.012089,0,1816.7402499999998,159.33333333333334,8.822548414393847,-8.822548414393847,0.010865642465185222,-0.010865642465185222,5.550544468491125e-10,-5.550544468491125e-10,9.918984901855494e-06,-9.918984901855494e-06
2019,4,A_optimal_rank_reduced,p142,abrupt,0.019857,0,1139.4233000000002,17.75,5.8115814679130215,-5.8115814679130215,0.010899993783360836,-0.010899993783360836,4.868820677628172e-06,-4.868820677628172e-06,2.9519392969806574e-05,-2.9519392969806574e-05
2019,4,A_optimal_rank_reduced,p680,abrupt,0.0097197,0,1968.8904,94.33333333333333,9.494245653696941,-9.494245653696941,0.018969250538278627,-0.018969250538278627,5.850375739413494e-11,-5.850375739413494e-11,2.628139985318643e-07,-2.628139985318643e-07
2019,4,A_optimal_rank_reduced,p586,incipient,0.017184,0,598.8746500000001,44.5,4.826960196580886,-4.826960196580886,0.008765073629506808,-0.008765073629506808,4.755355242913595e-06,-4.755355242913595e-06,3.648616173759584e-05,-3.648616173759584e-05
2019,4,A_optimal_rank_reduced,p721,incipient,0.01408,0,1863.1201499999995,72.5,8.076623682600616,-8.076623682600616,0.011256296495523236,-0.011256296495523236,3.169276474590532e-08,-3.169276474590532e-08,1.4955221240859037e-05,-1.4955221240859037e-05
2019,4,A_optimal_rank_reduced,p800,incipient,0.018847,0,2583.96105,63.333333333333336,3.0228234270846297,-3.0228234270846297,0.005046962804501285,-0.005046962804501285,7.409752367237843e-09,-7.409752367237843e-09,2.3951991250103707e-06,-2.3951991250103707e-06
2019,4,A_optimal_rank_reduced,p123,incipient,0.011906,0,738.1697,105.0,5.617078941212538,-5.617078941212538,0.010786330914151251,-0.010786330914151251,1.4250812668592516e-05,-1.4250812668592516e-05,4.0930858579482246e-05,-4.0930858579482246e-05
2019,4,A_optimal_rank_reduced,p455,incipient,0.012722,0,2071.65495,0.08333333333333333,3.325587283505313,-3.325587283505313,0.00598441100122371,-0.00598441100122371,2.1682526551991543e-07,-2.1682526551991543e-07,7.879213697316592e-05,-7.879213697316592e-05
2019,4,A_optimal_rank_reduced,p762,incipient,0.01519,0,2251.3985500000003,43.333333333333336,6.331629598351777,-6.331629598351777,0.008742956082719659,-0.008742956082719659,1.1486800832738453e-07,-1.1486800832738453e-07,9.197395703641937e-06,-9.197395703641937e-06
2019,4,A_optimal_rank_reduced,p426,abrupt,0.015008,0,1504.3775500000002,3.4166666666666665,4.158000459069301,-4.158000459069301,0.01053507550721919,-0.01053507550721919,3.161999696388307e-05,-3.161999696388307e-05,9.23689518636677e-06,-9.23689518636677e-06
2019,4,A_optimal_rank_reduced,p879,incipient,0.013195,0,303.1096,91.66666666666667,2.5644126304169848,-2.5644126304169848,0.00407636404166791,-0.00407636404166791,2.7904396571187817e-08,-2.7904396571187817e-08,6.229331888668958e-05,-6.229331888668958e-05
2019,4,E_optimal_rank_reduced,p257,incipient,0.011843,0,2878.9772500000017,14.583333333333334,22.05486644072306,-22.05486644072306,0.02546125041269105,-0.02546125041269105,0.0014006535449700985,-0.0014006535449700985,1.9351107881456e-06,-1.9351107881456e-06
2019,4,E_optimal_rank_reduced,p427,incipient,0.0090731,0,1502.7280999999998,378.5833333333333,3.904472589095105,-3.904472589095105,0.00623422921822492,-0.00623422921822492,1.6685938874938522e-05,-1.6685938874938522e-05,8.993684492672576e-06,-8.993684492672576e-06
2019,4,E_optimal_rank_reduced,p810,incipient,0.010028,0,2551.7900500000005,574.1666666666666,9.44115358585011,-9.44115358585011,0.007690323415649885,-0.007690323415649885,1.3206547744282204e-07,-1.3206547744282204e-07,1.1079385946230717e-05,-1.1079385946230717e-05
2019,4,E_optimal_rank_reduced,p654,incipient,0.0087735,0,398.5091500000001,775.1666666666666,6.051224740300737,-6.051224740300737,0.0077556257265124235,-0.0077556257265124235,6.441870814555273e-09,-6.441870814555273e-09,5.053628179796091e-06,-5.053628179796091e-06
2019,4,E_optimal_rank_reduced,p523,abrupt,0.020246,1,,,6.785273662803534,-6.785273662803534,0.004695709435587248,-0.004695709435587248,3.4056775177759846e-09,-3.4056775177759846e-09,5.294324817348835e-06,-5.294324817348835e-06
2019,4,E_optimal_rank_reduced,p827,abrupt,0.02025,1,,,8.938175374452902,-8.938175374452902,0.007730576846126937,-0.007730576846126937,2.6255331359026357e-06,-2.6255331359026357e-06,5.356420122090241e-06,-5.356420122090241e-06
2019,4,E_optimal_rank_reduced,p280,abrupt,0.0095008,0,585.4375500000001,292.6666666666667,16.26061147507443,-16.26061147507443,0.008790094594419802,-0.008790094594419802,3.92991115205632e-08,-3.92991115205632e-08,2.6612294683238703e-05,-2.6612294683238703e-05
2019,4,E_optimal_rank_reduced,p653,incipient,0.016035,0,2226.05745,45.833333333333336,6.100123109268355,-6.100123109268355,0.007789170629916947,-0.007789170629916947,8.810317875251883e-08,-8.810317875251883e-08,5.936288539252447e-06,-5.936288539252447e-06
2019,4,E_optimal_rank_reduced,p710,abrupt,0.0092936,0,2057.9638000000004,171.66666666666666,5.604331599271874,-5.604331599271874,0.006169284086984061,-0.006169284086984061,7.815070961481041e-07,-7.815070961481041e-07,1.2403248739776545e-05,-1.2403248739776545e-05
2019,4,E_optimal_rank_reduced,p514,abrupt,0.014979,0,534.5835999999999,216.08333333333334,7.388844689568748,-7.388844689568748,0.005162176386281964,-0.005162176386281964,4.869685899744347e-06,-4.869685899744347e-06,8.411449097155271e-06,-8.411449097155271e-06
2019,4,E_optimal_rank_reduced,p331,abrupt,0.014053,0,1138.5942,148.75,3.6992051237701724,-3.6992051237701724,0.0062793355307969026,-0.0062793355307969026,5.490606191926872e-09,-5.490606191926872e-09,4.912074455597229e-06,-4.912074455597229e-06
2019,4,E_optimal_rank_reduced,p193,incipient,0.01239,0,3052.1765000000005,32.833333333333336,10.036762760152204,-10.036762760152204,0.00820811452833706,-0.00820811452833706,1.3033169494747199e-06,-1.3033169494747199e-06,5.325940655400393e-06,-5.325940655400393e-06
2019,4,E_optimal_rank_reduced,p277,incipient,0.012089,0,2814.2781499999996,305.0833333333333,15.601531803495089,-15.601531803495089,0.014848005324056944,-0.014848005324056944,3.330980657967331e-08,-3.330980657967331e-08,7.153747250260522e-06,-7.153747250260522e-06
2019,4,E_optimal_rank_reduced,p142,abrupt,0.019857,0,979.0804,170.41666666666666,5.8115814679130215,-5.8115814679130215,0.007600035576492042,-0.007600035576492042,1.4169918831630213e-06,-1.4169918831630213e-06,4.423934760346647e-06,-4.423934760346647e-06
2019,4,E_optimal_rank_reduced,p680,abrupt,0.0097197,0,1460.09855,54.666666666666664,3.821383492760755,-3.821383492760755,0.006007322458098004,-0.006007322458098004,9.562350911096473e-13,-9.562350911096473e-13,4.009686164201869e-07,-4.009686164201869e-07
2019,4,E_optimal_rank_reduced,p586,incipient,0.017184,0,1521.7321499999998,15.583333333333334,6.42115521017978,-6.42115521017978,0.0064156219785473645,-0.0064156219785473645,2.3206909276485277e-06,-2.3206909276485277e-06,8.016628283614697e-06,-8.016628283614697e-06
2019,4,E_optimal_rank_reduced,p721,incipient,0.01408,0,2107.3532000000005,51.5,6.030829887450178,-6.030829887450178,0.0062842724676919915,-0.0062842724676919915,5.642945021810952e-06,-5.642945021810952e-06,7.501995585127593e-06,-7.501995585127593e-06
2019,4,E_optimal_rank_reduced,p800,incipient,0.018847,0,529.2630500000001,40.916666666666664,4.914903885617397,-4.914903885617397,0.004737037192113708,-0.004737037192113708,2.064130977252887e-08,-2.064130977252887e-08,5.861957600730342e-06,-5.861957600730342e-06
2019,4,E_optimal_rank_reduced,p123,incipient,0.011906,0,1301.8169000000003,78.41666666666667,5.221383340660256,-5.221383340660256,0.007192553143059771,-0.007192553143059771,3.6372459226718945e-06,-3.6372459226718945e-06,7.12862969174895e-06,-7.12862969174895e-06
2019,4,E_optimal_rank_reduced,p455,incipient,0.012722,0,2110.73,111.33333333333333,6.610898245354088,-6.610898245354088,0.004628969632891295,-0.004628969632891295,6.230959490594046e-07,-6.230959490594046e-07,4.842928738500835e-06,-4.842928738500835e-06
2019,4,E_optimal_rank_reduced,p762,incipient,0.01519,0,2311.8891499999995,139.25,8.360221503336952,-8.360221503336952,0.007074803210205085,-0.007074803210205085,1.6264005417987448e-06,-1.6264005417987448e-06,1.0518969712786205e-05,-1.0518969712786205e-05
2019,4,E_optimal_rank_reduced,p426,abrupt,0.015008,0,1504.3775500000002,111.33333333333333,3.8387681827000346,-3.8387681827000346,0.006238572556330933,-0.006238572556330933,1.390523502209362e-05,-1.390523502209362e-05,8.715653604246706e-06,-8.715653604246706e-06
2019,4,E_optimal_rank_reduced,p879,incipient,0.013195,0,3051.8586,18.25,4.691243654671841,-4.691243654671841,0.004297455676016106,-0.004297455676016106,6.196597690522054e-08,-6.196597690522054e-08,8.013733757321012e-06,-8.013733757321012e-06
2019,4,goal_oriented_oed,p257,incipient,0.011843,0,2878.9772500000017,14.583333333333334,27.113118281151092,-27.113118281151092,0.02608099617430339,-0.02608099617430339,0.002025413120998132,-0.002025413120998132,5.620916658282256e-06,-5.620916658282256e-06
2019,4,goal_oriented_oed,p427,incipient,0.0090731,0,1481.3367499999997,574.1666666666666,4.319578551869986,-4.319578551869986,0.005307048376037118,-0.005307048376037118,1.184265510623117e-05,-1.184265510623117e-05,6.662626697501921e-07,-6.662626697501921e-07
2019,4,goal_oriented_oed,p810,incipient,0.010028,0,2881.7294,920.25,5.548398133631171,-5.548398133631171,0.0055601370212280225,-0.0055601370212280225,1.117292136587622e-08,-1.117292136587622e-08,6.037767825787916e-07,-6.037767825787916e-07
2019,4,goal_oriented_oed,p654,incipient,0.0087735,0,1693.21495,1090.5,4.694540424281387,-4.694540424281387,0.004861359677346562,-0.004861359677346562,5.335786246174479e-08,-5.335786246174479e-08,5.957949317597134e-07,-5.957949317597134e-07
2019,4,goal_oriented_oed,p523,abrupt,0.020246,1,,,7.5862149299221135,-7.5862149299221135,0.004823227664207137,-0.004823227664207137,2.630364947076025e-06,-2.630364947076025e-06,7.435740693865486e-07,-7.435740693865486e-07
2019,4,goal_oriented_oed,p827,abrupt,0.02025,1,,,4.671277529141223,-4.671277529141223,0.004949684315077602,-0.004949684315077602,4.5539220172585715e-09,-4.5539220172585715e-09,1.109563615456128e-06,-1.109563615456128e-06
2019,4,goal_oriented_oed,p280,abrupt,0.0095008,0,442.02515000000005,287.5,31.48530195434981,-31.48530195434981,0.010149529212510812,-0.010149529212510812,0.0003331605123492176,-0.0003331605123492176,2.5084204445400414e-05,-2.5084204445400414e-05
2019,4,goal_oriented_oed,p653,incipient,0.016035,0,1972.8059500000002,45.833333333333336,4.7211506032333785,-4.7211506032333785,0.00485569810441215,-0.00485569810441215,7.274344460128646e-10,-7.274344460128646e-10,5.522711562811724e-07,-5.522711562811724e-07
2019,4,goal_oriented_oed,p710,abrupt,0.0092936,0,58.3862,99.08333333333333,8.200041974011135,-8.200041974011135,0.008753805372845416,-0.008753805372845416,1.9320193962446552e-06,-1.9320193962446552e-06,5.067084680134871e-07,-5.067084680134871e-07
2019,4,goal_oriented_oed,p514,abrupt,0.014979,0,2501.8958000000007,56.083333333333336,6.124548301875368,-6.124548301875368,0.004166562582707701,-0.004166562582707701,2.1401421912425889e-07,-2.1401421912425889e-07,9.105628558441509e-07,-9.105628558441509e-07
2019,4,goal_oriented_oed,p331,abrupt,0.014053,0,1263.3500500000002,153.25,3.582829300797498,-3.582829300797498,0.005112069813194881,-0.005112069813194881,1.8278521030090644e-08,-1.8278521030090644e-08,8.033935473934665e-07,-8.033935473934665e-07
2019,4,goal_oriented_oed,p193,incipient,0.01239,0,3189.1383,58.916666666666664,5.112427026310893,-5.112427026310893,0.005170407922848201,-0.005170407922848201,1.0916578752073747e-10,-1.0916578752073747e-10,8.174677334356562e-07,-8.174677334356562e-07
2019,4,goal_oriented_oed,p277,incipient,0.012089,0,1763.9680999999996,159.91666666666666,24.449081227629247,-24.449081227629247,0.016335924738040474,-0.016335924738040474,2.6484291516637448e-05,-2.6484291516637448e-05,8.035741282947375e-06,-8.035741282947375e-06
2019,4,goal_oriented_oed,p142,abrupt,0.019857,0,889.01835,32.416666666666664,4.58389256555611,-4.58389256555611,0.004864562127233663,-0.004864562127233663,2.264317400246796e-09,-2.264317400246796e-09,3.784319249746393e-07,-3.784319249746393e-07
2019,4,goal_oriented_oed,p680,abrupt,0.0097197,0,1562.4786000000001,94.33333333333333,4.822622137239538,-4.822622137239538,0.006012079142613586,-0.006012079142613586,8.125944361836446e-12,-8.125944361836446e-12,4.572052330841655e-07,-4.572052330841655e-07
2019,4,goal_oriented_oed,p586,incipient,0.017184,0,2402.66305,63.25,5.950477763671628,-5.950477763671628,0.0045166574202996764,-0.0045166574202996764,7.407570567163901e-06,-7.407570567163901e-06,6.14092575024711e-07,-6.14092575024711e-07
2019,4,goal_oriented_oed,p721,incipient,0.01408,0,1524.9742,99.58333333333333,8.076623682600616,-8.076623682600616,0.00821000354835761,-0.00821000354835761,3.9533265550062424e-11,-3.9533265550062424e-11,3.6894393986850827e-07,-3.6894393986850827e-07
2019,4,goal_oriented_oed,p800,incipient,0.018847,0,416.2608,117.58333333333333,3.0228234270846297,-3.0228234270846297,0.0034188316341779105,-0.0034188316341779105,5.936293123731673e-09,-5.936293123731673e-09,9.594750609729637e-07,-9.594750609729637e-07
2019,4,goal_oriented_oed,p123,incipient,0.011906,0,929.6232,137.08333333333334,4.474927563997757,-4.474927563997757,0.004739376671032442,-0.004739376671032442,3.312861962534441e-08,-3.312861962534441e-08,7.775297251430079e-07,-7.775297251430079e-07
2019,4,goal_oriented_oed,p455,incipient,0.012722,0,1593.31385,22.166666666666668,8.804919054494153,-8.804919054494153,0.005615515725817664,-0.005615515725817664,6.580078282247825e-07,-6.580078282247825e-07,1.4219181864606476e-06,-1.4219181864606476e-06
2019,4,goal_oriented_oed,p762,incipient,0.01519,0,454.81925,52.75,6.331629598351777,-6.331629598351777,0.006228903515861583,-0.006228903515861583,2.797631115658561e-08,-2.797631115658561e-08,6.583935077826639e-07,-6.583935077826639e-07
2019,4,goal_oriented_oed,p426,abrupt,0.015008,0,1518.8321500000002,63.0,4.158000459069301,-4.158000459069301,0.005270668058057157,-0.005270668058057157,1.2884279152469702e-06,-1.2884279152469702e-06,6.747659792502661e-07,-6.747659792502661e-07
2019,4,goal_oriented_oed,p879,incipient,0.013195,0,908.8319999999999,139.08333333333334,2.5644126304169848,-2.5644126304169848,0.002861775925313252,-0.002861775925313252,1.9922700156271844e-09,-1.9922700156271844e-09,1.1862229085455026e-06,-1.1862229085455026e-06
2019,4,topological_dispersion,p257,incipient,0.011843,0,2878.9772500000017,14.583333333333334,22.05486644072306,-22.05486644072306,0.02492084565425983,-0.02492084565425983,0.0005928316784818977,-0.0005928316784818977,5.75652655512398e-08,-5.75652655512398e-08
2019,4,topological_dispersion,p427,incipient,0.0090731,0,1469.3974000000003,373.25,3.580854656444034,-3.580854656444034,0.003877615614790593,-0.003877615614790593,2.7326946818173603e-05,-2.7326946818173603e-05,3.533989292892968e-08,-3.533989292892968e-08
2019,4,topological_dispersion,p810,incipient,0.010028,0,1328.1851,574.1666666666666,9.74532019282626,-9.74532019282626,0.005637200213323923,-0.005637200213323923,1.1259733034840735e-08,-1.1259733034840735e-08,5.9025522323508314e-08,-5.9025522323508314e-08
2019,4,topological_dispersion,p654,incipient,0.0087735,0,1341.1451499999996,771.5,5.072602020008464,-5.072602020008464,0.004268169348099357,-0.004268169348099357,2.6713675049805374e-08,-2.6713675049805374e-08,3.654912724455115e-08,-3.654912724455115e-08
2019,4,topological_dispersion,p523,abrupt,0.020246,1,,,6.614870232353266,-6.614870232353266,0.005044172979840578,-0.005044172979840578,3.5608439530321334e-09,-3.5608439530321334e-09,1.1382776772083537e-07,-1.1382776772083537e-07
2019,4,topological_dispersion,p827,abrupt,0.02025,1,,,8.506487253655964,-8.506487253655964,0.005227543109968736,-0.005227543109968736,1.2837934715292931e-08,-1.2837934715292931e-08,9.536837306577108e-08,-9.536837306577108e-08
2019,4,topological_dispersion,p280,abrupt,0.0095008,0,740.50355,282.0833333333333,16.26061147507443,-16.26061147507443,0.006964999795519019,-0.006964999795519019,4.081563453883774e-08,-4.081563453883774e-08,4.2994374915834675e-08,-4.2994374915834675e-08
2019,4,topological_dispersion,p653,incipient,0.016035,0,2226.05745,45.833333333333336,5.102909129982226,-5.102909129982226,0.004275433024656603,-0.004275433024656603,4.76268358085008e-10,-4.76268358085008e-10,4.5838748830582274e-08,-4.5838748830582274e-08
2019,4,topological_dispersion,p710,abrupt,0.0092936,0,2057.9638000000004,171.66666666666666,5.652992011849881,-5.652992011849881,0.004136087251262098,-0.004136087251262098,2.3302805629565881e-07,-2.3302805629565881e-07,8.013798238479577e-09,-8.013798238479577e-09
2019,4,topological_dispersion,p514,abrupt,0.014979,0,254.9842,188.41666666666666,5.873922007714732,-5.873922007714732,0.004463764497301941,-0.004463764497301941,1.0228032671921738e-06,-1.0228032671921738e-06,6.090310024368164e-08,-6.090310024368164e-08
2019,4,topological_dispersion,p331,abrupt,0.014053,0,1937.42305,116.83333333333333,3.3089706764153037,-3.3089706764153037,0.003905549880288094,-0.003905549880288094,1.6481993325712097e-08,-1.6481993325712097e-08,1.6623176845012845e-21,-1.6623176845012845e-21
2019,4,topological_dispersion,p193,incipient,0.01239,0,923.4269500000001,32.833333333333336,10.504970693578056,-10.504970693578056,0.006070037440644055,-0.006070037440644055,7.406773971929681e-09,-7.406773971929681e-09,3.6933647522523596e-08,-3.6933647522523596e-08
2019,4,topological_dispersion,p277,incipient,0.012089,0,472.60145,185.66666666666666,15.601531803495089,-15.601531803495089,0.013922005248061985,-0.013922005248061985,3.151383021204879e-08,-3.151383021204879e-08,5.53988248052935e-08,-5.53988248052935e-08
2019,4,topological_dispersion,p142,abrupt,0.019857,0,1860.0354000000002,68.5,4.946524442517614,-4.946524442517614,0.004247984450478277,-0.004247984450478277,1.0463691613171733e-07,-1.0463691613171733e-07,3.4158458593023576e-08,-3.4158458593023576e-08
2019,4,topological_dispersion,p680,abrupt,0.0097197,0,525.2871,140.33333333333334,19.011957520281122,-19.011957520281122,0.005102716227261218,-0.005102716227261218,0.0002543303996984658,-0.0002543303996984658,5.714479144821098e-06,-5.714479144821098e-06
2019,4,topological_dispersion,p586,incipient,0.017184,0,1181.9855000000002,88.25,7.675134167675357,-7.675134167675357,0.00599976532292439,-0.00599976532292439,5.763146515569417e-09,-5.763146515569417e-09,6.381366274326021e-08,-6.381366274326021e-08
2019,4,topological_dispersion,p721,incipient,0.01408,0,1223.73915,122.83333333333333,6.0838998165129,-6.0838998165129,0.004246115736140744,-0.004246115736140744,2.8641821563368808e-06,-2.8641821563368808e-06,6.645916113623577e-09,-6.645916113623577e-09
2019,4,topological_dispersion,p800,incipient,0.018847,0,1311.5192,117.58333333333333,5.479440923605903,-5.479440923605903,0.0036782342509266417,-0.0036782342509266417,1.952513262182265e-08,-1.952513262182265e-08,4.465505646949557e-08,-4.465505646949557e-08
2019,4,topological_dispersion,p123,incipient,0.011906,0,883.4435,126.25,4.78423997097811,-4.78423997097811,0.004260345938274661,-0.004260345938274661,3.431439865586583e-08,-3.431439865586583e-08,2.2135087377649744e-09,-2.2135087377649744e-09
2019,4,topological_dispersion,p455,incipient,0.012722,0,1424.2098999999998,159.0,9.355360344620724,-9.355360344620724,0.0075263299839524594,-0.0075263299839524594,3.2971043664176136e-06,-3.2971043664176136e-06,1.1389078266038118e-08,-1.1389078266038118e-08
2019,4,topological_dispersion,p762,incipient,0.01519,0,790.8701000000001,187.16666666666666,8.380778811393368,-8.380778811393368,0.0049768531648115375,-0.0049768531648115375,3.460897903817539e-06,-3.460897903817539e-06,5.799341709413399e-09,-5.799341709413399e-09
2019,4,topological_dispersion,p426,abrupt,0.015008,0,755.8489,173.5,3.4550105370088717,-3.4550105370088717,0.0038806038880068268,-0.0038806038880068268,5.93966044748484e-06,-5.93966044748484e-06,3.443857701050763e-08,-3.443857701050763e-08
2019,4,topological_dispersion,p879,incipient,0.013195,0,303.1096,94.66666666666667,9.265597769690137,-9.265597769690137,0.005815291010297787,-0.005815291010297787,2.4572246459797498e-09,-2.4572246459797498e-09,9.335904188405064e-08,-9.335904188405064e-08
2019,4,centrality,p257,incipient,0.011843,0,2864.5226500000017,397.1666666666667,11.103362395040905,-11.103362395040905,0.015111304771585713,-0.015111304771585713,6.047717882040615e-12,-6.047717882040615e-12,2.835656735824549e-06,-2.835656735824549e-06
2019,4,centrality,p427,incipient,0.0090731,0,1454.9428000000003,601.8333333333334,5.261939316500232,-5.261939316500232,0.013562738329576622,-0.013562738329576622,8.338160070331391e-05,-8.338160070331391e-05,3.323934534702371e-05,-3.323934534702371e-05
2019,4,centrality,p810,incipient,0.010028,0,1553.4488499999998,783.5,4.1578925171827095,-4.1578925171827095,0.007320959693547624,-0.007320959693547624,8.301780485275856e-09,-8.301780485275856e-09,5.179546057624211e-06,-5.179546057624211e-06
2019,4,centrality,p654,incipient,0.0087735,0,1224.4182999999998,1033.25,5.389837415326924,-5.389837415326924,0.011388482040850193,-0.011388482040850193,5.447130857483273e-09,-5.447130857483273e-09,2.7100326431268714e-06,-2.7100326431268714e-06
2019,4,centrality,p523,abrupt,0.020246,1,,,2.3105290110129832,-2.3105290110129832,0.0057626439060918435,-0.0057626439060918435,2.918512653771188e-09,-2.918512653771188e-09,4.840291941574929e-07,-4.840291941574929e-07
2019,4,centrality,p827,abrupt,0.02025,1,,,3.6746681788746596,-3.6746681788746596,0.006734868207504314,-0.006734868207504314,9.235816111896611e-09,-9.235816111896611e-09,1.7768899530102843e-05,-1.7768899530102843e-05
2019,4,centrality,p280,abrupt,0.0095008,0,1310.8984000000005,1630.0,11.128476587691672,-11.128476587691672,0.015550256698158238,-0.015550256698158238,3.1693806468169328e-09,-3.1693806468169328e-09,2.4966976470398696e-06,-2.4966976470398696e-06
2019,4,centrality,p653,incipient,0.016035,0,1097.7703000000004,1295.25,5.380455668409977,-5.380455668409977,0.01136155739357001,-0.01136155739357001,5.982556117167803e-09,-5.982556117167803e-09,1.3872983815110817e-06,-1.3872983815110817e-06
2019,4,centrality,p710,abrupt,0.0092936,0,908.9525999999998,1021.0,5.044095254224533,-5.044095254224533,0.009930723949643894,-0.009930723949643894,6.7803361814000596e-09,-6.7803361814000596e-09,4.293981613887534e-06,-4.293981613887534e-06
2019,4,centrality,p514,abrupt,0.014979,0,915.8774,968.8333333333334,2.6661305553218635,-2.6661305553218635,0.00643849793633077,-0.00643849793633077,4.892256701971576e-07,-4.892256701971576e-07,6.645507400566968e-07,-6.645507400566968e-07
2019,4,centrality,p331,abrupt,0.014053,0,2240.5326500000006,770.5,5.212861846227596,-5.212861846227596,0.014267248162581328,-0.014267248162581328,1.6263664193161276e-08,-1.6263664193161276e-08,1.3429912246496074e-06,-1.3429912246496074e-06
2019,4,centrality,p193,incipient,0.01239,0,1256.5447999999997,244.33333333333334,3.8978542222749466,-3.8978542222749466,0.006893879634197266,-0.006893879634197266,5.912085265791234e-10,-5.912085265791234e-10,1.8456800399934145e-06,-1.8456800399934145e-06
2019,4,centrality,p277,incipient,0.012089,0,407.31654999999995,141.91666666666666,11.109585380830476,-11.109585380830476,0.015013793223247886,-0.015013793223247886,5.163247607242738e-11,-5.163247607242738e-11,2.3483970326629994e-06,-2.3483970326629994e-06
2019,4,centrality,p142,abrupt,0.019857,0,622.09225,14.083333333333334,5.279066129393825,-5.279066129393825,0.011435986909339337,-0.011435986909339337,5.428812954733075e-10,-5.428812954733075e-10,8.623195084769308e-07,-8.623195084769308e-07
2019,4,centrality,p680,abrupt,0.0097197,0,1548.0240000000001,108.75,4.885093009143946,-4.885093009143946,0.011630297167646969,-0.011630297167646969,3.700262318773184e-12,-3.700262318773184e-12,4.831771375035739e-07,-4.831771375035739e-07
2019,4,centrality,p586,incipient,0.017184,0,2388.20845,212.91666666666666,3.5276320869339757,-3.5276320869339757,0.008351373752329368,-0.008351373752329368,1.4900826772468179e-07,-1.4900826772468179e-07,2.9498363022741383e-06,-2.9498363022741383e-06
2019,4,centrality,p721,incipient,0.01408,0,1209.28455,226.16666666666666,5.154133875158105,-5.154133875158105,0.009750603759197346,-0.009750603759197346,5.459483519709707e-07,-5.459483519709707e-07,4.0508129771717895e-06,-4.0508129771717895e-06
2019,4,centrality,p800,incipient,0.018847,0,2583.96105,47.833333333333336,2.892610293193155,-2.892610293193155,0.0051124300844478405,-0.0051124300844478405,6.631348803409765e-10,-6.631348803409765e-10,9.479070202339166e-07,-9.479070202339166e-07
2019,4,centrality,p123,incipient,0.011906,0,959.3566500000001,82.91666666666667,4.4185170593976455,-4.4185170593976455,0.011050936628108127,-0.011050936628108127,1.0281177653670426e-07,-1.0281177653670426e-07,9.900458261397942e-06,-9.900458261397942e-06
2019,4,centrality,p455,incipient,0.012722,0,661.61075,65.33333333333333,2.253905167945719,-2.253905167945719,0.005645247236616917,-0.005645247236616917,1.0141540607300215e-08,-1.0141540607300215e-08,4.855760692675651e-07,-4.855760692675651e-07
2019,4,centrality,p762,incipient,0.01519,0,953.3001500000001,140.25,4.599730935080782,-4.599730935080782,0.008032378161426193,-0.008032378161426193,2.9474556684228048e-08,-2.9474556684228048e-08,4.991244371716901e-06,-4.991244371716901e-06
2019,4,centrality,p426,abrupt,0.015008,0,1518.8321500000002,3.3333333333333335,5.263230524394721,-5.263230524394721,0.013710372363802278,-0.013710372363802278,6.665714084752583e-05,-6.665714084752583e-05,0.00010530797449690698,-0.00010530797449690698
2019,4,centrality,p879,incipient,0.013195,0,3026.4460000000004,92.25,2.1083503397590073,-2.1083503397590073,0.003885803137766393,-0.003885803137766393,4.690808581342409e-06,-4.690808581342409e-06,1.2583115335972745e-05,-1.2583115335972745e-05
2019,6,FO,p257,incipient,0.011843,0,1598.01835,378.9166666666667,11.103362395040905,-11.103362395040905,0.011488074612175976,-0.011488074612175976,4.0739078777107807e-11,-4.0739078777107807e-11,3.318184939042198e-07,-3.318184939042198e-07
2019,6,FO,p427,incipient,0.0090731,0,1454.9428000000003,582.0833333333334,5.021238333807325,-5.021238333807325,0.010251975033094688,-0.010251975033094688,8.494718951590485e-05,-8.494718951590485e-05,1.958930524883867e-06,-1.958930524883867e-06
2019,6,FO,p810,incipient,0.010028,0,1383.2828000000002,773.4166666666666,9.034164699831047,-9.034164699831047,0.006429941087033221,-0.006429941087033221,3.652907568874042e-06,-3.652907568874042e-06,3.558411623644621e-07,-3.558411623644621e-07
2019,6,FO,p654,incipient,0.0087735,0,481.74365,942.8333333333334,5.539330008261573,-5.539330008261573,0.009173204807021685,-0.009173204807021685,4.347937676563163e-08,-4.347937676563163e-08,1.090803858491666e-06,-1.090803858491666e-06
2019,6,FO,p523,abrupt,0.020246,1,,,6.785273662803534,-6.785273662803534,0.005126979064837043,-0.005126979064837043,1.042930523054153e-07,-1.042930523054153e-07,1.670937974600172e-06,-1.670937974600172e-06
2019,6,FO,p827,abrupt,0.02025,1,,,9.31240273101837,-9.31240273101837,0.006030445607518896,-0.006030445607518896,6.103801344803372e-06,-6.103801344803372e-06,6.117324900015724e-07,-6.117324900015724e-07
2019,6,FO,p280,abrupt,0.0095008,0,1581.2953,143.08333333333334,11.128476587691672,-11.128476587691672,0.011817649919125123,-0.011817649919125123,4.252185714648249e-09,-4.252185714648249e-09,4.590901724150641e-07,-4.590901724150641e-07
2019,6,FO,p653,incipient,0.016035,0,583.84565,904.75,5.559337856697106,-5.559337856697106,0.009162578225308006,-0.009162578225308006,6.497513305170344e-09,-6.497513305170344e-09,2.886947896382585e-07,-2.886947896382585e-07
2019,6,FO,p710,abrupt,0.0092936,0,2185.2906999999996,621.1666666666666,6.0880503174723835,-6.0880503174723835,0.008479455507246313,-0.008479455507246313,7.524412130366365e-06,-7.524412130366365e-06,5.732739057760265e-07,-5.732739057760265e-07
2019,6,FO,p514,abrupt,0.014979,0,377.21920000000006,569.6666666666666,7.388844689568748,-7.388844689568748,0.005694135330597887,-0.005694135330597887,2.107775500248543e-06,-2.107775500248543e-06,1.913155093615063e-06,-1.913155093615063e-06
2019,6,FO,p331,abrupt,0.014053,0,808.2746,323.25,5.212861846227596,-5.212861846227596,0.01060901738703734,-0.01060901738703734,1.3775895757461853e-08,-1.3775895757461853e-08,4.803047103616808e-07,-4.803047103616808e-07
2019,6,FO,p193,incipient,0.01239,0,639.39545,43.916666666666664,9.379434800143278,-9.379434800143278,0.006123426686321256,-0.006123426686321256,2.7449570394466605e-08,-2.7449570394466605e-08,4.250189373702152e-07,-4.250189373702152e-07
2019,6,FO,p277,incipient,0.012089,0,1109.8153999999997,141.91666666666666,11.109585380830476,-11.109585380830476,0.011406089797215746,-0.011406089797215746,4.5288217620509386e-10,-4.5288217620509386e-10,6.192314628701726e-07,-6.192314628701726e-07
2019,6,FO,p142,abrupt,0.019857,0,1485.8607499999998,3.75,5.494424612770351,-5.494424612770351,0.009228674693776058,-0.009228674693776058,8.707727581214186e-07,-8.707727581214186e-07,9.461914379696145e-07,-9.461914379696145e-07
2019,6,FO,p680,abrupt,0.0097197,0,1562.4786000000001,44.666666666666664,9.494245653696941,-9.494245653696941,0.01594006395013112,-0.01594006395013112,6.577038913491151e-11,-6.577038913491151e-11,2.8400121488684033e-07,-2.8400121488684033e-07
2019,6,FO,p586,incipient,0.017184,0,598.8746500000001,159.83333333333334,6.42115521017978,-6.42115521017978,0.007032378686048234,-0.007032378686048234,3.3493078910318275e-07,-3.3493078910318275e-07,5.533641619186445e-07,-5.533641619186445e-07
2019,6,FO,p721,incipient,0.01408,0,1494.7134999999998,196.33333333333334,6.471781441053005,-6.471781441053005,0.008335240750242444,-0.008335240750242444,1.8982256400068565e-06,-1.8982256400068565e-06,7.508234198885376e-07,-7.508234198885376e-07
2019,6,FO,p800,incipient,0.018847,0,529.2630500000001,41.166666666666664,9.816791579023825,-9.816791579023825,0.004931784478434329,-0.004931784478434329,7.414053553311817e-07,-7.414053553311817e-07,3.7050939162212364e-07,-3.7050939162212364e-07
2019,6,FO,p123,incipient,0.011906,0,1379.8827000000003,78.41666666666667,5.649747386286099,-5.649747386286099,0.009355607543554214,-0.009355607543554214,2.7607613839464307e-06,-2.7607613839464307e-06,2.268795049690275e-06,-2.268795049690275e-06
2019,6,FO,p455,incipient,0.012722,0,3133.5329,112.91666666666667,6.610898245354088,-6.610898245354088,0.005030158604135893,-0.005030158604135893,2.8792309159086926e-07,-2.8792309159086926e-07,9.047129106234126e-07,-9.047129106234126e-07
2019,6,FO,p762,incipient,0.01519,0,738.3339000000001,141.0,8.333734521794712,-8.333734521794712,0.006956594116927203,-0.006956594116927203,4.504049039177893e-06,-4.504049039177893e-06,8.281684649810457e-07,-8.281684649810457e-07
2019,6,FO,p426,abrupt,0.015008,0,49.43475,124.83333333333333,5.013681851062847,-5.013681851062847,0.010301059193121435,-0.010301059193121435,6.999119233364048e-05,-6.999119233364048e-05,2.9114219993285095e-06,-2.9114219993285095e-06
2019,6,FO,p879,incipient,0.013195,0,1715.0607000000002,16.333333333333332,11.110180847220821,-11.110180847220821,0.004294369141490152,-0.004294369141490152,6.382116721137532e-05,-6.382116721137532e-05,5.082680585410951e-06,-5.082680585410951e-06
2019,6,D_optimal_bayesian,p257,incipient,0.011843,0,2878.9772500000017,14.583333333333334,22.05486644072306,-22.05486644072306,0.023246636819224877,-0.023246636819224877,0.004248649440591334,-0.004248649440591334,3.927222341053884e-07,-3.927222341053884e-07
2019,6,D_optimal_bayesian,p427,incipient,0.0090731,0,1483.6390999999999,378.9166666666667,5.04771002466793,-5.04771002466793,0.008806153908619002,-0.008806153908619002,0.00010586080649144236,-0.00010586080649144236,3.934963486500532e-07,-3.934963486500532e-07
2019,6,D_optimal_bayesian,p810,incipient,0.010028,0,2653.2958000000003,574.1666666666666,9.44115358585011,-9.44115358585011,0.007461351520964649,-0.007461351520964649,4.079667166090317e-06,-4.079667166090317e-06,1.0068383077649713e-06,-1.0068383077649713e-06
2019,6,D_optimal_bayesian,p654,incipient,0.0087735,0,981.1133499999997,773.4166666666666,5.072602020008464,-5.072602020008464,0.0074080547006427746,-0.0074080547006427746,4.359269900611196e-08,-4.359269900611196e-08,4.52698217308179e-07,-4.52698217308179e-07
2019,6,D_optimal_bayesian,p523,abrupt,0.020246,1,,,6.614870232353266,-6.614870232353266,0.005313550986724724,-0.005313550986724724,6.029623313974497e-07,-6.029623313974497e-07,8.081141462584132e-07,-8.081141462584132e-07
2019,6,D_optimal_bayesian,p827,abrupt,0.02025,1,,,8.938175374452902,-8.938175374452902,0.007297498492113106,-0.007297498492113106,4.497770192735118e-06,-4.497770192735118e-06,3.794517120663916e-07,-3.794517120663916e-07
2019,6,D_optimal_bayesian,p280,abrupt,0.0095008,0,487.2520500000001,287.0,16.60896088940954,-16.60896088940954,0.01164357474846968,-0.01164357474846968,0.00013967524782099172,-0.00013967524782099172,8.414294294100627e-06,-8.414294294100627e-06
2019,6,D_optimal_bayesian,p653,incipient,0.016035,0,2226.05745,45.833333333333336,5.102909129982226,-5.102909129982226,0.007398430682427325,-0.007398430682427325,1.088082024480741e-08,-1.088082024480741e-08,7.544136339026229e-07,-7.544136339026229e-07
2019,6,D_optimal_bayesian,p710,abrupt,0.0092936,0,2108.2984500000007,171.66666666666666,5.604331599271874,-5.604331599271874,0.00764384934877684,-0.00764384934877684,2.376598467135338e-06,-2.376598467135338e-06,5.27467728641047e-07,-5.27467728641047e-07
2019,6,D_optimal_bayesian,p514,abrupt,0.014979,0,1400.4199,177.25,5.873922007714732,-5.873922007714732,0.005229089515131396,-0.005229089515131396,6.565085238552371e-06,-6.565085238552371e-06,9.812521209825305e-07,-9.812521209825305e-07
2019,6,D_optimal_bayesian,p331,abrupt,0.014053,0,734.4634500000001,222.25,9.634530047213056,-9.634530047213056,0.016098323579499654,-0.016098323579499654,8.153365954610692e-07,-8.153365954610692e-07,5.82731178512122e-07,-5.82731178512122e-07
2019,6,D_optimal_bayesian,p193,incipient,0.01239,0,3540.6803499999996,81.83333333333333,10.036762760152204,-10.036762760152204,0.007692814090941176,-0.007692814090941176,9.689990432271145e-07,-9.689990432271145e-07,7.033900783617384e-07,-7.033900783617384e-07
2019,6,D_optimal_bayesian,p277,incipient,0.012089,0,380.48814999999996,18.0,15.601531803495089,-15.601531803495089,0.01635415488709643,-0.01635415488709643,1.2851639721533914e-05,-1.2851639721533914e-05,6.477774240738009e-06,-6.477774240738009e-06
2019,6,D_optimal_bayesian,p142,abrupt,0.019857,0,1192.3440000000003,191.0,4.946524442517614,-4.946524442517614,0.0074260301831765956,-0.0074260301831765956,2.9282142263165056e-06,-2.9282142263165056e-06,4.95452002483763e-07,-4.95452002483763e-07
2019,6,D_optimal_bayesian,p680,abrupt,0.0097197,0,1076.83855,53.416666666666664,9.494245653696941,-9.494245653696941,0.015111480856607452,-0.015111480856607452,4.925604368821723e-11,-4.925604368821723e-11,3.7356527821482714e-07,-3.7356527821482714e-07
2019,6,D_optimal_bayesian,p586,incipient,0.017184,0,1319.5215500000002,15.583333333333334,7.675134167675357,-7.675134167675357,0.006888464178324015,-0.006888464178324015,1.7483032526133258e-06,-1.7483032526133258e-06,1.0988178092227047e-06,-1.0988178092227047e-06
2019,6,D_optimal_bayesian,p721,incipient,0.01408,0,2205.4777000000004,51.5,6.030829887450178,-6.030829887450178,0.007622031009977473,-0.007622031009977473,1.3170016982977373e-05,-1.3170016982977373e-05,2.954469777075824e-07,-2.954469777075824e-07
2019,6,D_optimal_bayesian,p800,incipient,0.018847,0,2609.37365,40.916666666666664,4.914903885617397,-4.914903885617397,0.004703102600707236,-0.004703102600707236,3.6100708200592635e-08,-3.6100708200592635e-08,5.389748203591973e-07,-5.389748203591973e-07
2019,6,D_optimal_bayesian,p123,incipient,0.011906,0,960.87325,70.66666666666667,4.78423997097811,-4.78423997097811,0.007291905114987784,-0.007291905114987784,3.0646767705810873e-06,-3.0646767705810873e-06,7.596277751018887e-07,-7.596277751018887e-07
2019,6,D_optimal_bayesian,p455,incipient,0.012722,0,1964.5978000000002,111.33333333333333,9.355360344620724,-9.355360344620724,0.006970145474347279,-0.006970145474347279,3.514691217154642e-05,-3.514691217154642e-05,4.928925385393593e-07,-4.928925385393593e-07
2019,6,D_optimal_bayesian,p762,incipient,0.01519,0,2400.0700500000003,139.25,8.360221503336952,-8.360221503336952,0.0072966389602938725,-0.0072966389602938725,1.1192907804824515e-05,-1.1192907804824515e-05,5.894037196995945e-07,-5.894037196995945e-07
2019,6,D_optimal_bayesian,p426,abrupt,0.015008,0,921.9259999999999,101.41666666666667,5.045639343646333,-5.045639343646333,0.008869379426401616,-0.008869379426401616,8.570116564410313e-05,-8.570116564410313e-05,3.5828050365379744e-07,-3.5828050365379744e-07
2019,6,D_optimal_bayesian,p879,incipient,0.013195,0,2831.4901000000004,16.333333333333332,4.691243654671841,-4.691243654671841,0.004084910041680897,-0.004084910041680897,1.6973715539769785e-06,-1.6973715539769785e-06,5.079590449289539e-07,-5.079590449289539e-07
2019,6,A_optimal_bayesian,p257,incipient,0.011843,0,2878.9772500000017,14.583333333333334,22.05486644072306,-22.05486644072306,0.023246636819224877,-0.023246636819224877,0.004248649440591334,-0.004248649440591334,3.927222341053884e-07,-3.927222341053884e-07
2019,6,A_optimal_bayesian,p427,incipient,0.0090731,0,1483.6390999999999,378.9166666666667,5.04771002466793,-5.04771002466793,0.008806153908619002,-0.008806153908619002,0.00010586080649144236,-0.00010586080649144236,3.934963486500532e-07,-3.934963486500532e-07
2019,6,A_optimal_bayesian,p810,incipient,0.010028,0,2653.2958000000003,574.1666666666666,9.44115358585011,-9.44115358585011,0.007461351520964649,-0.007461351520964649,4.079667166090317e-06,-4.079667166090317e-06,1.0068383077649713e-06,-1.0068383077649713e-06
2019,6,A_optimal_bayesian,p654,incipient,0.0087735,0,981.1133499999997,773.4166666666666,5.072602020008464,-5.072602020008464,0.0074080547006427746,-0.0074080547006427746,4.359269900611196e-08,-4.359269900611196e-08,4.52698217308179e-07,-4.52698217308179e-07
2019,6,A_optimal_bayesian,p523,abrupt,0.020246,1,,,6.614870232353266,-6.614870232353266,0.005313550986724724,-0.005313550986724724,6.029623313974497e-07,-6.029623313974497e-07,8.081141462584132e-07,-8.081141462584132e-07
2019,6,A_optimal_bayesian,p827,abrupt,0.02025,1,,,8.938175374452902,-8.938175374452902,0.007297498492113106,-0.007297498492113106,4.497770192735118e-06,-4.497770192735118e-06,3.794517120663916e-07,-3.794517120663916e-07
2019,6,A_optimal_bayesian,p280,abrupt,0.0095008,0,487.2520500000001,287.0,16.60896088940954,-16.60896088940954,0.01164357474846968,-0.01164357474846968,0.00013967524782099172,-0.00013967524782099172,8.414294294100627e-06,-8.414294294100627e-06
2019,6,A_optimal_bayesian,p653,incipient,0.016035,0,2226.05745,45.833333333333336,5.102909129982226,-5.102909129982226,0.007398430682427325,-0.007398430682427325,1.088082024480741e-08,-1.088082024480741e-08,7.544136339026229e-07,-7.544136339026229e-07
2019,6,A_optimal_bayesian,p710,abrupt,0.0092936,0,2108.2984500000007,171.66666666666666,5.604331599271874,-5.604331599271874,0.00764384934877684,-0.00764384934877684,2.376598467135338e-06,-2.376598467135338e-06,5.27467728641047e-07,-5.27467728641047e-07
2019,6,A_optimal_bayesian,p514,abrupt,0.014979,0,1400.4199,177.25,5.873922007714732,-5.873922007714732,0.005229089515131396,-0.005229089515131396,6.565085238552371e-06,-6.565085238552371e-06,9.812521209825305e-07,-9.812521209825305e-07
2019,6,A_optimal_bayesian,p331,abrupt,0.014053,0,734.4634500000001,222.25,9.634530047213056,-9.634530047213056,0.016098323579499654,-0.016098323579499654,8.153365954610692e-07,-8.153365954610692e-07,5.82731178512122e-07,-5.82731178512122e-07
2019,6,A_optimal_bayesian,p193,incipient,0.01239,0,3540.6803499999996,81.83333333333333,10.036762760152204,-10.036762760152204,0.007692814090941176,-0.007692814090941176,9.689990432271145e-07,-9.689990432271145e-07,7.033900783617384e-07,-7.033900783617384e-07
2019,6,A_optimal_bayesian,p277,incipient,0.012089,0,380.48814999999996,18.0,15.601531803495089,-15.601531803495089,0.01635415488709643,-0.01635415488709643,1.2851639721533914e-05,-1.2851639721533914e-05,6.477774240738009e-06,-6.477774240738009e-06
2019,6,A_optimal_bayesian,p142,abrupt,0.019857,0,1192.3440000000003,191.0,4.946524442517614,-4.946524442517614,0.0074260301831765956,-0.0074260301831765956,2.9282142263165056e-06,-2.9282142263165056e-06,4.95452002483763e-07,-4.95452002483763e-07
2019,6,A_optimal_bayesian,p680,abrupt,0.0097197,0,1076.83855,53.416666666666664,9.494245653696941,-9.494245653696941,0.015111480856607452,-0.015111480856607452,4.925604368821723e-11,-4.925604368821723e-11,3.7356527821482714e-07,-3.7356527821482714e-07
2019,6,A_optimal_bayesian,p586,incipient,0.017184,0,1319.5215500000002,15.583333333333334,7.675134167675357,-7.675134167675357,0.006888464178324015,-0.006888464178324015,1.7483032526133258e-06,-1.7483032526133258e-06,1.0988178092227047e-06,-1.0988178092227047e-06
2019,6,A_optimal_bayesian,p721,incipient,0.01408,0,2205.4777000000004,51.5,6.030829887450178,-6.030829887450178,0.007622031009977473,-0.007622031009977473,1.3170016982977373e-05,-1.3170016982977373e-05,2.954469777075824e-07,-2.954469777075824e-07
2019,6,A_optimal_bayesian,p800,incipient,0.018847,0,2609.37365,40.916666666666664,4.914903885617397,-4.914903885617397,0.004703102600707236,-0.004703102600707236,3.6100708200592635e-08,-3.6100708200592635e-08,5.389748203591973e-07,-5.389748203591973e-07
2019,6,A_optimal_bayesian,p123,incipient,0.011906,0,960.87325,70.66666666666667,4.78423997097811,-4.78423997097811,0.007291905114987784,-0.007291905114987784,3.0646767705810873e-06,-3.0646767705810873e-06,7.596277751018887e-07,-7.596277751018887e-07
2019,6,A_optimal_bayesian,p455,incipient,0.012722,0,1964.5978000000002,111.33333333333333,9.355360344620724,-9.355360344620724,0.006970145474347279,-0.006970145474347279,3.514691217154642e-05,-3.514691217154642e-05,4.928925385393593e-07,-4.928925385393593e-07
2019,6,A_optimal_bayesian,p762,incipient,0.01519,0,2400.0700500000003,139.25,8.360221503336952,-8.360221503336952,0.0072966389602938725,-0.0072966389602938725,1.1192907804824515e-05,-1.1192907804824515e-05,5.894037196995945e-07,-5.894037196995945e-07
2019,6,A_optimal_bayesian,p426,abrupt,0.015008,0,921.9259999999999,101.41666666666667,5.045639343646333,-5.045639343646333,0.008869379426401616,-0.008869379426401616,8.570116564410313e-05,-8.570116564410313e-05,3.5828050365379744e-07,-3.5828050365379744e-07
2019,6,A_optimal_bayesian,p879,incipient,0.013195,0,2831.4901000000004,16.333333333333332,4.691243654671841,-4.691243654671841,0.004084910041680897,-0.004084910041680897,1.6973715539769785e-06,-1.6973715539769785e-06,5.079590449289539e-07,-5.079590449289539e-07
2019,6,E_optimal_observable_subspace,p257,incipient,0.011843,0,2878.9772500000017,14.583333333333334,22.05486644072306,-22.05486644072306,0.023246636819224877,-0.023246636819224877,0.004248649440591334,-0.004248649440591334,3.927222341053884e-07,-3.927222341053884e-07
2019,6,E_optimal_observable_subspace,p427,incipient,0.0090731,0,1483.6390999999999,378.9166666666667,5.04771002466793,-5.04771002466793,0.008806153908619002,-0.008806153908619002,0.00010586080649144236,-0.00010586080649144236,3.934963486500532e-07,-3.934963486500532e-07
2019,6,E_optimal_observable_subspace,p810,incipient,0.010028,0,2653.2958000000003,574.1666666666666,9.44115358585011,-9.44115358585011,0.007461351520964649,-0.007461351520964649,4.079667166090317e-06,-4.079667166090317e-06,1.0068383077649713e-06,-1.0068383077649713e-06
2019,6,E_optimal_observable_subspace,p654,incipient,0.0087735,0,981.1133499999997,773.4166666666666,5.072602020008464,-5.072602020008464,0.0074080547006427746,-0.0074080547006427746,4.359269900611196e-08,-4.359269900611196e-08,4.52698217308179e-07,-4.52698217308179e-07
2019,6,E_optimal_observable_subspace,p523,abrupt,0.020246,1,,,6.614870232353266,-6.614870232353266,0.005313550986724724,-0.005313550986724724,6.029623313974497e-07,-6.029623313974497e-07,8.081141462584132e-07,-8.081141462584132e-07
2019,6,E_optimal_observable_subspace,p827,abrupt,0.02025,1,,,8.938175374452902,-8.938175374452902,0.007297498492113106,-0.007297498492113106,4.497770192735118e-06,-4.497770192735118e-06,3.794517120663916e-07,-3.794517120663916e-07
2019,6,E_optimal_observable_subspace,p280,abrupt,0.0095008,0,487.2520500000001,287.0,16.60896088940954,-16.60896088940954,0.01164357474846968,-0.01164357474846968,0.00013967524782099172,-0.00013967524782099172,8.414294294100627e-06,-8.414294294100627e-06
2019,6,E_optimal_observable_subspace,p653,incipient,0.016035,0,2226.05745,45.833333333333336,5.102909129982226,-5.102909129982226,0.007398430682427325,-0.007398430682427325,1.088082024480741e-08,-1.088082024480741e-08,7.544136339026229e-07,-7.544136339026229e-07
2019,6,E_optimal_observable_subspace,p710,abrupt,0.0092936,0,2108.2984500000007,171.66666666666666,5.604331599271874,-5.604331599271874,0.00764384934877684,-0.00764384934877684,2.376598467135338e-06,-2.376598467135338e-06,5.27467728641047e-07,-5.27467728641047e-07
2019,6,E_optimal_observable_subspace,p514,abrupt,0.014979,0,1400.4199,177.25,5.873922007714732,-5.873922007714732,0.005229089515131396,-0.005229089515131396,6.565085238552371e-06,-6.565085238552371e-06,9.812521209825305e-07,-9.812521209825305e-07
2019,6,E_optimal_observable_subspace,p331,abrupt,0.014053,0,734.4634500000001,222.25,9.634530047213056,-9.634530047213056,0.016098323579499654,-0.016098323579499654,8.153365954610692e-07,-8.153365954610692e-07,5.82731178512122e-07,-5.82731178512122e-07
2019,6,E_optimal_observable_subspace,p193,incipient,0.01239,0,3540.6803499999996,81.83333333333333,10.036762760152204,-10.036762760152204,0.007692814090941176,-0.007692814090941176,9.689990432271145e-07,-9.689990432271145e-07,7.033900783617384e-07,-7.033900783617384e-07
2019,6,E_optimal_observable_subspace,p277,incipient,0.012089,0,380.48814999999996,18.0,15.601531803495089,-15.601531803495089,0.01635415488709643,-0.01635415488709643,1.2851639721533914e-05,-1.2851639721533914e-05,6.477774240738009e-06,-6.477774240738009e-06
2019,6,E_optimal_observable_subspace,p142,abrupt,0.019857,0,1192.3440000000003,191.0,4.946524442517614,-4.946524442517614,0.0074260301831765956,-0.0074260301831765956,2.9282142263165056e-06,-2.9282142263165056e-06,4.95452002483763e-07,-4.95452002483763e-07
2019,6,E_optimal_observable_subspace,p680,abrupt,0.0097197,0,1076.83855,53.416666666666664,9.494245653696941,-9.494245653696941,0.015111480856607452,-0.015111480856607452,4.925604368821723e-11,-4.925604368821723e-11,3.7356527821482714e-07,-3.7356527821482714e-07
2019,6,E_optimal_observable_subspace,p586,incipient,0.017184,0,1319.5215500000002,15.583333333333334,7.675134167675357,-7.675134167675357,0.006888464178324015,-0.006888464178324015,1.7483032526133258e-06,-1.7483032526133258e-06,1.0988178092227047e-06,-1.0988178092227047e-06
2019,6,E_optimal_observable_subspace,p721,incipient,0.01408,0,2205.4777000000004,51.5,6.030829887450178,-6.030829887450178,0.007622031009977473,-0.007622031009977473,1.3170016982977373e-05,-1.3170016982977373e-05,2.954469777075824e-07,-2.954469777075824e-07
2019,6,E_optimal_observable_subspace,p800,incipient,0.018847,0,2609.37365,40.916666666666664,4.914903885617397,-4.914903885617397,0.004703102600707236,-0.004703102600707236,3.6100708200592635e-08,-3.6100708200592635e-08,5.389748203591973e-07,-5.389748203591973e-07
2019,6,E_optimal_observable_subspace,p123,incipient,0.011906,0,960.87325,70.66666666666667,4.78423997097811,-4.78423997097811,0.007291905114987784,-0.007291905114987784,3.0646767705810873e-06,-3.0646767705810873e-06,7.596277751018887e-07,-7.596277751018887e-07
2019,6,E_optimal_observable_subspace,p455,incipient,0.012722,0,1964.5978000000002,111.33333333333333,9.355360344620724,-9.355360344620724,0.006970145474347279,-0.006970145474347279,3.514691217154642e-05,-3.514691217154642e-05,4.928925385393593e-07,-4.928925385393593e-07
2019,6,E_optimal_observable_subspace,p762,incipient,0.01519,0,2400.0700500000003,139.25,8.360221503336952,-8.360221503336952,0.0072966389602938725,-0.0072966389602938725,1.1192907804824515e-05,-1.1192907804824515e-05,5.894037196995945e-07,-5.894037196995945e-07
2019,6,E_optimal_observable_subspace,p426,abrupt,0.015008,0,921.9259999999999,101.41666666666667,5.045639343646333,-5.045639343646333,0.008869379426401616,-0.008869379426401616,8.570116564410313e-05,-8.570116564410313e-05,3.5828050365379744e-07,-3.5828050365379744e-07
2019,6,E_optimal_observable_subspace,p879,incipient,0.013195,0,2831.4901000000004,16.333333333333332,4.691243654671841,-4.691243654671841,0.004084910041680897,-0.004084910041680897,1.6973715539769785e-06,-1.6973715539769785e-06,5.079590449289539e-07,-5.079590449289539e-07
2019,6,bayesian_information_gain,p257,incipient,0.011843,0,2878.9772500000017,14.583333333333334,22.05486644072306,-22.05486644072306,0.023246636819224877,-0.023246636819224877,0.004248649440591334,-0.004248649440591334,3.927222341053884e-07,-3.927222341053884e-07
2019,6,bayesian_information_gain,p427,incipient,0.0090731,0,1483.6390999999999,378.9166666666667,5.04771002466793,-5.04771002466793,0.008806153908619002,-0.008806153908619002,0.00010586080649144236,-0.00010586080649144236,3.934963486500532e-07,-3.934963486500532e-07
2019,6,bayesian_information_gain,p810,incipient,0.010028,0,2653.2958000000003,574.1666666666666,9.44115358585011,-9.44115358585011,0.007461351520964649,-0.007461351520964649,4.079667166090317e-06,-4.079667166090317e-06,1.0068383077649713e-06,-1.0068383077649713e-06
2019,6,bayesian_information_gain,p654,incipient,0.0087735,0,981.1133499999997,773.4166666666666,5.072602020008464,-5.072602020008464,0.0074080547006427746,-0.0074080547006427746,4.359269900611196e-08,-4.359269900611196e-08,4.52698217308179e-07,-4.52698217308179e-07
2019,6,bayesian_information_gain,p523,abrupt,0.020246,1,,,6.614870232353266,-6.614870232353266,0.005313550986724724,-0.005313550986724724,6.029623313974497e-07,-6.029623313974497e-07,8.081141462584132e-07,-8.081141462584132e-07
2019,6,bayesian_information_gain,p827,abrupt,0.02025,1,,,8.938175374452902,-8.938175374452902,0.007297498492113106,-0.007297498492113106,4.497770192735118e-06,-4.497770192735118e-06,3.794517120663916e-07,-3.794517120663916e-07
2019,6,bayesian_information_gain,p280,abrupt,0.0095008,0,487.2520500000001,287.0,16.60896088940954,-16.60896088940954,0.01164357474846968,-0.01164357474846968,0.00013967524782099172,-0.00013967524782099172,8.414294294100627e-06,-8.414294294100627e-06
2019,6,bayesian_information_gain,p653,incipient,0.016035,0,2226.05745,45.833333333333336,5.102909129982226,-5.102909129982226,0.007398430682427325,-0.007398430682427325,1.088082024480741e-08,-1.088082024480741e-08,7.544136339026229e-07,-7.544136339026229e-07
2019,6,bayesian_information_gain,p710,abrupt,0.0092936,0,2108.2984500000007,171.66666666666666,5.604331599271874,-5.604331599271874,0.00764384934877684,-0.00764384934877684,2.376598467135338e-06,-2.376598467135338e-06,5.27467728641047e-07,-5.27467728641047e-07
2019,6,bayesian_information_gain,p514,abrupt,0.014979,0,1400.4199,177.25,5.873922007714732,-5.873922007714732,0.005229089515131396,-0.005229089515131396,6.565085238552371e-06,-6.565085238552371e-06,9.812521209825305e-07,-9.812521209825305e-07
2019,6,bayesian_information_gain,p331,abrupt,0.014053,0,734.4634500000001,222.25,9.634530047213056,-9.634530047213056,0.016098323579499654,-0.016098323579499654,8.153365954610692e-07,-8.153365954610692e-07,5.82731178512122e-07,-5.82731178512122e-07
2019,6,bayesian_information_gain,p193,incipient,0.01239,0,3540.6803499999996,81.83333333333333,10.036762760152204,-10.036762760152204,0.007692814090941176,-0.007692814090941176,9.689990432271145e-07,-9.689990432271145e-07,7.033900783617384e-07,-7.033900783617384e-07
2019,6,bayesian_information_gain,p277,incipient,0.012089,0,380.48814999999996,18.0,15.601531803495089,-15.601531803495089,0.01635415488709643,-0.01635415488709643,1.2851639721533914e-05,-1.2851639721533914e-05,6.477774240738009e-06,-6.477774240738009e-06
2019,6,bayesian_information_gain,p142,abrupt,0.019857,0,1192.3440000000003,191.0,4.946524442517614,-4.946524442517614,0.0074260301831765956,-0.0074260301831765956,2.9282142263165056e-06,-2.9282142263165056e-06,4.95452002483763e-07,-4.95452002483763e-07
2019,6,bayesian_information_gain,p680,abrupt,0.0097197,0,1076.83855,53.416666666666664,9.494245653696941,-9.494245653696941,0.015111480856607452,-0.015111480856607452,4.925604368821723e-11,-4.925604368821723e-11,3.7356527821482714e-07,-3.7356527821482714e-07
2019,6,bayesian_information_gain,p586,incipient,0.017184,0,1319.5215500000002,15.583333333333334,7.675134167675357,-7.675134167675357,0.006888464178324015,-0.006888464178324015,1.7483032526133258e-06,-1.7483032526133258e-06,1.0988178092227047e-06,-1.0988178092227047e-06
2019,6,bayesian_information_gain,p721,incipient,0.01408,0,2205.4777000000004,51.5,6.030829887450178,-6.030829887450178,0.007622031009977473,-0.007622031009977473,1.3170016982977373e-05,-1.3170016982977373e-05,2.954469777075824e-07,-2.954469777075824e-07
2019,6,bayesian_information_gain,p800,incipient,0.018847,0,2609.37365,40.916666666666664,4.914903885617397,-4.914903885617397,0.004703102600707236,-0.004703102600707236,3.6100708200592635e-08,-3.6100708200592635e-08,5.389748203591973e-07,-5.389748203591973e-07
2019,6,bayesian_information_gain,p123,incipient,0.011906,0,960.87325,70.66666666666667,4.78423997097811,-4.78423997097811,0.007291905114987784,-0.007291905114987784,3.0646767705810873e-06,-3.0646767705810873e-06,7.596277751018887e-07,-7.596277751018887e-07
2019,6,bayesian_information_gain,p455,incipient,0.012722,0,1964.5978000000002,111.33333333333333,9.355360344620724,-9.355360344620724,0.006970145474347279,-0.006970145474347279,3.514691217154642e-05,-3.514691217154642e-05,4.928925385393593e-07,-4.928925385393593e-07
2019,6,bayesian_information_gain,p762,incipient,0.01519,0,2400.0700500000003,139.25,8.360221503336952,-8.360221503336952,0.0072966389602938725,-0.0072966389602938725,1.1192907804824515e-05,-1.1192907804824515e-05,5.894037196995945e-07,-5.894037196995945e-07
2019,6,bayesian_information_gain,p426,abrupt,0.015008,0,921.9259999999999,101.41666666666667,5.045639343646333,-5.045639343646333,0.008869379426401616,-0.008869379426401616,8.570116564410313e-05,-8.570116564410313e-05,3.5828050365379744e-07,-3.5828050365379744e-07
2019,6,bayesian_information_gain,p879,incipient,0.013195,0,2831.4901000000004,16.333333333333332,4.691243654671841,-4.691243654671841,0.004084910041680897,-0.004084910041680897,1.6973715539769785e-06,-1.6973715539769785e-06,5.079590449289539e-07,-5.079590449289539e-07
2019,6,D_optimal_rank_reduced,p257,incipient,0.011843,0,2878.9772500000017,14.583333333333334,22.05486644072306,-22.05486644072306,0.02284049475830278,-0.02284049475830278,0.0038708748019643524,-0.0038708748019643524,4.0310998763986967e-07,-4.0310998763986967e-07
2019,6,D_optimal_rank_reduced,p427,incipient,0.0090731,0,1651.7372000000003,397.5833333333333,5.04771002466793,-5.04771002466793,0.007552817256927829,-0.007552817256927829,6.665851190112981e-05,-6.665851190112981e-05,4.99051856450281e-07,-4.99051856450281e-07
2019,6,D_optimal_rank_reduced,p810,incipient,0.010028,0,971.4506000000002,574.1666666666666,9.44115358585011,-9.44115358585011,0.007676132765386804,-0.007676132765386804,7.897299447501283e-06,-7.897299447501283e-06,7.03260578939679e-07,-7.03260578939679e-07
2019,6,D_optimal_rank_reduced,p654,incipient,0.0087735,0,1948.7252500000002,775.0833333333334,5.072602020008464,-5.072602020008464,0.006355373822665866,-0.006355373822665866,2.858178527187505e-08,-2.858178527187505e-08,5.413657261701086e-07,-5.413657261701086e-07
2019,6,D_optimal_rank_reduced,p523,abrupt,0.020246,1,,,6.614870232353266,-6.614870232353266,0.004963966088717118,-0.004963966088717118,4.3508692726401677e-07,-4.3508692726401677e-07,8.020427236242798e-07,-8.020427236242798e-07
2019,6,D_optimal_rank_reduced,p827,abrupt,0.02025,1,,,10.095953206296418,-10.095953206296418,0.00815512788222977,-0.00815512788222977,1.0199403786881334e-05,-1.0199403786881334e-05,8.020502187551489e-07,-8.020502187551489e-07
2019,6,D_optimal_rank_reduced,p280,abrupt,0.0095008,0,2281.318150000001,263.75,16.60896088940954,-16.60896088940954,0.010762262530369304,-0.010762262530369304,0.00015070024814745064,-0.00015070024814745064,3.332484683921703e-07,-3.332484683921703e-07
2019,6,D_optimal_rank_reduced,p653,incipient,0.016035,0,2226.05745,45.833333333333336,5.102909129982226,-5.102909129982226,0.006350659455727666,-0.006350659455727666,1.4013327942485887e-08,-1.4013327942485887e-08,7.570012852101227e-07,-7.570012852101227e-07
2019,6,D_optimal_rank_reduced,p710,abrupt,0.0092936,0,2108.2984500000007,171.66666666666666,5.919444223441268,-5.919444223441268,0.006496571860241187,-0.006496571860241187,4.454853727353658e-06,-4.454853727353658e-06,5.202984432630668e-07,-5.202984432630668e-07
2019,6,D_optimal_rank_reduced,p514,abrupt,0.014979,0,2501.8958000000007,200.08333333333334,5.873922007714732,-5.873922007714732,0.004783172730684703,-0.004783172730684703,5.972286999389453e-06,-5.972286999389453e-06,9.198584426714091e-07,-9.198584426714091e-07
2019,6,D_optimal_rank_reduced,p331,abrupt,0.014053,0,734.4634500000001,222.25,9.634530047213056,-9.634530047213056,0.015524224839122363,-0.015524224839122363,4.1327688737879953e-07,-4.1327688737879953e-07,4.215582223477335e-07,-4.215582223477335e-07
2019,6,D_optimal_rank_reduced,p193,incipient,0.01239,0,3540.6803499999996,80.75,10.036762760152204,-10.036762760152204,0.008068498994663005,-0.008068498994663005,1.4675850391276946e-05,-1.4675850391276946e-05,6.790672899166754e-07,-6.790672899166754e-07
2019,6,D_optimal_rank_reduced,p277,incipient,0.012089,0,1162.5409499999996,18.0,15.601531803495089,-15.601531803495089,0.01578164779004221,-0.01578164779004221,1.3511603377924786e-05,-1.3511603377924786e-05,3.1264647669498245e-07,-3.1264647669498245e-07
2019,6,D_optimal_rank_reduced,p142,abrupt,0.019857,0,1192.3440000000003,191.0,4.946524442517614,-4.946524442517614,0.006369697620292304,-0.006369697620292304,1.8048259385894383e-06,-1.8048259385894383e-06,5.621814278282084e-07,-5.621814278282084e-07
2019,6,D_optimal_rank_reduced,p680,abrupt,0.0097197,0,1562.4786000000001,44.5,4.251437263824732,-4.251437263824732,0.006457015285180435,-0.006457015285180435,1.875322119815337e-11,-1.875322119815337e-11,1.9202507759820263e-07,-1.9202507759820263e-07
2019,6,D_optimal_rank_reduced,p586,incipient,0.017184,0,1798.6328500000006,159.5,7.675134167675357,-7.675134167675357,0.0063123172931139155,-0.0063123172931139155,1.1839336433450143e-06,-1.1839336433450143e-06,1.0986486118163943e-06,-1.0986486118163943e-06
2019,6,D_optimal_rank_reduced,p721,incipient,0.01408,0,2310.27005,171.41666666666666,6.298596728905554,-6.298596728905554,0.006587339642589988,-0.006587339642589988,1.4459481585737954e-05,-1.4459481585737954e-05,3.193341928824525e-07,-3.193341928824525e-07
2019,6,D_optimal_rank_reduced,p800,incipient,0.018847,0,2823.2718,167.33333333333334,9.23323272012536,-9.23323272012536,0.0062573147262993956,-0.0062573147262993956,2.4590141867175674e-07,-2.4590141867175674e-07,4.601762555828297e-07,-4.601762555828297e-07
2019,6,D_optimal_rank_reduced,p123,incipient,0.011906,0,1138.1924000000004,165.66666666666666,4.78423997097811,-4.78423997097811,0.0063323443847060745,-0.0063323443847060745,3.871493806983928e-06,-3.871493806983928e-06,7.438173274027623e-07,-7.438173274027623e-07
2019,6,D_optimal_rank_reduced,p455,incipient,0.012722,0,1848.82415,31.416666666666668,9.355360344620724,-9.355360344620724,0.006717684748970492,-0.006717684748970492,2.8496223727580983e-05,-2.8496223727580983e-05,4.930086989353823e-07,-4.930086989353823e-07
2019,6,D_optimal_rank_reduced,p762,incipient,0.01519,0,2219.43715,67.5,8.360221503336952,-8.360221503336952,0.007205563763746473,-0.007205563763746473,1.6229585783511524e-05,-1.6229585783511524e-05,4.54445157018296e-07,-4.54445157018296e-07
2019,6,D_optimal_rank_reduced,p426,abrupt,0.015008,0,651.1818999999998,16.5,5.045639343646333,-5.045639343646333,0.007655115429643712,-0.007655115429643712,5.218363319303698e-05,-5.218363319303698e-05,5.13231742132689e-07,-5.13231742132689e-07
2019,6,D_optimal_rank_reduced,p879,incipient,0.013195,0,3051.8586,90.83333333333333,6.003504732487906,-6.003504732487906,0.004775161397562735,-0.004775161397562735,0.0007454406307663142,-0.0007454406307663142,1.869302440459694e-06,-1.869302440459694e-06
2019,6,A_optimal_rank_reduced,p257,incipient,0.011843,0,615.3704500000001,121.41666666666667,15.375343334132701,-15.375343334132701,0.013452811703405365,-0.013452811703405365,1.954142405669046e-07,-1.954142405669046e-07,5.207389387155668e-06,-5.207389387155668e-06
2019,6,A_optimal_rank_reduced,p427,incipient,0.0090731,0,1469.3974000000003,378.5833333333333,5.04771002466793,-5.04771002466793,0.010700795379791106,-0.010700795379791106,8.38894561957515e-05,-8.38894561957515e-05,3.4278109410596127e-06,-3.4278109410596127e-06
2019,6,A_optimal_rank_reduced,p810,incipient,0.010028,0,1082.3197999999998,579.75,5.548398133631171,-5.548398133631171,0.007037514639560816,-0.007037514639560816,3.0361595682038e-08,-3.0361595682038e-08,2.174302769798607e-06,-2.174302769798607e-06
2019,6,A_optimal_rank_reduced,p654,incipient,0.0087735,0,1790.9955,773.4166666666666,6.051224740300737,-6.051224740300737,0.010192759518261936,-0.010192759518261936,2.8797350948295275e-08,-2.8797350948295275e-08,5.078557601932251e-06,-5.078557601932251e-06
2019,6,A_optimal_rank_reduced,p523,abrupt,0.020246,1,,,3.439478056181708,-3.439478056181708,0.005593235229197476,-0.005593235229197476,2.573122914739656e-08,-2.573122914739656e-08,3.947951287505726e-06,-3.947951287505726e-06
2019,6,A_optimal_rank_reduced,p827,abrupt,0.02025,1,,,4.671277529141223,-4.671277529141223,0.006353667034587836,-0.006353667034587836,2.7960835646823057e-08,-2.7960835646823057e-08,1.4247483534683047e-06,-1.4247483534683047e-06
2019,6,A_optimal_rank_reduced,p280,abrupt,0.0095008,0,421.8130500000001,146.66666666666666,16.60896088940954,-16.60896088940954,0.012683355789140765,-0.012683355789140765,6.807581438406096e-05,-6.807581438406096e-05,3.3844453638849784e-06,-3.3844453638849784e-06
2019,6,A_optimal_rank_reduced,p653,incipient,0.016035,0,1907.36695,122.83333333333333,6.100123109268355,-6.100123109268355,0.010200951195510927,-0.010200951195510927,1.0850277964991051e-07,-1.0850277964991051e-07,6.088964159947415e-06,-6.088964159947415e-06
2019,6,A_optimal_rank_reduced,p710,abrupt,0.0092936,0,1891.5812500000002,293.6666666666667,8.200041974011135,-8.200041974011135,0.010411172705351152,-0.010411172705351152,9.161770871513042e-06,-9.161770871513042e-06,4.127885081737684e-06,-4.127885081737684e-06
2019,6,A_optimal_rank_reduced,p514,abrupt,0.014979,0,1127.0807499999996,399.5833333333333,4.011317980718373,-4.011317980718373,0.006252134841693044,-0.006252134841693044,1.4096779024086459e-06,-1.4096779024086459e-06,1.0550339142432186e-05,-1.0550339142432186e-05
2019,6,A_optimal_rank_reduced,p331,abrupt,0.014053,0,731.3057,148.16666666666666,9.634530047213056,-9.634530047213056,0.017247144205564037,-0.017247144205564037,9.711541009149727e-07,-9.711541009149727e-07,2.86690509789551e-06,-2.86690509789551e-06
2019,6,A_optimal_rank_reduced,p193,incipient,0.01239,0,3162.7844500000006,43.916666666666664,5.112427026310893,-5.112427026310893,0.0065799867874860845,-0.0065799867874860845,1.1661084764469365e-08,-1.1661084764469365e-08,2.575657060116509e-07,-2.575657060116509e-07
2019,6,A_optimal_rank_reduced,p277,incipient,0.012089,0,1953.92835,159.33333333333334,14.016700184621639,-14.016700184621639,0.013846435165394787,-0.013846435165394787,2.144367514667067e-07,-2.144367514667067e-07,8.239676416306658e-07,-8.239676416306658e-07
2019,6,A_optimal_rank_reduced,p142,abrupt,0.019857,0,925.4562000000001,17.75,5.8115814679130215,-5.8115814679130215,0.010140812982966319,-0.010140812982966319,3.7528991116975163e-06,-3.7528991116975163e-06,3.6173404940763933e-06,-3.6173404940763933e-06
2019,6,A_optimal_rank_reduced,p680,abrupt,0.0097197,0,709.5138,53.416666666666664,9.494245653696941,-9.494245653696941,0.016217861895389228,-0.016217861895389228,6.974976152207546e-11,-6.974976152207546e-11,2.30429515557578e-07,-2.30429515557578e-07
2019,6,A_optimal_rank_reduced,p586,incipient,0.017184,0,598.8746500000001,42.0,4.826960196580886,-4.826960196580886,0.008026925898415574,-0.008026925898415574,3.8059218256947247e-06,-3.8059218256947247e-06,2.257746334503647e-06,-2.257746334503647e-06
2019,6,A_optimal_rank_reduced,p721,incipient,0.01408,0,1863.1201499999995,55.25,8.076623682600616,-8.076623682600616,0.01000108781141295,-0.01000108781141295,3.009096549710932e-08,-3.009096549710932e-08,2.451249438923092e-06,-2.451249438923092e-06
2019,6,A_optimal_rank_reduced,p800,incipient,0.018847,0,2583.96105,46.166666666666664,3.0228234270846297,-3.0228234270846297,0.004551684689206061,-0.004551684689206061,1.4837773010256683e-08,-1.4837773010256683e-08,7.270315674084315e-07,-7.270315674084315e-07
2019,6,A_optimal_rank_reduced,p123,incipient,0.011906,0,932.5387000000001,81.5,5.617078941212538,-5.617078941212538,0.01005472812664092,-0.01005472812664092,1.444312554887972e-05,-1.444312554887972e-05,6.204101751369965e-06,-6.204101751369965e-06
2019,6,A_optimal_rank_reduced,p455,incipient,0.012722,0,2173.3875499999995,136.16666666666666,3.325587283505313,-3.325587283505313,0.005478573870942335,-0.005478573870942335,1.7701407162284966e-07,-1.7701407162284966e-07,4.65459415353588e-06,-4.65459415353588e-06
2019,6,A_optimal_rank_reduced,p762,incipient,0.01519,0,483.42365000000007,188.16666666666666,6.331629598351777,-6.331629598351777,0.007812310698322235,-0.007812310698322235,1.21327574875707e-07,-1.21327574875707e-07,4.46687317435679e-06,-4.46687317435679e-06
2019,6,A_optimal_rank_reduced,p426,abrupt,0.015008,0,1434.20435,160.33333333333334,5.045639343646333,-5.045639343646333,0.010761220396967797,-0.010761220396967797,6.838730257152648e-05,-6.838730257152648e-05,4.721732167678233e-06,-4.721732167678233e-06
2019,6,A_optimal_rank_reduced,p879,incipient,0.013195,0,3026.4460000000004,52.166666666666664,2.5644126304169848,-2.5644126304169848,0.003649489002047448,-0.003649489002047448,6.500762372851909e-07,-6.500762372851909e-07,2.4609114355374747e-06,-2.4609114355374747e-06
2019,6,E_optimal_rank_reduced,p257,incipient,0.011843,0,2878.9772500000017,14.583333333333334,22.05486644072306,-22.05486644072306,0.022126628161756267,-0.022126628161756267,0.0033214064245667974,-0.0033214064245667974,1.2156769261215004e-07,-1.2156769261215004e-07
2019,6,E_optimal_rank_reduced,p427,incipient,0.0090731,0,1502.7280999999998,378.5833333333333,5.04771002466793,-5.04771002466793,0.00851968197906002,-0.00851968197906002,4.9510980688505235e-05,-4.9510980688505235e-05,2.097255014002377e-06,-2.097255014002377e-06
2019,6,E_optimal_rank_reduced,p810,incipient,0.010028,0,2679.0697000000005,574.1666666666666,9.44115358585011,-9.44115358585011,0.007045059465929689,-0.007045059465929689,3.8425045967294125e-07,-3.8425045967294125e-07,3.445002416543101e-06,-3.445002416543101e-06
2019,6,E_optimal_rank_reduced,p654,incipient,0.0087735,0,369.1104,775.0833333333334,6.051224740300737,-6.051224740300737,0.008551834106199611,-0.008551834106199611,1.7902440863082347e-08,-1.7902440863082347e-08,7.652276161031456e-07,-7.652276161031456e-07
2019,6,E_optimal_rank_reduced,p523,abrupt,0.020246,1,,,6.785273662803534,-6.785273662803534,0.0061174573810605535,-0.0061174573810605535,1.4359774233918543e-05,-1.4359774233918543e-05,3.132550694916573e-06,-3.132550694916573e-06
2019,6,E_optimal_rank_reduced,p827,abrupt,0.02025,1,,,8.938175374452902,-8.938175374452902,0.006954230554332562,-0.006954230554332562,6.944219339999336e-06,-6.944219339999336e-06,4.563241296131765e-07,-4.563241296131765e-07
2019,6,E_optimal_rank_reduced,p280,abrupt,0.0095008,0,585.4375500000001,292.6666666666667,16.26061147507443,-16.26061147507443,0.010595353637043683,-0.010595353637043683,3.867606290786085e-08,-3.867606290786085e-08,6.069640773479726e-07,-6.069640773479726e-07
2019,6,E_optimal_rank_reduced,p653,incipient,0.016035,0,2226.05745,45.833333333333336,6.100123109268355,-6.100123109268355,0.008571049634851526,-0.008571049634851526,1.0757627588731111e-07,-1.0757627588731111e-07,5.318155180087369e-07,-5.318155180087369e-07
2019,6,E_optimal_rank_reduced,p710,abrupt,0.0092936,0,2057.9638000000004,171.66666666666666,5.604331599271874,-5.604331599271874,0.006718541657465358,-0.006718541657465358,1.3302953444371823e-06,-1.3302953444371823e-06,1.3368388499601712e-06,-1.3368388499601712e-06
2019,6,E_optimal_rank_reduced,p514,abrupt,0.014979,0,2501.8958000000007,200.08333333333334,7.388844689568748,-7.388844689568748,0.006186753483031294,-0.006186753483031294,0.0005010155783948811,-0.0005010155783948811,3.313616170616856e-06,-3.313616170616856e-06
2019,6,E_optimal_rank_reduced,p331,abrupt,0.014053,0,773.2968000000001,148.16666666666666,9.634530047213056,-9.634530047213056,0.016061633604673997,-0.016061633604673997,4.480977033871625e-07,-4.480977033871625e-07,3.865187912119366e-07,-3.865187912119366e-07
2019,6,E_optimal_rank_reduced,p193,incipient,0.01239,0,3052.1765000000005,32.833333333333336,10.036762760152204,-10.036762760152204,0.007343244353585287,-0.007343244353585287,1.749970162001624e-06,-1.749970162001624e-06,4.925113346120187e-07,-4.925113346120187e-07
2019,6,E_optimal_rank_reduced,p277,incipient,0.012089,0,1140.1506499999996,159.58333333333334,15.601531803495089,-15.601531803495089,0.014269215833311172,-0.014269215833311172,4.22631920571348e-07,-4.22631920571348e-07,2.609437062724553e-07,-2.609437062724553e-07
2019,6,E_optimal_rank_reduced,p142,abrupt,0.019857,0,472.64804999999996,17.75,5.8115814679130215,-5.8115814679130215,0.008465892500665576,-0.008465892500665576,1.4079443705350414e-06,-1.4079443705350414e-06,3.5417101734491137e-06,-3.5417101734491137e-06
2019,6,E_optimal_rank_reduced,p680,abrupt,0.0097197,0,1504.1602500000004,54.666666666666664,3.821383492760755,-3.821383492760755,0.007232702166755189,-0.007232702166755189,8.989031741180042e-12,-8.989031741180042e-12,2.873659744374667e-07,-2.873659744374667e-07
2019,6,E_optimal_rank_reduced,p586,incipient,0.017184,0,1466.8528499999998,15.583333333333334,7.675134167675357,-7.675134167675357,0.007956959719103521,-0.007956959719103521,0.00028762676534332954,-0.00028762676534332954,6.004476693383033e-06,-6.004476693383033e-06
2019,6,E_optimal_rank_reduced,p721,incipient,0.01408,0,2057.0185500000002,51.5,6.030829887450178,-6.030829887450178,0.00673371892635041,-0.00673371892635041,1.3967274509085748e-05,-1.3967274509085748e-05,1.5404817262657965e-06,-1.5404817262657965e-06
2019,6,E_optimal_rank_reduced,p800,incipient,0.018847,0,529.2630500000001,40.916666666666664,4.914903885617397,-4.914903885617397,0.004424262117182322,-0.004424262117182322,2.4943585419379133e-08,-2.4943585419379133e-08,4.291539470238077e-07,-4.291539470238077e-07
2019,6,E_optimal_rank_reduced,p123,incipient,0.011906,0,1158.4045000000003,70.66666666666667,5.221383340660256,-5.221383340660256,0.0082374177346423,-0.0082374177346423,4.502198598377305e-06,-4.502198598377305e-06,5.917231849470557e-06,-5.917231849470557e-06
2019,6,E_optimal_rank_reduced,p455,incipient,0.012722,0,2167.5146499999996,111.33333333333333,9.355360344620724,-9.355360344620724,0.007587154664988279,-0.007587154664988279,6.111982404899408e-05,-6.111982404899408e-05,3.1992757059717427e-06,-3.1992757059717427e-06
2019,6,E_optimal_rank_reduced,p762,incipient,0.01519,0,2421.6477499999996,139.25,8.360221503336952,-8.360221503336952,0.0067629482483169395,-0.0067629482483169395,4.057723517414402e-06,-4.057723517414402e-06,2.6752926623282468e-06,-2.6752926623282468e-06
2019,6,E_optimal_rank_reduced,p426,abrupt,0.015008,0,742.81255,101.41666666666667,5.045639343646333,-5.045639343646333,0.00862387322465544,-0.00862387322465544,3.882707315405742e-05,-3.882707315405742e-05,9.38076539807788e-07,-9.38076539807788e-07
2019,6,E_optimal_rank_reduced,p879,incipient,0.013195,0,1710.2308000000005,3.0833333333333335,4.691243654671841,-4.691243654671841,0.0038841182456263662,-0.0038841182456263662,2.1677617514370695e-06,-2.1677617514370695e-06,1.0946206833859982e-06,-1.0946206833859982e-06
2019,6,goal_oriented_oed,p257,incipient,0.011843,0,2878.9772500000017,14.583333333333334,27.113118281151092,-27.113118281151092,0.02245589833440132,-0.02245589833440132,0.00353223711467876,-0.00353223711467876,2.8752961889256613e-07,-2.8752961889256613e-07
2019,6,goal_oriented_oed,p427,incipient,0.0090731,0,1454.9428000000003,378.9166666666667,4.482236741503616,-4.482236741503616,0.008395971968951822,-0.008395971968951822,8.82719501293927e-06,-8.82719501293927e-06,5.631037269544273e-07,-5.631037269544273e-07
2019,6,goal_oriented_oed,p810,incipient,0.010028,0,2855.41125,574.1666666666666,5.548398133631171,-5.548398133631171,0.006426179020202474,-0.006426179020202474,2.4516711771838118e-08,-2.4516711771838118e-08,5.554578097960903e-07,-5.554578097960903e-07
2019,6,goal_oriented_oed,p654,incipient,0.0087735,0,981.1133499999997,773.4166666666666,5.389837415326924,-5.389837415326924,0.007837847306353887,-0.007837847306353887,4.1395587624393215e-08,-4.1395587624393215e-08,4.823207891709542e-07,-4.823207891709542e-07
2019,6,goal_oriented_oed,p523,abrupt,0.020246,1,,,7.5862149299221135,-7.5862149299221135,0.005124257267945013,-0.005124257267945013,3.1445596786472407e-06,-3.1445596786472407e-06,6.980481198627483e-07,-6.980481198627483e-07
2019,6,goal_oriented_oed,p827,abrupt,0.02025,1,,,4.671277529141223,-4.671277529141223,0.005783494387409889,-0.005783494387409889,2.0251294863271596e-08,-2.0251294863271596e-08,7.092214156165772e-07,-7.092214156165772e-07
2019,6,goal_oriented_oed,p280,abrupt,0.0095008,0,1660.2894,159.66666666666666,31.48530195434981,-31.48530195434981,0.011057449930309946,-0.011057449930309946,0.00019263914302336538,-0.00019263914302336538,8.83785403809248e-06,-8.83785403809248e-06
2019,6,goal_oriented_oed,p653,incipient,0.016035,0,1927.5790500000003,60.416666666666664,5.380455668409977,-5.380455668409977,0.007816559983672219,-0.007816559983672219,1.521103043522487e-08,-1.521103043522487e-08,4.4985428442927074e-07,-4.4985428442927074e-07
2019,6,goal_oriented_oed,p710,abrupt,0.0092936,0,58.3862,99.08333333333333,8.200041974011135,-8.200041974011135,0.009635924191227172,-0.009635924191227172,7.738546967894777e-06,-7.738546967894777e-06,4.888277169103432e-07,-4.888277169103432e-07
2019,6,goal_oriented_oed,p514,abrupt,0.014979,0,235.8952,56.083333333333336,6.124548301875368,-6.124548301875368,0.004993001881254414,-0.004993001881254414,9.305083701338646e-07,-9.305083701338646e-07,8.448792443927558e-07,-8.448792443927558e-07
2019,6,goal_oriented_oed,p331,abrupt,0.014053,0,977.54255,153.25,3.8975681785626595,-3.8975681785626595,0.008075406289766733,-0.008075406289766733,6.931522467112927e-09,-6.931522467112927e-09,7.63757695476424e-07,-7.63757695476424e-07
2019,6,goal_oriented_oed,p193,incipient,0.01239,0,639.39545,32.833333333333336,5.112427026310893,-5.112427026310893,0.0060003412767011014,-0.0060003412767011014,7.1099496290472075e-09,-7.1099496290472075e-09,7.52977578061288e-07,-7.52977578061288e-07
2019,6,goal_oriented_oed,p277,incipient,0.012089,0,1763.9680999999996,159.91666666666666,24.449081227629247,-24.449081227629247,0.015091667949006645,-0.015091667949006645,4.18688151897495e-05,-4.18688151897495e-05,3.848668243982692e-06,-3.848668243982692e-06
2019,6,goal_oriented_oed,p142,abrupt,0.019857,0,523.07925,19.75,5.279066129393825,-5.279066129393825,0.007853602794060721,-0.007853602794060721,4.828805102441436e-07,-4.828805102441436e-07,2.457045539129644e-07,-2.457045539129644e-07
2019,6,goal_oriented_oed,p680,abrupt,0.0097197,0,1562.4786000000001,94.33333333333333,9.494245653696941,-9.494245653696941,0.01552421771393026,-0.01552421771393026,5.7900906291763476e-11,-5.7900906291763476e-11,3.7823036929741093e-07,-3.7823036929741093e-07
2019,6,goal_oriented_oed,p586,incipient,0.017184,0,598.8746500000001,63.25,5.950477763671628,-5.950477763671628,0.006059944282365733,-0.006059944282365733,4.8440796560633714e-06,-4.8440796560633714e-06,4.954497227380106e-07,-4.954497227380106e-07
2019,6,goal_oriented_oed,p721,incipient,0.01408,0,1524.9742,99.58333333333333,8.076623682600616,-8.076623682600616,0.009223772087030934,-0.009223772087030934,3.269685511231302e-08,-3.269685511231302e-08,4.168444213716119e-07,-4.168444213716119e-07
2019,6,goal_oriented_oed,p800,incipient,0.018847,0,622.18965,117.58333333333333,3.0228234270846297,-3.0228234270846297,0.004115115400121075,-0.004115115400121075,3.675210957787556e-08,-3.675210957787556e-08,7.123986065764334e-07,-7.123986065764334e-07
2019,6,goal_oriented_oed,p123,incipient,0.011906,0,1158.4045000000003,137.08333333333334,4.474927563997757,-4.474927563997757,0.0073874769169666645,-0.0073874769169666645,6.266788564746051e-07,-6.266788564746051e-07,3.0876472561901894e-07,-3.0876472561901894e-07
2019,6,goal_oriented_oed,p455,incipient,0.012722,0,1593.31385,22.166666666666668,8.804919054494153,-8.804919054494153,0.005600213572472318,-0.005600213572472318,8.263941091435356e-07,-8.263941091435356e-07,8.449176013140805e-07,-8.449176013140805e-07
2019,6,goal_oriented_oed,p762,incipient,0.01519,0,613.1401500000001,52.75,6.331629598351777,-6.331629598351777,0.007150537646305101,-0.007150537646305101,1.1186344672786674e-07,-1.1186344672786674e-07,5.671271420132097e-07,-5.671271420132097e-07
2019,6,goal_oriented_oed,p426,abrupt,0.015008,0,1434.20435,63.0,4.342224883961349,-4.342224883961349,0.008334779036026292,-0.008334779036026292,7.79779057102914e-06,-7.79779057102914e-06,4.313727230757335e-07,-4.313727230757335e-07
2019,6,goal_oriented_oed,p879,incipient,0.013195,0,508.4913,137.91666666666666,2.5644126304169848,-2.5644126304169848,0.0033209725493438293,-0.0033209725493438293,7.664808376883769e-07,-7.664808376883769e-07,7.631346957922085e-07,-7.631346957922085e-07
2019,6,topological_dispersion,p257,incipient,0.011843,0,2878.9772500000017,14.583333333333334,22.05486644072306,-22.05486644072306,0.02206933407534309,-0.02206933407534309,0.0032531665733133153,-0.0032531665733133153,4.9142167384402995e-08,-4.9142167384402995e-08
2019,6,topological_dispersion,p427,incipient,0.0090731,0,1483.6390999999999,373.25,5.04771002466793,-5.04771002466793,0.008426116039243464,-0.008426116039243464,4.967549720147346e-05,-4.967549720147346e-05,2.618477423081842e-10,-2.618477423081842e-10
2019,6,topological_dispersion,p810,incipient,0.010028,0,2867.72975,574.1666666666666,9.74532019282626,-9.74532019282626,0.00599273821286505,-0.00599273821286505,8.537757854032435e-07,-8.537757854032435e-07,2.1547873830611197e-08,-2.1547873830611197e-08
2019,6,topological_dispersion,p654,incipient,0.0087735,0,1054.6785999999997,771.5,7.506284102664712,-7.506284102664712,0.010551984883372756,-0.010551984883372756,0.0004885346023113524,-0.0004885346023113524,1.0781479051129753e-17,-1.0781479051129753e-17
2019,6,topological_dispersion,p523,abrupt,0.020246,1,,,6.614870232353266,-6.614870232353266,0.005591552739711046,-0.005591552739711046,4.589851715253168e-06,-4.589851715253168e-06,9.261731361977755e-08,-9.261731361977755e-08
2019,6,topological_dispersion,p827,abrupt,0.02025,1,,,8.506487253655964,-8.506487253655964,0.005524853733235012,-0.005524853733235012,3.7181540424313653e-07,-3.7181540424313653e-07,5.690521370273931e-08,-5.690521370273931e-08
2019,6,topological_dispersion,p280,abrupt,0.0095008,0,2591.019250000001,282.0833333333333,16.26061147507443,-16.26061147507443,0.010468813324991659,-0.010468813324991659,3.93864137970823e-08,-3.93864137970823e-08,8.395721976735172e-09,-8.395721976735172e-09
2019,6,topological_dispersion,p653,incipient,0.016035,0,2226.05745,45.833333333333336,7.06431047708378,-7.06431047708378,0.010027298975625131,-0.010027298975625131,5.4792333392783554e-05,-5.4792333392783554e-05,2.9676046221811683e-18,-2.9676046221811683e-18
2019,6,topological_dispersion,p710,abrupt,0.0092936,0,2057.9638000000004,171.66666666666666,5.652992011849881,-5.652992011849881,0.00631571642999776,-0.00631571642999776,8.439238017299289e-07,-8.439238017299289e-07,5.302498250251393e-10,-5.302498250251393e-10
2019,6,topological_dispersion,p514,abrupt,0.014979,0,1719.1104000000005,188.41666666666666,5.873922007714732,-5.873922007714732,0.005571502429827607,-0.005571502429827607,1.0015578146949089e-05,-1.0015578146949089e-05,1.8654315492618286e-08,-1.8654315492618286e-08
2019,6,topological_dispersion,p331,abrupt,0.014053,0,1937.42305,123.16666666666667,9.634530047213056,-9.634530047213056,0.016002995167386236,-0.016002995167386236,4.246397548035574e-07,-4.246397548035574e-07,2.788306139225509e-18,-2.788306139225509e-18
2019,6,topological_dispersion,p193,incipient,0.01239,0,326.40909999999997,32.833333333333336,10.504970693578056,-10.504970693578056,0.0061293119935076495,-0.0061293119935076495,1.0729228394623647e-08,-1.0729228394623647e-08,2.9987770574920995e-08,-2.9987770574920995e-08
2019,6,topological_dispersion,p277,incipient,0.012089,0,1044.7545499999999,159.58333333333334,15.601531803495089,-15.601531803495089,0.014182936450040382,-0.014182936450040382,4.017579244841585e-07,-4.017579244841585e-07,4.73876582069777e-08,-4.73876582069777e-08
2019,6,topological_dispersion,p142,abrupt,0.019857,0,304.03395,22.833333333333332,5.8062647622881975,-5.8062647622881975,0.008798945833416078,-0.008798945833416078,2.3831006936481103e-05,-2.3831006936481103e-05,2.798436885579883e-08,-2.798436885579883e-08
2019,6,topological_dispersion,p680,abrupt,0.0097197,0,1562.4786000000001,38.916666666666664,19.011957520281122,-19.011957520281122,0.00762196256781185,-0.00762196256781185,0.00011842849393350896,-0.00011842849393350896,5.600483532528855e-07,-5.600483532528855e-07
2019,6,topological_dispersion,p586,incipient,0.017184,0,1798.6328500000006,159.58333333333334,7.675134167675357,-7.675134167675357,0.007417805983534579,-0.007417805983534579,3.2581044847157514e-05,-3.2581044847157514e-05,3.324448515136098e-08,-3.324448515136098e-08
2019,6,topological_dispersion,p721,incipient,0.01408,0,2310.27005,171.41666666666666,6.0838998165129,-6.0838998165129,0.0062783330833769135,-0.0062783330833769135,2.8587405533908594e-06,-2.8587405533908594e-06,1.5138275666272768e-09,-1.5138275666272768e-09
2019,6,topological_dispersion,p800,incipient,0.018847,0,2928.0641499999997,171.25,5.479440923605903,-5.479440923605903,0.003960196998668388,-0.003960196998668388,1.1253436005276285e-07,-1.1253436005276285e-07,5.329434650793297e-09,-5.329434650793297e-09
2019,6,topological_dispersion,p123,incipient,0.011906,0,1082.1529500000001,9.833333333333334,4.78423997097811,-4.78423997097811,0.007957659684570424,-0.007957659684570424,6.3751049352855915e-06,-6.3751049352855915e-06,2.7656206051214035e-10,-2.7656206051214035e-10
2019,6,topological_dispersion,p455,incipient,0.012722,0,3037.708350000001,62.75,9.355360344620724,-9.355360344620724,0.00717816419872086,-0.00717816419872086,3.796900678598725e-05,-3.796900678598725e-05,7.330367770218305e-11,-7.330367770218305e-11
2019,6,topological_dispersion,p762,incipient,0.01519,0,2698.54845,91.83333333333333,8.380778811393368,-8.380778811393368,0.005860853217617523,-0.005860853217617523,3.7240845982555726e-06,-3.7240845982555726e-06,8.485238510755708e-09,-8.485238510755708e-09
2019,6,topological_dispersion,p426,abrupt,0.015008,0,1518.8321500000002,62.666666666666664,5.045639343646333,-5.045639343646333,0.008528335128083547,-0.008528335128083547,3.899413061714263e-05,-3.899413061714263e-05,4.0073498100838944e-10,-4.0073498100838944e-10
2019,6,topological_dispersion,p879,incipient,0.013195,0,303.1096,115.0,9.265597769690137,-9.265597769690137,0.005153104715947493,-0.005153104715947493,9.013866879015175e-06,-9.013866879015175e-06,7.777865318158782e-08,-7.777865318158782e-08
2019,6,centrality,p257,incipient,0.011843,0,2878.9772500000017,378.9166666666667,11.103362395040905,-11.103362395040905,0.013549989601843055,-0.013549989601843055,3.301514617248813e-11,-3.301514617248813e-11,3.1590412099747747e-07,-3.1590412099747747e-07
2019,6,centrality,p427,incipient,0.0090731,0,1016.5019500000001,598.75,5.261939316500232,-5.261939316500232,0.01248452511568213,-0.01248452511568213,0.00010317820685978862,-0.00010317820685978862,7.3089448369372615e-06,-7.3089448369372615e-06
2019,6,centrality,p810,incipient,0.010028,0,1318.2370500000004,773.4166666666666,7.864371770899421,-7.864371770899421,0.00840139520387538,-0.00840139520387538,6.290771095152081e-07,-6.290771095152081e-07,3.9691717749417555e-07,-3.9691717749417555e-07
2019,6,centrality,p654,incipient,0.0087735,0,888.8717,942.8333333333334,5.389837415326924,-5.389837415326924,0.010486214923703364,-0.010486214923703364,8.465101508647876e-09,-8.465101508647876e-09,2.61118039424496e-06,-2.61118039424496e-06
2019,6,centrality,p523,abrupt,0.020246,1,,,2.3105290110129832,-2.3105290110129832,0.005296996216965851,-0.005296996216965851,5.597940000434676e-09,-5.597940000434676e-09,4.641044871795351e-07,-4.641044871795351e-07
2019,6,centrality,p827,abrupt,0.02025,1,,,7.211170155567571,-7.211170155567571,0.007892916146410838,-0.007892916146410838,1.2547265765272542e-06,-1.2547265765272542e-06,7.989927516917386e-07,-7.989927516917386e-07
2019,6,centrality,p280,abrupt,0.0095008,0,461.82319999999993,164.16666666666666,11.128476587691672,-11.128476587691672,0.013939345971380903,-0.013939345971380903,3.742145260332563e-09,-3.742145260332563e-09,4.5345896885006114e-07,-4.5345896885006114e-07
2019,6,centrality,p653,incipient,0.016035,0,579.65355,904.75,5.380455668409977,-5.380455668409977,0.010460347699195531,-0.010460347699195531,8.709918453142507e-09,-8.709918453142507e-09,3.360095124470489e-07,-3.360095124470489e-07
2019,6,centrality,p710,abrupt,0.0092936,0,262.01545,620.8333333333334,6.3619282021379595,-6.3619282021379595,0.010389788904167195,-0.010389788904167195,4.993995661450867e-07,-4.993995661450867e-07,2.4774278514398232e-06,-2.4774278514398232e-06
2019,6,centrality,p514,abrupt,0.014979,0,915.8774,567.75,2.6661305553218635,-2.6661305553218635,0.005914202656752271,-0.005914202656752271,4.902947231544275e-07,-4.902947231544275e-07,6.165183649578802e-07,-6.165183649578802e-07
2019,6,centrality,p331,abrupt,0.014053,0,926.5650999999999,323.5,5.212861846227596,-5.212861846227596,0.012855168612027519,-0.012855168612027519,1.3769543505404158e-08,-1.3769543505404158e-08,3.633525391911104e-07,-3.633525391911104e-07
2019,6,centrality,p193,incipient,0.01239,0,653.85005,43.916666666666664,7.463906477392181,-7.463906477392181,0.007963109512629678,-0.007963109512629678,4.5013044935870994e-07,-4.5013044935870994e-07,3.2639381150108993e-07,-3.2639381150108993e-07
2019,6,centrality,p277,incipient,0.012089,0,1836.8621999999998,141.91666666666666,11.109585380830476,-11.109585380830476,0.013454308607178873,-0.013454308607178873,3.3138081168004874e-10,-3.3138081168004874e-10,3.4779709136657655e-07,-3.4779709136657655e-07
2019,6,centrality,p142,abrupt,0.019857,0,523.8059,14.083333333333334,5.279066129393825,-5.279066129393825,0.010527571932368923,-0.010527571932368923,3.94238341971942e-09,-3.94238341971942e-09,5.097357801856392e-07,-5.097357801856392e-07
2019,6,centrality,p680,abrupt,0.0097197,0,709.5138,70.5,9.494245653696941,-9.494245653696941,0.017122270931802176,-0.017122270931802176,7.772738008782198e-11,-7.772738008782198e-11,2.677507401018935e-07,-2.677507401018935e-07
2019,6,centrality,p586,incipient,0.017184,0,2388.20845,40.5,3.5276320869339757,-3.5276320869339757,0.007677310569802956,-0.007677310569802956,1.2598025034282756e-07,-1.2598025034282756e-07,8.043477368364572e-07,-8.043477368364572e-07
2019,6,centrality,p721,incipient,0.01408,0,1209.28455,56.583333333333336,6.628479179152349,-6.628479179152349,0.010244644478177453,-0.010244644478177453,5.344663100759206e-06,-5.344663100759206e-06,1.0370042787519804e-06,-1.0370042787519804e-06
2019,6,centrality,p800,incipient,0.018847,0,529.2630500000001,47.833333333333336,4.53543913765319,-4.53543913765319,0.005737930427531197,-0.005737930427531197,2.253488506909207e-08,-2.253488506909207e-08,6.000544826853628e-07,-6.000544826853628e-07
2019,6,centrality,p123,incipient,0.011906,0,881.8791500000001,81.58333333333333,4.4185170593976455,-4.4185170593976455,0.010134653092294556,-0.010134653092294556,1.354357435090492e-07,-1.354357435090492e-07,2.4829081271605508e-06,-2.4829081271605508e-06
2019,6,centrality,p455,incipient,0.012722,0,2281.65235,159.33333333333334,2.253905167945719,-2.253905167945719,0.0051905794617398355,-0.0051905794617398355,1.957414041964256e-08,-1.957414041964256e-08,4.636328901251785e-07,-4.636328901251785e-07
2019,6,centrality,p762,incipient,0.01519,0,941.4187000000001,187.41666666666666,8.35451254289293,-8.35451254289293,0.009098282327554144,-0.009098282327554144,5.982456143804882e-07,-5.982456143804882e-07,1.8641542964981537e-06,-1.8641542964981537e-06
2019,6,centrality,p426,abrupt,0.015008,0,747.2081,137.08333333333334,5.263230524394721,-5.263230524394721,0.01256442266805636,-0.01256442266805636,8.404276734819138e-05,-8.404276734819138e-05,6.201179961829137e-06,-6.201179961829137e-06
2019,6,centrality,p879,incipient,0.013195,0,303.1096,42.25,3.7888887829175584,-3.7888887829175584,0.0044946613912392646,-0.0044946613912392646,1.1924313740419024e-05,-1.1924313740419024e-05,7.8370173227686e-06,-7.8370173227686e-06
2019,8,FO,p257,incipient,0.011843,0,1598.01835,378.9166666666667,11.103362395040905,-11.103362395040905,0.01252108290890752,-0.01252108290890752,2.8078317448887447e-11,-2.8078317448887447e-11,1.7492600362827838e-07,-1.7492600362827838e-07
2019,8,FO,p427,incipient,0.0090731,0,1454.9428000000003,582.0833333333334,5.04771002466793,-5.04771002466793,0.011370321132643274,-0.011370321132643274,8.488423543384638e-05,-8.488423543384638e-05,4.6425791527160684e-07,-4.6425791527160684e-07
2019,8,FO,p810,incipient,0.010028,0,1363.9352500000002,773.4166666666666,9.034164699831047,-9.034164699831047,0.006621209494443695,-0.006621209494443695,2.7113893414920653e-06,-2.7113893414920653e-06,1.229291551255896e-07,-1.229291551255896e-07
2019,8,FO,p654,incipient,0.0087735,0,1053.6434499999998,942.8333333333334,5.539330008261573,-5.539330008261573,0.010092481928027702,-0.010092481928027702,2.8925525974443644e-08,-2.8925525974443644e-08,1.6669947660138067e-07,-1.6669947660138067e-07
2019,8,FO,p523,abrupt,0.020246,1,,,6.785273662803534,-6.785273662803534,0.005415068797710793,-0.005415068797710793,7.607065399817259e-08,-7.607065399817259e-08,3.413426028584302e-07,-3.413426028584302e-07
2019,8,FO,p827,abrupt,0.02025,1,,,9.31240273101837,-9.31240273101837,0.00616067282340754,-0.00616067282340754,4.6017893344796335e-06,-4.6017893344796335e-06,3.558822713124671e-07,-3.558822713124671e-07
2019,8,FO,p280,abrupt,0.0095008,0,1635.81055,143.08333333333334,11.128476587691672,-11.128476587691672,0.012879764668699382,-0.012879764668699382,3.940644699440554e-09,-3.940644699440554e-09,3.2817308861828237e-07,-3.2817308861828237e-07
2019,8,FO,p653,incipient,0.016035,0,210.47159999999997,904.75,5.559337856697106,-5.559337856697106,0.010075135195571702,-0.010075135195571702,6.7875796094796215e-09,-6.7875796094796215e-09,1.1432685476946686e-07,-1.1432685476946686e-07
2019,8,FO,p710,abrupt,0.0092936,0,2139.9365499999994,620.8333333333334,6.0880503174723835,-6.0880503174723835,0.008892130862054488,-0.008892130862054488,5.3242476549808515e-06,-5.3242476549808515e-06,2.1494269148488611e-07,-2.1494269148488611e-07
2019,8,FO,p514,abrupt,0.014979,0,377.21920000000006,567.5833333333334,7.388844689568748,-7.388844689568748,0.006025640421408559,-0.006025640421408559,2.3682175959161e-06,-2.3682175959161e-06,1.3913366541209236e-07,-1.3913366541209236e-07
2019,8,FO,p331,abrupt,0.014053,0,1951.8776500000001,315.5833333333333,9.634530047213056,-9.634530047213056,0.016504160645646363,-0.016504160645646363,1.017307405426493e-06,-1.017307405426493e-06,2.959733774802396e-07,-2.959733774802396e-07
2019,8,FO,p193,incipient,0.01239,0,639.39545,43.916666666666664,9.379434800143278,-9.379434800143278,0.006279299900433878,-0.006279299900433878,2.07399885043813e-08,-2.07399885043813e-08,1.4905317799610848e-07,-1.4905317799610848e-07
2019,8,FO,p277,incipient,0.012089,0,1142.3989,141.91666666666666,11.109585380830476,-11.109585380830476,0.012431516743165668,-0.012431516743165668,3.0306712694994076e-10,-3.0306712694994076e-10,1.8532704411403134e-07,-1.8532704411403134e-07
2019,8,FO,p142,abrupt,0.019857,0,1074.2427,3.75,5.494424612770351,-5.494424612770351,0.010144551148838544,-0.010144551148838544,5.733493493309538e-07,-5.733493493309538e-07,1.2976796253480172e-07,-1.2976796253480172e-07
2019,8,FO,p680,abrupt,0.0097197,0,1562.4786000000001,44.666666666666664,9.494245653696941,-9.494245653696941,0.015055495560863013,-0.015055495560863013,7.78508368881603e-11,-7.78508368881603e-11,1.1822563812295991e-07,-1.1822563812295991e-07
2019,8,FO,p586,incipient,0.017184,0,598.8746500000001,159.83333333333334,6.42115521017978,-6.42115521017978,0.007580826399156135,-0.007580826399156135,3.0303795306441117e-07,-3.0303795306441117e-07,7.18711732117043e-08,-7.18711732117043e-08
2019,8,FO,p721,incipient,0.01408,0,1486.1554999999998,196.33333333333334,6.471781441053005,-6.471781441053005,0.008735038091583193,-0.008735038091583193,1.3882691487498988e-06,-1.3882691487498988e-06,1.414106971344404e-07,-1.414106971344404e-07
2019,8,FO,p800,incipient,0.018847,0,529.2630500000001,41.166666666666664,9.816791579023825,-9.816791579023825,0.004898621042453017,-0.004898621042453017,7.288286698603486e-07,-7.288286698603486e-07,1.1859270173769272e-07,-1.1859270173769272e-07
2019,8,FO,p123,incipient,0.011906,0,1273.0305000000005,78.41666666666667,5.649747386286099,-5.649747386286099,0.010060187891234572,-0.010060187891234572,3.26893318525201e-06,-3.26893318525201e-06,5.034901146723148e-07,-5.034901146723148e-07
2019,8,FO,p455,incipient,0.012722,0,3133.5329,112.91666666666667,6.610898245354088,-6.610898245354088,0.005310436104788377,-0.005310436104788377,3.051536534570687e-07,-3.051536534570687e-07,2.7706552869275485e-07,-2.7706552869275485e-07
2019,8,FO,p762,incipient,0.01519,0,738.3339000000001,141.0,8.333734521794712,-8.333734521794712,0.007204163757284457,-0.007204163757284457,3.21040224515734e-06,-3.21040224515734e-06,5.599644391777511e-07,-5.599644391777511e-07
2019,8,FO,p426,abrupt,0.015008,0,97.25635,119.75,5.045639343646333,-5.045639343646333,0.011450054705839607,-0.011450054705839607,6.891225981420224e-05,-6.891225981420224e-05,4.43356815734961e-07,-4.43356815734961e-07
2019,8,FO,p879,incipient,0.013195,0,1613.4193500000003,16.333333333333332,11.110180847220821,-11.110180847220821,0.004157007173982117,-0.004157007173982117,5.255979677154521e-05,-5.255979677154521e-05,8.440933387641405e-07,-8.440933387641405e-07
2019,8,D_optimal_bayesian,p257,incipient,0.011843,0,2878.9772500000017,14.583333333333334,22.05486644072306,-22.05486644072306,0.02063220699481192,-0.02063220699481192,0.00471318287394884,-0.00471318287394884,6.196110927776064e-08,-6.196110927776064e-08
2019,8,D_optimal_bayesian,p427,incipient,0.0090731,0,1483.6390999999999,378.9166666666667,5.04771002466793,-5.04771002466793,0.008732567711471826,-0.008732567711471826,8.753069453759643e-05,-8.753069453759643e-05,1.4094414144416621e-07,-1.4094414144416621e-07
2019,8,D_optimal_bayesian,p810,incipient,0.010028,0,535.4985999999999,574.1666666666666,9.44115358585011,-9.44115358585011,0.007292075710918653,-0.007292075710918653,1.3162801483224129e-05,-1.3162801483224129e-05,1.9377258133732808e-07,-1.9377258133732808e-07
2019,8,D_optimal_bayesian,p654,incipient,0.0087735,0,981.1133499999997,773.4166666666666,7.506284102664712,-7.506284102664712,0.009989129705487066,-0.009989129705487066,0.0005450578843149145,-0.0005450578843149145,1.1398456149659827e-07,-1.1398456149659827e-07
2019,8,D_optimal_bayesian,p523,abrupt,0.020246,1,,,6.614870232353266,-6.614870232353266,0.005248722335369593,-0.005248722335369593,5.043340603472224e-06,-5.043340603472224e-06,6.384721497416859e-07,-6.384721497416859e-07
2019,8,D_optimal_bayesian,p827,abrupt,0.02025,1,,,8.938175374452902,-8.938175374452902,0.007259005177354052,-0.007259005177354052,9.849904983205704e-06,-9.849904983205704e-06,1.9682917183512166e-07,-1.9682917183512166e-07
2019,8,D_optimal_bayesian,p280,abrupt,0.0095008,0,740.50355,244.83333333333334,16.60896088940954,-16.60896088940954,0.011098795568885387,-0.011098795568885387,0.0001260732137704501,-0.0001260732137704501,3.097397361740125e-07,-3.097397361740125e-07
2019,8,D_optimal_bayesian,p653,incipient,0.016035,0,2226.05745,45.833333333333336,7.06431047708378,-7.06431047708378,0.009570376909487846,-0.009570376909487846,9.209148371736031e-05,-9.209148371736031e-05,1.7279663490011984e-07,-1.7279663490011984e-07
2019,8,D_optimal_bayesian,p710,abrupt,0.0092936,0,2057.9638000000004,171.66666666666666,5.815003942020663,-5.815003942020663,0.007573298520524568,-0.007573298520524568,5.133773319232482e-06,-5.133773319232482e-06,4.997019662934701e-07,-4.997019662934701e-07
2019,8,D_optimal_bayesian,p514,abrupt,0.014979,0,1343.54545,177.25,5.873922007714732,-5.873922007714732,0.005325985807650985,-0.005325985807650985,8.584864668814696e-06,-8.584864668814696e-06,5.05163943949662e-07,-5.05163943949662e-07
2019,8,D_optimal_bayesian,p331,abrupt,0.014053,0,1937.42305,123.16666666666667,9.634530047213056,-9.634530047213056,0.014578522907403255,-0.014578522907403255,9.75256379875944e-07,-9.75256379875944e-07,2.5550692904598126e-07,-2.5550692904598126e-07
2019,8,D_optimal_bayesian,p193,incipient,0.01239,0,3162.7844500000006,32.833333333333336,10.036762760152204,-10.036762760152204,0.00745805942464194,-0.00745805942464194,3.4288651728831e-05,-3.4288651728831e-05,3.808288701876795e-07,-3.808288701876795e-07
2019,8,D_optimal_bayesian,p277,incipient,0.012089,0,938.3252999999999,159.58333333333334,15.601531803495089,-15.601531803495089,0.014850847559674906,-0.014850847559674906,1.2205726581226983e-05,-1.2205726581226983e-05,1.1395826420671928e-07,-1.1395826420671928e-07
2019,8,D_optimal_bayesian,p142,abrupt,0.019857,0,304.03395,20.333333333333332,5.8062647622881975,-5.8062647622881975,0.008627958232217429,-0.008627958232217429,2.597028866446749e-05,-2.597028866446749e-05,4.27743655430496e-07,-4.27743655430496e-07
2019,8,D_optimal_bayesian,p680,abrupt,0.0097197,0,851.9580000000001,53.416666666666664,9.494245653696941,-9.494245653696941,0.013696239986358523,-0.013696239986358523,6.513523054252346e-11,-6.513523054252346e-11,2.0053170273979947e-07,-2.0053170273979947e-07
2019,8,D_optimal_bayesian,p586,incipient,0.017184,0,1319.5215500000002,15.583333333333334,7.675134167675357,-7.675134167675357,0.007063098427414674,-0.007063098427414674,2.7425228330213436e-05,-2.7425228330213436e-05,9.119026343799053e-07,-9.119026343799053e-07
2019,8,D_optimal_bayesian,p721,incipient,0.01408,0,1991.5795500000002,27.75,6.125892402386274,-6.125892402386274,0.0075451467886215795,-0.0075451467886215795,1.1729331363508066e-05,-1.1729331363508066e-05,2.8669619180594824e-07,-2.8669619180594824e-07
2019,8,D_optimal_bayesian,p800,incipient,0.018847,0,2448.95285,17.083333333333332,18.975905871165327,-18.975905871165327,0.008790848729052097,-0.008790848729052097,6.33679724915126e-07,-6.33679724915126e-07,3.897965838540329e-07,-3.897965838540329e-07
2019,8,D_optimal_bayesian,p123,incipient,0.011906,0,2009.1045000000004,31.416666666666668,4.78423997097811,-4.78423997097811,0.007889456422618905,-0.007889456422618905,5.203215721838461e-06,-5.203215721838461e-06,2.526857329493538e-07,-2.526857329493538e-07
2019,8,D_optimal_bayesian,p455,incipient,0.012722,0,3037.708350000001,67.66666666666667,9.355360344620724,-9.355360344620724,0.00652610086994872,-0.00652610086994872,4.332645895699372e-05,-4.332645895699372e-05,2.5573503852881446e-07,-2.5573503852881446e-07
2019,8,D_optimal_bayesian,p762,incipient,0.01519,0,1062.39815,113.58333333333333,8.360221503336952,-8.360221503336952,0.007194768955351152,-0.007194768955351152,1.2775030218348249e-05,-1.2775030218348249e-05,4.520395649966887e-07,-4.520395649966887e-07
2019,8,D_optimal_bayesian,p426,abrupt,0.015008,0,1518.8321500000002,73.58333333333333,5.045639343646333,-5.045639343646333,0.008779781547043302,-0.008779781547043302,7.125227896720432e-05,-7.125227896720432e-05,3.208983783080869e-07,-3.208983783080869e-07
2019,8,D_optimal_bayesian,p879,incipient,0.013195,0,1429.3872,138.66666666666666,6.242604254021873,-6.242604254021873,0.004408604545576014,-0.004408604545576014,4.031150742345169e-05,-4.031150742345169e-05,2.343080566756882e-07,-2.343080566756882e-07
2019,8,A_optimal_bayesian,p257,incipient,0.011843,0,2878.9772500000017,14.583333333333334,22.05486644072306,-22.05486644072306,0.02063220699481192,-0.02063220699481192,0.00471318287394884,-0.00471318287394884,6.196110927776064e-08,-6.196110927776064e-08
2019,8,A_optimal_bayesian,p427,incipient,0.0090731,0,1483.6390999999999,378.9166666666667,5.04771002466793,-5.04771002466793,0.008732567711471826,-0.008732567711471826,8.753069453759643e-05,-8.753069453759643e-05,1.4094414144416621e-07,-1.4094414144416621e-07
2019,8,A_optimal_bayesian,p810,incipient,0.010028,0,535.4985999999999,574.1666666666666,9.44115358585011,-9.44115358585011,0.007292075710918653,-0.007292075710918653,1.3162801483224129e-05,-1.3162801483224129e-05,1.9377258133732808e-07,-1.9377258133732808e-07
2019,8,A_optimal_bayesian,p654,incipient,0.0087735,0,981.1133499999997,773.4166666666666,7.506284102664712,-7.506284102664712,0.009989129705487066,-0.009989129705487066,0.0005450578843149145,-0.0005450578843149145,1.1398456149659827e-07,-1.1398456149659827e-07
2019,8,A_optimal_bayesian,p523,abrupt,0.020246,1,,,6.614870232353266,-6.614870232353266,0.005248722335369593,-0.005248722335369593,5.043340603472224e-06,-5.043340603472224e-06,6.384721497416859e-07,-6.384721497416859e-07
2019,8,A_optimal_bayesian,p827,abrupt,0.02025,1,,,8.938175374452902,-8.938175374452902,0.007259005177354052,-0.007259005177354052,9.849904983205704e-06,-9.849904983205704e-06,1.9682917183512166e-07,-1.9682917183512166e-07
2019,8,A_optimal_bayesian,p280,abrupt,0.0095008,0,740.50355,244.83333333333334,16.60896088940954,-16.60896088940954,0.011098795568885387,-0.011098795568885387,0.0001260732137704501,-0.0001260732137704501,3.097397361740125e-07,-3.097397361740125e-07
2019,8,A_optimal_bayesian,p653,incipient,0.016035,0,2226.05745,45.833333333333336,7.06431047708378,-7.06431047708378,0.009570376909487846,-0.009570376909487846,9.209148371736031e-05,-9.209148371736031e-05,1.7279663490011984e-07,-1.7279663490011984e-07
2019,8,A_optimal_bayesian,p710,abrupt,0.0092936,0,2057.9638000000004,171.66666666666666,5.815003942020663,-5.815003942020663,0.007573298520524568,-0.007573298520524568,5.133773319232482e-06,-5.133773319232482e-06,4.997019662934701e-07,-4.997019662934701e-07
2019,8,A_optimal_bayesian,p514,abrupt,0.014979,0,1343.54545,177.25,5.873922007714732,-5.873922007714732,0.005325985807650985,-0.005325985807650985,8.584864668814696e-06,-8.584864668814696e-06,5.05163943949662e-07,-5.05163943949662e-07
2019,8,A_optimal_bayesian,p331,abrupt,0.014053,0,1937.42305,123.16666666666667,9.634530047213056,-9.634530047213056,0.014578522907403255,-0.014578522907403255,9.75256379875944e-07,-9.75256379875944e-07,2.5550692904598126e-07,-2.5550692904598126e-07
2019,8,A_optimal_bayesian,p193,incipient,0.01239,0,3162.7844500000006,32.833333333333336,10.036762760152204,-10.036762760152204,0.00745805942464194,-0.00745805942464194,3.4288651728831e-05,-3.4288651728831e-05,3.808288701876795e-07,-3.808288701876795e-07
2019,8,A_optimal_bayesian,p277,incipient,0.012089,0,938.3252999999999,159.58333333333334,15.601531803495089,-15.601531803495089,0.014850847559674906,-0.014850847559674906,1.2205726581226983e-05,-1.2205726581226983e-05,1.1395826420671928e-07,-1.1395826420671928e-07
2019,8,A_optimal_bayesian,p142,abrupt,0.019857,0,304.03395,20.333333333333332,5.8062647622881975,-5.8062647622881975,0.008627958232217429,-0.008627958232217429,2.597028866446749e-05,-2.597028866446749e-05,4.27743655430496e-07,-4.27743655430496e-07
2019,8,A_optimal_bayesian,p680,abrupt,0.0097197,0,851.9580000000001,53.416666666666664,9.494245653696941,-9.494245653696941,0.013696239986358523,-0.013696239986358523,6.513523054252346e-11,-6.513523054252346e-11,2.0053170273979947e-07,-2.0053170273979947e-07
2019,8,A_optimal_bayesian,p586,incipient,0.017184,0,1319.5215500000002,15.583333333333334,7.675134167675357,-7.675134167675357,0.007063098427414674,-0.007063098427414674,2.7425228330213436e-05,-2.7425228330213436e-05,9.119026343799053e-07,-9.119026343799053e-07
2019,8,A_optimal_bayesian,p721,incipient,0.01408,0,1991.5795500000002,27.75,6.125892402386274,-6.125892402386274,0.0075451467886215795,-0.0075451467886215795,1.1729331363508066e-05,-1.1729331363508066e-05,2.8669619180594824e-07,-2.8669619180594824e-07
2019,8,A_optimal_bayesian,p800,incipient,0.018847,0,2448.95285,17.083333333333332,18.975905871165327,-18.975905871165327,0.008790848729052097,-0.008790848729052097,6.33679724915126e-07,-6.33679724915126e-07,3.897965838540329e-07,-3.897965838540329e-07
2019,8,A_optimal_bayesian,p123,incipient,0.011906,0,2009.1045000000004,31.416666666666668,4.78423997097811,-4.78423997097811,0.007889456422618905,-0.007889456422618905,5.203215721838461e-06,-5.203215721838461e-06,2.526857329493538e-07,-2.526857329493538e-07
2019,8,A_optimal_bayesian,p455,incipient,0.012722,0,3037.708350000001,67.66666666666667,9.355360344620724,-9.355360344620724,0.00652610086994872,-0.00652610086994872,4.332645895699372e-05,-4.332645895699372e-05,2.5573503852881446e-07,-2.5573503852881446e-07
2019,8,A_optimal_bayesian,p762,incipient,0.01519,0,1062.39815,113.58333333333333,8.360221503336952,-8.360221503336952,0.007194768955351152,-0.007194768955351152,1.2775030218348249e-05,-1.2775030218348249e-05,4.520395649966887e-07,-4.520395649966887e-07
2019,8,A_optimal_bayesian,p426,abrupt,0.015008,0,1518.8321500000002,73.58333333333333,5.045639343646333,-5.045639343646333,0.008779781547043302,-0.008779781547043302,7.125227896720432e-05,-7.125227896720432e-05,3.208983783080869e-07,-3.208983783080869e-07
2019,8,A_optimal_bayesian,p879,incipient,0.013195,0,1429.3872,138.66666666666666,6.242604254021873,-6.242604254021873,0.004408604545576014,-0.004408604545576014,4.031150742345169e-05,-4.031150742345169e-05,2.343080566756882e-07,-2.343080566756882e-07
2019,8,E_optimal_observable_subspace,p257,incipient,0.011843,0,2878.9772500000017,14.583333333333334,22.05486644072306,-22.05486644072306,0.02063220699481192,-0.02063220699481192,0.00471318287394884,-0.00471318287394884,6.196110927776064e-08,-6.196110927776064e-08
2019,8,E_optimal_observable_subspace,p427,incipient,0.0090731,0,1483.6390999999999,378.9166666666667,5.04771002466793,-5.04771002466793,0.008732567711471826,-0.008732567711471826,8.753069453759643e-05,-8.753069453759643e-05,1.4094414144416621e-07,-1.4094414144416621e-07
2019,8,E_optimal_observable_subspace,p810,incipient,0.010028,0,535.4985999999999,574.1666666666666,9.44115358585011,-9.44115358585011,0.007292075710918653,-0.007292075710918653,1.3162801483224129e-05,-1.3162801483224129e-05,1.9377258133732808e-07,-1.9377258133732808e-07
2019,8,E_optimal_observable_subspace,p654,incipient,0.0087735,0,981.1133499999997,773.4166666666666,7.506284102664712,-7.506284102664712,0.009989129705487066,-0.009989129705487066,0.0005450578843149145,-0.0005450578843149145,1.1398456149659827e-07,-1.1398456149659827e-07
2019,8,E_optimal_observable_subspace,p523,abrupt,0.020246,1,,,6.614870232353266,-6.614870232353266,0.005248722335369593,-0.005248722335369593,5.043340603472224e-06,-5.043340603472224e-06,6.384721497416859e-07,-6.384721497416859e-07
2019,8,E_optimal_observable_subspace,p827,abrupt,0.02025,1,,,8.938175374452902,-8.938175374452902,0.007259005177354052,-0.007259005177354052,9.849904983205704e-06,-9.849904983205704e-06,1.9682917183512166e-07,-1.9682917183512166e-07
2019,8,E_optimal_observable_subspace,p280,abrupt,0.0095008,0,740.50355,244.83333333333334,16.60896088940954,-16.60896088940954,0.011098795568885387,-0.011098795568885387,0.0001260732137704501,-0.0001260732137704501,3.097397361740125e-07,-3.097397361740125e-07
2019,8,E_optimal_observable_subspace,p653,incipient,0.016035,0,2226.05745,45.833333333333336,7.06431047708378,-7.06431047708378,0.009570376909487846,-0.009570376909487846,9.209148371736031e-05,-9.209148371736031e-05,1.7279663490011984e-07,-1.7279663490011984e-07
2019,8,E_optimal_observable_subspace,p710,abrupt,0.0092936,0,2057.9638000000004,171.66666666666666,5.815003942020663,-5.815003942020663,0.007573298520524568,-0.007573298520524568,5.133773319232482e-06,-5.133773319232482e-06,4.997019662934701e-07,-4.997019662934701e-07
2019,8,E_optimal_observable_subspace,p514,abrupt,0.014979,0,1343.54545,177.25,5.873922007714732,-5.873922007714732,0.005325985807650985,-0.005325985807650985,8.584864668814696e-06,-8.584864668814696e-06,5.05163943949662e-07,-5.05163943949662e-07
2019,8,E_optimal_observable_subspace,p331,abrupt,0.014053,0,1937.42305,123.16666666666667,9.634530047213056,-9.634530047213056,0.014578522907403255,-0.014578522907403255,9.75256379875944e-07,-9.75256379875944e-07,2.5550692904598126e-07,-2.5550692904598126e-07
2019,8,E_optimal_observable_subspace,p193,incipient,0.01239,0,3162.7844500000006,32.833333333333336,10.036762760152204,-10.036762760152204,0.00745805942464194,-0.00745805942464194,3.4288651728831e-05,-3.4288651728831e-05,3.808288701876795e-07,-3.808288701876795e-07
2019,8,E_optimal_observable_subspace,p277,incipient,0.012089,0,938.3252999999999,159.58333333333334,15.601531803495089,-15.601531803495089,0.014850847559674906,-0.014850847559674906,1.2205726581226983e-05,-1.2205726581226983e-05,1.1395826420671928e-07,-1.1395826420671928e-07
2019,8,E_optimal_observable_subspace,p142,abrupt,0.019857,0,304.03395,20.333333333333332,5.8062647622881975,-5.8062647622881975,0.008627958232217429,-0.008627958232217429,2.597028866446749e-05,-2.597028866446749e-05,4.27743655430496e-07,-4.27743655430496e-07
2019,8,E_optimal_observable_subspace,p680,abrupt,0.0097197,0,851.9580000000001,53.416666666666664,9.494245653696941,-9.494245653696941,0.013696239986358523,-0.013696239986358523,6.513523054252346e-11,-6.513523054252346e-11,2.0053170273979947e-07,-2.0053170273979947e-07
2019,8,E_optimal_observable_subspace,p586,incipient,0.017184,0,1319.5215500000002,15.583333333333334,7.675134167675357,-7.675134167675357,0.007063098427414674,-0.007063098427414674,2.7425228330213436e-05,-2.7425228330213436e-05,9.119026343799053e-07,-9.119026343799053e-07
2019,8,E_optimal_observable_subspace,p721,incipient,0.01408,0,1991.5795500000002,27.75,6.125892402386274,-6.125892402386274,0.0075451467886215795,-0.0075451467886215795,1.1729331363508066e-05,-1.1729331363508066e-05,2.8669619180594824e-07,-2.8669619180594824e-07
2019,8,E_optimal_observable_subspace,p800,incipient,0.018847,0,2448.95285,17.083333333333332,18.975905871165327,-18.975905871165327,0.008790848729052097,-0.008790848729052097,6.33679724915126e-07,-6.33679724915126e-07,3.897965838540329e-07,-3.897965838540329e-07
2019,8,E_optimal_observable_subspace,p123,incipient,0.011906,0,2009.1045000000004,31.416666666666668,4.78423997097811,-4.78423997097811,0.007889456422618905,-0.007889456422618905,5.203215721838461e-06,-5.203215721838461e-06,2.526857329493538e-07,-2.526857329493538e-07
2019,8,E_optimal_observable_subspace,p455,incipient,0.012722,0,3037.708350000001,67.66666666666667,9.355360344620724,-9.355360344620724,0.00652610086994872,-0.00652610086994872,4.332645895699372e-05,-4.332645895699372e-05,2.5573503852881446e-07,-2.5573503852881446e-07
2019,8,E_optimal_observable_subspace,p762,incipient,0.01519,0,1062.39815,113.58333333333333,8.360221503336952,-8.360221503336952,0.007194768955351152,-0.007194768955351152,1.2775030218348249e-05,-1.2775030218348249e-05,4.520395649966887e-07,-4.520395649966887e-07
2019,8,E_optimal_observable_subspace,p426,abrupt,0.015008,0,1518.8321500000002,73.58333333333333,5.045639343646333,-5.045639343646333,0.008779781547043302,-0.008779781547043302,7.125227896720432e-05,-7.125227896720432e-05,3.208983783080869e-07,-3.208983783080869e-07
2019,8,E_optimal_observable_subspace,p879,incipient,0.013195,0,1429.3872,138.66666666666666,6.242604254021873,-6.242604254021873,0.004408604545576014,-0.004408604545576014,4.031150742345169e-05,-4.031150742345169e-05,2.343080566756882e-07,-2.343080566756882e-07
2019,8,bayesian_information_gain,p257,incipient,0.011843,0,2878.9772500000017,14.583333333333334,22.05486644072306,-22.05486644072306,0.02063220699481192,-0.02063220699481192,0.00471318287394884,-0.00471318287394884,6.196110927776064e-08,-6.196110927776064e-08
2019,8,bayesian_information_gain,p427,incipient,0.0090731,0,1483.6390999999999,378.9166666666667,5.04771002466793,-5.04771002466793,0.008732567711471826,-0.008732567711471826,8.753069453759643e-05,-8.753069453759643e-05,1.4094414144416621e-07,-1.4094414144416621e-07
2019,8,bayesian_information_gain,p810,incipient,0.010028,0,535.4985999999999,574.1666666666666,9.44115358585011,-9.44115358585011,0.007292075710918653,-0.007292075710918653,1.3162801483224129e-05,-1.3162801483224129e-05,1.9377258133732808e-07,-1.9377258133732808e-07
2019,8,bayesian_information_gain,p654,incipient,0.0087735,0,981.1133499999997,773.4166666666666,7.506284102664712,-7.506284102664712,0.009989129705487066,-0.009989129705487066,0.0005450578843149145,-0.0005450578843149145,1.1398456149659827e-07,-1.1398456149659827e-07
2019,8,bayesian_information_gain,p523,abrupt,0.020246,1,,,6.614870232353266,-6.614870232353266,0.005248722335369593,-0.005248722335369593,5.043340603472224e-06,-5.043340603472224e-06,6.384721497416859e-07,-6.384721497416859e-07
2019,8,bayesian_information_gain,p827,abrupt,0.02025,1,,,8.938175374452902,-8.938175374452902,0.007259005177354052,-0.007259005177354052,9.849904983205704e-06,-9.849904983205704e-06,1.9682917183512166e-07,-1.9682917183512166e-07
2019,8,bayesian_information_gain,p280,abrupt,0.0095008,0,740.50355,244.83333333333334,16.60896088940954,-16.60896088940954,0.011098795568885387,-0.011098795568885387,0.0001260732137704501,-0.0001260732137704501,3.097397361740125e-07,-3.097397361740125e-07
2019,8,bayesian_information_gain,p653,incipient,0.016035,0,2226.05745,45.833333333333336,7.06431047708378,-7.06431047708378,0.009570376909487846,-0.009570376909487846,9.209148371736031e-05,-9.209148371736031e-05,1.7279663490011984e-07,-1.7279663490011984e-07
2019,8,bayesian_information_gain,p710,abrupt,0.0092936,0,2057.9638000000004,171.66666666666666,5.815003942020663,-5.815003942020663,0.007573298520524568,-0.007573298520524568,5.133773319232482e-06,-5.133773319232482e-06,4.997019662934701e-07,-4.997019662934701e-07
2019,8,bayesian_information_gain,p514,abrupt,0.014979,0,1343.54545,177.25,5.873922007714732,-5.873922007714732,0.005325985807650985,-0.005325985807650985,8.584864668814696e-06,-8.584864668814696e-06,5.05163943949662e-07,-5.05163943949662e-07
2019,8,bayesian_information_gain,p331,abrupt,0.014053,0,1937.42305,123.16666666666667,9.634530047213056,-9.634530047213056,0.014578522907403255,-0.014578522907403255,9.75256379875944e-07,-9.75256379875944e-07,2.5550692904598126e-07,-2.5550692904598126e-07
2019,8,bayesian_information_gain,p193,incipient,0.01239,0,3162.7844500000006,32.833333333333336,10.036762760152204,-10.036762760152204,0.00745805942464194,-0.00745805942464194,3.4288651728831e-05,-3.4288651728831e-05,3.808288701876795e-07,-3.808288701876795e-07
2019,8,bayesian_information_gain,p277,incipient,0.012089,0,938.3252999999999,159.58333333333334,15.601531803495089,-15.601531803495089,0.014850847559674906,-0.014850847559674906,1.2205726581226983e-05,-1.2205726581226983e-05,1.1395826420671928e-07,-1.1395826420671928e-07
2019,8,bayesian_information_gain,p142,abrupt,0.019857,0,304.03395,20.333333333333332,5.8062647622881975,-5.8062647622881975,0.008627958232217429,-0.008627958232217429,2.597028866446749e-05,-2.597028866446749e-05,4.27743655430496e-07,-4.27743655430496e-07
2019,8,bayesian_information_gain,p680,abrupt,0.0097197,0,851.9580000000001,53.416666666666664,9.494245653696941,-9.494245653696941,0.013696239986358523,-0.013696239986358523,6.513523054252346e-11,-6.513523054252346e-11,2.0053170273979947e-07,-2.0053170273979947e-07
2019,8,bayesian_information_gain,p586,incipient,0.017184,0,1319.5215500000002,15.583333333333334,7.675134167675357,-7.675134167675357,0.007063098427414674,-0.007063098427414674,2.7425228330213436e-05,-2.7425228330213436e-05,9.119026343799053e-07,-9.119026343799053e-07
2019,8,bayesian_information_gain,p721,incipient,0.01408,0,1991.5795500000002,27.75,6.125892402386274,-6.125892402386274,0.0075451467886215795,-0.0075451467886215795,1.1729331363508066e-05,-1.1729331363508066e-05,2.8669619180594824e-07,-2.8669619180594824e-07
2019,8,bayesian_information_gain,p800,incipient,0.018847,0,2448.95285,17.083333333333332,18.975905871165327,-18.975905871165327,0.008790848729052097,-0.008790848729052097,6.33679724915126e-07,-6.33679724915126e-07,3.897965838540329e-07,-3.897965838540329e-07
2019,8,bayesian_information_gain,p123,incipient,0.011906,0,2009.1045000000004,31.416666666666668,4.78423997097811,-4.78423997097811,0.007889456422618905,-0.007889456422618905,5.203215721838461e-06,-5.203215721838461e-06,2.526857329493538e-07,-2.526857329493538e-07
2019,8,bayesian_information_gain,p455,incipient,0.012722,0,3037.708350000001,67.66666666666667,9.355360344620724,-9.355360344620724,0.00652610086994872,-0.00652610086994872,4.332645895699372e-05,-4.332645895699372e-05,2.5573503852881446e-07,-2.5573503852881446e-07
2019,8,bayesian_information_gain,p762,incipient,0.01519,0,1062.39815,113.58333333333333,8.360221503336952,-8.360221503336952,0.007194768955351152,-0.007194768955351152,1.2775030218348249e-05,-1.2775030218348249e-05,4.520395649966887e-07,-4.520395649966887e-07
2019,8,bayesian_information_gain,p426,abrupt,0.015008,0,1518.8321500000002,73.58333333333333,5.045639343646333,-5.045639343646333,0.008779781547043302,-0.008779781547043302,7.125227896720432e-05,-7.125227896720432e-05,3.208983783080869e-07,-3.208983783080869e-07
2019,8,bayesian_information_gain,p879,incipient,0.013195,0,1429.3872,138.66666666666666,6.242604254021873,-6.242604254021873,0.004408604545576014,-0.004408604545576014,4.031150742345169e-05,-4.031150742345169e-05,2.343080566756882e-07,-2.343080566756882e-07
2019,8,D_optimal_rank_reduced,p257,incipient,0.011843,0,2878.9772500000017,14.583333333333334,22.05486644072306,-22.05486644072306,0.020039071583145336,-0.020039071583145336,0.004153349604498646,-0.004153349604498646,9.412317346974869e-08,-9.412317346974869e-08
2019,8,D_optimal_rank_reduced,p427,incipient,0.0090731,0,1651.7372000000003,397.5833333333333,5.04771002466793,-5.04771002466793,0.007216159463368686,-0.007216159463368686,8.135681051935073e-05,-8.135681051935073e-05,2.549129690192994e-07,-2.549129690192994e-07
2019,8,D_optimal_rank_reduced,p810,incipient,0.010028,0,2236.29855,574.1666666666666,9.44115358585011,-9.44115358585011,0.008461874230258765,-0.008461874230258765,1.5338766203853993e-05,-1.5338766203853993e-05,2.2709329292963243e-07,-2.2709329292963243e-07
2019,8,D_optimal_rank_reduced,p654,incipient,0.0087735,0,1948.7252500000002,775.0833333333334,5.072602020008464,-5.072602020008464,0.00627372000287665,-0.00627372000287665,3.579693530486594e-08,-3.579693530486594e-08,3.2788196301885625e-07,-3.2788196301885625e-07
2019,8,D_optimal_rank_reduced,p523,abrupt,0.020246,1,,,6.874301957112112,-6.874301957112112,0.005685050961253315,-0.005685050961253315,6.0844369111912044e-06,-6.0844369111912044e-06,2.8380268409884486e-07,-2.8380268409884486e-07
2019,8,D_optimal_rank_reduced,p827,abrupt,0.02025,1,,,10.095953206296418,-10.095953206296418,0.008440224648801845,-0.008440224648801845,1.8041182039407744e-05,-1.8041182039407744e-05,9.676025503791486e-08,-9.676025503791486e-08
2019,8,D_optimal_rank_reduced,p280,abrupt,0.0095008,0,2180.293550000001,263.75,16.60896088940954,-16.60896088940954,0.009885369536140963,-0.009885369536140963,0.0001443789357028491,-0.0001443789357028491,2.0833785299486798e-07,-2.0833785299486798e-07
2019,8,D_optimal_rank_reduced,p653,incipient,0.016035,0,2226.05745,45.833333333333336,5.102909129982226,-5.102909129982226,0.006270314522656149,-0.006270314522656149,1.623026135710859e-08,-1.623026135710859e-08,1.340949247344614e-07,-1.340949247344614e-07
2019,8,D_optimal_rank_reduced,p710,abrupt,0.0092936,0,2108.2984500000007,171.66666666666666,6.105683746715504,-6.105683746715504,0.006890112945631492,-0.006890112945631492,3.2296451375479762e-06,-3.2296451375479762e-06,3.4140977816448e-07,-3.4140977816448e-07
2019,8,D_optimal_rank_reduced,p514,abrupt,0.014979,0,1400.4199,175.91666666666666,5.873922007714732,-5.873922007714732,0.005115511525724168,-0.005115511525724168,2.226552640205437e-05,-2.226552640205437e-05,2.883743473658464e-07,-2.883743473658464e-07
2019,8,D_optimal_rank_reduced,p331,abrupt,0.014053,0,734.4634500000001,222.25,9.634530047213056,-9.634530047213056,0.013773486403048405,-0.013773486403048405,6.544516639728215e-07,-6.544516639728215e-07,1.9258491412848326e-07,-1.9258491412848326e-07
2019,8,D_optimal_rank_reduced,p193,incipient,0.01239,0,3540.6803499999996,79.16666666666667,10.036762760152204,-10.036762760152204,0.008509387573261315,-0.008509387573261315,2.4236692264034687e-05,-2.4236692264034687e-05,3.8175361975061136e-07,-3.8175361975061136e-07
2019,8,D_optimal_rank_reduced,p277,incipient,0.012089,0,1210.3625499999998,18.0,15.601531803495089,-15.601531803495089,0.014030286229469509,-0.014030286229469509,1.3292887672822218e-05,-1.3292887672822218e-05,2.075965447301647e-07,-2.075965447301647e-07
2019,8,D_optimal_rank_reduced,p142,abrupt,0.019857,0,1860.0354000000002,68.0,4.946524442517614,-4.946524442517614,0.0062825710270550976,-0.0062825710270550976,1.9989977437795403e-06,-1.9989977437795403e-06,9.370731040682413e-08,-9.370731040682413e-08
2019,8,D_optimal_rank_reduced,p680,abrupt,0.0097197,0,1562.4786000000001,92.66666666666667,4.251437263824732,-4.251437263824732,0.006453550934946678,-0.006453550934946678,1.5047629808861984e-11,-1.5047629808861984e-11,1.2526133846929808e-07,-1.2526133846929808e-07
2019,8,D_optimal_rank_reduced,p586,incipient,0.017184,0,2388.20845,39.833333333333336,7.675134167675357,-7.675134167675357,0.0063728798370397905,-0.0063728798370397905,0.00024460992132180337,-0.00024460992132180337,4.2570598293756955e-07,-4.2570598293756955e-07
2019,8,D_optimal_rank_reduced,p721,incipient,0.01408,0,2057.0185500000002,52.0,6.606119979507082,-6.606119979507082,0.007059409258525053,-0.007059409258525053,1.3835149266783198e-05,-1.3835149266783198e-05,1.407938963476312e-07,-1.407938963476312e-07
2019,8,D_optimal_rank_reduced,p800,incipient,0.018847,0,2609.37365,41.5,9.23323272012536,-9.23323272012536,0.006162026033684385,-0.006162026033684385,2.762567811176453e-07,-2.762567811176453e-07,3.7855184857144743e-07,-3.7855184857144743e-07
2019,8,D_optimal_rank_reduced,p123,incipient,0.011906,0,1365.2368000000001,70.66666666666667,4.78423997097811,-4.78423997097811,0.006240782179786429,-0.006240782179786429,3.943926313199064e-06,-3.943926313199064e-06,3.298592157624018e-07,-3.298592157624018e-07
2019,8,D_optimal_rank_reduced,p455,incipient,0.012722,0,1914.26315,111.08333333333333,11.806630696027696,-11.806630696027696,0.008905855236845568,-0.008905855236845568,0.00010722977264221445,-0.00010722977264221445,2.9751197132736243e-07,-2.9751197132736243e-07
2019,8,D_optimal_rank_reduced,p762,incipient,0.01519,0,2133.4804,139.25,9.626295220292157,-9.626295220292157,0.008297877318644885,-0.008297877318644885,4.161233077359938e-05,-4.161233077359938e-05,7.072485117254915e-07,-7.072485117254915e-07
2019,8,D_optimal_rank_reduced,p426,abrupt,0.015008,0,494.6536,101.41666666666667,5.045639343646333,-5.045639343646333,0.007291976028904318,-0.007291976028904318,6.449480163484012e-05,-6.449480163484012e-05,2.56766882483628e-07,-2.56766882483628e-07
2019,8,D_optimal_rank_reduced,p879,incipient,0.013195,0,303.1096,163.08333333333334,6.003504732487906,-6.003504732487906,0.004915969057545353,-0.004915969057545353,0.0006537011954597105,-0.0006537011954597105,1.1252610538521218e-06,-1.1252610538521218e-06
2019,8,A_optimal_rank_reduced,p257,incipient,0.011843,0,615.3704500000001,121.41666666666667,15.375343334132701,-15.375343334132701,0.012114255759633373,-0.012114255759633373,2.0384177779053658e-07,-2.0384177779053658e-07,1.3395381479904895e-07,-1.3395381479904895e-07
2019,8,A_optimal_rank_reduced,p427,incipient,0.0090731,0,1502.7280999999998,378.5833333333333,5.04771002466793,-5.04771002466793,0.009772300686130416,-0.009772300686130416,8.077488791102816e-05,-8.077488791102816e-05,1.736360241428245e-07,-1.736360241428245e-07
2019,8,A_optimal_rank_reduced,p810,incipient,0.010028,0,2822.5882000000006,579.75,9.44115358585011,-9.44115358585011,0.007985986911842734,-0.007985986911842734,1.5250899411900498e-05,-1.5250899411900498e-05,3.7323533397966167e-07,-3.7323533397966167e-07
2019,8,A_optimal_rank_reduced,p654,incipient,0.0087735,0,1940.3007500000003,773.4166666666666,6.051224740300737,-6.051224740300737,0.009408406451103773,-0.009408406451103773,3.469345877249452e-08,-3.469345877249452e-08,5.390109938532093e-07,-5.390109938532093e-07
2019,8,A_optimal_rank_reduced,p523,abrupt,0.020246,1,,,6.614870232353266,-6.614870232353266,0.006047620291371911,-0.006047620291371911,6.922281932553176e-06,-6.922281932553176e-06,4.906679312084453e-07,-4.906679312084453e-07
2019,8,A_optimal_rank_reduced,p827,abrupt,0.02025,1,,,8.938175374452902,-8.938175374452902,0.0075956190545414986,-0.0075956190545414986,1.080755669846667e-05,-1.080755669846667e-05,3.65066236616878e-07,-3.65066236616878e-07
2019,8,A_optimal_rank_reduced,p280,abrupt,0.0095008,0,364.93860000000006,146.66666666666666,16.60896088940954,-16.60896088940954,0.011500366233966778,-0.011500366233966778,6.35465121355816e-05,-6.35465121355816e-05,2.0647315855372197e-07,-2.0647315855372197e-07
2019,8,A_optimal_rank_reduced,p653,incipient,0.016035,0,1907.36695,122.83333333333333,6.100123109268355,-6.100123109268355,0.009416265940770325,-0.009416265940770325,1.0165567698727784e-07,-1.0165567698727784e-07,3.3022761295916934e-07,-3.3022761295916934e-07
2019,8,A_optimal_rank_reduced,p710,abrupt,0.0092936,0,923.4071999999999,279.4166666666667,8.200041974011135,-8.200041974011135,0.009730976635171106,-0.009730976635171106,1.1585112839940237e-05,-1.1585112839940237e-05,1.9039292467274193e-07,-1.9039292467274193e-07
2019,8,A_optimal_rank_reduced,p514,abrupt,0.014979,0,900.8231000000001,231.75,5.873922007714732,-5.873922007714732,0.006305510554656195,-0.006305510554656195,8.338502328841813e-06,-8.338502328841813e-06,1.5878032581364217e-06,-1.5878032581364217e-06
2019,8,A_optimal_rank_reduced,p331,abrupt,0.014053,0,731.3057,149.25,9.634530047213056,-9.634530047213056,0.015251568023771643,-0.015251568023771643,1.073564929732207e-06,-1.073564929732207e-06,1.0638257099167352e-07,-1.0638257099167352e-07
2019,8,A_optimal_rank_reduced,p193,incipient,0.01239,0,3162.7844500000006,43.75,10.036762760152204,-10.036762760152204,0.007972357519270366,-0.007972357519270366,4.067759095560675e-06,-4.067759095560675e-06,3.088438314311771e-07,-3.088438314311771e-07
2019,8,A_optimal_rank_reduced,p277,incipient,0.012089,0,1763.9680999999996,159.33333333333334,14.016700184621639,-14.016700184621639,0.012432037004102177,-0.012432037004102177,2.0691291413577062e-07,-2.0691291413577062e-07,1.9123348462068453e-07,-1.9123348462068453e-07
2019,8,A_optimal_rank_reduced,p142,abrupt,0.019857,0,502.0468,17.75,5.8115814679130215,-5.8115814679130215,0.009362184945994187,-0.009362184945994187,4.036594951628558e-06,-4.036594951628558e-06,6.990529410185709e-07,-6.990529410185709e-07
2019,8,A_optimal_rank_reduced,p680,abrupt,0.0097197,0,1315.8185000000003,53.416666666666664,9.494245653696941,-9.494245653696941,0.014396565093106122,-0.014396565093106122,7.683764735588738e-11,-7.683764735588738e-11,9.9200578032214e-08,-9.9200578032214e-08
2019,8,A_optimal_rank_reduced,p586,incipient,0.017184,0,1319.5215500000002,15.583333333333334,7.675134167675357,-7.675134167675357,0.008193115108941164,-0.008193115108941164,0.0001825871084462083,-0.0001825871084462083,1.3736594076881259e-06,-1.3736594076881259e-06
2019,8,A_optimal_rank_reduced,p721,incipient,0.01408,0,1590.7001,51.5,8.076623682600616,-8.076623682600616,0.009452339521622525,-0.009452339521622525,1.0636100789329639e-05,-1.0636100789329639e-05,1.8647165705770772e-07,-1.8647165705770772e-07
2019,8,A_optimal_rank_reduced,p800,incipient,0.018847,0,2609.37365,40.916666666666664,4.914903885617397,-4.914903885617397,0.005041926942590681,-0.005041926942590681,2.8997821921450395e-08,-2.8997821921450395e-08,1.5211726970236703e-07,-1.5211726970236703e-07
2019,8,A_optimal_rank_reduced,p123,incipient,0.011906,0,2009.1045000000004,58.25,5.617078941212538,-5.617078941212538,0.009287747123458819,-0.009287747123458819,1.5280791888505618e-05,-1.5280791888505618e-05,5.704815733511026e-07,-5.704815733511026e-07
2019,8,A_optimal_rank_reduced,p455,incipient,0.012722,0,1848.82415,111.33333333333333,9.355360344620724,-9.355360344620724,0.0071560021334295155,-0.0071560021334295155,4.987851036875046e-05,-4.987851036875046e-05,3.3272133421723573e-07,-3.3272133421723573e-07
2019,8,A_optimal_rank_reduced,p762,incipient,0.01519,0,342.84884999999997,139.25,8.360221503336952,-8.360221503336952,0.00820074017069389,-0.00820074017069389,8.44225198370907e-06,-8.44225198370907e-06,2.1329747412967472e-07,-2.1329747412967472e-07
2019,8,A_optimal_rank_reduced,p426,abrupt,0.015008,0,1211.5198999999998,101.41666666666667,5.045639343646333,-5.045639343646333,0.009820528907433143,-0.009820528907433143,6.598592151885185e-05,-6.598592151885185e-05,1.802591900026282e-06,-1.802591900026282e-06
2019,8,A_optimal_rank_reduced,p879,incipient,0.013195,0,3026.4460000000004,163.08333333333334,4.691243654671841,-4.691243654671841,0.004291302180820212,-0.004291302180820212,2.260852518309875e-06,-2.260852518309875e-06,1.8262268257201434e-06,-1.8262268257201434e-06
2019,8,E_optimal_rank_reduced,p257,incipient,0.011843,0,2878.9772500000017,14.583333333333334,22.05486644072306,-22.05486644072306,0.019396169942745154,-0.019396169942745154,0.0036283154198603063,-0.0036283154198603063,7.706811883566545e-08,-7.706811883566545e-08
2019,8,E_optimal_rank_reduced,p427,incipient,0.0090731,0,1483.6390999999999,378.5833333333333,5.04771002466793,-5.04771002466793,0.007900053926073571,-0.007900053926073571,5.9202879571174094e-05,-5.9202879571174094e-05,2.2055671123430783e-07,-2.2055671123430783e-07
2019,8,E_optimal_rank_reduced,p810,incipient,0.010028,0,2556.85375,571.75,9.44115358585011,-9.44115358585011,0.007651172643370804,-0.007651172643370804,8.611969089189486e-06,-8.611969089189486e-06,2.5085103955724234e-07,-2.5085103955724234e-07
2019,8,E_optimal_rank_reduced,p654,incipient,0.0087735,0,1434.7084499999999,741.75,6.051224740300737,-6.051224740300737,0.007936279078438194,-0.007936279078438194,2.3220302125537273e-08,-2.3220302125537273e-08,3.333475804781915e-07,-3.333475804781915e-07
2019,8,E_optimal_rank_reduced,p523,abrupt,0.020246,1,,,6.874301957112112,-6.874301957112112,0.006454982432421416,-0.006454982432421416,1.1858318852420169e-05,-1.1858318852420169e-05,3.924236210306402e-07,-3.924236210306402e-07
2019,8,E_optimal_rank_reduced,p827,abrupt,0.02025,1,,,11.912875663624826,-11.912875663624826,0.008937581712775826,-0.008937581712775826,0.00035145634973754447,-0.00035145634973754447,2.807661274569257e-07,-2.807661274569257e-07
2019,8,E_optimal_rank_reduced,p280,abrupt,0.0095008,0,1324.51495,117.41666666666667,16.26061147507443,-16.26061147507443,0.009679733782905658,-0.009679733782905658,3.524446157143757e-08,-3.524446157143757e-08,2.2753046750838002e-07,-2.2753046750838002e-07
2019,8,E_optimal_rank_reduced,p653,incipient,0.016035,0,2226.05745,45.833333333333336,6.100123109268355,-6.100123109268355,0.00795228220839767,-0.00795228220839767,1.0896890167977347e-07,-1.0896890167977347e-07,2.4448448091868085e-07,-2.4448448091868085e-07
2019,8,E_optimal_rank_reduced,p710,abrupt,0.0092936,0,2057.9638000000004,171.66666666666666,5.852536571377596,-5.852536571377596,0.00676460653602155,-0.00676460653602155,3.3286585151559578e-06,-3.3286585151559578e-06,2.5404334644178346e-07,-2.5404334644178346e-07
2019,8,E_optimal_rank_reduced,p514,abrupt,0.014979,0,1272.3589000000002,175.91666666666666,7.388844689568748,-7.388844689568748,0.006117171002991076,-0.006117171002991076,0.00042535359983730814,-0.00042535359983730814,2.0860050333531186e-07,-2.0860050333531186e-07
2019,8,E_optimal_rank_reduced,p331,abrupt,0.014053,0,773.2968000000001,148.16666666666666,9.634530047213056,-9.634530047213056,0.014186690747250735,-0.014186690747250735,6.200111439813583e-07,-6.200111439813583e-07,2.269086635502269e-07,-2.269086635502269e-07
2019,8,E_optimal_rank_reduced,p193,incipient,0.01239,0,366.2096,32.833333333333336,10.036762760152204,-10.036762760152204,0.007908601959043566,-0.007908601959043566,3.0142969295043898e-06,-3.0142969295043898e-06,3.4406101191232806e-07,-3.4406101191232806e-07
2019,8,E_optimal_rank_reduced,p277,incipient,0.012089,0,219.34995000000004,115.25,15.601531803495089,-15.601531803495089,0.012708775313860143,-0.012708775313860143,4.480079752733346e-07,-4.480079752733346e-07,1.6768152061705356e-07,-1.6768152061705356e-07
2019,8,E_optimal_rank_reduced,p142,abrupt,0.019857,0,959.9914,170.41666666666666,5.8115814679130215,-5.8115814679130215,0.007864843484893108,-0.007864843484893108,2.0231009723037374e-06,-2.0231009723037374e-06,4.4346723478223234e-07,-4.4346723478223234e-07
2019,8,E_optimal_rank_reduced,p680,abrupt,0.0097197,0,1504.1602500000004,54.166666666666664,4.044995299682047,-4.044995299682047,0.006915080018416337,-0.006915080018416337,8.061218359500799e-12,-8.061218359500799e-12,1.248077737446175e-07,-1.248077737446175e-07
2019,8,E_optimal_rank_reduced,p586,incipient,0.017184,0,1466.8528499999998,15.583333333333334,7.675134167675357,-7.675134167675357,0.007597052111777958,-0.007597052111777958,0.00024245384958532235,-0.00024245384958532235,2.3711935610953898e-07,-2.3711935610953898e-07
2019,8,E_optimal_rank_reduced,p721,incipient,0.01408,0,2033.3693499999997,51.416666666666664,6.261413580678874,-6.261413580678874,0.00683171424905893,-0.00683171424905893,1.4634495251852897e-05,-1.4634495251852897e-05,2.398821748366466e-07,-2.398821748366466e-07
2019,8,E_optimal_rank_reduced,p800,incipient,0.018847,0,529.2630500000001,40.916666666666664,5.713206684433857,-5.713206684433857,0.005098381236376975,-0.005098381236376975,2.413690676217328e-07,-2.413690676217328e-07,1.4149624582537723e-07,-1.4149624582537723e-07
2019,8,E_optimal_rank_reduced,p123,incipient,0.011906,0,1554.1594000000005,70.66666666666667,5.221383340660256,-5.221383340660256,0.007675628196504708,-0.007675628196504708,5.493038779835757e-06,-5.493038779835757e-06,2.1013394505135816e-07,-2.1013394505135816e-07
2019,8,E_optimal_rank_reduced,p455,incipient,0.012722,0,2167.5146499999996,110.66666666666667,11.806630696027696,-11.806630696027696,0.009402745204837049,-0.009402745204837049,0.00019024146296386935,-0.00019024146296386935,3.4281366097597076e-07,-3.4281366097597076e-07
2019,8,E_optimal_rank_reduced,p762,incipient,0.01519,0,2310.9487999999997,139.16666666666666,8.505595641103366,-8.505595641103366,0.007292408276888944,-0.007292408276888944,2.430853535773103e-05,-2.430853535773103e-05,3.044735654802792e-07,-3.044735654802792e-07
2019,8,E_optimal_rank_reduced,p426,abrupt,0.015008,0,691.6288000000001,101.41666666666667,5.045639343646333,-5.045639343646333,0.007981818327202518,-0.007981818327202518,4.685740275023331e-05,-4.685740275023331e-05,2.2373190622083135e-07,-2.2373190622083135e-07
2019,8,E_optimal_rank_reduced,p879,incipient,0.013195,0,1664.0226000000005,2.5833333333333335,4.768301369250003,-4.768301369250003,0.004340288875491651,-0.004340288875491651,3.415070504586559e-05,-3.415070504586559e-05,7.929888208401914e-07,-7.929888208401914e-07
2019,8,goal_oriented_oed,p257,incipient,0.011843,0,2878.9772500000017,14.583333333333334,27.113118281151092,-27.113118281151092,0.01999462117025135,-0.01999462117025135,0.0041647012754574275,-0.0041647012754574275,1.6750957377950818e-07,-1.6750957377950818e-07
2019,8,goal_oriented_oed,p427,incipient,0.0090731,0,1502.7280999999998,378.5833333333333,4.482236741503616,-4.482236741503616,0.008478736500734154,-0.008478736500734154,1.586781412565852e-05,-1.586781412565852e-05,3.2369470604040356e-07,-3.2369470604040356e-07
2019,8,goal_oriented_oed,p810,incipient,0.010028,0,289.29769999999996,574.1666666666666,9.173483697502729,-9.173483697502729,0.007830149368336294,-0.007830149368336294,1.2480774513878856e-07,-1.2480774513878856e-07,3.8582802475443397e-07,-3.8582802475443397e-07
2019,8,goal_oriented_oed,p654,incipient,0.0087735,0,981.1133499999997,773.4166666666666,6.051224740300737,-6.051224740300737,0.00864845068366415,-0.00864845068366415,5.4310836161697296e-08,-5.4310836161697296e-08,4.006109254112714e-07,-4.006109254112714e-07
2019,8,goal_oriented_oed,p523,abrupt,0.020246,1,,,7.5862149299221135,-7.5862149299221135,0.005244680526603334,-0.005244680526603334,2.5198051777364228e-06,-2.5198051777364228e-06,3.568641939578137e-07,-3.568641939578137e-07
2019,8,goal_oriented_oed,p827,abrupt,0.02025,1,,,7.57496633472487,-7.57496633472487,0.006992800803095756,-0.006992800803095756,1.7567819643460325e-08,-1.7567819643460325e-08,4.586340142395975e-07,-4.586340142395975e-07
2019,8,goal_oriented_oed,p280,abrupt,0.0095008,0,1660.2894,159.66666666666666,31.48530195434981,-31.48530195434981,0.010699093355986228,-0.010699093355986228,0.0001550693491336741,-0.0001550693491336741,2.962013617080352e-07,-2.962013617080352e-07
2019,8,goal_oriented_oed,p653,incipient,0.016035,0,1927.5790500000003,60.416666666666664,6.100123109268355,-6.100123109268355,0.008648205000679197,-0.008648205000679197,1.1155690593511736e-07,-1.1155690593511736e-07,2.0342448399346293e-07,-2.0342448399346293e-07
2019,8,goal_oriented_oed,p710,abrupt,0.0092936,0,634.55935,99.08333333333333,8.200041974011135,-8.200041974011135,0.009543116208775765,-0.009543116208775765,9.845006861297634e-06,-9.845006861297634e-06,2.802562729740073e-07,-2.802562729740073e-07
2019,8,goal_oriented_oed,p514,abrupt,0.014979,0,235.8952,56.083333333333336,6.124548301875368,-6.124548301875368,0.0053155626320591735,-0.0053155626320591735,8.159579437339026e-06,-8.159579437339026e-06,5.082930613227524e-07,-5.082930613227524e-07
2019,8,goal_oriented_oed,p331,abrupt,0.014053,0,886.77,150.75,3.8975681785626595,-3.8975681785626595,0.008242925769427473,-0.008242925769427473,1.2497508583564354e-08,-1.2497508583564354e-08,7.053902801061847e-08,-7.053902801061847e-08
2019,8,goal_oriented_oed,p193,incipient,0.01239,0,3162.7844500000006,32.833333333333336,8.393101582340917,-8.393101582340917,0.007292294274607466,-0.007292294274607466,4.8569571475809425e-08,-4.8569571475809425e-08,4.271944075487714e-07,-4.271944075487714e-07
2019,8,goal_oriented_oed,p277,incipient,0.012089,0,219.34995000000004,115.25,24.449081227629247,-24.449081227629247,0.013853790767716045,-0.013853790767716045,3.773767863490818e-05,-3.773767863490818e-05,9.817956079324765e-08,-9.817956079324765e-08
2019,8,goal_oriented_oed,p142,abrupt,0.019857,0,959.9914,170.41666666666666,5.8115814679130215,-5.8115814679130215,0.008591312390418862,-0.008591312390418862,3.726201866394163e-06,-3.726201866394163e-06,3.0854332768371815e-07,-3.0854332768371815e-07
2019,8,goal_oriented_oed,p680,abrupt,0.0097197,0,655.49005,53.416666666666664,9.494245653696941,-9.494245653696941,0.014112063760547947,-0.014112063760547947,7.470357665795291e-11,-7.470357665795291e-11,1.0128340817843315e-07,-1.0128340817843315e-07
2019,8,goal_oriented_oed,p586,incipient,0.017184,0,1284.3231000000003,16.25,5.950477763671628,-5.950477763671628,0.0067501603983431075,-0.0067501603983431075,3.14939342727083e-06,-3.14939342727083e-06,1.991407925724236e-07,-1.991407925724236e-07
2019,8,goal_oriented_oed,p721,incipient,0.01408,0,2107.3532000000005,52.0,8.076623682600616,-8.076623682600616,0.009300321570000221,-0.009300321570000221,1.5225732478585385e-05,-1.5225732478585385e-05,4.143903754199087e-07,-4.143903754199087e-07
2019,8,goal_oriented_oed,p800,incipient,0.018847,0,2353.86335,41.5,4.402949653031042,-4.402949653031042,0.004757909016002824,-0.004757909016002824,1.0824598284386866e-07,-1.0824598284386866e-07,3.5149329624358367e-07,-3.5149329624358367e-07
2019,8,goal_oriented_oed,p123,incipient,0.011906,0,738.1697,57.583333333333336,5.217218698278143,-5.217218698278143,0.008077546383844725,-0.008077546383844725,3.638842953623822e-06,-3.638842953623822e-06,7.867517100354099e-07,-7.867517100354099e-07
2019,8,goal_oriented_oed,p455,incipient,0.012722,0,1964.5978000000002,111.66666666666667,8.804919054494153,-8.804919054494153,0.005577184108087979,-0.005577184108087979,1.5654086009675439e-06,-1.5654086009675439e-06,7.536668695797346e-07,-7.536668695797346e-07
2019,8,goal_oriented_oed,p762,incipient,0.01519,0,2311.8891499999995,139.66666666666666,9.626295220292157,-9.626295220292157,0.008473343754959846,-0.008473343754959846,4.4740392268760587e-07,-4.4740392268760587e-07,4.945316138124792e-07,-4.945316138124792e-07
2019,8,goal_oriented_oed,p426,abrupt,0.015008,0,1373.3191,103.91666666666667,4.342224883961349,-4.342224883961349,0.008432219584189722,-0.008432219584189722,1.3745008643484269e-05,-1.3745008643484269e-05,2.9207314351525444e-07,-2.9207314351525444e-07
2019,8,goal_oriented_oed,p879,incipient,0.013195,0,1465.5619500000003,2.3333333333333335,4.098513215675526,-4.098513215675526,0.004017642704915163,-0.004017642704915163,5.080128604117995e-06,-5.080128604117995e-06,6.891725756426645e-07,-6.891725756426645e-07
2019,8,topological_dispersion,p257,incipient,0.011843,0,1210.92755,14.583333333333334,22.05486644072306,-22.05486644072306,0.019814080586955284,-0.019814080586955284,0.004119837387578484,-0.004119837387578484,1.731179869007867e-08,-1.731179869007867e-08
2019,8,topological_dispersion,p427,incipient,0.0090731,0,1469.3974000000003,373.25,5.04771002466793,-5.04771002466793,0.008678348316832873,-0.008678348316832873,5.4324729521493254e-05,-5.4324729521493254e-05,5.910942424800887e-11,-5.910942424800887e-11
2019,8,topological_dispersion,p810,incipient,0.010028,0,587.1328,574.1666666666666,9.74532019282626,-9.74532019282626,0.0069273643472115625,-0.0069273643472115625,5.169395972393076e-06,-5.169395972393076e-06,7.698551576006801e-10,-7.698551576006801e-10
2019,8,topological_dispersion,p654,incipient,0.0087735,0,1085.4874999999995,771.5,7.506284102664712,-7.506284102664712,0.010104065982563531,-0.010104065982563531,0.0005632884432127394,-0.0005632884432127394,6.374549219640299e-18,-6.374549219640299e-18
2019,8,topological_dispersion,p523,abrupt,0.020246,1,,,6.614870232353266,-6.614870232353266,0.005537120995495876,-0.005537120995495876,7.817300734069832e-06,-7.817300734069832e-06,4.0476479776041986e-08,-4.0476479776041986e-08
2019,8,topological_dispersion,p827,abrupt,0.02025,1,,,8.506487253655964,-8.506487253655964,0.006541388511813495,-0.006541388511813495,4.468019089598485e-06,-4.468019089598485e-06,3.187086216691887e-08,-3.187086216691887e-08
2019,8,topological_dispersion,p280,abrupt,0.0095008,0,2591.019250000001,282.0833333333333,16.26061147507443,-16.26061147507443,0.010538256008473555,-0.010538256008473555,2.981650371047806e-08,-2.981650371047806e-08,7.122916228875058e-09,-7.122916228875058e-09
2019,8,topological_dispersion,p653,incipient,0.016035,0,2226.05745,45.833333333333336,7.06431047708378,-7.06431047708378,0.009693898110826703,-0.009693898110826703,5.928493031337467e-05,-5.928493031337467e-05,4.878238955964115e-18,-4.878238955964115e-18
2019,8,topological_dispersion,p710,abrupt,0.0092936,0,2057.9638000000004,171.66666666666666,6.3619282021379595,-6.3619282021379595,0.007113038565080797,-0.007113038565080797,5.177254087418426e-05,-5.177254087418426e-05,1.5586282840741787e-11,-1.5586282840741787e-11
2019,8,topological_dispersion,p514,abrupt,0.014979,0,2501.8958000000007,188.41666666666666,5.873922007714732,-5.873922007714732,0.005699248854383267,-0.005699248854383267,1.4482360842782427e-05,-1.4482360842782427e-05,2.4069661701523163e-08,-2.4069661701523163e-08
2019,8,topological_dispersion,p331,abrupt,0.014053,0,1937.42305,123.16666666666667,9.634530047213056,-9.634530047213056,0.014700821021978842,-0.014700821021978842,5.875651798437076e-07,-5.875651798437076e-07,2.466894011385151e-18,-2.466894011385151e-18
2019,8,topological_dispersion,p193,incipient,0.01239,0,647.0334500000001,32.833333333333336,10.504970693578056,-10.504970693578056,0.006894273037138414,-0.006894273037138414,1.5909562818272605e-05,-1.5909562818272605e-05,1.7680816465136968e-08,-1.7680816465136968e-08
2019,8,topological_dispersion,p277,incipient,0.012089,0,219.34995000000004,115.25,15.601531803495089,-15.601531803495089,0.013328366776384843,-0.013328366776384843,3.622495029498296e-07,-3.622495029498296e-07,4.482902703430007e-08,-4.482902703430007e-08
2019,8,topological_dispersion,p142,abrupt,0.019857,0,1860.0354000000002,169.0,5.8062647622881975,-5.8062647622881975,0.008761999066200902,-0.008761999066200902,2.331142123490615e-05,-2.331142123490615e-05,2.0999555635056632e-08,-2.0999555635056632e-08
2019,8,topological_dispersion,p680,abrupt,0.0097197,0,1562.4786000000001,38.916666666666664,19.011957520281122,-19.011957520281122,0.007896518473283194,-0.007896518473283194,8.713084766942547e-05,-8.713084766942547e-05,1.9056381003381092e-07,-1.9056381003381092e-07
2019,8,topological_dispersion,p586,incipient,0.017184,0,1798.6328500000006,159.58333333333334,7.675134167675357,-7.675134167675357,0.007354941345795494,-0.007354941345795494,0.00013287717208054772,-0.00013287717208054772,1.8040475686651093e-10,-1.8040475686651093e-10
2019,8,topological_dispersion,p721,incipient,0.01408,0,2310.27005,171.41666666666666,6.628479179152349,-6.628479179152349,0.007086154448185055,-0.007086154448185055,1.0442095271012697e-05,-1.0442095271012697e-05,1.1021199502617685e-11,-1.1021199502617685e-11
2019,8,topological_dispersion,p800,incipient,0.018847,0,2928.0641499999997,171.25,5.479440923605903,-5.479440923605903,0.0046057219050876196,-0.0046057219050876196,9.539663895496986e-07,-9.539663895496986e-07,1.4770013329934406e-10,-1.4770013329934406e-10
2019,8,topological_dispersion,p123,incipient,0.011906,0,881.8791500000001,9.833333333333334,4.787972963105701,-4.787972963105701,0.008203925258553183,-0.008203925258553183,7.553679504557209e-06,-7.553679504557209e-06,1.1223707741485778e-10,-1.1223707741485778e-10
2019,8,topological_dispersion,p455,incipient,0.012722,0,3037.708350000001,62.75,9.355360344620724,-9.355360344620724,0.006744951034980177,-0.006744951034980177,4.8305736531362164e-05,-4.8305736531362164e-05,2.495564318328011e-11,-2.495564318328011e-11
2019,8,topological_dispersion,p762,incipient,0.01519,0,1047.9435499999997,91.83333333333333,8.380778811393368,-8.380778811393368,0.007021560542754355,-0.007021560542754355,2.333979843760492e-05,-2.333979843760492e-05,1.2039919505513548e-11,-1.2039919505513548e-11
2019,8,topological_dispersion,p426,abrupt,0.015008,0,1563.0619500000003,41.666666666666664,5.045639343646333,-5.045639343646333,0.008769931624137299,-0.008769931624137299,4.31161971369276e-05,-4.31161971369276e-05,7.106616688733917e-11,-7.106616688733917e-11
2019,8,topological_dispersion,p879,incipient,0.013195,0,303.1096,113.91666666666667,9.265597769690137,-9.265597769690137,0.005113988714945999,-0.005113988714945999,2.8756293009246647e-05,-2.8756293009246647e-05,7.167144486799527e-08,-7.167144486799527e-08
2019,8,centrality,p257,incipient,0.011843,0,2878.9772500000017,378.9166666666667,11.103362395040905,-11.103362395040905,0.01214855197854875,-0.01214855197854875,3.746181143071681e-11,-3.746181143071681e-11,9.434267603484804e-08,-9.434267603484804e-08
2019,8,centrality,p427,incipient,0.0090731,0,1016.5019500000001,598.75,5.261939316500232,-5.261939316500232,0.011166073405512433,-0.011166073405512433,9.673694878697958e-05,-9.673694878697958e-05,3.103168456831112e-07,-3.103168456831112e-07
2019,8,centrality,p810,incipient,0.010028,0,1363.9352500000002,773.4166666666666,7.864371770899421,-7.864371770899421,0.007428568961023425,-0.007428568961023425,6.100774925243968e-07,-6.100774925243968e-07,2.4475898467899103e-07,-2.4475898467899103e-07
2019,8,centrality,p654,incipient,0.0087735,0,1282.8267500000002,942.8333333333334,5.763250355524314,-5.763250355524314,0.009675978864896765,-0.009675978864896765,5.212833475987111e-08,-5.212833475987111e-08,8.869158204484451e-08,-8.869158204484451e-08
2019,8,centrality,p523,abrupt,0.020246,1,,,7.891368897416489,-7.891368897416489,0.0063861256306688655,-0.0063861256306688655,5.437190452761698e-06,-5.437190452761698e-06,8.8119644501311e-08,-8.8119644501311e-08
2019,8,centrality,p827,abrupt,0.02025,1,,,7.211170155567571,-7.211170155567571,0.00697229992921483,-0.00697229992921483,1.2377989351275431e-06,-1.2377989351275431e-06,1.311526469480491e-07,-1.311526469480491e-07
2019,8,centrality,p280,abrupt,0.0095008,0,461.82319999999993,164.16666666666666,11.128476587691672,-11.128476587691672,0.012495485444641637,-0.012495485444641637,4.404019704473683e-09,-4.404019704473683e-09,2.1918470836607754e-07,-2.1918470836607754e-07
2019,8,centrality,p653,incipient,0.016035,0,1901.42845,750.75,5.796513670426298,-5.796513670426298,0.0096579608968054,-0.0096579608968054,1.0176935738570592e-08,-1.0176935738570592e-08,3.0316833441191405e-07,-3.0316833441191405e-07
2019,8,centrality,p710,abrupt,0.0092936,0,262.01545,434.0,6.3619282021379595,-6.3619282021379595,0.009230682848408344,-0.009230682848408344,4.786407743484489e-07,-4.786407743484489e-07,3.3268021192537546e-07,-3.3268021192537546e-07
2019,8,centrality,p514,abrupt,0.014979,0,134.0874,398.4166666666667,9.047442336278134,-9.047442336278134,0.007138608380969755,-0.007138608380969755,0.0003154728242356075,-0.0003154728242356075,5.078682881484888e-08,-5.078682881484888e-08
2019,8,centrality,p331,abrupt,0.014053,0,808.2746,146.25,5.212861846227596,-5.212861846227596,0.011504808134661359,-0.011504808134661359,1.983045083697732e-08,-1.983045083697732e-08,1.8464795375638514e-07,-1.8464795375638514e-07
2019,8,centrality,p193,incipient,0.01239,0,639.39545,43.916666666666664,7.463906477392181,-7.463906477392181,0.007039103925276102,-0.007039103925276102,4.429047237852757e-07,-4.429047237852757e-07,2.5703651183773716e-07,-2.5703651183773716e-07
2019,8,centrality,p277,incipient,0.012089,0,1069.0762,141.91666666666666,11.109585380830476,-11.109585380830476,0.012059610826853182,-0.012059610826853182,3.1890912133292204e-10,-3.1890912133292204e-10,3.055378979850837e-07,-3.055378979850837e-07
2019,8,centrality,p142,abrupt,0.019857,0,470.1043499999999,14.083333333333334,5.626969388809987,-5.626969388809987,0.00970353847642347,-0.00970353847642347,3.2726052952014584e-06,-3.2726052952014584e-06,1.369010892794632e-07,-1.369010892794632e-07
2019,8,centrality,p680,abrupt,0.0097197,0,1343.7564500000003,70.16666666666667,9.494245653696941,-9.494245653696941,0.015030580318469346,-0.015030580318469346,7.96418486714856e-11,-7.96418486714856e-11,1.5133823592845847e-07,-1.5133823592845847e-07
2019,8,centrality,p586,incipient,0.017184,0,2388.20845,40.5,6.925583547948352,-6.925583547948352,0.007789360642526032,-0.007789360642526032,8.99127924802734e-06,-8.99127924802734e-06,3.7913969000805373e-07,-3.7913969000805373e-07
2019,8,centrality,p721,incipient,0.01408,0,1209.28455,56.583333333333336,6.628479179152349,-6.628479179152349,0.00909916708949061,-0.00909916708949061,5.098917527091018e-06,-5.098917527091018e-06,3.959671469554669e-07,-3.959671469554669e-07
2019,8,centrality,p800,incipient,0.018847,0,2583.96105,47.833333333333336,4.53543913765319,-4.53543913765319,0.005071682000344023,-0.005071682000344023,2.1674636307977835e-08,-2.1674636307977835e-08,4.961812393100539e-07,-4.961812393100539e-07
2019,8,centrality,p123,incipient,0.011906,0,1228.0477000000003,76.75,5.494005787732784,-5.494005787732784,0.009414969995482483,-0.009414969995482483,2.4162034957253553e-06,-2.4162034957253553e-06,3.001628912228776e-07,-3.001628912228776e-07
2019,8,centrality,p455,incipient,0.012722,0,3052.162950000001,111.58333333333333,8.718756205648662,-8.718756205648662,0.006444279787219055,-0.006444279787219055,4.2832353439603565e-05,-4.2832353439603565e-05,2.741944723006653e-07,-2.741944723006653e-07
2019,8,centrality,p762,incipient,0.01519,0,405.0343500000001,139.5,8.35451254289293,-8.35451254289293,0.008048885511820777,-0.008048885511820777,5.736148293022936e-07,-5.736148293022936e-07,1.1975549724737717e-07,-1.1975549724737717e-07
2019,8,centrality,p426,abrupt,0.015008,0,801.2606499999999,90.58333333333333,5.263230524394721,-5.263230524394721,0.011237637465423262,-0.011237637465423262,7.8794792615966e-05,-7.8794792615966e-05,3.445158450334072e-07,-3.445158450334072e-07
2019,8,centrality,p879,incipient,0.013195,0,1664.0226000000005,172.58333333333334,3.7888887829175584,-3.7888887829175584,0.003971907266663161,-0.003971907266663161,1.1528594730636499e-05,-1.1528594730636499e-05,9.361485573701169e-07,-9.361485573701169e-07
2019,10,FO,p257,incipient,0.011843,0,1598.01835,378.9166666666667,11.103362395040905,-11.103362395040905,0.012951658436440413,-0.012951658436440413,2.504652041324107e-11,-2.504652041324107e-11,1.1324311723750667e-07,-1.1324311723750667e-07
2019,10,FO,p427,incipient,0.0090731,0,1454.9428000000003,579.0,5.261939316500232,-5.261939316500232,0.011813079399512013,-0.011813079399512013,7.753536470944677e-05,-7.753536470944677e-05,6.821879218049361e-08,-6.821879218049361e-08
2019,10,FO,p810,incipient,0.010028,0,1318.2370500000004,773.4166666666666,9.034164699831047,-9.034164699831047,0.006587352128360907,-0.006587352128360907,2.2275909461466625e-06,-2.2275909461466625e-06,8.22262727752466e-08,-8.22262727752466e-08
2019,10,FO,p654,incipient,0.0087735,0,1201.5771999999995,942.8333333333334,5.781656397124142,-5.781656397124142,0.010588886639347476,-0.010588886639347476,5.0480630231497514e-08,-5.0480630231497514e-08,4.940371931815663e-09,-4.940371931815663e-09
2019,10,FO,p523,abrupt,0.020246,1,,,6.785273662803534,-6.785273662803534,0.005689866223938071,-0.005689866223938071,5.624310506213703e-08,-5.624310506213703e-08,6.97682341220411e-08,-6.97682341220411e-08
2019,10,FO,p827,abrupt,0.02025,1,,,9.31240273101837,-9.31240273101837,0.006108542992226361,-0.006108542992226361,3.8164929402340064e-06,-3.8164929402340064e-06,2.2683625960238987e-07,-2.2683625960238987e-07
2019,10,FO,p280,abrupt,0.0095008,0,1635.81055,143.08333333333334,11.128476587691672,-11.128476587691672,0.013322235166556763,-0.013322235166556763,3.7165777122538657e-09,-3.7165777122538657e-09,2.7335147507343076e-08,-2.7335147507343076e-08
2019,10,FO,p653,incipient,0.016035,0,476.27000000000004,904.75,5.811226868930534,-5.811226868930534,0.010576377271796422,-0.010576377271796422,6.80449718792886e-09,-6.80449718792886e-09,3.2362590033634975e-08,-3.2362590033634975e-08
2019,10,FO,p710,abrupt,0.0092936,0,2139.9365499999994,620.8333333333334,6.0880503174723835,-6.0880503174723835,0.008908094937407365,-0.008908094937407365,4.255453783463814e-06,-4.255453783463814e-06,9.748801211769113e-08,-9.748801211769113e-08
2019,10,FO,p514,abrupt,0.014979,0,497.64455000000004,567.5833333333334,7.388844689568748,-7.388844689568748,0.0063356657522752715,-0.0063356657522752715,2.889242968318051e-06,-2.889242968318051e-06,5.700799337749157e-08,-5.700799337749157e-08
2019,10,FO,p331,abrupt,0.014053,0,1387.74395,315.5833333333333,9.634530047213056,-9.634530047213056,0.0160801438146635,-0.0160801438146635,1.0012601606712579e-06,-1.0012601606712579e-06,8.362868875441972e-08,-8.362868875441972e-08
2019,10,FO,p193,incipient,0.01239,0,639.39545,43.916666666666664,9.379434800143278,-9.379434800143278,0.006236209733095598,-0.006236209733095598,1.7193082069155707e-08,-1.7193082069155707e-08,6.325667501294091e-08,-6.325667501294091e-08
2019,10,FO,p277,incipient,0.012089,0,1142.3989,141.91666666666666,11.109585380830476,-11.109585380830476,0.012856587261806605,-0.012856587261806605,2.3628854428636714e-10,-2.3628854428636714e-10,1.5290163944577175e-07,-1.5290163944577175e-07
2019,10,FO,p142,abrupt,0.019857,0,1019.84935,3.75,5.702067786836727,-5.702067786836727,0.01064285033553859,-0.01064285033553859,1.1147959884105774e-06,-1.1147959884105774e-06,2.6967088873330783e-08,-2.6967088873330783e-08
2019,10,FO,p680,abrupt,0.0097197,0,1562.4786000000001,44.666666666666664,9.494245653696941,-9.494245653696941,0.014295045084024328,-0.014295045084024328,8.287071029400295e-11,-8.287071029400295e-11,9.426459546686638e-09,-9.426459546686638e-09
2019,10,FO,p586,incipient,0.017184,0,598.8746500000001,159.83333333333334,6.42115521017978,-6.42115521017978,0.00803543150918658,-0.00803543150918658,2.2845006486527097e-07,-2.2845006486527097e-07,1.2978319318087106e-08,-1.2978319318087106e-08
2019,10,FO,p721,incipient,0.01408,0,1537.1008999999997,196.33333333333334,6.471781441053005,-6.471781441053005,0.008747917607329698,-0.008747917607329698,1.122284032706311e-06,-1.122284032706311e-06,1.0955784510194466e-07,-1.0955784510194466e-07
2019,10,FO,p800,incipient,0.018847,0,529.2630500000001,41.166666666666664,9.816791579023825,-9.816791579023825,0.0047920449024312734,-0.0047920449024312734,6.629213358255726e-07,-6.629213358255726e-07,2.4954876131318133e-08,-2.4954876131318133e-08
2019,10,FO,p123,incipient,0.011906,0,1332.7597500000004,78.41666666666667,6.4133844375411835,-6.4133844375411835,0.01092374008394516,-0.01092374008394516,4.032741851456301e-06,-4.032741851456301e-06,1.3338669804166428e-08,-1.3338669804166428e-08
2019,10,FO,p455,incipient,0.012722,0,3133.5329,112.91666666666667,6.610898245354088,-6.610898245354088,0.0055783992367351536,-0.0055783992367351536,2.668188694432416e-07,-2.668188694432416e-07,8.782844416802743e-08,-8.782844416802743e-08
2019,10,FO,p762,incipient,0.01519,0,729.426,141.0,8.333734521794712,-8.333734521794712,0.0071832979347556105,-0.0071832979347556105,2.592605205187226e-06,-2.592605205187226e-06,2.482367726400053e-07,-2.482367726400053e-07
2019,10,FO,p426,abrupt,0.015008,0,97.25635,119.75,5.263230524394721,-5.263230524394721,0.011924039245112022,-0.011924039245112022,6.23199114060391e-05,-6.23199114060391e-05,2.3511665106870134e-07,-2.3511665106870134e-07
2019,10,FO,p879,incipient,0.013195,0,1613.4193500000003,16.333333333333332,11.110180847220821,-11.110180847220821,0.004011322832678913,-0.004011322832678913,4.672882155787317e-05,-4.672882155787317e-05,1.0109998787824296e-08,-1.0109998787824296e-08
2019,10,D_optimal_bayesian,p257,incipient,0.011843,0,2878.9772500000017,14.583333333333334,22.05486644072306,-22.05486644072306,0.018653646157805903,-0.018653646157805903,0.004895512637862698,-0.004895512637862698,3.140211212078933e-08,-3.140211212078933e-08
2019,10,D_optimal_bayesian,p427,incipient,0.0090731,0,1483.6390999999999,378.9166666666667,5.04771002466793,-5.04771002466793,0.008232945952120669,-0.008232945952120669,8.606836689184494e-05,-8.606836689184494e-05,2.3899965801537736e-09,-2.3899965801537736e-09
2019,10,D_optimal_bayesian,p810,incipient,0.010028,0,819.72855,574.1666666666666,9.44115358585011,-9.44115358585011,0.008017123648417928,-0.008017123648417928,1.4457316820037924e-05,-1.4457316820037924e-05,1.1692803560193538e-07,-1.1692803560193538e-07
2019,10,D_optimal_bayesian,p654,incipient,0.0087735,0,1847.7817,773.4166666666666,7.506284102664712,-7.506284102664712,0.009279223802899791,-0.009279223802899791,0.0005600540850453362,-0.0005600540850453362,7.071753091542562e-08,-7.071753091542562e-08
2019,10,D_optimal_bayesian,p523,abrupt,0.020246,1,,,7.5862149299221135,-7.5862149299221135,0.005526806141746404,-0.005526806141746404,2.15479041079103e-05,-2.15479041079103e-05,1.49890107874468e-07,-1.49890107874468e-07
2019,10,D_optimal_bayesian,p827,abrupt,0.02025,1,,,8.938175374452902,-8.938175374452902,0.007686163600706415,-0.007686163600706415,1.1360857934072932e-05,-1.1360857934072932e-05,1.1144779262520455e-07,-1.1144779262520455e-07
2019,10,D_optimal_bayesian,p280,abrupt,0.0095008,0,683.7189,244.83333333333334,16.60896088940954,-16.60896088940954,0.010312950512331153,-0.010312950512331153,0.00012069455343854951,-0.00012069455343854951,1.1666469733595925e-07,-1.1666469733595925e-07
2019,10,D_optimal_bayesian,p653,incipient,0.016035,0,2226.05745,45.833333333333336,7.06431047708378,-7.06431047708378,0.00891895326952628,-0.00891895326952628,9.721197677348137e-05,-9.721197677348137e-05,6.006518842521846e-08,-6.006518842521846e-08
2019,10,D_optimal_bayesian,p710,abrupt,0.0092936,0,2057.9638000000004,171.66666666666666,6.105683746715504,-6.105683746715504,0.007627272821005484,-0.007627272821005484,4.0569731483142135e-06,-4.0569731483142135e-06,1.724119948241807e-07,-1.724119948241807e-07
2019,10,D_optimal_bayesian,p514,abrupt,0.014979,0,2501.8958000000007,152.91666666666666,6.124548301875368,-6.124548301875368,0.005352171861766579,-0.005352171861766579,5.12691710399249e-05,-5.12691710399249e-05,8.178966244240234e-08,-8.178966244240234e-08
2019,10,D_optimal_bayesian,p331,abrupt,0.014053,0,1937.42305,123.16666666666667,9.634530047213056,-9.634530047213056,0.013284852504017635,-0.013284852504017635,1.106323673560894e-06,-1.106323673560894e-06,9.401548283243684e-09,-9.401548283243684e-09
2019,10,D_optimal_bayesian,p193,incipient,0.01239,0,926.7776499999998,32.833333333333336,10.036762760152204,-10.036762760152204,0.007949417017906761,-0.007949417017906761,2.4263391350975994e-05,-2.4263391350975994e-05,2.170714179520621e-07,-2.170714179520621e-07
2019,10,D_optimal_bayesian,p277,incipient,0.012089,0,2426.38705,103.66666666666667,15.601531803495089,-15.601531803495089,0.013552396791092576,-0.013552396791092576,1.2013800088306326e-05,-1.2013800088306326e-05,5.281262776453333e-09,-5.281262776453333e-09
2019,10,D_optimal_bayesian,p142,abrupt,0.019857,0,959.9914,169.0,5.8062647622881975,-5.8062647622881975,0.008113190619412779,-0.008113190619412779,2.4792270607143507e-05,-2.4792270607143507e-05,2.3586128338784725e-08,-2.3586128338784725e-08
2019,10,D_optimal_bayesian,p680,abrupt,0.0097197,0,1712.6354500000002,21.75,9.494245653696941,-9.494245653696941,0.012564034137485318,-0.012564034137485318,7.393452516879506e-11,-7.393452516879506e-11,9.300065306115387e-09,-9.300065306115387e-09
2019,10,D_optimal_bayesian,p586,incipient,0.017184,0,1798.6328500000006,159.5,7.675134167675357,-7.675134167675357,0.006810977812231517,-0.006810977812231517,0.00025625931451145334,-0.00025625931451145334,4.59543258924692e-08,-4.59543258924692e-08
2019,10,D_optimal_bayesian,p721,incipient,0.01408,0,2310.27005,171.41666666666666,6.606119979507082,-6.606119979507082,0.007682820734192017,-0.007682820734192017,1.578982043826116e-05,-1.578982043826116e-05,6.993168095471079e-08,-6.993168095471079e-08
2019,10,D_optimal_bayesian,p800,incipient,0.018847,0,2928.0641499999997,167.33333333333334,18.975905871165327,-18.975905871165327,0.00828358738791139,-0.00828358738791139,7.48936991312732e-07,-7.48936991312732e-07,7.048313548840433e-08,-7.048313548840433e-08
2019,10,D_optimal_bayesian,p123,incipient,0.011906,0,1081.3179500000003,169.08333333333334,4.78423997097811,-4.78423997097811,0.007476853494092322,-0.007476853494092322,4.802603370546166e-06,-4.802603370546166e-06,8.949138479664288e-08,-8.949138479664288e-08
2019,10,D_optimal_bayesian,p455,incipient,0.012722,0,1848.82415,39.333333333333336,9.355360344620724,-9.355360344620724,0.006776195052801271,-0.006776195052801271,0.0003182068593612364,-0.0003182068593612364,1.41795995821801e-07,-1.41795995821801e-07
2019,10,D_optimal_bayesian,p762,incipient,0.01519,0,2219.43715,67.5,9.626295220292157,-9.626295220292157,0.00806911952638441,-0.00806911952638441,6.444919380266256e-05,-6.444919380266256e-05,2.577487071643743e-07,-2.577487071643743e-07
2019,10,D_optimal_bayesian,p426,abrupt,0.015008,0,374.91524999999996,16.666666666666668,5.045639343646333,-5.045639343646333,0.008269300501866967,-0.008269300501866967,7.03023668480185e-05,-7.03023668480185e-05,5.1329180039385095e-09,-5.1329180039385095e-09
2019,10,D_optimal_bayesian,p879,incipient,0.013195,0,3051.8586,90.83333333333333,6.242604254021873,-6.242604254021873,0.004598506932580805,-0.004598506932580805,0.00019596500785934445,-0.00019596500785934445,9.410718841758161e-08,-9.410718841758161e-08
2019,10,A_optimal_bayesian,p257,incipient,0.011843,0,2878.9772500000017,14.583333333333334,27.113118281151092,-27.113118281151092,0.019037152223063018,-0.019037152223063018,0.0050868124668589365,-0.0050868124668589365,1.4179712472784947e-08,-1.4179712472784947e-08
2019,10,A_optimal_bayesian,p427,incipient,0.0090731,0,1483.6390999999999,378.9166666666667,5.04771002466793,-5.04771002466793,0.007942021374910183,-0.007942021374910183,8.468119639282179e-05,-8.468119639282179e-05,9.402289781297356e-09,-9.402289781297356e-09
2019,10,A_optimal_bayesian,p810,incipient,0.010028,0,759.4045,574.1666666666666,9.44115358585011,-9.44115358585011,0.006568204769146251,-0.006568204769146251,1.3203614785739504e-05,-1.3203614785739504e-05,1.1500473375462954e-07,-1.1500473375462954e-07
2019,10,A_optimal_bayesian,p654,incipient,0.0087735,0,981.1133499999997,773.4166666666666,7.506284102664712,-7.506284102664712,0.009097659113934497,-0.009097659113934497,0.0005570160991694717,-0.0005570160991694717,2.659852927232043e-08,-2.659852927232043e-08
2019,10,A_optimal_bayesian,p523,abrupt,0.020246,1,,,7.5862149299221135,-7.5862149299221135,0.005447873150549261,-0.005447873150549261,2.2175028774995553e-05,-2.2175028774995553e-05,1.836634932500312e-07,-1.836634932500312e-07
2019,10,A_optimal_bayesian,p827,abrupt,0.02025,1,,,8.938175374452902,-8.938175374452902,0.006531572055398391,-0.006531572055398391,9.940860582480227e-06,-9.940860582480227e-06,6.80658271315657e-08,-6.80658271315657e-08
2019,10,A_optimal_bayesian,p280,abrupt,0.0095008,0,740.50355,244.83333333333334,31.48530195434981,-31.48530195434981,0.010881828820388026,-0.010881828820388026,0.00022851330591866503,-0.00022851330591866503,3.0513104808776333e-07,-3.0513104808776333e-07
2019,10,A_optimal_bayesian,p653,incipient,0.016035,0,2121.2651,45.833333333333336,7.06431047708378,-7.06431047708378,0.008730975959207958,-0.008730975959207958,9.239482926359788e-05,-9.239482926359788e-05,1.2925958176191624e-07,-1.2925958176191624e-07
2019,10,A_optimal_bayesian,p710,abrupt,0.0092936,0,2108.2984500000007,171.66666666666666,5.815003942020663,-5.815003942020663,0.0068568210129037925,-0.0068568210129037925,5.0179086644730475e-06,-5.0179086644730475e-06,1.1417052553079503e-07,-1.1417052553079503e-07
2019,10,A_optimal_bayesian,p514,abrupt,0.014979,0,2501.8958000000007,152.91666666666666,6.124548301875368,-6.124548301875368,0.005251225125680213,-0.005251225125680213,5.313016451269359e-05,-5.313016451269359e-05,2.0180322397570187e-07,-2.0180322397570187e-07
2019,10,A_optimal_bayesian,p331,abrupt,0.014053,0,1937.42305,123.16666666666667,9.634530047213056,-9.634530047213056,0.013125051600511075,-0.013125051600511075,9.793992470363833e-07,-9.793992470363833e-07,8.775579559650154e-08,-8.775579559650154e-08
2019,10,A_optimal_bayesian,p193,incipient,0.01239,0,639.39545,32.833333333333336,10.036762760152204,-10.036762760152204,0.006710580445808689,-0.006710580445808689,3.390842395811777e-05,-3.390842395811777e-05,2.2045289022017477e-07,-2.2045289022017477e-07
2019,10,A_optimal_bayesian,p277,incipient,0.012089,0,1125.8030999999999,159.58333333333334,24.449081227629247,-24.449081227629247,0.014278942327337323,-0.014278942327337323,3.994565622855717e-05,-3.994565622855717e-05,2.584505413472413e-08,-2.584505413472413e-08
2019,10,A_optimal_bayesian,p142,abrupt,0.019857,0,304.03395,20.333333333333332,5.8062647622881975,-5.8062647622881975,0.007903417467867036,-0.007903417467867036,2.4765258191838946e-05,-2.4765258191838946e-05,1.3339915225541012e-07,-1.3339915225541012e-07
2019,10,A_optimal_bayesian,p680,abrupt,0.0097197,0,1076.83855,53.416666666666664,9.494245653696941,-9.494245653696941,0.012315777949859816,-0.012315777949859816,6.749334424682729e-11,-6.749334424682729e-11,5.405321260307863e-08,-5.405321260307863e-08
2019,10,A_optimal_bayesian,p586,incipient,0.017184,0,1319.5215500000002,15.583333333333334,7.675134167675357,-7.675134167675357,0.006677725720581111,-0.006677725720581111,0.0002608943128911134,-0.0002608943128911134,1.6223963474066485e-08,-1.6223963474066485e-08
2019,10,A_optimal_bayesian,p721,incipient,0.01408,0,558.57195,27.75,6.125892402386274,-6.125892402386274,0.006828727968310236,-0.006828727968310236,1.1502909023741736e-05,-1.1502909023741736e-05,1.6769675240724296e-07,-1.6769675240724296e-07
2019,10,A_optimal_bayesian,p800,incipient,0.018847,0,2448.95285,17.083333333333332,18.975905871165327,-18.975905871165327,0.007880335567578894,-0.007880335567578894,6.329219048861745e-07,-6.329219048861745e-07,1.1009395807099884e-07,-1.1009395807099884e-07
2019,10,A_optimal_bayesian,p123,incipient,0.011906,0,2009.1045000000004,31.416666666666668,4.78423997097811,-4.78423997097811,0.007270059080333737,-0.007270059080333737,4.982350238602606e-06,-4.982350238602606e-06,8.701735179363436e-08,-8.701735179363436e-08
2019,10,A_optimal_bayesian,p455,incipient,0.012722,0,3037.708350000001,67.66666666666667,9.355360344620724,-9.355360344620724,0.00671434248701015,-0.00671434248701015,0.00031130727201356123,-0.00031130727201356123,2.0942548225320918e-07,-2.0942548225320918e-07
2019,10,A_optimal_bayesian,p762,incipient,0.01519,0,1062.39815,113.58333333333333,8.360221503336952,-8.360221503336952,0.006491095606066539,-0.006491095606066539,1.2727207607809987e-05,-1.2727207607809987e-05,9.330600225209611e-08,-9.330600225209611e-08
2019,10,A_optimal_bayesian,p426,abrupt,0.015008,0,1518.8321500000002,73.58333333333333,5.045639343646333,-5.045639343646333,0.007985294038954767,-0.007985294038954767,6.892859451879119e-05,-6.892859451879119e-05,1.0074320798233473e-08,-1.0074320798233473e-08
2019,10,A_optimal_bayesian,p879,incipient,0.013195,0,1418.2859500000002,138.66666666666666,6.242604254021873,-6.242604254021873,0.003964429291309557,-0.003964429291309557,4.015761921349892e-05,-4.015761921349892e-05,7.067014680496798e-08,-7.067014680496798e-08
2019,10,E_optimal_observable_subspace,p257,incipient,0.011843,0,2878.9772500000017,14.583333333333334,27.113118281151092,-27.113118281151092,0.019037152223063018,-0.019037152223063018,0.0050868124668589365,-0.0050868124668589365,1.4179712472784947e-08,-1.4179712472784947e-08
2019,10,E_optimal_observable_subspace,p427,incipient,0.0090731,0,1483.6390999999999,378.9166666666667,5.04771002466793,-5.04771002466793,0.007942021374910183,-0.007942021374910183,8.468119639282179e-05,-8.468119639282179e-05,9.402289781297356e-09,-9.402289781297356e-09
2019,10,E_optimal_observable_subspace,p810,incipient,0.010028,0,759.4045,574.1666666666666,9.44115358585011,-9.44115358585011,0.006568204769146251,-0.006568204769146251,1.3203614785739504e-05,-1.3203614785739504e-05,1.1500473375462954e-07,-1.1500473375462954e-07
2019,10,E_optimal_observable_subspace,p654,incipient,0.0087735,0,981.1133499999997,773.4166666666666,7.506284102664712,-7.506284102664712,0.009097659113934497,-0.009097659113934497,0.0005570160991694717,-0.0005570160991694717,2.659852927232043e-08,-2.659852927232043e-08
2019,10,E_optimal_observable_subspace,p523,abrupt,0.020246,1,,,7.5862149299221135,-7.5862149299221135,0.005447873150549261,-0.005447873150549261,2.2175028774995553e-05,-2.2175028774995553e-05,1.836634932500312e-07,-1.836634932500312e-07
2019,10,E_optimal_observable_subspace,p827,abrupt,0.02025,1,,,8.938175374452902,-8.938175374452902,0.006531572055398391,-0.006531572055398391,9.940860582480227e-06,-9.940860582480227e-06,6.80658271315657e-08,-6.80658271315657e-08
2019,10,E_optimal_observable_subspace,p280,abrupt,0.0095008,0,740.50355,244.83333333333334,31.48530195434981,-31.48530195434981,0.010881828820388026,-0.010881828820388026,0.00022851330591866503,-0.00022851330591866503,3.0513104808776333e-07,-3.0513104808776333e-07
2019,10,E_optimal_observable_subspace,p653,incipient,0.016035,0,2121.2651,45.833333333333336,7.06431047708378,-7.06431047708378,0.008730975959207958,-0.008730975959207958,9.239482926359788e-05,-9.239482926359788e-05,1.2925958176191624e-07,-1.2925958176191624e-07
2019,10,E_optimal_observable_subspace,p710,abrupt,0.0092936,0,2108.2984500000007,171.66666666666666,5.815003942020663,-5.815003942020663,0.0068568210129037925,-0.0068568210129037925,5.0179086644730475e-06,-5.0179086644730475e-06,1.1417052553079503e-07,-1.1417052553079503e-07
2019,10,E_optimal_observable_subspace,p514,abrupt,0.014979,0,2501.8958000000007,152.91666666666666,6.124548301875368,-6.124548301875368,0.005251225125680213,-0.005251225125680213,5.313016451269359e-05,-5.313016451269359e-05,2.0180322397570187e-07,-2.0180322397570187e-07
2019,10,E_optimal_observable_subspace,p331,abrupt,0.014053,0,1937.42305,123.16666666666667,9.634530047213056,-9.634530047213056,0.013125051600511075,-0.013125051600511075,9.793992470363833e-07,-9.793992470363833e-07,8.775579559650154e-08,-8.775579559650154e-08
2019,10,E_optimal_observable_subspace,p193,incipient,0.01239,0,639.39545,32.833333333333336,10.036762760152204,-10.036762760152204,0.006710580445808689,-0.006710580445808689,3.390842395811777e-05,-3.390842395811777e-05,2.2045289022017477e-07,-2.2045289022017477e-07
2019,10,E_optimal_observable_subspace,p277,incipient,0.012089,0,1125.8030999999999,159.58333333333334,24.449081227629247,-24.449081227629247,0.014278942327337323,-0.014278942327337323,3.994565622855717e-05,-3.994565622855717e-05,2.584505413472413e-08,-2.584505413472413e-08
2019,10,E_optimal_observable_subspace,p142,abrupt,0.019857,0,304.03395,20.333333333333332,5.8062647622881975,-5.8062647622881975,0.007903417467867036,-0.007903417467867036,2.4765258191838946e-05,-2.4765258191838946e-05,1.3339915225541012e-07,-1.3339915225541012e-07
2019,10,E_optimal_observable_subspace,p680,abrupt,0.0097197,0,1076.83855,53.416666666666664,9.494245653696941,-9.494245653696941,0.012315777949859816,-0.012315777949859816,6.749334424682729e-11,-6.749334424682729e-11,5.405321260307863e-08,-5.405321260307863e-08
2019,10,E_optimal_observable_subspace,p586,incipient,0.017184,0,1319.5215500000002,15.583333333333334,7.675134167675357,-7.675134167675357,0.006677725720581111,-0.006677725720581111,0.0002608943128911134,-0.0002608943128911134,1.6223963474066485e-08,-1.6223963474066485e-08
2019,10,E_optimal_observable_subspace,p721,incipient,0.01408,0,558.57195,27.75,6.125892402386274,-6.125892402386274,0.006828727968310236,-0.006828727968310236,1.1502909023741736e-05,-1.1502909023741736e-05,1.6769675240724296e-07,-1.6769675240724296e-07
2019,10,E_optimal_observable_subspace,p800,incipient,0.018847,0,2448.95285,17.083333333333332,18.975905871165327,-18.975905871165327,0.007880335567578894,-0.007880335567578894,6.329219048861745e-07,-6.329219048861745e-07,1.1009395807099884e-07,-1.1009395807099884e-07
2019,10,E_optimal_observable_subspace,p123,incipient,0.011906,0,2009.1045000000004,31.416666666666668,4.78423997097811,-4.78423997097811,0.007270059080333737,-0.007270059080333737,4.982350238602606e-06,-4.982350238602606e-06,8.701735179363436e-08,-8.701735179363436e-08
2019,10,E_optimal_observable_subspace,p455,incipient,0.012722,0,3037.708350000001,67.66666666666667,9.355360344620724,-9.355360344620724,0.00671434248701015,-0.00671434248701015,0.00031130727201356123,-0.00031130727201356123,2.0942548225320918e-07,-2.0942548225320918e-07
2019,10,E_optimal_observable_subspace,p762,incipient,0.01519,0,1062.39815,113.58333333333333,8.360221503336952,-8.360221503336952,0.006491095606066539,-0.006491095606066539,1.2727207607809987e-05,-1.2727207607809987e-05,9.330600225209611e-08,-9.330600225209611e-08
2019,10,E_optimal_observable_subspace,p426,abrupt,0.015008,0,1518.8321500000002,73.58333333333333,5.045639343646333,-5.045639343646333,0.007985294038954767,-0.007985294038954767,6.892859451879119e-05,-6.892859451879119e-05,1.0074320798233473e-08,-1.0074320798233473e-08
2019,10,E_optimal_observable_subspace,p879,incipient,0.013195,0,1418.2859500000002,138.66666666666666,6.242604254021873,-6.242604254021873,0.003964429291309557,-0.003964429291309557,4.015761921349892e-05,-4.015761921349892e-05,7.067014680496798e-08,-7.067014680496798e-08
2019,10,bayesian_information_gain,p257,incipient,0.011843,0,2878.9772500000017,14.583333333333334,22.05486644072306,-22.05486644072306,0.018653646157805903,-0.018653646157805903,0.004895512637862698,-0.004895512637862698,3.140211212078933e-08,-3.140211212078933e-08
2019,10,bayesian_information_gain,p427,incipient,0.0090731,0,1483.6390999999999,378.9166666666667,5.04771002466793,-5.04771002466793,0.008232945952120669,-0.008232945952120669,8.606836689184494e-05,-8.606836689184494e-05,2.3899965801537736e-09,-2.3899965801537736e-09
2019,10,bayesian_information_gain,p810,incipient,0.010028,0,819.72855,574.1666666666666,9.44115358585011,-9.44115358585011,0.008017123648417928,-0.008017123648417928,1.4457316820037924e-05,-1.4457316820037924e-05,1.1692803560193538e-07,-1.1692803560193538e-07
2019,10,bayesian_information_gain,p654,incipient,0.0087735,0,1847.7817,773.4166666666666,7.506284102664712,-7.506284102664712,0.009279223802899791,-0.009279223802899791,0.0005600540850453362,-0.0005600540850453362,7.071753091542562e-08,-7.071753091542562e-08
2019,10,bayesian_information_gain,p523,abrupt,0.020246,1,,,7.5862149299221135,-7.5862149299221135,0.005526806141746404,-0.005526806141746404,2.15479041079103e-05,-2.15479041079103e-05,1.49890107874468e-07,-1.49890107874468e-07
2019,10,bayesian_information_gain,p827,abrupt,0.02025,1,,,8.938175374452902,-8.938175374452902,0.007686163600706415,-0.007686163600706415,1.1360857934072932e-05,-1.1360857934072932e-05,1.1144779262520455e-07,-1.1144779262520455e-07
2019,10,bayesian_information_gain,p280,abrupt,0.0095008,0,683.7189,244.83333333333334,16.60896088940954,-16.60896088940954,0.010312950512331153,-0.010312950512331153,0.00012069455343854951,-0.00012069455343854951,1.1666469733595925e-07,-1.1666469733595925e-07
2019,10,bayesian_information_gain,p653,incipient,0.016035,0,2226.05745,45.833333333333336,7.06431047708378,-7.06431047708378,0.00891895326952628,-0.00891895326952628,9.721197677348137e-05,-9.721197677348137e-05,6.006518842521846e-08,-6.006518842521846e-08
2019,10,bayesian_information_gain,p710,abrupt,0.0092936,0,2057.9638000000004,171.66666666666666,6.105683746715504,-6.105683746715504,0.007627272821005484,-0.007627272821005484,4.0569731483142135e-06,-4.0569731483142135e-06,1.724119948241807e-07,-1.724119948241807e-07
2019,10,bayesian_information_gain,p514,abrupt,0.014979,0,2501.8958000000007,152.91666666666666,6.124548301875368,-6.124548301875368,0.005352171861766579,-0.005352171861766579,5.12691710399249e-05,-5.12691710399249e-05,8.178966244240234e-08,-8.178966244240234e-08
2019,10,bayesian_information_gain,p331,abrupt,0.014053,0,1937.42305,123.16666666666667,9.634530047213056,-9.634530047213056,0.013284852504017635,-0.013284852504017635,1.106323673560894e-06,-1.106323673560894e-06,9.401548283243684e-09,-9.401548283243684e-09
2019,10,bayesian_information_gain,p193,incipient,0.01239,0,926.7776499999998,32.833333333333336,10.036762760152204,-10.036762760152204,0.007949417017906761,-0.007949417017906761,2.4263391350975994e-05,-2.4263391350975994e-05,2.170714179520621e-07,-2.170714179520621e-07
2019,10,bayesian_information_gain,p277,incipient,0.012089,0,2426.38705,103.66666666666667,15.601531803495089,-15.601531803495089,0.013552396791092576,-0.013552396791092576,1.2013800088306326e-05,-1.2013800088306326e-05,5.281262776453333e-09,-5.281262776453333e-09
2019,10,bayesian_information_gain,p142,abrupt,0.019857,0,959.9914,169.0,5.8062647622881975,-5.8062647622881975,0.008113190619412779,-0.008113190619412779,2.4792270607143507e-05,-2.4792270607143507e-05,2.3586128338784725e-08,-2.3586128338784725e-08
2019,10,bayesian_information_gain,p680,abrupt,0.0097197,0,1712.6354500000002,21.75,9.494245653696941,-9.494245653696941,0.012564034137485318,-0.012564034137485318,7.393452516879506e-11,-7.393452516879506e-11,9.300065306115387e-09,-9.300065306115387e-09
2019,10,bayesian_information_gain,p586,incipient,0.017184,0,1798.6328500000006,159.5,7.675134167675357,-7.675134167675357,0.006810977812231517,-0.006810977812231517,0.00025625931451145334,-0.00025625931451145334,4.59543258924692e-08,-4.59543258924692e-08
2019,10,bayesian_information_gain,p721,incipient,0.01408,0,2310.27005,171.41666666666666,6.606119979507082,-6.606119979507082,0.007682820734192017,-0.007682820734192017,1.578982043826116e-05,-1.578982043826116e-05,6.993168095471079e-08,-6.993168095471079e-08
2019,10,bayesian_information_gain,p800,incipient,0.018847,0,2928.0641499999997,167.33333333333334,18.975905871165327,-18.975905871165327,0.00828358738791139,-0.00828358738791139,7.48936991312732e-07,-7.48936991312732e-07,7.048313548840433e-08,-7.048313548840433e-08
2019,10,bayesian_information_gain,p123,incipient,0.011906,0,1081.3179500000003,169.08333333333334,4.78423997097811,-4.78423997097811,0.007476853494092322,-0.007476853494092322,4.802603370546166e-06,-4.802603370546166e-06,8.949138479664288e-08,-8.949138479664288e-08
2019,10,bayesian_information_gain,p455,incipient,0.012722,0,1848.82415,39.333333333333336,9.355360344620724,-9.355360344620724,0.006776195052801271,-0.006776195052801271,0.0003182068593612364,-0.0003182068593612364,1.41795995821801e-07,-1.41795995821801e-07
2019,10,bayesian_information_gain,p762,incipient,0.01519,0,2219.43715,67.5,9.626295220292157,-9.626295220292157,0.00806911952638441,-0.00806911952638441,6.444919380266256e-05,-6.444919380266256e-05,2.577487071643743e-07,-2.577487071643743e-07
2019,10,bayesian_information_gain,p426,abrupt,0.015008,0,374.91524999999996,16.666666666666668,5.045639343646333,-5.045639343646333,0.008269300501866967,-0.008269300501866967,7.03023668480185e-05,-7.03023668480185e-05,5.1329180039385095e-09,-5.1329180039385095e-09
2019,10,bayesian_information_gain,p879,incipient,0.013195,0,3051.8586,90.83333333333333,6.242604254021873,-6.242604254021873,0.004598506932580805,-0.004598506932580805,0.00019596500785934445,-0.00019596500785934445,9.410718841758161e-08,-9.410718841758161e-08
2019,10,D_optimal_rank_reduced,p257,incipient,0.011843,0,2878.9772500000017,14.583333333333334,22.05486644072306,-22.05486644072306,0.019024742137210712,-0.019024742137210712,0.005197907552549452,-0.005197907552549452,7.762532370232375e-08,-7.762532370232375e-08
2019,10,D_optimal_rank_reduced,p427,incipient,0.0090731,0,1651.7372000000003,397.5833333333333,5.04771002466793,-5.04771002466793,0.008260326411977619,-0.008260326411977619,7.1268590666973e-05,-7.1268590666973e-05,5.47791090960619e-08,-5.47791090960619e-08
2019,10,D_optimal_rank_reduced,p810,incipient,0.010028,0,2195.63305,571.75,9.44115358585011,-9.44115358585011,0.008854962930576667,-0.008854962930576667,1.2865962524477581e-05,-1.2865962524477581e-05,1.3030395320620127e-07,-1.3030395320620127e-07
2019,10,D_optimal_rank_reduced,p654,incipient,0.0087735,0,1604.0649500000002,741.75,5.072602020008464,-5.072602020008464,0.006949249112968856,-0.006949249112968856,2.600418580467334e-08,-2.600418580467334e-08,8.684635997970625e-08,-8.684635997970625e-08
2019,10,D_optimal_rank_reduced,p523,abrupt,0.020246,1,,,6.874301957112112,-6.874301957112112,0.00551944054924712,-0.00551944054924712,5.8564553561124555e-06,-5.8564553561124555e-06,4.292301695667874e-08,-4.292301695667874e-08
2019,10,D_optimal_rank_reduced,p827,abrupt,0.02025,1,,,11.912875663624826,-11.912875663624826,0.009760310847731666,-0.009760310847731666,0.0006707845196609608,-0.0006707845196609608,8.925069098235206e-08,-8.925069098235206e-08
2019,10,D_optimal_rank_reduced,p280,abrupt,0.0095008,0,2605.473850000001,117.41666666666667,16.60896088940954,-16.60896088940954,0.01101536096886656,-0.01101536096886656,0.00010679238752575593,-0.00010679238752575593,5.6902967816885426e-08,-5.6902967816885426e-08
2019,10,D_optimal_rank_reduced,p653,incipient,0.016035,0,2226.05745,45.833333333333336,5.102909129982226,-5.102909129982226,0.006942744862029431,-0.006942744862029431,1.277989281067704e-08,-1.277989281067704e-08,2.7589274699162443e-08,-2.7589274699162443e-08
2019,10,D_optimal_rank_reduced,p710,abrupt,0.0092936,0,2108.2984500000007,171.66666666666666,6.105683746715504,-6.105683746715504,0.007449907712399957,-0.007449907712399957,4.203988168804962e-06,-4.203988168804962e-06,1.426875122795878e-07,-1.426875122795878e-07
2019,10,D_optimal_rank_reduced,p514,abrupt,0.014979,0,1400.4199,175.91666666666666,5.873922007714732,-5.873922007714732,0.0051670784094811194,-0.0051670784094811194,2.1090938369439094e-05,-2.1090938369439094e-05,8.924719720035927e-08,-8.924719720035927e-08
2019,10,D_optimal_rank_reduced,p331,abrupt,0.014053,0,1263.3500500000002,154.08333333333334,9.634530047213056,-9.634530047213056,0.013557380548900697,-0.013557380548900697,6.983761481338391e-07,-6.983761481338391e-07,9.443035266011731e-08,-9.443035266011731e-08
2019,10,D_optimal_rank_reduced,p193,incipient,0.01239,0,615.9215,32.833333333333336,10.036762760152204,-10.036762760152204,0.008899356906059468,-0.008899356906059468,1.9201901541254784e-05,-1.9201901541254784e-05,2.4916305122478094e-07,-2.4916305122478094e-07
2019,10,D_optimal_rank_reduced,p277,incipient,0.012089,0,219.34995000000004,115.25,15.601531803495089,-15.601531803495089,0.014063218154288615,-0.014063218154288615,1.0761962861649543e-05,-1.0761962861649543e-05,6.20914386840788e-09,-6.20914386840788e-09
2019,10,D_optimal_rank_reduced,p142,abrupt,0.019857,0,1192.3440000000003,191.0,4.946524442517614,-4.946524442517614,0.0069688636829744995,-0.0069688636829744995,2.2727335080574562e-06,-2.2727335080574562e-06,3.866799559209677e-08,-3.866799559209677e-08
2019,10,D_optimal_rank_reduced,p680,abrupt,0.0097197,0,1562.4786000000001,44.5,4.251437263824732,-4.251437263824732,0.007186733017646785,-0.007186733017646785,1.2298939644495022e-11,-1.2298939644495022e-11,3.6837801039229816e-08,-3.6837801039229816e-08
2019,10,D_optimal_rank_reduced,p586,incipient,0.017184,0,1798.6328500000006,159.5,7.675134167675357,-7.675134167675357,0.006479302548766034,-0.006479302548766034,0.000201959374074967,-0.000201959374074967,8.729370552568714e-08,-8.729370552568714e-08
2019,10,D_optimal_rank_reduced,p721,incipient,0.01408,0,2310.27005,171.41666666666666,6.606119979507082,-6.606119979507082,0.007595902758784742,-0.007595902758784742,1.482863257762368e-05,-1.482863257762368e-05,1.254937157989622e-07,-1.254937157989622e-07
2019,10,D_optimal_rank_reduced,p800,incipient,0.018847,0,2928.0641499999997,167.33333333333334,9.23323272012536,-9.23323272012536,0.006422710547075358,-0.006422710547075358,6.057347283761061e-07,-6.057347283761061e-07,1.1253922991006382e-07,-1.1253922991006382e-07
2019,10,D_optimal_rank_reduced,p123,incipient,0.011906,0,1138.1924000000004,165.66666666666666,4.78423997097811,-4.78423997097811,0.0069266828078096004,-0.0069266828078096004,3.4049921719958576e-06,-3.4049921719958576e-06,1.3184652280715725e-07,-1.3184652280715725e-07
2019,10,D_optimal_rank_reduced,p455,incipient,0.012722,0,1848.82415,31.416666666666668,11.806630696027696,-11.806630696027696,0.008238262962228434,-0.008238262962228434,0.00015268768561926827,-0.00015268768561926827,1.0815689685319073e-07,-1.0815689685319073e-07
2019,10,D_optimal_rank_reduced,p762,incipient,0.01519,0,2197.9349500000003,67.5,9.626295220292157,-9.626295220292157,0.008668666580428223,-0.008668666580428223,4.278406509705679e-05,-4.278406509705679e-05,1.3128122941248793e-07,-1.3128122941248793e-07
2019,10,D_optimal_rank_reduced,p426,abrupt,0.015008,0,603.6552499999999,16.5,5.045639343646333,-5.045639343646333,0.008363320275411429,-0.008363320275411429,5.625054573543675e-05,-5.625054573543675e-05,1.5342439033776717e-07,-1.5342439033776717e-07
2019,10,D_optimal_rank_reduced,p879,incipient,0.013195,0,3051.8586,90.83333333333333,6.003504732487906,-6.003504732487906,0.005142265023290459,-0.005142265023290459,0.0005409012673061042,-0.0005409012673061042,3.009552543890755e-07,-3.009552543890755e-07
2019,10,A_optimal_rank_reduced,p257,incipient,0.011843,0,2878.9772500000017,14.583333333333334,22.05486644072306,-22.05486644072306,0.01903192018750752,-0.01903192018750752,0.0052030149023011285,-0.0052030149023011285,4.399653477029932e-08,-4.399653477029932e-08
2019,10,A_optimal_rank_reduced,p427,incipient,0.0090731,0,1502.7280999999998,378.5833333333333,5.04771002466793,-5.04771002466793,0.008895163289002769,-0.008895163289002769,7.803108892368016e-05,-7.803108892368016e-05,5.708473806199746e-09,-5.708473806199746e-09
2019,10,A_optimal_rank_reduced,p810,incipient,0.010028,0,2960.0747499999993,574.1666666666666,9.44115358585011,-9.44115358585011,0.007198380075392264,-0.007198380075392264,1.5121370773751863e-05,-1.5121370773751863e-05,1.4911173578625215e-07,-1.4911173578625215e-07
2019,10,A_optimal_rank_reduced,p654,incipient,0.0087735,0,1915.8736999999999,773.4166666666666,6.051224740300737,-6.051224740300737,0.008644714040253479,-0.008644714040253479,3.872484477529525e-08,-3.872484477529525e-08,1.728708931382679e-07,-1.728708931382679e-07
2019,10,A_optimal_rank_reduced,p523,abrupt,0.020246,1,,,6.874301957112112,-6.874301957112112,0.006282035710994924,-0.006282035710994924,5.3906864938557675e-06,-5.3906864938557675e-06,2.5834344702485436e-07,-2.5834344702485436e-07
2019,10,A_optimal_rank_reduced,p827,abrupt,0.02025,1,,,8.938175374452902,-8.938175374452902,0.006842902384761158,-0.006842902384761158,1.0755762878567054e-05,-1.0755762878567054e-05,1.4179376694556308e-07,-1.4179376694556308e-07
2019,10,A_optimal_rank_reduced,p280,abrupt,0.0095008,0,421.8130500000001,146.66666666666666,16.60896088940954,-16.60896088940954,0.011018442063748897,-0.011018442063748897,0.00011013887153776825,-0.00011013887153776825,1.0321601578691999e-07,-1.0321601578691999e-07
2019,10,A_optimal_rank_reduced,p653,incipient,0.016035,0,1907.36695,122.83333333333333,6.100123109268355,-6.100123109268355,0.008652746110652528,-0.008652746110652528,9.657216082370468e-08,-9.657216082370468e-08,3.3271926901040414e-08,-3.3271926901040414e-08
2019,10,A_optimal_rank_reduced,p710,abrupt,0.0092936,0,2057.9638000000004,171.66666666666666,8.200041974011135,-8.200041974011135,0.008789191456809906,-0.008789191456809906,1.158174263027334e-05,-1.158174263027334e-05,6.060315004990888e-09,-6.060315004990888e-09
2019,10,A_optimal_rank_reduced,p514,abrupt,0.014979,0,1400.4199,175.91666666666666,5.873922007714732,-5.873922007714732,0.006159928095896122,-0.006159928095896122,3.1029777039948137e-05,-3.1029777039948137e-05,1.165978813500559e-07,-1.165978813500559e-07
2019,10,A_optimal_rank_reduced,p331,abrupt,0.014053,0,899.9542,148.16666666666666,9.634530047213056,-9.634530047213056,0.013748968818948049,-0.013748968818948049,1.074159215685988e-06,-1.074159215685988e-06,3.948436813371011e-08,-3.948436813371011e-08
2019,10,A_optimal_rank_reduced,p193,incipient,0.01239,0,639.39545,32.833333333333336,10.036762760152204,-10.036762760152204,0.0071800266359886055,-0.0071800266359886055,4.117644930357045e-06,-4.117644930357045e-06,4.645063350812438e-08,-4.645063350812438e-08
2019,10,A_optimal_rank_reduced,p277,incipient,0.012089,0,219.34995000000004,115.25,15.601531803495089,-15.601531803495089,0.01405879395003462,-0.01405879395003462,1.1384246830115075e-05,-1.1384246830115075e-05,1.0470793264405454e-08,-1.0470793264405454e-08
2019,10,A_optimal_rank_reduced,p142,abrupt,0.019857,0,1860.0354000000002,170.41666666666666,5.8115814679130215,-5.8115814679130215,0.008601934769288012,-0.008601934769288012,4.123326937000016e-06,-4.123326937000016e-06,1.7053843592199172e-08,-1.7053843592199172e-08
2019,10,A_optimal_rank_reduced,p680,abrupt,0.0097197,0,1403.5715500000003,53.416666666666664,9.494245653696941,-9.494245653696941,0.012958978736408099,-0.012958978736408099,8.008893548350215e-11,-8.008893548350215e-11,3.2178465994820256e-08,-3.2178465994820256e-08
2019,10,A_optimal_rank_reduced,p586,incipient,0.017184,0,1319.5215500000002,15.583333333333334,7.675134167675357,-7.675134167675357,0.007777401776405464,-0.007777401776405464,0.00022474144335005164,-0.00022474144335005164,8.94305450476022e-08,-8.94305450476022e-08
2019,10,A_optimal_rank_reduced,p721,incipient,0.01408,0,2107.3532000000005,51.5,8.076623682600616,-8.076623682600616,0.008539060277958557,-0.008539060277958557,1.0459395502149249e-05,-1.0459395502149249e-05,1.201520269409376e-07,-1.201520269409376e-07
2019,10,A_optimal_rank_reduced,p800,incipient,0.018847,0,2609.37365,40.916666666666664,4.914903885617397,-4.914903885617397,0.004550027453226023,-0.004550027453226023,3.114188062980361e-08,-3.114188062980361e-08,7.403457068067207e-08,-7.403457068067207e-08
2019,10,A_optimal_rank_reduced,p123,incipient,0.011906,0,2009.1045000000004,58.25,5.617078941212538,-5.617078941212538,0.008547453231069585,-0.008547453231069585,1.4707204582742328e-05,-1.4707204582742328e-05,3.202892365555354e-07,-3.202892365555354e-07
2019,10,A_optimal_rank_reduced,p455,incipient,0.012722,0,2167.5146499999996,111.33333333333333,11.806630696027696,-11.806630696027696,0.008746845253987858,-0.008746845253987858,0.00021072532880117567,-0.00021072532880117567,1.0395695981313806e-07,-1.0395695981313806e-07
2019,10,A_optimal_rank_reduced,p762,incipient,0.01519,0,2400.0700500000003,139.25,8.360221503336952,-8.360221503336952,0.00739980193904012,-0.00739980193904012,8.524567443823905e-06,-8.524567443823905e-06,1.383919954757408e-08,-1.383919954757408e-08
2019,10,A_optimal_rank_reduced,p426,abrupt,0.015008,0,742.81255,101.41666666666667,5.045639343646333,-5.045639343646333,0.008939556862404554,-0.008939556862404554,6.373963182415565e-05,-6.373963182415565e-05,7.636021653751945e-08,-7.636021653751945e-08
2019,10,A_optimal_rank_reduced,p879,incipient,0.013195,0,303.1096,163.08333333333334,4.691243654671841,-4.691243654671841,0.0038671378051959556,-0.0038671378051959556,2.4787038717111187e-06,-2.4787038717111187e-06,3.301034606272817e-08,-3.301034606272817e-08
2019,10,E_optimal_rank_reduced,p257,incipient,0.011843,0,2878.9772500000017,14.583333333333334,22.05486644072306,-22.05486644072306,0.018455046637099383,-0.018455046637099383,0.004900023504530782,-0.004900023504530782,6.699999996290185e-08,-6.699999996290185e-08
2019,10,E_optimal_rank_reduced,p427,incipient,0.0090731,0,1483.6390999999999,378.5833333333333,5.04771002466793,-5.04771002466793,0.008655667311486849,-0.008655667311486849,4.838705162502066e-05,-4.838705162502066e-05,8.530209693480923e-08,-8.530209693480923e-08
2019,10,E_optimal_rank_reduced,p810,incipient,0.010028,0,2503.2919,571.75,9.44115358585011,-9.44115358585011,0.007232227001810668,-0.007232227001810668,1.029233243643457e-05,-1.029233243643457e-05,4.194589331932659e-08,-4.194589331932659e-08
2019,10,E_optimal_rank_reduced,p654,incipient,0.0087735,0,1385.4967,741.25,6.051224740300737,-6.051224740300737,0.008218421290886022,-0.008218421290886022,2.3268477811200228e-08,-2.3268477811200228e-08,5.968983956156136e-08,-5.968983956156136e-08
2019,10,E_optimal_rank_reduced,p523,abrupt,0.020246,1,,,7.5862149299221135,-7.5862149299221135,0.006701296882535189,-0.006701296882535189,1.811435969700792e-05,-1.811435969700792e-05,1.2082058561743248e-08,-1.2082058561743248e-08
2019,10,E_optimal_rank_reduced,p827,abrupt,0.02025,1,,,11.912875663624826,-11.912875663624826,0.008274539259215404,-0.008274539259215404,0.00046443592396139266,-0.00046443592396139266,1.8400223114417552e-08,-1.8400223114417552e-08
2019,10,E_optimal_rank_reduced,p280,abrupt,0.0095008,0,1324.51495,117.41666666666667,16.26061147507443,-16.26061147507443,0.010815763571640147,-0.010815763571640147,3.285212268888671e-08,-3.285212268888671e-08,1.1611647580366129e-08,-1.1611647580366129e-08
2019,10,E_optimal_rank_reduced,p653,incipient,0.016035,0,2226.05745,45.833333333333336,6.100123109268355,-6.100123109268355,0.008229171971509115,-0.008229171971509115,9.285453883567385e-08,-9.285453883567385e-08,1.2196035625606905e-07,-1.2196035625606905e-07
2019,10,E_optimal_rank_reduced,p710,abrupt,0.0092936,0,2108.2984500000007,171.66666666666666,5.852536571377596,-5.852536571377596,0.006872691233117433,-0.006872691233117433,3.2847857349693754e-06,-3.2847857349693754e-06,6.079041177268898e-08,-6.079041177268898e-08
2019,10,E_optimal_rank_reduced,p514,abrupt,0.014979,0,235.8952,152.91666666666666,7.388844689568748,-7.388844689568748,0.006304685276552715,-0.006304685276552715,0.0003632397195378889,-0.0003632397195378889,1.1075896139384049e-08,-1.1075896139384049e-08
2019,10,E_optimal_rank_reduced,p331,abrupt,0.014053,0,991.34885,148.16666666666666,9.634530047213056,-9.634530047213056,0.013856659277467424,-0.013856659277467424,5.635861500818962e-07,-5.635861500818962e-07,1.7349043594732434e-07,-1.7349043594732434e-07
2019,10,E_optimal_rank_reduced,p193,incipient,0.01239,0,417.03345,32.833333333333336,10.036762760152204,-10.036762760152204,0.00740705685326391,-0.00740705685326391,3.706943599635082e-06,-3.706943599635082e-06,1.2856654648051436e-07,-1.2856654648051436e-07
2019,10,E_optimal_rank_reduced,p277,incipient,0.012089,0,219.34995000000004,115.25,15.601531803495089,-15.601531803495089,0.012979697382826985,-0.012979697382826985,9.69635289949089e-07,-9.69635289949089e-07,1.435278425371249e-07,-1.435278425371249e-07
2019,10,E_optimal_rank_reduced,p142,abrupt,0.019857,0,1845.5808000000002,170.41666666666666,5.8115814679130215,-5.8115814679130215,0.008171581661007614,-0.008171581661007614,1.7149147323314295e-06,-1.7149147323314295e-06,1.3480733847251614e-07,-1.3480733847251614e-07
2019,10,E_optimal_rank_reduced,p680,abrupt,0.0097197,0,2050.9648500000003,21.75,4.044995299682047,-4.044995299682047,0.0073111294245413365,-0.0073111294245413365,7.635336807254589e-12,-7.635336807254589e-12,2.7637138925623293e-08,-2.7637138925623293e-08
2019,10,E_optimal_rank_reduced,p586,incipient,0.017184,0,1798.6328500000006,159.5,7.675134167675357,-7.675134167675357,0.007677678849110065,-0.007677678849110065,0.00021367700036412085,-0.00021367700036412085,1.4904983662065078e-07,-1.4904983662065078e-07
2019,10,E_optimal_rank_reduced,p721,incipient,0.01408,0,2310.27005,171.41666666666666,6.261413580678874,-6.261413580678874,0.006896488216000903,-0.006896488216000903,1.4038317151188195e-05,-1.4038317151188195e-05,2.2292018425008173e-08,-2.2292018425008173e-08
2019,10,E_optimal_rank_reduced,p800,incipient,0.018847,0,2871.2795,171.25,5.713206684433857,-5.713206684433857,0.004823028116315411,-0.004823028116315411,2.719120115735052e-07,-2.719120115735052e-07,1.332732086715022e-08,-1.332732086715022e-08
2019,10,E_optimal_rank_reduced,p123,incipient,0.011906,0,1032.28285,9.833333333333334,5.221383340660256,-5.221383340660256,0.00804002910641367,-0.00804002910641367,4.677769504968232e-06,-4.677769504968232e-06,6.504172049415701e-08,-6.504172049415701e-08
2019,10,E_optimal_rank_reduced,p455,incipient,0.012722,0,3037.708350000001,62.75,11.806630696027696,-11.806630696027696,0.00924702670967125,-0.00924702670967125,0.000355465362307017,-0.000355465362307017,1.333745190528407e-07,-1.333745190528407e-07
2019,10,E_optimal_rank_reduced,p762,incipient,0.01519,0,1047.9435499999997,91.75,8.505595641103366,-8.505595641103366,0.007013011207188201,-0.007013011207188201,2.120164618024667e-05,-2.120164618024667e-05,6.1981323133297e-08,-6.1981323133297e-08
2019,10,E_optimal_rank_reduced,p426,abrupt,0.015008,0,1504.3775500000002,52.0,5.045639343646333,-5.045639343646333,0.008768581490740807,-0.008768581490740807,3.798384656716891e-05,-3.798384656716891e-05,7.927608594619912e-08,-7.927608594619912e-08
2019,10,E_optimal_rank_reduced,p879,incipient,0.013195,0,317.5642,112.58333333333333,4.768301369250003,-4.768301369250003,0.004068403141332791,-0.004068403141332791,3.484709698553523e-05,-3.484709698553523e-05,7.540637244900782e-08,-7.540637244900782e-08
2019,10,goal_oriented_oed,p257,incipient,0.011843,0,2878.9772500000017,14.583333333333334,27.113118281151092,-27.113118281151092,0.018381722655986723,-0.018381722655986723,0.004697272935111685,-0.004697272935111685,7.557715385848626e-09,-7.557715385848626e-09
2019,10,goal_oriented_oed,p427,incipient,0.0090731,0,1502.7280999999998,378.5833333333333,4.482236741503616,-4.482236741503616,0.008582728081724642,-0.008582728081724642,1.6108064613939987e-05,-1.6108064613939987e-05,1.498891794601421e-07,-1.498891794601421e-07
2019,10,goal_oriented_oed,p810,incipient,0.010028,0,2551.4172500000004,571.75,9.173483697502729,-9.173483697502729,0.008316608441839176,-0.008316608441839176,6.608565525145771e-06,-6.608565525145771e-06,8.754078696542313e-08,-8.754078696542313e-08
2019,10,goal_oriented_oed,p654,incipient,0.0087735,0,1482.1199000000001,741.25,7.506284102664712,-7.506284102664712,0.010388786191030319,-0.010388786191030319,0.0005750176267108609,-0.0005750176267108609,1.7312852638887927e-07,-1.7312852638887927e-07
2019,10,goal_oriented_oed,p523,abrupt,0.020246,1,,,7.5862149299221135,-7.5862149299221135,0.005236122047087343,-0.005236122047087343,2.2015575498191e-06,-2.2015575498191e-06,2.675125908061778e-07,-2.675125908061778e-07
2019,10,goal_oriented_oed,p827,abrupt,0.02025,1,,,11.912875663624826,-11.912875663624826,0.008750633336965866,-0.008750633336965866,0.0005816291671035811,-0.0005816291671035811,5.3337293567941706e-08,-5.3337293567941706e-08
2019,10,goal_oriented_oed,p280,abrupt,0.0095008,0,2605.473850000001,117.41666666666667,31.48530195434981,-31.48530195434981,0.010518025548517886,-0.010518025548517886,0.00012882619674736695,-0.00012882619674736695,4.0864752796515296e-08,-4.0864752796515296e-08
2019,10,goal_oriented_oed,p653,incipient,0.016035,0,2226.05745,45.833333333333336,7.06431047708378,-7.06431047708378,0.010072229760883056,-0.010072229760883056,0.00021268974672417063,-0.00021268974672417063,2.970710003748808e-07,-2.970710003748808e-07
2019,10,goal_oriented_oed,p710,abrupt,0.0092936,0,1313.9488499999998,99.08333333333333,8.200041974011135,-8.200041974011135,0.00939561604489502,-0.00939561604489502,1.3251882172493623e-05,-1.3251882172493623e-05,1.9832364387083517e-08,-1.9832364387083517e-08
2019,10,goal_oriented_oed,p514,abrupt,0.014979,0,2501.8958000000007,56.083333333333336,6.124548301875368,-6.124548301875368,0.005410807765761572,-0.005410807765761572,7.520633430901924e-06,-7.520633430901924e-06,7.979834747698068e-08,-7.979834747698068e-08
2019,10,goal_oriented_oed,p331,abrupt,0.014053,0,886.77,150.75,3.8975681785626595,-3.8975681785626595,0.008390287010998155,-0.008390287010998155,1.3141979282593752e-08,-1.3141979282593752e-08,5.640879794602716e-08,-5.640879794602716e-08
2019,10,goal_oriented_oed,p193,incipient,0.01239,0,3162.7844500000006,32.833333333333336,9.204629694914006,-9.204629694914006,0.007933110243068288,-0.007933110243068288,4.904355744850264e-07,-4.904355744850264e-07,8.523577233081081e-08,-8.523577233081081e-08
2019,10,goal_oriented_oed,p277,incipient,0.012089,0,219.34995000000004,115.25,24.449081227629247,-24.449081227629247,0.013084756878521814,-0.013084756878521814,3.42286557820648e-05,-3.42286557820648e-05,7.856505819525621e-08,-7.856505819525621e-08
2019,10,goal_oriented_oed,p142,abrupt,0.019857,0,959.9914,169.0,5.8115814679130215,-5.8115814679130215,0.009312066084175093,-0.009312066084175093,3.199311812074335e-05,-3.199311812074335e-05,8.854424652483388e-08,-8.854424652483388e-08
2019,10,goal_oriented_oed,p680,abrupt,0.0097197,0,1672.7355500000003,21.5,9.494245653696941,-9.494245653696941,0.01321456241524573,-0.01321456241524573,8.40096880949659e-11,-8.40096880949659e-11,2.8802302735340244e-08,-2.8802302735340244e-08
2019,10,goal_oriented_oed,p586,incipient,0.017184,0,1693.8405000000005,159.5,5.950477763671628,-5.950477763671628,0.006966841016630607,-0.006966841016630607,2.4357698139576556e-06,-2.4357698139576556e-06,1.9202541469982182e-07,-1.9202541469982182e-07
2019,10,goal_oriented_oed,p721,incipient,0.01408,0,2310.27005,171.41666666666666,8.076623682600616,-8.076623682600616,0.009219439586754972,-0.009219439586754972,1.799397366664124e-05,-1.799397366664124e-05,2.5160267071845806e-07,-2.5160267071845806e-07
2019,10,goal_oriented_oed,p800,incipient,0.018847,0,2629.58575,184.41666666666666,5.713206684433857,-5.713206684433857,0.005343290036661605,-0.005343290036661605,9.999239281022199e-08,-9.999239281022199e-08,8.359546918046379e-08,-8.359546918046379e-08
2019,10,goal_oriented_oed,p123,incipient,0.011906,0,738.1697,32.5,5.217218698278143,-5.217218698278143,0.008436904980604452,-0.008436904980604452,4.366031191249675e-06,-4.366031191249675e-06,2.2626292351463594e-07,-2.2626292351463594e-07
2019,10,goal_oriented_oed,p455,incipient,0.012722,0,3052.162950000001,63.916666666666664,8.804919054494153,-8.804919054494153,0.005487032278059094,-0.005487032278059094,1.4057251168653195e-06,-1.4057251168653195e-06,5.4601267564415656e-08,-5.4601267564415656e-08
2019,10,goal_oriented_oed,p762,incipient,0.01519,0,1047.9435499999997,91.75,9.626295220292157,-9.626295220292157,0.008731674898794606,-0.008731674898794606,7.714916043388698e-05,-7.714916043388698e-05,1.1177483687014547e-07,-1.1177483687014547e-07
2019,10,goal_oriented_oed,p426,abrupt,0.015008,0,988.86115,41.25,4.342224883961349,-4.342224883961349,0.008543659444248498,-0.008543659444248498,1.387909550853994e-05,-1.387909550853994e-05,2.319327696802357e-07,-2.319327696802357e-07
2019,10,goal_oriented_oed,p879,incipient,0.013195,0,303.1096,112.16666666666667,4.768301369250003,-4.768301369250003,0.004446389706933627,-0.004446389706933627,1.1491022297471787e-05,-1.1491022297471787e-05,3.2478971781357814e-08,-3.2478971781357814e-08
2019,10,topological_dispersion,p257,incipient,0.011843,0,2878.9772500000017,14.583333333333334,22.05486644072306,-22.05486644072306,0.01864513869309164,-0.01864513869309164,0.004888480279673035,-0.004888480279673035,1.0061008243246807e-08,-1.0061008243246807e-08
2019,10,topological_dispersion,p427,incipient,0.0090731,0,1469.3974000000003,373.25,5.04771002466793,-5.04771002466793,0.00789433316105919,-0.00789433316105919,5.276309567858739e-05,-5.276309567858739e-05,6.722228165998898e-12,-6.722228165998898e-12
2019,10,topological_dispersion,p810,incipient,0.010028,0,2880.7042500000002,574.1666666666666,9.74532019282626,-9.74532019282626,0.0062443991539926766,-0.0062443991539926766,5.198851841470287e-06,-5.198851841470287e-06,2.0297221602282004e-10,-2.0297221602282004e-10
2019,10,topological_dispersion,p654,incipient,0.0087735,0,1094.3911999999996,771.5,7.506284102664712,-7.506284102664712,0.00919863854542918,-0.00919863854542918,0.0005727667649333412,-0.0005727667649333412,3.0599296239392736e-20,-3.0599296239392736e-20
2019,10,topological_dispersion,p523,abrupt,0.020246,1,,,7.5862149299221135,-7.5862149299221135,0.005671668195165851,-0.005671668195165851,2.061367281402937e-05,-2.061367281402937e-05,1.4337737669287447e-09,-1.4337737669287447e-09
2019,10,topological_dispersion,p827,abrupt,0.02025,1,,,8.506487253655964,-8.506487253655964,0.005893956193721004,-0.005893956193721004,4.424103057454332e-06,-4.424103057454332e-06,3.0310622346585756e-08,-3.0310622346585756e-08
2019,10,topological_dispersion,p280,abrupt,0.0095008,0,1343.60395,282.0833333333333,16.60896088940954,-16.60896088940954,0.010298281757271788,-0.010298281757271788,0.00012048240291273604,-0.00012048240291273604,3.061465674057896e-09,-3.061465674057896e-09
2019,10,topological_dispersion,p653,incipient,0.016035,0,2226.05745,45.833333333333336,7.06431047708378,-7.06431047708378,0.008839320009041602,-0.008839320009041602,5.9612550622700766e-05,-5.9612550622700766e-05,7.488044395076428e-20,-7.488044395076428e-20
2019,10,topological_dispersion,p710,abrupt,0.0092936,0,2108.2984500000007,171.66666666666666,6.3619282021379595,-6.3619282021379595,0.0064504548858442395,-0.0064504548858442395,5.0626654574670304e-05,-5.0626654574670304e-05,9.836877635329292e-12,-9.836877635329292e-12
2019,10,topological_dispersion,p514,abrupt,0.014979,0,2501.8958000000007,152.91666666666666,6.124548301875368,-6.124548301875368,0.0055558631638202485,-0.0055558631638202485,7.312054180985683e-05,-7.312054180985683e-05,1.5317952261012633e-08,-1.5317952261012633e-08
2019,10,topological_dispersion,p331,abrupt,0.014053,0,1937.42305,123.16666666666667,9.634530047213056,-9.634530047213056,0.013233730637442742,-0.013233730637442742,6.008151570702225e-07,-6.008151570702225e-07,8.451582177048885e-21,-8.451582177048885e-21
2019,10,topological_dispersion,p193,incipient,0.01239,0,647.0334500000001,32.833333333333336,10.504970693578056,-10.504970693578056,0.006209554749531671,-0.006209554749531671,1.5773624011838905e-05,-1.5773624011838905e-05,1.6075602208505862e-08,-1.6075602208505862e-08
2019,10,topological_dispersion,p277,incipient,0.012089,0,219.34995000000004,115.25,15.601531803495089,-15.601531803495089,0.013542422637897669,-0.013542422637897669,1.183235370871838e-05,-1.183235370871838e-05,8.261198188816618e-09,-8.261198188816618e-09
2019,10,topological_dispersion,p142,abrupt,0.019857,0,959.9914,169.0,5.8062647622881975,-5.8062647622881975,0.008020522390068993,-0.008020522390068993,2.2258195020996574e-05,-2.2258195020996574e-05,1.6692083153355763e-10,-1.6692083153355763e-10
2019,10,topological_dispersion,p680,abrupt,0.0097197,0,66.35235,21.75,19.011957520281122,-19.011957520281122,0.007175848240531198,-0.007175848240531198,8.478227291208729e-05,-8.478227291208729e-05,1.1850309774294782e-09,-1.1850309774294782e-09
2019,10,topological_dispersion,p586,incipient,0.017184,0,1798.6328500000006,159.58333333333334,7.675134167675357,-7.675134167675357,0.006925190468428531,-0.006925190468428531,0.00026401731292480246,-0.00026401731292480246,2.8604799710537107e-11,-2.8604799710537107e-11
2019,10,topological_dispersion,p721,incipient,0.01408,0,2310.27005,171.41666666666666,6.628479179152349,-6.628479179152349,0.006423317025881637,-0.006423317025881637,1.0281509496667951e-05,-1.0281509496667951e-05,4.052495919922204e-13,-4.052495919922204e-13
2019,10,topological_dispersion,p800,incipient,0.018847,0,2928.0641499999997,167.33333333333334,5.479440923605903,-5.479440923605903,0.004152903923602224,-0.004152903923602224,9.624627348436832e-07,-9.624627348436832e-07,2.6499496040445118e-11,-2.6499496040445118e-11
2019,10,topological_dispersion,p123,incipient,0.011906,0,883.4435,9.833333333333334,4.787972963105701,-4.787972963105701,0.007543371435637914,-0.007543371435637914,7.3413488946849625e-06,-7.3413488946849625e-06,2.2165293835768443e-11,-2.2165293835768443e-11
2019,10,topological_dispersion,p455,incipient,0.012722,0,3037.708350000001,58.75,9.355360344620724,-9.355360344620724,0.006885193722164471,-0.006885193722164471,0.0003147672940975177,-0.0003147672940975177,6.236766374117776e-09,-6.236766374117776e-09
2019,10,topological_dispersion,p762,incipient,0.01519,0,1047.9435499999997,91.83333333333333,8.380778811393368,-8.380778811393368,0.006337539890547111,-0.006337539890547111,2.336493836718745e-05,-2.336493836718745e-05,8.322677979365548e-12,-8.322677979365548e-12
2019,10,topological_dispersion,p426,abrupt,0.015008,0,1244.37145,41.666666666666664,5.045639343646333,-5.045639343646333,0.007976630255387276,-0.007976630255387276,4.188100386348648e-05,-4.188100386348648e-05,7.303199814007745e-12,-7.303199814007745e-12
2019,10,topological_dispersion,p879,incipient,0.013195,0,317.5642,113.91666666666667,9.265597769690137,-9.265597769690137,0.0045924251618520975,-0.0045924251618520975,2.8531726259606316e-05,-2.8531726259606316e-05,5.170898839416531e-08,-5.170898839416531e-08
2019,10,centrality,p257,incipient,0.011843,0,2878.9772500000017,378.9166666666667,11.103362395040905,-11.103362395040905,0.011521514833456396,-0.011521514833456396,3.59071661293342e-11,-3.59071661293342e-11,5.0020071222468214e-08,-5.0020071222468214e-08
2019,10,centrality,p427,incipient,0.0090731,0,1535.9648499999998,598.75,5.261939316500232,-5.261939316500232,0.01054369444847409,-0.01054369444847409,8.714886885408113e-05,-8.714886885408113e-05,1.4211578410975338e-07,-1.4211578410975338e-07
2019,10,centrality,p810,incipient,0.010028,0,1363.9352500000002,773.4166666666666,7.864371770899421,-7.864371770899421,0.0068718192219387,-0.0068718192219387,5.832686229556572e-07,-5.832686229556572e-07,5.109170409272358e-08,-5.109170409272358e-08
2019,10,centrality,p654,incipient,0.0087735,0,1166.1277,942.8333333333334,5.763250355524314,-5.763250355524314,0.00940075544933247,-0.00940075544933247,6.511719563562224e-08,-6.511719563562224e-08,1.9640538033280975e-08,-1.9640538033280975e-08
2019,10,centrality,p523,abrupt,0.020246,1,,,7.891368897416489,-7.891368897416489,0.006374309982915013,-0.006374309982915013,1.1381397156284834e-05,-1.1381397156284834e-05,7.21255172842755e-08,-7.21255172842755e-08
2019,10,centrality,p827,abrupt,0.02025,1,,,7.211170155567571,-7.211170155567571,0.006439606768748508,-0.006439606768748508,1.201042382437123e-06,-1.201042382437123e-06,9.372994017218989e-08,-9.372994017218989e-08
2019,10,centrality,p280,abrupt,0.0095008,0,1829.74525,146.66666666666666,11.128476587691672,-11.128476587691672,0.011849055890884594,-0.011849055890884594,4.7976361772228415e-09,-4.7976361772228415e-09,2.5712588603999112e-08,-2.5712588603999112e-08
2019,10,centrality,p653,incipient,0.016035,0,1901.42845,750.75,5.796513670426298,-5.796513670426298,0.009387721474612315,-0.009387721474612315,9.125137312437914e-09,-9.125137312437914e-09,1.084511614415699e-07,-1.084511614415699e-07
2019,10,centrality,p710,abrupt,0.0092936,0,262.01545,434.0,6.3619282021379595,-6.3619282021379595,0.008604370826883234,-0.008604370826883234,4.4244721442154855e-07,-4.4244721442154855e-07,3.4508171493949293e-08,-3.4508171493949293e-08
2019,10,centrality,p514,abrupt,0.014979,0,0.0,398.4166666666667,9.047442336278134,-9.047442336278134,0.0071240700862939665,-0.0071240700862939665,0.0004844005819573116,-0.0004844005819573116,1.3892322031534873e-08,-1.3892322031534873e-08
2019,10,centrality,p331,abrupt,0.014053,0,893.8907499999999,146.25,5.212861846227596,-5.212861846227596,0.010891922723694119,-0.010891922723694119,2.402545085100627e-08,-2.402545085100627e-08,7.037040856342551e-08,-7.037040856342551e-08
2019,10,centrality,p193,incipient,0.01239,0,3052.1765000000005,43.916666666666664,7.463906477392181,-7.463906477392181,0.006508432627077829,-0.006508432627077829,4.3008943451106063e-07,-4.3008943451106063e-07,9.812321975297835e-08,-9.812321975297835e-08
2019,10,centrality,p277,incipient,0.012089,0,1291.8401999999999,141.91666666666666,11.109585380830476,-11.109585380830476,0.011433746525566424,-0.011433746525566424,2.960731659840121e-10,-2.960731659840121e-10,3.592247860800025e-08,-3.592247860800025e-08
2019,10,centrality,p142,abrupt,0.019857,0,643.65645,14.083333333333334,5.626969388809987,-5.626969388809987,0.009425974444463543,-0.009425974444463543,3.3678707545004016e-06,-3.3678707545004016e-06,3.9443779837823374e-08,-3.9443779837823374e-08
2019,10,centrality,p680,abrupt,0.0097197,0,1208.6819500000004,70.16666666666667,9.494245653696941,-9.494245653696941,0.013751577890654277,-0.013751577890654277,8.230705006440076e-11,-8.230705006440076e-11,3.4566791246562e-08,-3.4566791246562e-08
2019,10,centrality,p586,incipient,0.017184,0,2388.20845,40.5,6.925583547948352,-6.925583547948352,0.0077503738247055665,-0.0077503738247055665,8.14375642121945e-06,-8.14375642121945e-06,1.546700917729698e-07,-1.546700917729698e-07
2019,10,centrality,p721,incipient,0.01408,0,1863.1201499999995,56.583333333333336,6.628479179152349,-6.628479179152349,0.00847827517544309,-0.00847827517544309,4.742888801034795e-06,-4.742888801034795e-06,1.0157524382820357e-08,-1.0157524382820357e-08
2019,10,centrality,p800,incipient,0.018847,0,2583.96105,47.833333333333336,4.53543913765319,-4.53543913765319,0.004688000272795229,-0.004688000272795229,2.045182778687149e-08,-2.045182778687149e-08,1.36886292201338e-07,-1.36886292201338e-07
2019,10,centrality,p123,incipient,0.011906,0,1291.9095500000003,76.75,5.617078941212538,-5.617078941212538,0.009355736843519381,-0.009355736843519381,5.662825103058822e-06,-5.662825103058822e-06,4.40608808764874e-07,-4.40608808764874e-07
2019,10,centrality,p455,incipient,0.012722,0,3052.162950000001,111.58333333333333,8.718756205648662,-8.718756205648662,0.0063929689023174705,-0.0063929689023174705,3.610614554727665e-05,-3.610614554727665e-05,3.578648929925337e-09,-3.578648929925337e-09
2019,10,centrality,p762,incipient,0.01519,0,405.0343500000001,139.5,8.35451254289293,-8.35451254289293,0.0074523216332198485,-0.0074523216332198485,5.381845079588388e-07,-5.381845079588388e-07,6.987219113083912e-08,-6.987219113083912e-08
2019,10,centrality,p426,abrupt,0.015008,0,801.2606499999999,90.58333333333333,5.263230524394721,-5.263230524394721,0.010614280322574086,-0.010614280322574086,7.09254328368214e-05,-7.09254328368214e-05,1.17306823340937e-07,-1.17306823340937e-07
2019,10,centrality,p879,incipient,0.013195,0,303.1096,162.83333333333334,3.7888887829175584,-3.7888887829175584,0.003669752200905421,-0.003669752200905421,1.0994069568392995e-05,-1.0994069568392995e-05,9.487498589880648e-08,-9.487498589880648e-08
2019,12,FO,p257,incipient,0.011843,0,1598.01835,378.9166666666667,11.103362395040905,-11.103362395040905,0.012465383015198936,-0.012465383015198936,2.3987145603143745e-11,-2.3987145603143745e-11,1.5935352257084512e-07,-1.5935352257084512e-07
2019,12,FO,p427,incipient,0.0090731,0,1454.9428000000003,579.0,5.261939316500232,-5.261939316500232,0.0113279861050788,-0.0113279861050788,7.321431504525577e-05,-7.321431504525577e-05,1.0927374773326372e-07,-1.0927374773326372e-07
2019,12,FO,p810,incipient,0.010028,0,2060.7486999999996,773.4166666666666,9.034164699831047,-9.034164699831047,0.006565235613221286,-0.006565235613221286,3.906066481262904e-06,-3.906066481262904e-06,1.7603773078969382e-07,-1.7603773078969382e-07
2019,12,FO,p654,incipient,0.0087735,0,1338.0084500000003,942.8333333333334,5.781656397124142,-5.781656397124142,0.010194829313252003,-0.010194829313252003,4.826133026547552e-08,-4.826133026547552e-08,1.9089529875478247e-07,-1.9089529875478247e-07
2019,12,FO,p523,abrupt,0.020246,1,,,6.785273662803534,-6.785273662803534,0.00559467212107976,-0.00559467212107976,6.766106308564446e-08,-6.766106308564446e-08,2.7565629050851486e-07,-2.7565629050851486e-07
2019,12,FO,p827,abrupt,0.02025,1,,,9.31240273101837,-9.31240273101837,0.006247258847249563,-0.006247258847249563,8.279138532629737e-06,-8.279138532629737e-06,2.5027677416158904e-07,-2.5027677416158904e-07
2019,12,FO,p280,abrupt,0.0095008,0,1614.6406499999998,143.08333333333334,11.128476587691672,-11.128476587691672,0.012821479928319394,-0.012821479928319394,3.508468737756232e-09,-3.508468737756232e-09,2.319320488199784e-07,-2.319320488199784e-07
2019,12,FO,p653,incipient,0.016035,0,433.74215000000004,904.75,5.811226868930534,-5.811226868930534,0.010183802132711741,-0.010183802132711741,6.6793395259168165e-09,-6.6793395259168165e-09,1.8330513120149258e-07,-1.8330513120149258e-07
2019,12,FO,p710,abrupt,0.0092936,0,2094.5806499999994,620.8333333333334,6.0880503174723835,-6.0880503174723835,0.008595165540476587,-0.008595165540476587,5.655461119524752e-06,-5.655461119524752e-06,1.9111398525397436e-07,-1.9111398525397436e-07
2019,12,FO,p514,abrupt,0.014979,0,763.1915499999999,567.5833333333334,7.388844689568748,-7.388844689568748,0.006243647032362741,-0.006243647032362741,2.309549226775509e-05,-2.309549226775509e-05,1.0202636091711351e-07,-1.0202636091711351e-07
2019,12,FO,p331,abrupt,0.014053,0,1387.74395,315.5833333333333,9.634530047213056,-9.634530047213056,0.01513642688055087,-0.01513642688055087,9.763654860162063e-07,-9.763654860162063e-07,2.033021488676622e-07,-2.033021488676622e-07
2019,12,FO,p193,incipient,0.01239,0,3143.6954500000006,43.916666666666664,9.379434800143278,-9.379434800143278,0.0062692170541401426,-0.0062692170541401426,8.91991557283589e-07,-8.91991557283589e-07,8.53527919879283e-08,-8.53527919879283e-08
2019,12,FO,p277,incipient,0.012089,0,1142.3989,141.91666666666666,11.109585380830476,-11.109585380830476,0.012371263659298033,-0.012371263659298033,2.1702895036668224e-10,-2.1702895036668224e-10,1.847247962528242e-07,-1.847247962528242e-07
2019,12,FO,p142,abrupt,0.019857,0,972.3227,3.75,5.702067786836727,-5.702067786836727,0.010244921528020067,-0.010244921528020067,1.149678814149624e-06,-1.149678814149624e-06,1.7660490630573412e-07,-1.7660490630573412e-07
2019,12,FO,p680,abrupt,0.0097197,0,1562.4786000000001,44.666666666666664,9.494245653696941,-9.494245653696941,0.01339180399816625,-0.01339180399816625,8.345801827402966e-11,-8.345801827402966e-11,1.278646240683352e-07,-1.278646240683352e-07
2019,12,FO,p586,incipient,0.017184,0,598.8746500000001,159.83333333333334,6.42115521017978,-6.42115521017978,0.007832363981135567,-0.007832363981135567,7.850205604453819e-07,-7.850205604453819e-07,7.150187233077678e-08,-7.150187233077678e-08
2019,12,FO,p721,incipient,0.01408,0,1486.1554999999998,196.33333333333334,6.471781441053005,-6.471781441053005,0.008453048451769928,-0.008453048451769928,2.278428961943746e-06,-2.278428961943746e-06,1.711508928434722e-07,-1.711508928434722e-07
2019,12,FO,p800,incipient,0.018847,0,529.2630500000001,41.166666666666664,18.975905871165327,-18.975905871165327,0.007699748559355131,-0.007699748559355131,4.765842273712906e-06,-4.765842273712906e-06,4.3455798159562444e-07,-4.3455798159562444e-07
2019,12,FO,p123,incipient,0.011906,0,1994.6499000000003,58.833333333333336,6.4133844375411835,-6.4133844375411835,0.010532039322386555,-0.010532039322386555,7.85721678930873e-06,-7.85721678930873e-06,1.1677135192642382e-07,-1.1677135192642382e-07
2019,12,FO,p455,incipient,0.012722,0,3133.5329,109.41666666666667,6.610898245354088,-6.610898245354088,0.005480072359919091,-0.005480072359919091,3.7893344795314476e-07,-3.7893344795314476e-07,1.0052867158541745e-07,-1.0052867158541745e-07
2019,12,FO,p762,incipient,0.01519,0,313.56469999999996,139.41666666666666,8.333734521794712,-8.333734521794712,0.007076925415258731,-0.007076925415258731,2.393058024852124e-06,-2.393058024852124e-06,4.511327310087257e-07,-4.511327310087257e-07
2019,12,FO,p426,abrupt,0.015008,0,841.629,90.58333333333333,5.263230524394721,-5.263230524394721,0.011435439704652177,-0.011435439704652177,5.883543390972079e-05,-5.883543390972079e-05,2.9665516212633733e-07,-2.9665516212633733e-07
2019,12,FO,p879,incipient,0.013195,0,303.1096,162.66666666666666,11.110180847220821,-11.110180847220821,0.004223045932089086,-0.004223045932089086,0.002433161182025967,-0.002433161182025967,5.791776246381216e-07,-5.791776246381216e-07
2019,12,D_optimal_bayesian,p257,incipient,0.011843,0,2878.9772500000017,14.583333333333334,27.113118281151092,-27.113118281151092,0.01835130638392207,-0.01835130638392207,0.005745430474662139,-0.005745430474662139,1.0796396563161449e-07,-1.0796396563161449e-07
2019,12,D_optimal_bayesian,p427,incipient,0.0090731,0,1483.6390999999999,378.9166666666667,5.04771002466793,-5.04771002466793,0.008694058020122752,-0.008694058020122752,8.509800330325223e-05,-8.509800330325223e-05,3.242327685458548e-08,-3.242327685458548e-08
2019,12,D_optimal_bayesian,p810,incipient,0.010028,0,535.4985999999999,574.1666666666666,9.44115358585011,-9.44115358585011,0.007590851803562312,-0.007590851803562312,1.3865380386834936e-05,-1.3865380386834936e-05,1.4400422131737457e-07,-1.4400422131737457e-07
2019,12,D_optimal_bayesian,p654,incipient,0.0087735,0,1847.7817,773.4166666666666,7.506284102664712,-7.506284102664712,0.00914319866491156,-0.00914319866491156,0.0005615695791816311,-0.0005615695791816311,3.0324259778949215e-07,-3.0324259778949215e-07
2019,12,D_optimal_bayesian,p523,abrupt,0.020246,1,,,7.5862149299221135,-7.5862149299221135,0.005360309581105433,-0.005360309581105433,1.9090430503965194e-05,-1.9090430503965194e-05,4.350328377660446e-07,-4.350328377660446e-07
2019,12,D_optimal_bayesian,p827,abrupt,0.02025,1,,,8.938175374452902,-8.938175374452902,0.0072533862757076205,-0.0072533862757076205,1.1189369090169876e-05,-1.1189369090169876e-05,1.568542456072056e-07,-1.568542456072056e-07
2019,12,D_optimal_bayesian,p280,abrupt,0.0095008,0,740.50355,244.83333333333334,31.48530195434981,-31.48530195434981,0.011642440795682642,-0.011642440795682642,0.00016690667736818376,-0.00016690667736818376,3.236990832348646e-07,-3.236990832348646e-07
2019,12,D_optimal_bayesian,p653,incipient,0.016035,0,2226.05745,45.833333333333336,7.06431047708378,-7.06431047708378,0.008837412109614069,-0.008837412109614069,8.984177863369247e-05,-8.984177863369247e-05,2.9324532812113667e-07,-2.9324532812113667e-07
2019,12,D_optimal_bayesian,p710,abrupt,0.0092936,0,2108.2984500000007,171.66666666666666,6.105683746715504,-6.105683746715504,0.007509394765737271,-0.007509394765737271,3.607930704641049e-06,-3.607930704641049e-06,3.346294783931414e-07,-3.346294783931414e-07
2019,12,D_optimal_bayesian,p514,abrupt,0.014979,0,2501.8958000000007,152.91666666666666,6.124548301875368,-6.124548301875368,0.005289655480225349,-0.005289655480225349,4.4258485356385435e-05,-4.4258485356385435e-05,2.838966186200942e-07,-2.838966186200942e-07
2019,12,D_optimal_bayesian,p331,abrupt,0.014053,0,1937.42305,123.16666666666667,9.634530047213056,-9.634530047213056,0.013078114724428852,-0.013078114724428852,1.0025643130129325e-06,-1.0025643130129325e-06,9.285054761952065e-08,-9.285054761952065e-08
2019,12,D_optimal_bayesian,p193,incipient,0.01239,0,3162.7844500000006,32.833333333333336,10.036762760152204,-10.036762760152204,0.00749928842566517,-0.00749928842566517,2.2742904450812063e-05,-2.2742904450812063e-05,2.9364763970199936e-07,-2.9364763970199936e-07
2019,12,D_optimal_bayesian,p277,incipient,0.012089,0,2426.38705,103.66666666666667,24.449081227629247,-24.449081227629247,0.01429399614573656,-0.01429399614573656,3.402341816505228e-05,-3.402341816505228e-05,2.1167205849964892e-07,-2.1167205849964892e-07
2019,12,D_optimal_bayesian,p142,abrupt,0.019857,0,1845.5808000000002,169.0,5.8062647622881975,-5.8062647622881975,0.008175340518142305,-0.008175340518142305,2.387242973089787e-05,-2.387242973089787e-05,2.4569587601961893e-07,-2.4569587601961893e-07
2019,12,D_optimal_bayesian,p680,abrupt,0.0097197,0,1720.8643000000004,21.75,9.494245653696941,-9.494245653696941,0.011952831365840546,-0.011952831365840546,7.808109714346756e-11,-7.808109714346756e-11,6.806744728385497e-08,-6.806744728385497e-08
2019,12,D_optimal_bayesian,p586,incipient,0.017184,0,1693.8405000000005,159.5,7.675134167675357,-7.675134167675357,0.006738071973494793,-0.006738071973494793,0.00023229407625058318,-0.00023229407625058318,3.165783914580189e-07,-3.165783914580189e-07
2019,12,D_optimal_bayesian,p721,incipient,0.01408,0,2253.4854000000005,171.41666666666666,6.606119979507082,-6.606119979507082,0.007536652933542601,-0.007536652933542601,1.5035666036111728e-05,-1.5035666036111728e-05,1.7428299802469418e-07,-1.7428299802469418e-07
2019,12,D_optimal_bayesian,p800,incipient,0.018847,0,2928.0641499999997,167.33333333333334,18.975905871165327,-18.975905871165327,0.007681588977470317,-0.007681588977470317,7.318259852562292e-07,-7.318259852562292e-07,3.1914013405348663e-07,-3.1914013405348663e-07
2019,12,D_optimal_bayesian,p123,incipient,0.011906,0,1081.3179500000003,169.08333333333334,4.78423997097811,-4.78423997097811,0.007656933595324687,-0.007656933595324687,5.2784426991525635e-06,-5.2784426991525635e-06,1.7100834687615492e-07,-1.7100834687615492e-07
2019,12,D_optimal_bayesian,p455,incipient,0.012722,0,1848.82415,39.333333333333336,9.355360344620724,-9.355360344620724,0.006434584567810573,-0.006434584567810573,0.000300222542044315,-0.000300222542044315,2.2148526365765623e-07,-2.2148526365765623e-07
2019,12,D_optimal_bayesian,p762,incipient,0.01519,0,2219.43715,67.5,9.626295220292157,-9.626295220292157,0.007693456071117462,-0.007693456071117462,6.752727493863908e-05,-6.752727493863908e-05,5.097108401404768e-07,-5.097108401404768e-07
2019,12,D_optimal_bayesian,p426,abrupt,0.015008,0,475.65939999999995,16.666666666666668,5.045639343646333,-5.045639343646333,0.008765688134384999,-0.008765688134384999,6.86291467217881e-05,-6.86291467217881e-05,3.129396149780067e-07,-3.129396149780067e-07
2019,12,D_optimal_bayesian,p879,incipient,0.013195,0,3051.8586,90.83333333333333,6.242604254021873,-6.242604254021873,0.004326240483117432,-0.004326240483117432,0.0001877310836926327,-0.0001877310836926327,3.470059583841627e-07,-3.470059583841627e-07
2019,12,A_optimal_bayesian,p257,incipient,0.011843,0,2878.9772500000017,14.583333333333334,27.113118281151092,-27.113118281151092,0.017982844906343085,-0.017982844906343085,0.0055314740898426695,-0.0055314740898426695,1.5418337656654094e-07,-1.5418337656654094e-07
2019,12,A_optimal_bayesian,p427,incipient,0.0090731,0,1483.6390999999999,378.9166666666667,5.04771002466793,-5.04771002466793,0.008403064433309326,-0.008403064433309326,8.039975555718115e-05,-8.039975555718115e-05,1.332529370472354e-07,-1.332529370472354e-07
2019,12,A_optimal_bayesian,p810,incipient,0.010028,0,535.4985999999999,574.1666666666666,9.44115358585011,-9.44115358585011,0.006949753357579001,-0.006949753357579001,1.4104421349303564e-05,-1.4104421349303564e-05,2.0335901544341557e-07,-2.0335901544341557e-07
2019,12,A_optimal_bayesian,p654,incipient,0.0087735,0,981.1133499999997,773.4166666666666,7.506284102664712,-7.506284102664712,0.009150461179458936,-0.009150461179458936,0.0005654702003752288,-0.0005654702003752288,3.817433409882114e-07,-3.817433409882114e-07
2019,12,A_optimal_bayesian,p523,abrupt,0.020246,1,,,7.5862149299221135,-7.5862149299221135,0.005490043805423514,-0.005490043805423514,1.8334110814643978e-05,-1.8334110814643978e-05,6.581342620454527e-07,-6.581342620454527e-07
2019,12,A_optimal_bayesian,p827,abrupt,0.02025,1,,,8.938175374452902,-8.938175374452902,0.00673972376019086,-0.00673972376019086,1.1322385234269206e-05,-1.1322385234269206e-05,1.9713810613058857e-07,-1.9713810613058857e-07
2019,12,A_optimal_bayesian,p280,abrupt,0.0095008,0,1660.2894,159.66666666666666,31.48530195434981,-31.48530195434981,0.011012110844365099,-0.011012110844365099,0.00018695867076568007,-0.00018695867076568007,3.2513295662482447e-07,-3.2513295662482447e-07
2019,12,A_optimal_bayesian,p653,incipient,0.016035,0,1746.94615,60.416666666666664,7.06431047708378,-7.06431047708378,0.008846168274591528,-0.008846168274591528,8.91928392936503e-05,-8.91928392936503e-05,2.7510432375321746e-07,-2.7510432375321746e-07
2019,12,A_optimal_bayesian,p710,abrupt,0.0092936,0,2108.2984500000007,171.66666666666666,8.200041974011135,-8.200041974011135,0.008286494500339397,-0.008286494500339397,1.4386489822104664e-05,-1.4386489822104664e-05,2.3526571349713378e-07,-2.3526571349713378e-07
2019,12,A_optimal_bayesian,p514,abrupt,0.014979,0,235.8952,152.91666666666666,6.124548301875368,-6.124548301875368,0.00546418080785215,-0.00546418080785215,6.32219204226292e-05,-6.32219204226292e-05,2.6371795278950683e-07,-2.6371795278950683e-07
2019,12,A_optimal_bayesian,p331,abrupt,0.014053,0,1937.42305,123.16666666666667,9.634530047213056,-9.634530047213056,0.012749881031258506,-0.012749881031258506,1.1096216692152439e-06,-1.1096216692152439e-06,1.030956644526e-07,-1.030956644526e-07
2019,12,A_optimal_bayesian,p193,incipient,0.01239,0,639.39545,32.833333333333336,10.036762760152204,-10.036762760152204,0.006945597093060002,-0.006945597093060002,2.6425496935100767e-05,-2.6425496935100767e-05,2.8684912215690533e-07,-2.8684912215690533e-07
2019,12,A_optimal_bayesian,p277,incipient,0.012089,0,1158.3034999999998,144.25,24.449081227629247,-24.449081227629247,0.01381515926717651,-0.01381515926717651,3.559675181596944e-05,-3.559675181596944e-05,1.525885458598149e-07,-1.525885458598149e-07
2019,12,A_optimal_bayesian,p142,abrupt,0.019857,0,1303.6702000000002,12.75,5.8062647622881975,-5.8062647622881975,0.008179750944930748,-0.008179750944930748,2.2301131398450025e-05,-2.2301131398450025e-05,1.3045930252892406e-07,-1.3045930252892406e-07
2019,12,A_optimal_bayesian,p680,abrupt,0.0097197,0,1379.0107500000001,53.416666666666664,9.494245653696941,-9.494245653696941,0.012003311912792348,-0.012003311912792348,8.084333202873495e-11,-8.084333202873495e-11,2.0249057399327612e-07,-2.0249057399327612e-07
2019,12,A_optimal_bayesian,p586,incipient,0.017184,0,1319.5215500000002,15.583333333333334,7.675134167675357,-7.675134167675357,0.006853509347470027,-0.006853509347470027,0.00023955534595043737,-0.00023955534595043737,3.1209321706912007e-07,-3.1209321706912007e-07
2019,12,A_optimal_bayesian,p721,incipient,0.01408,0,558.57195,27.75,8.076623682600616,-8.076623682600616,0.008069745902638854,-0.008069745902638854,1.1314237955306616e-05,-1.1314237955306616e-05,2.73427308658422e-07,-2.73427308658422e-07
2019,12,A_optimal_bayesian,p800,incipient,0.018847,0,2448.95285,17.083333333333332,18.975905871165327,-18.975905871165327,0.007521230730694719,-0.007521230730694719,6.549759976604008e-07,-6.549759976604008e-07,4.5486219667453867e-07,-4.5486219667453867e-07
2019,12,A_optimal_bayesian,p123,incipient,0.011906,0,2009.1045000000004,31.416666666666668,4.787972963105701,-4.787972963105701,0.007707256249731101,-0.007707256249731101,5.89101804560066e-06,-5.89101804560066e-06,4.970621469687858e-07,-4.970621469687858e-07
2019,12,A_optimal_bayesian,p455,incipient,0.012722,0,3037.708350000001,67.66666666666667,9.355360344620724,-9.355360344620724,0.006535545863887494,-0.006535545863887494,0.00029112086509530677,-0.00029112086509530677,3.202713445983256e-07,-3.202713445983256e-07
2019,12,A_optimal_bayesian,p762,incipient,0.01519,0,1062.39815,113.58333333333333,8.360221503336952,-8.360221503336952,0.007107652271536493,-0.007107652271536493,9.50533445398527e-06,-9.50533445398527e-06,2.1651371170347337e-07,-2.1651371170347337e-07
2019,12,A_optimal_bayesian,p426,abrupt,0.015008,0,1518.8321500000002,63.0,5.045639343646333,-5.045639343646333,0.00844494967727443,-0.00844494967727443,6.567293199322144e-05,-6.567293199322144e-05,3.15508291351264e-07,-3.15508291351264e-07
2019,12,A_optimal_bayesian,p879,incipient,0.013195,0,317.5642,115.0,6.242604254021873,-6.242604254021873,0.004047541709472795,-0.004047541709472795,0.00010140813989167885,-0.00010140813989167885,2.0754567511760127e-07,-2.0754567511760127e-07
2019,12,E_optimal_observable_subspace,p257,incipient,0.011843,0,2878.9772500000017,14.583333333333334,27.113118281151092,-27.113118281151092,0.017982844906343085,-0.017982844906343085,0.0055314740898426695,-0.0055314740898426695,1.5418337656654094e-07,-1.5418337656654094e-07
2019,12,E_optimal_observable_subspace,p427,incipient,0.0090731,0,1483.6390999999999,378.9166666666667,5.04771002466793,-5.04771002466793,0.008403064433309326,-0.008403064433309326,8.039975555718115e-05,-8.039975555718115e-05,1.332529370472354e-07,-1.332529370472354e-07
2019,12,E_optimal_observable_subspace,p810,incipient,0.010028,0,535.4985999999999,574.1666666666666,9.44115358585011,-9.44115358585011,0.006949753357579001,-0.006949753357579001,1.4104421349303564e-05,-1.4104421349303564e-05,2.0335901544341557e-07,-2.0335901544341557e-07
2019,12,E_optimal_observable_subspace,p654,incipient,0.0087735,0,981.1133499999997,773.4166666666666,7.506284102664712,-7.506284102664712,0.009150461179458936,-0.009150461179458936,0.0005654702003752288,-0.0005654702003752288,3.817433409882114e-07,-3.817433409882114e-07
2019,12,E_optimal_observable_subspace,p523,abrupt,0.020246,1,,,7.5862149299221135,-7.5862149299221135,0.005490043805423514,-0.005490043805423514,1.8334110814643978e-05,-1.8334110814643978e-05,6.581342620454527e-07,-6.581342620454527e-07
2019,12,E_optimal_observable_subspace,p827,abrupt,0.02025,1,,,8.938175374452902,-8.938175374452902,0.00673972376019086,-0.00673972376019086,1.1322385234269206e-05,-1.1322385234269206e-05,1.9713810613058857e-07,-1.9713810613058857e-07
2019,12,E_optimal_observable_subspace,p280,abrupt,0.0095008,0,1660.2894,159.66666666666666,31.48530195434981,-31.48530195434981,0.011012110844365099,-0.011012110844365099,0.00018695867076568007,-0.00018695867076568007,3.2513295662482447e-07,-3.2513295662482447e-07
2019,12,E_optimal_observable_subspace,p653,incipient,0.016035,0,1746.94615,60.416666666666664,7.06431047708378,-7.06431047708378,0.008846168274591528,-0.008846168274591528,8.91928392936503e-05,-8.91928392936503e-05,2.7510432375321746e-07,-2.7510432375321746e-07
2019,12,E_optimal_observable_subspace,p710,abrupt,0.0092936,0,2108.2984500000007,171.66666666666666,8.200041974011135,-8.200041974011135,0.008286494500339397,-0.008286494500339397,1.4386489822104664e-05,-1.4386489822104664e-05,2.3526571349713378e-07,-2.3526571349713378e-07
2019,12,E_optimal_observable_subspace,p514,abrupt,0.014979,0,235.8952,152.91666666666666,6.124548301875368,-6.124548301875368,0.00546418080785215,-0.00546418080785215,6.32219204226292e-05,-6.32219204226292e-05,2.6371795278950683e-07,-2.6371795278950683e-07
2019,12,E_optimal_observable_subspace,p331,abrupt,0.014053,0,1937.42305,123.16666666666667,9.634530047213056,-9.634530047213056,0.012749881031258506,-0.012749881031258506,1.1096216692152439e-06,-1.1096216692152439e-06,1.030956644526e-07,-1.030956644526e-07
2019,12,E_optimal_observable_subspace,p193,incipient,0.01239,0,639.39545,32.833333333333336,10.036762760152204,-10.036762760152204,0.006945597093060002,-0.006945597093060002,2.6425496935100767e-05,-2.6425496935100767e-05,2.8684912215690533e-07,-2.8684912215690533e-07
2019,12,E_optimal_observable_subspace,p277,incipient,0.012089,0,1158.3034999999998,144.25,24.449081227629247,-24.449081227629247,0.01381515926717651,-0.01381515926717651,3.559675181596944e-05,-3.559675181596944e-05,1.525885458598149e-07,-1.525885458598149e-07
2019,12,E_optimal_observable_subspace,p142,abrupt,0.019857,0,1303.6702000000002,12.75,5.8062647622881975,-5.8062647622881975,0.008179750944930748,-0.008179750944930748,2.2301131398450025e-05,-2.2301131398450025e-05,1.3045930252892406e-07,-1.3045930252892406e-07
2019,12,E_optimal_observable_subspace,p680,abrupt,0.0097197,0,1379.0107500000001,53.416666666666664,9.494245653696941,-9.494245653696941,0.012003311912792348,-0.012003311912792348,8.084333202873495e-11,-8.084333202873495e-11,2.0249057399327612e-07,-2.0249057399327612e-07
2019,12,E_optimal_observable_subspace,p586,incipient,0.017184,0,1319.5215500000002,15.583333333333334,7.675134167675357,-7.675134167675357,0.006853509347470027,-0.006853509347470027,0.00023955534595043737,-0.00023955534595043737,3.1209321706912007e-07,-3.1209321706912007e-07
2019,12,E_optimal_observable_subspace,p721,incipient,0.01408,0,558.57195,27.75,8.076623682600616,-8.076623682600616,0.008069745902638854,-0.008069745902638854,1.1314237955306616e-05,-1.1314237955306616e-05,2.73427308658422e-07,-2.73427308658422e-07
2019,12,E_optimal_observable_subspace,p800,incipient,0.018847,0,2448.95285,17.083333333333332,18.975905871165327,-18.975905871165327,0.007521230730694719,-0.007521230730694719,6.549759976604008e-07,-6.549759976604008e-07,4.5486219667453867e-07,-4.5486219667453867e-07
2019,12,E_optimal_observable_subspace,p123,incipient,0.011906,0,2009.1045000000004,31.416666666666668,4.787972963105701,-4.787972963105701,0.007707256249731101,-0.007707256249731101,5.89101804560066e-06,-5.89101804560066e-06,4.970621469687858e-07,-4.970621469687858e-07
2019,12,E_optimal_observable_subspace,p455,incipient,0.012722,0,3037.708350000001,67.66666666666667,9.355360344620724,-9.355360344620724,0.006535545863887494,-0.006535545863887494,0.00029112086509530677,-0.00029112086509530677,3.202713445983256e-07,-3.202713445983256e-07
2019,12,E_optimal_observable_subspace,p762,incipient,0.01519,0,1062.39815,113.58333333333333,8.360221503336952,-8.360221503336952,0.007107652271536493,-0.007107652271536493,9.50533445398527e-06,-9.50533445398527e-06,2.1651371170347337e-07,-2.1651371170347337e-07
2019,12,E_optimal_observable_subspace,p426,abrupt,0.015008,0,1518.8321500000002,63.0,5.045639343646333,-5.045639343646333,0.00844494967727443,-0.00844494967727443,6.567293199322144e-05,-6.567293199322144e-05,3.15508291351264e-07,-3.15508291351264e-07
2019,12,E_optimal_observable_subspace,p879,incipient,0.013195,0,317.5642,115.0,6.242604254021873,-6.242604254021873,0.004047541709472795,-0.004047541709472795,0.00010140813989167885,-0.00010140813989167885,2.0754567511760127e-07,-2.0754567511760127e-07
2019,12,bayesian_information_gain,p257,incipient,0.011843,0,2878.9772500000017,14.583333333333334,27.113118281151092,-27.113118281151092,0.01835130638392207,-0.01835130638392207,0.005745430474662139,-0.005745430474662139,1.0796396563161449e-07,-1.0796396563161449e-07
2019,12,bayesian_information_gain,p427,incipient,0.0090731,0,1483.6390999999999,378.9166666666667,5.04771002466793,-5.04771002466793,0.008694058020122752,-0.008694058020122752,8.509800330325223e-05,-8.509800330325223e-05,3.242327685458548e-08,-3.242327685458548e-08
2019,12,bayesian_information_gain,p810,incipient,0.010028,0,535.4985999999999,574.1666666666666,9.44115358585011,-9.44115358585011,0.007590851803562312,-0.007590851803562312,1.3865380386834936e-05,-1.3865380386834936e-05,1.4400422131737457e-07,-1.4400422131737457e-07
2019,12,bayesian_information_gain,p654,incipient,0.0087735,0,1847.7817,773.4166666666666,7.506284102664712,-7.506284102664712,0.00914319866491156,-0.00914319866491156,0.0005615695791816311,-0.0005615695791816311,3.0324259778949215e-07,-3.0324259778949215e-07
2019,12,bayesian_information_gain,p523,abrupt,0.020246,1,,,7.5862149299221135,-7.5862149299221135,0.005360309581105433,-0.005360309581105433,1.9090430503965194e-05,-1.9090430503965194e-05,4.350328377660446e-07,-4.350328377660446e-07
2019,12,bayesian_information_gain,p827,abrupt,0.02025,1,,,8.938175374452902,-8.938175374452902,0.0072533862757076205,-0.0072533862757076205,1.1189369090169876e-05,-1.1189369090169876e-05,1.568542456072056e-07,-1.568542456072056e-07
2019,12,bayesian_information_gain,p280,abrupt,0.0095008,0,740.50355,244.83333333333334,31.48530195434981,-31.48530195434981,0.011642440795682642,-0.011642440795682642,0.00016690667736818376,-0.00016690667736818376,3.236990832348646e-07,-3.236990832348646e-07
2019,12,bayesian_information_gain,p653,incipient,0.016035,0,2226.05745,45.833333333333336,7.06431047708378,-7.06431047708378,0.008837412109614069,-0.008837412109614069,8.984177863369247e-05,-8.984177863369247e-05,2.9324532812113667e-07,-2.9324532812113667e-07
2019,12,bayesian_information_gain,p710,abrupt,0.0092936,0,2108.2984500000007,171.66666666666666,6.105683746715504,-6.105683746715504,0.007509394765737271,-0.007509394765737271,3.607930704641049e-06,-3.607930704641049e-06,3.346294783931414e-07,-3.346294783931414e-07
2019,12,bayesian_information_gain,p514,abrupt,0.014979,0,2501.8958000000007,152.91666666666666,6.124548301875368,-6.124548301875368,0.005289655480225349,-0.005289655480225349,4.4258485356385435e-05,-4.4258485356385435e-05,2.838966186200942e-07,-2.838966186200942e-07
2019,12,bayesian_information_gain,p331,abrupt,0.014053,0,1937.42305,123.16666666666667,9.634530047213056,-9.634530047213056,0.013078114724428852,-0.013078114724428852,1.0025643130129325e-06,-1.0025643130129325e-06,9.285054761952065e-08,-9.285054761952065e-08
2019,12,bayesian_information_gain,p193,incipient,0.01239,0,3162.7844500000006,32.833333333333336,10.036762760152204,-10.036762760152204,0.00749928842566517,-0.00749928842566517,2.2742904450812063e-05,-2.2742904450812063e-05,2.9364763970199936e-07,-2.9364763970199936e-07
2019,12,bayesian_information_gain,p277,incipient,0.012089,0,2426.38705,103.66666666666667,24.449081227629247,-24.449081227629247,0.01429399614573656,-0.01429399614573656,3.402341816505228e-05,-3.402341816505228e-05,2.1167205849964892e-07,-2.1167205849964892e-07
2019,12,bayesian_information_gain,p142,abrupt,0.019857,0,1845.5808000000002,169.0,5.8062647622881975,-5.8062647622881975,0.008175340518142305,-0.008175340518142305,2.387242973089787e-05,-2.387242973089787e-05,2.4569587601961893e-07,-2.4569587601961893e-07
2019,12,bayesian_information_gain,p680,abrupt,0.0097197,0,1720.8643000000004,21.75,9.494245653696941,-9.494245653696941,0.011952831365840546,-0.011952831365840546,7.808109714346756e-11,-7.808109714346756e-11,6.806744728385497e-08,-6.806744728385497e-08
2019,12,bayesian_information_gain,p586,incipient,0.017184,0,1693.8405000000005,159.5,7.675134167675357,-7.675134167675357,0.006738071973494793,-0.006738071973494793,0.00023229407625058318,-0.00023229407625058318,3.165783914580189e-07,-3.165783914580189e-07
2019,12,bayesian_information_gain,p721,incipient,0.01408,0,2253.4854000000005,171.41666666666666,6.606119979507082,-6.606119979507082,0.007536652933542601,-0.007536652933542601,1.5035666036111728e-05,-1.5035666036111728e-05,1.7428299802469418e-07,-1.7428299802469418e-07
2019,12,bayesian_information_gain,p800,incipient,0.018847,0,2928.0641499999997,167.33333333333334,18.975905871165327,-18.975905871165327,0.007681588977470317,-0.007681588977470317,7.318259852562292e-07,-7.318259852562292e-07,3.1914013405348663e-07,-3.1914013405348663e-07
2019,12,bayesian_information_gain,p123,incipient,0.011906,0,1081.3179500000003,169.08333333333334,4.78423997097811,-4.78423997097811,0.007656933595324687,-0.007656933595324687,5.2784426991525635e-06,-5.2784426991525635e-06,1.7100834687615492e-07,-1.7100834687615492e-07
2019,12,bayesian_information_gain,p455,incipient,0.012722,0,1848.82415,39.333333333333336,9.355360344620724,-9.355360344620724,0.006434584567810573,-0.006434584567810573,0.000300222542044315,-0.000300222542044315,2.2148526365765623e-07,-2.2148526365765623e-07
2019,12,bayesian_information_gain,p762,incipient,0.01519,0,2219.43715,67.5,9.626295220292157,-9.626295220292157,0.007693456071117462,-0.007693456071117462,6.752727493863908e-05,-6.752727493863908e-05,5.097108401404768e-07,-5.097108401404768e-07
2019,12,bayesian_information_gain,p426,abrupt,0.015008,0,475.65939999999995,16.666666666666668,5.045639343646333,-5.045639343646333,0.008765688134384999,-0.008765688134384999,6.86291467217881e-05,-6.86291467217881e-05,3.129396149780067e-07,-3.129396149780067e-07
2019,12,bayesian_information_gain,p879,incipient,0.013195,0,3051.8586,90.83333333333333,6.242604254021873,-6.242604254021873,0.004326240483117432,-0.004326240483117432,0.0001877310836926327,-0.0001877310836926327,3.470059583841627e-07,-3.470059583841627e-07
2019,12,D_optimal_rank_reduced,p257,incipient,0.011843,0,2878.9772500000017,14.583333333333334,22.05486644072306,-22.05486644072306,0.018190605974609465,-0.018190605974609465,0.005760695496263235,-0.005760695496263235,9.695748885072773e-08,-9.695748885072773e-08
2019,12,D_optimal_rank_reduced,p427,incipient,0.0090731,0,1589.9484999999995,395.0,5.261939316500232,-5.261939316500232,0.009051276807740339,-0.009051276807740339,5.821794036953154e-05,-5.821794036953154e-05,1.8594784504083865e-07,-1.8594784504083865e-07
2019,12,D_optimal_rank_reduced,p810,incipient,0.010028,0,2596.3120500000005,571.75,9.44115358585011,-9.44115358585011,0.008416704719196774,-0.008416704719196774,1.2752297155582681e-05,-1.2752297155582681e-05,2.2548687657752267e-07,-2.2548687657752267e-07
2019,12,D_optimal_rank_reduced,p654,incipient,0.0087735,0,1604.0649500000002,741.75,5.820847794750078,-5.820847794750078,0.00765943356618998,-0.00765943356618998,2.7095790833264743e-08,-2.7095790833264743e-08,1.4688105671275464e-07,-1.4688105671275464e-07
2019,12,D_optimal_rank_reduced,p523,abrupt,0.020246,1,,,6.874301957112112,-6.874301957112112,0.0059560697191557216,-0.0059560697191557216,5.259577241067959e-06,-5.259577241067959e-06,2.0354904570953382e-07,-2.0354904570953382e-07
2019,12,D_optimal_rank_reduced,p827,abrupt,0.02025,1,,,11.912875663624826,-11.912875663624826,0.009163982110538,-0.009163982110538,0.0006470532113582728,-0.0006470532113582728,2.3834098935839297e-07,-2.3834098935839297e-07
2019,12,D_optimal_rank_reduced,p280,abrupt,0.0095008,0,1324.51495,117.41666666666667,16.60896088940954,-16.60896088940954,0.011493167521416403,-0.011493167521416403,8.723277760580572e-05,-8.723277760580572e-05,1.612238819536898e-07,-1.612238819536898e-07
2019,12,D_optimal_rank_reduced,p653,incipient,0.016035,0,2226.05745,45.833333333333336,5.857301620291606,-5.857301620291606,0.007654835087093204,-0.007654835087093204,1.482340339364896e-08,-1.482340339364896e-08,2.0083638681963946e-07,-2.0083638681963946e-07
2019,12,D_optimal_rank_reduced,p710,abrupt,0.0092936,0,2108.2984500000007,171.66666666666666,6.105683746715504,-6.105683746715504,0.007543212593922488,-0.007543212593922488,3.889252811029031e-06,-3.889252811029031e-06,3.542992941228964e-07,-3.542992941228964e-07
2019,12,D_optimal_rank_reduced,p514,abrupt,0.014979,0,1400.4199,175.91666666666666,5.915039526563327,-5.915039526563327,0.005748425967565935,-0.005748425967565935,2.499137559430764e-05,-2.499137559430764e-05,1.2268431385546647e-07,-1.2268431385546647e-07
2019,12,D_optimal_rank_reduced,p331,abrupt,0.014053,0,773.2968000000001,148.66666666666666,9.634530047213056,-9.634530047213056,0.013479174435921438,-0.013479174435921438,8.226825534141113e-07,-8.226825534141113e-07,2.8579026652448077e-07,-2.8579026652448077e-07
2019,12,D_optimal_rank_reduced,p193,incipient,0.01239,0,315.38125,32.833333333333336,10.036762760152204,-10.036762760152204,0.008417419933188924,-0.008417419933188924,1.796444450963275e-05,-1.796444450963275e-05,3.3070813960586467e-07,-3.3070813960586467e-07
2019,12,D_optimal_rank_reduced,p277,incipient,0.012089,0,219.34995000000004,115.25,15.601531803495089,-15.601531803495089,0.013916040925597502,-0.013916040925597502,9.433177167617046e-06,-9.433177167617046e-06,1.156801315378145e-07,-1.156801315378145e-07
2019,12,D_optimal_rank_reduced,p142,abrupt,0.019857,0,1192.3440000000003,189.25,5.667525016835495,-5.667525016835495,0.007674843385367758,-0.007674843385367758,1.802196918032628e-06,-1.802196918032628e-06,8.678665457409775e-08,-8.678665457409775e-08
2019,12,D_optimal_rank_reduced,p680,abrupt,0.0097197,0,1562.4786000000001,44.5,4.251437263824732,-4.251437263824732,0.007633014762642139,-0.007633014762642139,9.80759917723617e-12,-9.80759917723617e-12,6.727258287481652e-08,-6.727258287481652e-08
2019,12,D_optimal_rank_reduced,p586,incipient,0.017184,0,1798.6328500000006,159.5,10.195539049705118,-10.195539049705118,0.00793250294109017,-0.00793250294109017,0.00022748112346693272,-0.00022748112346693272,2.315449259032838e-07,-2.315449259032838e-07
2019,12,D_optimal_rank_reduced,p721,incipient,0.01408,0,2310.27005,171.41666666666666,6.606119979507082,-6.606119979507082,0.0076371284733935275,-0.0076371284733935275,1.5615824314973992e-05,-1.5615824314973992e-05,2.2127131412194884e-07,-2.2127131412194884e-07
2019,12,D_optimal_rank_reduced,p800,incipient,0.018847,0,406.81284999999997,167.33333333333334,9.23323272012536,-9.23323272012536,0.006071630483025358,-0.006071630483025358,6.595077824966822e-07,-6.595077824966822e-07,2.564859134228181e-07,-2.564859134228181e-07
2019,12,D_optimal_rank_reduced,p123,incipient,0.011906,0,1138.1924000000004,165.66666666666666,5.432471368916977,-5.432471368916977,0.0076404123763300115,-0.0076404123763300115,3.4384628423422825e-06,-3.4384628423422825e-06,1.91234123439525e-07,-1.91234123439525e-07
2019,12,D_optimal_rank_reduced,p455,incipient,0.012722,0,1848.82415,31.416666666666668,11.806630696027696,-11.806630696027696,0.008221474158806932,-0.008221474158806932,0.00020409441011104423,-0.00020409441011104423,2.320266248361585e-07,-2.320266248361585e-07
2019,12,D_optimal_rank_reduced,p762,incipient,0.01519,0,2219.43715,67.5,9.626295220292157,-9.626295220292157,0.008323785527388858,-0.008323785527388858,5.075677971499992e-05,-5.075677971499992e-05,3.873684995609045e-07,-3.873684995609045e-07
2019,12,D_optimal_rank_reduced,p426,abrupt,0.015008,0,603.6552499999999,16.5,5.263230524394721,-5.263230524394721,0.00918065303776765,-0.00918065303776765,4.5585808154391394e-05,-4.5585808154391394e-05,4.2189226023810596e-07,-4.2189226023810596e-07
2019,12,D_optimal_rank_reduced,p879,incipient,0.013195,0,3051.8586,90.83333333333333,6.003504732487906,-6.003504732487906,0.004851010525959729,-0.004851010525959729,0.0005120283730942754,-0.0005120283730942754,5.756541533646065e-07,-5.756541533646065e-07
2019,12,A_optimal_rank_reduced,p257,incipient,0.011843,0,2878.9772500000017,14.583333333333334,22.05486644072306,-22.05486644072306,0.017575831190858378,-0.017575831190858378,0.005361776073458668,-0.005361776073458668,7.074367063181192e-08,-7.074367063181192e-08
2019,12,A_optimal_rank_reduced,p427,incipient,0.0090731,0,1502.7280999999998,378.5833333333333,5.04771002466793,-5.04771002466793,0.008538240912348767,-0.008538240912348767,7.96726200145148e-05,-7.96726200145148e-05,1.265927119110709e-07,-1.265927119110709e-07
2019,12,A_optimal_rank_reduced,p810,incipient,0.010028,0,2436.04945,571.75,9.44115358585011,-9.44115358585011,0.008621988156497357,-0.008621988156497357,1.3151507867403822e-05,-1.3151507867403822e-05,4.5858320628724253e-07,-4.5858320628724253e-07
2019,12,A_optimal_rank_reduced,p654,incipient,0.0087735,0,1588.0517499999996,741.75,6.051224740300737,-6.051224740300737,0.008198500395007267,-0.008198500395007267,3.679223392616393e-08,-3.679223392616393e-08,1.98716098495406e-07,-1.98716098495406e-07
2019,12,A_optimal_rank_reduced,p523,abrupt,0.020246,1,,,6.874301957112112,-6.874301957112112,0.0058455630584993085,-0.0058455630584993085,5.283817218093567e-06,-5.283817218093567e-06,3.426878916710181e-07,-3.426878916710181e-07
2019,12,A_optimal_rank_reduced,p827,abrupt,0.02025,1,,,11.912875663624826,-11.912875663624826,0.00901193406473722,-0.00901193406473722,0.000600339288684193,-0.000600339288684193,5.4259207666663e-07,-5.4259207666663e-07
2019,12,A_optimal_rank_reduced,p280,abrupt,0.0095008,0,2605.473850000001,117.41666666666667,16.60896088940954,-16.60896088940954,0.010422540123387801,-0.010422540123387801,0.00010528544751009505,-0.00010528544751009505,1.752728883171534e-07,-1.752728883171534e-07
2019,12,A_optimal_rank_reduced,p653,incipient,0.016035,0,2226.05745,45.833333333333336,6.100123109268355,-6.100123109268355,0.008203863149832563,-0.008203863149832563,9.883869345195251e-08,-9.883869345195251e-08,2.0138842091678854e-07,-2.0138842091678854e-07
2019,12,A_optimal_rank_reduced,p710,abrupt,0.0092936,0,2057.9638000000004,171.66666666666666,8.200041974011135,-8.200041974011135,0.008964631106471239,-0.008964631106471239,1.3847605008887598e-05,-1.3847605008887598e-05,4.453395350566955e-07,-4.453395350566955e-07
2019,12,A_optimal_rank_reduced,p514,abrupt,0.014979,0,1400.4199,175.91666666666666,5.873922007714732,-5.873922007714732,0.005762541330814642,-0.005762541330814642,2.9760225118802275e-05,-2.9760225118802275e-05,3.1143765094507054e-07,-3.1143765094507054e-07
2019,12,A_optimal_rank_reduced,p331,abrupt,0.014053,0,899.9542,148.16666666666666,9.634530047213056,-9.634530047213056,0.012797557053821752,-0.012797557053821752,1.2516174063836871e-06,-1.2516174063836871e-06,1.6856207961794724e-07,-1.6856207961794724e-07
2019,12,A_optimal_rank_reduced,p193,incipient,0.01239,0,518.68565,32.833333333333336,10.036762760152204,-10.036762760152204,0.008499558894757153,-0.008499558894757153,4.027299515207972e-06,-4.027299515207972e-06,1.981616509440692e-07,-1.981616509440692e-07
2019,12,A_optimal_rank_reduced,p277,incipient,0.012089,0,219.34995000000004,115.25,15.601531803495089,-15.601531803495089,0.013099357454451831,-0.013099357454451831,1.1191167503254995e-05,-1.1191167503254995e-05,6.741604123957136e-08,-6.741604123957136e-08
2019,12,A_optimal_rank_reduced,p142,abrupt,0.019857,0,1860.0354000000002,170.41666666666666,5.8115814679130215,-5.8115814679130215,0.008163035528699195,-0.008163035528699195,4.327619492094925e-06,-4.327619492094925e-06,1.1301284367399311e-07,-1.1301284367399311e-07
2019,12,A_optimal_rank_reduced,p680,abrupt,0.0097197,0,1456.6336000000001,53.416666666666664,9.494245653696941,-9.494245653696941,0.012208365283856697,-0.012208365283856697,8.826905872894031e-11,-8.826905872894031e-11,6.478094342494032e-08,-6.478094342494032e-08
2019,12,A_optimal_rank_reduced,p586,incipient,0.017184,0,1319.5215500000002,15.583333333333334,7.675134167675357,-7.675134167675357,0.007284881681710079,-0.007284881681710079,0.0002178734374429503,-0.0002178734374429503,3.465773002083208e-07,-3.465773002083208e-07
2019,12,A_optimal_rank_reduced,p721,incipient,0.01408,0,1991.5795500000002,27.833333333333332,8.076623682600616,-8.076623682600616,0.008850787640256189,-0.008850787640256189,2.0925763085877236e-05,-2.0925763085877236e-05,1.9464631101898224e-07,-1.9464631101898224e-07
2019,12,A_optimal_rank_reduced,p800,incipient,0.018847,0,2448.95285,17.083333333333332,5.713206684433857,-5.713206684433857,0.005470017094021669,-0.005470017094021669,1.9220252978069396e-07,-1.9220252978069396e-07,3.0159811239588015e-07,-3.0159811239588015e-07
2019,12,A_optimal_rank_reduced,p123,incipient,0.011906,0,738.1697,33.333333333333336,5.617078941212538,-5.617078941212538,0.008086958033272718,-0.008086958033272718,1.3710067831795847e-05,-1.3710067831795847e-05,2.8133968910626334e-07,-2.8133968910626334e-07
2019,12,A_optimal_rank_reduced,p455,incipient,0.012722,0,3052.162950000001,84.66666666666667,11.806630696027696,-11.806630696027696,0.008061817868530153,-0.008061817868530153,0.0002176078634648082,-0.0002176078634648082,2.533506555687827e-07,-2.533506555687827e-07
2019,12,A_optimal_rank_reduced,p762,incipient,0.01519,0,1062.39815,113.5,9.626295220292157,-9.626295220292157,0.008750191087776497,-0.008750191087776497,6.732501342820996e-05,-6.732501342820996e-05,2.741407390695861e-07,-2.741407390695861e-07
2019,12,A_optimal_rank_reduced,p426,abrupt,0.015008,0,1518.8321500000002,63.0,5.045639343646333,-5.045639343646333,0.00856911453353098,-0.00856911453353098,6.537823807173382e-05,-6.537823807173382e-05,2.1252000964592044e-07,-2.1252000964592044e-07
2019,12,A_optimal_rank_reduced,p879,incipient,0.013195,0,317.5642,114.41666666666667,4.768301369250003,-4.768301369250003,0.004670872119643827,-0.004670872119643827,3.115629178707113e-05,-3.115629178707113e-05,1.5491934555423103e-06,-1.5491934555423103e-06
2019,12,E_optimal_rank_reduced,p257,incipient,0.011843,0,1617.10735,14.583333333333334,22.05486644072306,-22.05486644072306,0.017030089580904174,-0.017030089580904174,0.005076703579059871,-0.005076703579059871,7.41373462375907e-08,-7.41373462375907e-08
2019,12,E_optimal_rank_reduced,p427,incipient,0.0090731,0,1483.6390999999999,378.5833333333333,5.04771002466793,-5.04771002466793,0.00825248627807207,-0.00825248627807207,5.8224790184580044e-05,-5.8224790184580044e-05,1.9065384057947023e-07,-1.9065384057947023e-07
2019,12,E_optimal_rank_reduced,p810,incipient,0.010028,0,2451.9358000000007,571.75,9.44115358585011,-9.44115358585011,0.007855317585650792,-0.007855317585650792,1.3557281671738863e-05,-1.3557281671738863e-05,2.0025125223718751e-07,-2.0025125223718751e-07
2019,12,E_optimal_rank_reduced,p654,incipient,0.0087735,0,1188.86395,741.25,6.051224740300737,-6.051224740300737,0.00784542236634453,-0.00784542236634453,2.5488946286955638e-08,-2.5488946286955638e-08,1.6710576551305255e-07,-1.6710576551305255e-07
2019,12,E_optimal_rank_reduced,p523,abrupt,0.020246,1,,,7.891368897416489,-7.891368897416489,0.0066810943397481014,-0.0066810943397481014,2.318107686272164e-05,-2.318107686272164e-05,4.736111362327493e-07,-4.736111362327493e-07
2019,12,E_optimal_rank_reduced,p827,abrupt,0.02025,1,,,11.912875663624826,-11.912875663624826,0.008435869097081251,-0.008435869097081251,0.0006414824851317391,-0.0006414824851317391,1.9171298996456311e-07,-1.9171298996456311e-07
2019,12,E_optimal_rank_reduced,p280,abrupt,0.0095008,0,1324.51495,117.41666666666667,16.26061147507443,-16.26061147507443,0.010199046678830266,-0.010199046678830266,3.167261453107528e-08,-3.167261453107528e-08,8.427945368497899e-08,-8.427945368497899e-08
2019,12,E_optimal_rank_reduced,p653,incipient,0.016035,0,2226.05745,45.833333333333336,6.100123109268355,-6.100123109268355,0.0078546178076742,-0.0078546178076742,9.22351870435989e-08,-9.22351870435989e-08,1.5348775927083815e-07,-1.5348775927083815e-07
2019,12,E_optimal_rank_reduced,p710,abrupt,0.0092936,0,2108.2984500000007,171.66666666666666,6.105683746715504,-6.105683746715504,0.0070439043346307035,-0.0070439043346307035,2.656679850554511e-06,-2.656679850554511e-06,2.020030275720342e-07,-2.020030275720342e-07
2019,12,E_optimal_rank_reduced,p514,abrupt,0.014979,0,254.9842,151.25,7.388844689568748,-7.388844689568748,0.006177338588157221,-0.006177338588157221,0.0003418483439622255,-0.0003418483439622255,5.446309042908334e-08,-5.446309042908334e-08
2019,12,E_optimal_rank_reduced,p331,abrupt,0.014053,0,991.34885,148.16666666666666,9.634530047213056,-9.634530047213056,0.012861396491548806,-0.012861396491548806,7.219299070770901e-07,-7.219299070770901e-07,1.8525489345649275e-07,-1.8525489345649275e-07
2019,12,E_optimal_rank_reduced,p193,incipient,0.01239,0,661.7282500000001,32.833333333333336,10.036762760152204,-10.036762760152204,0.007829753418395372,-0.007829753418395372,4.392253877494312e-06,-4.392253877494312e-06,2.321800370063659e-07,-2.321800370063659e-07
2019,12,E_optimal_rank_reduced,p277,incipient,0.012089,0,219.34995000000004,115.25,15.601531803495089,-15.601531803495089,0.01210142905675609,-0.01210142905675609,9.937960947503655e-07,-9.937960947503655e-07,1.7144568680202285e-07,-1.7144568680202285e-07
2019,12,E_optimal_rank_reduced,p142,abrupt,0.019857,0,1845.5808000000002,170.41666666666666,5.8115814679130215,-5.8115814679130215,0.007804132462468385,-0.007804132462468385,2.158558546905276e-06,-2.158558546905276e-06,3.140347191543484e-07,-3.140347191543484e-07
2019,12,E_optimal_rank_reduced,p680,abrupt,0.0097197,0,2097.3498000000004,21.75,4.085024571545171,-4.085024571545171,0.0071448732383996875,-0.0071448732383996875,7.468470286653428e-12,-7.468470286653428e-12,3.6486391055838e-08,-3.6486391055838e-08
2019,12,E_optimal_rank_reduced,p586,incipient,0.017184,0,1798.6328500000006,159.5,7.675134167675357,-7.675134167675357,0.007386135656622261,-0.007386135656622261,0.0001972111958130629,-0.0001972111958130629,4.733077912570384e-07,-4.733077912570384e-07
2019,12,E_optimal_rank_reduced,p721,incipient,0.01408,0,2310.27005,171.41666666666666,6.606119979507082,-6.606119979507082,0.007133136778824715,-0.007133136778824715,1.5762847889622122e-05,-1.5762847889622122e-05,3.2570560882598113e-07,-3.2570560882598113e-07
2019,12,E_optimal_rank_reduced,p800,incipient,0.018847,0,2871.2795,171.25,5.713206684433857,-5.713206684433857,0.005004953701295858,-0.005004953701295858,2.1787697912500903e-07,-2.1787697912500903e-07,6.301651822590255e-08,-6.301651822590255e-08
2019,12,E_optimal_rank_reduced,p123,incipient,0.011906,0,1032.28285,8.75,5.221383340660256,-5.221383340660256,0.007680807513883187,-0.007680807513883187,5.314766615804878e-06,-5.314766615804878e-06,9.641427175584385e-08,-9.641427175584385e-08
2019,12,E_optimal_rank_reduced,p455,incipient,0.012722,0,3037.708350000001,62.75,11.806630696027696,-11.806630696027696,0.00896100421086283,-0.00896100421086283,0.00031680760053764967,-0.00031680760053764967,2.9875100001460706e-07,-2.9875100001460706e-07
2019,12,E_optimal_rank_reduced,p762,incipient,0.01519,0,1047.9435499999997,91.75,9.626295220292157,-9.626295220292157,0.00779370566476774,-0.00779370566476774,5.404337711634177e-05,-5.404337711634177e-05,2.0516301696988502e-07,-2.0516301696988502e-07
2019,12,E_optimal_rank_reduced,p426,abrupt,0.015008,0,1563.0619500000003,41.25,5.045639343646333,-5.045639343646333,0.008348179210874551,-0.008348179210874551,4.6029055584928535e-05,-4.6029055584928535e-05,1.191373840946083e-07,-1.191373840946083e-07
2019,12,E_optimal_rank_reduced,p879,incipient,0.013195,0,3265.75675,92.41666666666667,4.768301369250003,-4.768301369250003,0.004296460208443258,-0.004296460208443258,2.9074987139887654e-05,-2.9074987139887654e-05,2.630249688089502e-07,-2.630249688089502e-07
2019,12,goal_oriented_oed,p257,incipient,0.011843,0,2878.9772500000017,14.583333333333334,27.113118281151092,-27.113118281151092,0.01700114311186711,-0.01700114311186711,0.004920741878489343,-0.004920741878489343,3.918067874281143e-08,-3.918067874281143e-08
2019,12,goal_oriented_oed,p427,incipient,0.0090731,0,1502.7280999999998,378.5833333333333,4.482236741503616,-4.482236741503616,0.008297966141192218,-0.008297966141192218,1.561520889081791e-05,-1.561520889081791e-05,2.421746080889917e-07,-2.421746080889917e-07
2019,12,goal_oriented_oed,p810,incipient,0.010028,0,924.1155,571.75,9.44115358585011,-9.44115358585011,0.009269727824101794,-0.009269727824101794,1.1465583469760787e-05,-1.1465583469760787e-05,1.9899409338174238e-07,-1.9899409338174238e-07
2019,12,goal_oriented_oed,p654,incipient,0.0087735,0,1482.1199000000001,741.25,7.506284102664712,-7.506284102664712,0.009758539139269074,-0.009758539139269074,0.000563022034721361,-0.000563022034721361,2.1620130536902826e-07,-2.1620130536902826e-07
2019,12,goal_oriented_oed,p523,abrupt,0.020246,1,,,7.5862149299221135,-7.5862149299221135,0.004921075781721904,-0.004921075781721904,2.3787532272834255e-06,-2.3787532272834255e-06,3.4002454408212865e-07,-3.4002454408212865e-07
2019,12,goal_oriented_oed,p827,abrupt,0.02025,1,,,11.912875663624826,-11.912875663624826,0.00961353723244597,-0.00961353723244597,0.000548141384497769,-0.000548141384497769,6.132494616860834e-07,-6.132494616860834e-07
2019,12,goal_oriented_oed,p280,abrupt,0.0095008,0,2605.473850000001,117.41666666666667,31.48530195434981,-31.48530195434981,0.010003538148430429,-0.010003538148430429,0.00011875768845726054,-0.00011875768845726054,8.134713288131496e-08,-8.134713288131496e-08
2019,12,goal_oriented_oed,p653,incipient,0.016035,0,2226.05745,45.833333333333336,7.06431047708378,-7.06431047708378,0.009476374927969574,-0.009476374927969574,0.00021266099517580628,-0.00021266099517580628,2.7863316883353866e-07,-2.7863316883353866e-07
2019,12,goal_oriented_oed,p710,abrupt,0.0092936,0,1279.63005,99.08333333333333,8.200041974011135,-8.200041974011135,0.009465445652582928,-0.009465445652582928,4.231525306785944e-05,-4.231525306785944e-05,2.8546580155601156e-08,-2.8546580155601156e-08
2019,12,goal_oriented_oed,p514,abrupt,0.014979,0,2501.8958000000007,56.083333333333336,6.124548301875368,-6.124548301875368,0.005107867316519302,-0.005107867316519302,7.819229880468015e-06,-7.819229880468015e-06,1.9793067318139984e-07,-1.9793067318139984e-07
2019,12,goal_oriented_oed,p331,abrupt,0.014053,0,731.3057,149.25,3.8975681785626595,-3.8975681785626595,0.00808443614593554,-0.00808443614593554,1.2376397795499372e-08,-1.2376397795499372e-08,1.0440294020834125e-07,-1.0440294020834125e-07
2019,12,goal_oriented_oed,p193,incipient,0.01239,0,518.68565,32.833333333333336,10.036762760152204,-10.036762760152204,0.009109139434563623,-0.009109139434563623,3.5558103275157293e-06,-3.5558103275157293e-06,2.9179624003060915e-07,-2.9179624003060915e-07
2019,12,goal_oriented_oed,p277,incipient,0.012089,0,219.34995000000004,115.25,24.449081227629247,-24.449081227629247,0.012245752789382894,-0.012245752789382894,3.264732444963059e-05,-3.264732444963059e-05,1.8748913395020894e-07,-1.8748913395020894e-07
2019,12,goal_oriented_oed,p142,abrupt,0.019857,0,959.9914,169.0,5.8115814679130215,-5.8115814679130215,0.008808447574737166,-0.008808447574737166,3.202341338104375e-05,-3.202341338104375e-05,1.3059372216222328e-07,-1.3059372216222328e-07
2019,12,goal_oriented_oed,p680,abrupt,0.0097197,0,1672.7355500000003,21.5,9.494245653696941,-9.494245653696941,0.01245686110581042,-0.01245686110581042,9.052947280707713e-11,-9.052947280707713e-11,1.2291189424114337e-07,-1.2291189424114337e-07
2019,12,goal_oriented_oed,p586,incipient,0.017184,0,1741.8482000000006,159.5,5.950477763671628,-5.950477763671628,0.006579713315285255,-0.006579713315285255,2.3929540997613685e-06,-2.3929540997613685e-06,3.6007191599059273e-07,-3.6007191599059273e-07
2019,12,goal_oriented_oed,p721,incipient,0.01408,0,2310.27005,171.41666666666666,8.076623682600616,-8.076623682600616,0.009365950040584279,-0.009365950040584279,2.0866887043613502e-05,-2.0866887043613502e-05,3.5978263222309707e-07,-3.5978263222309707e-07
2019,12,goal_oriented_oed,p800,incipient,0.018847,0,2629.58575,184.41666666666666,5.713206684433857,-5.713206684433857,0.005923561919716254,-0.005923561919716254,1.8403876433925603e-07,-1.8403876433925603e-07,2.0071280366309316e-07,-2.0071280366309316e-07
2019,12,goal_oriented_oed,p123,incipient,0.011906,0,738.1697,32.5,5.217218698278143,-5.217218698278143,0.008009339240864324,-0.008009339240864324,4.044377021950041e-06,-4.044377021950041e-06,3.5272886131735885e-07,-3.5272886131735885e-07
2019,12,goal_oriented_oed,p455,incipient,0.012722,0,3037.708350000001,63.916666666666664,8.804919054494153,-8.804919054494153,0.005138932270399251,-0.005138932270399251,1.5628662024536055e-06,-1.5628662024536055e-06,1.3578110399310724e-07,-1.3578110399310724e-07
2019,12,goal_oriented_oed,p762,incipient,0.01519,0,1047.9435499999997,91.75,9.626295220292157,-9.626295220292157,0.009451095205374845,-0.009451095205374845,5.872267417283972e-05,-5.872267417283972e-05,3.1892791468491387e-07,-3.1892791468491387e-07
2019,12,goal_oriented_oed,p426,abrupt,0.015008,0,988.86115,41.25,4.342224883961349,-4.342224883961349,0.008255659551731371,-0.008255659551731371,1.3477239063197644e-05,-1.3477239063197644e-05,3.3572885173774046e-07,-3.3572885173774046e-07
2019,12,goal_oriented_oed,p879,incipient,0.013195,0,303.1096,112.16666666666667,4.768301369250003,-4.768301369250003,0.005028780423094141,-0.005028780423094141,2.6396473576717483e-05,-2.6396473576717483e-05,9.643007643523514e-07,-9.643007643523514e-07
2019,12,topological_dispersion,p257,incipient,0.011843,0,2878.9772500000017,14.583333333333334,22.05486644072306,-22.05486644072306,0.0181016691298352,-0.0181016691298352,0.005710336607389621,-0.005710336607389621,1.1909966445801793e-07,-1.1909966445801793e-07
2019,12,topological_dispersion,p427,incipient,0.0090731,0,1469.3974000000003,373.25,5.261939316500232,-5.261939316500232,0.009169578758639055,-0.009169578758639055,4.450387342114226e-05,-4.450387342114226e-05,1.907105071172057e-07,-1.907105071172057e-07
2019,12,topological_dispersion,p810,incipient,0.010028,0,3002.20295,574.1666666666666,9.74532019282626,-9.74532019282626,0.006314063422470094,-0.006314063422470094,6.247416004079298e-06,-6.247416004079298e-06,3.054028897801975e-07,-3.054028897801975e-07
2019,12,topological_dispersion,p654,incipient,0.0087735,0,1057.5632499999997,771.5,7.506284102664712,-7.506284102664712,0.00980618686710215,-0.00980618686710215,0.0005600529558773548,-0.0005600529558773548,2.0547233943192027e-07,-2.0547233943192027e-07
2019,12,topological_dispersion,p523,abrupt,0.020246,1,,,7.5862149299221135,-7.5862149299221135,0.005818137359695705,-0.005818137359695705,1.6327141642680232e-05,-1.6327141642680232e-05,1.1337741465436735e-07,-1.1337741465436735e-07
2019,12,topological_dispersion,p827,abrupt,0.02025,1,,,8.506487253655964,-8.506487253655964,0.005924950911109314,-0.005924950911109314,5.100488307929751e-06,-5.100488307929751e-06,3.733286253389791e-07,-3.733286253389791e-07
2019,12,topological_dispersion,p280,abrupt,0.0095008,0,421.8130500000001,143.08333333333334,16.60896088940954,-16.60896088940954,0.011338075913024036,-0.011338075913024036,9.095328791897117e-05,-9.095328791897117e-05,4.977113852910943e-07,-4.977113852910943e-07
2019,12,topological_dispersion,p653,incipient,0.016035,0,1907.36695,122.83333333333333,7.06431047708378,-7.06431047708378,0.009525527210260959,-0.009525527210260959,5.586579581540185e-05,-5.586579581540185e-05,6.402553313123863e-08,-6.402553313123863e-08
2019,12,topological_dispersion,p710,abrupt,0.0092936,0,2108.2984500000007,171.66666666666666,6.3619282021379595,-6.3619282021379595,0.006997191824549399,-0.006997191824549399,3.7368922517933e-05,-3.7368922517933e-05,5.78950417644663e-08,-5.78950417644663e-08
2019,12,topological_dispersion,p514,abrupt,0.014979,0,2501.8958000000007,152.91666666666666,6.124548301875368,-6.124548301875368,0.005874234973841964,-0.005874234973841964,5.5035149677085116e-05,-5.5035149677085116e-05,2.9629102944256004e-07,-2.9629102944256004e-07
2019,12,topological_dispersion,p331,abrupt,0.014053,0,1937.42305,123.16666666666667,9.634530047213056,-9.634530047213056,0.013502720186466328,-0.013502720186466328,6.837547581461934e-07,-6.837547581461934e-07,2.0303758306359827e-07,-2.0303758306359827e-07
2019,12,topological_dispersion,p193,incipient,0.01239,0,377.3545,32.833333333333336,10.504970693578056,-10.504970693578056,0.0062161417743131575,-0.0062161417743131575,1.4235078423574521e-05,-1.4235078423574521e-05,1.4998044511149465e-07,-1.4998044511149465e-07
2019,12,topological_dispersion,p277,incipient,0.012089,0,219.34995000000004,115.25,15.601531803495089,-15.601531803495089,0.013791519831951076,-0.013791519831951076,9.800934462678157e-06,-9.800934462678157e-06,6.5832264826183e-08,-6.5832264826183e-08
2019,12,topological_dispersion,p142,abrupt,0.019857,0,959.9914,169.0,5.8062647622881975,-5.8062647622881975,0.008926149808410326,-0.008926149808410326,2.125256004181786e-05,-2.125256004181786e-05,2.6061339761982027e-07,-2.6061339761982027e-07
2019,12,topological_dispersion,p680,abrupt,0.0097197,0,66.35235,21.75,19.011957520281122,-19.011957520281122,0.007958810226304834,-0.007958810226304834,5.913429598869424e-05,-5.913429598869424e-05,6.18895941061884e-08,-6.18895941061884e-08
2019,12,topological_dispersion,p586,incipient,0.017184,0,1798.6328500000006,159.58333333333334,7.675134167675357,-7.675134167675357,0.0073952791816058105,-0.0073952791816058105,0.00021782455705210424,-0.00021782455705210424,3.1064465364271317e-07,-3.1064465364271317e-07
2019,12,topological_dispersion,p721,incipient,0.01408,0,2310.27005,171.41666666666666,6.628479179152349,-6.628479179152349,0.0069373395533983305,-0.0069373395533983305,8.756803825837878e-06,-8.756803825837878e-06,1.5632511214964518e-07,-1.5632511214964518e-07
2019,12,topological_dispersion,p800,incipient,0.018847,0,529.2630500000001,167.33333333333334,5.479440923605903,-5.479440923605903,0.00420776122244249,-0.00420776122244249,9.207797757593283e-07,-9.207797757593283e-07,1.09250427177764e-07,-1.09250427177764e-07
2019,12,topological_dispersion,p123,incipient,0.011906,0,671.58705,9.833333333333334,5.649747386286099,-5.649747386286099,0.00870989846326133,-0.00870989846326133,7.435767125363313e-06,-7.435767125363313e-06,2.987556577843685e-07,-2.987556577843685e-07
2019,12,topological_dispersion,p455,incipient,0.012722,0,3037.708350000001,58.75,9.355360344620724,-9.355360344620724,0.006801739186649037,-0.006801739186649037,0.00026878072204994385,-0.00026878072204994385,6.466009665616047e-08,-6.466009665616047e-08
2019,12,topological_dispersion,p762,incipient,0.01519,0,1047.9435499999997,91.83333333333333,8.380778811393368,-8.380778811393368,0.0065120937781024905,-0.0065120937781024905,2.2619060640383104e-05,-2.2619060640383104e-05,3.352245870307265e-08,-3.352245870307265e-08
2019,12,topological_dispersion,p426,abrupt,0.015008,0,1244.37145,41.666666666666664,5.263230524394721,-5.263230524394721,0.009285585252308182,-0.009285585252308182,3.5006926563330154e-05,-3.5006926563330154e-05,9.344545672789587e-08,-9.344545672789587e-08
2019,12,topological_dispersion,p879,incipient,0.013195,0,3051.8586,92.66666666666667,9.265597769690137,-9.265597769690137,0.00442486594509612,-0.00442486594509612,3.3886786543479985e-05,-3.3886786543479985e-05,6.415939601050032e-07,-6.415939601050032e-07
2019,12,centrality,p257,incipient,0.011843,0,1598.01835,76.91666666666667,11.103362395040905,-11.103362395040905,0.011532374192549811,-0.011532374192549811,3.6300074057749043e-11,-3.6300074057749043e-11,6.5046098541246e-08,-6.5046098541246e-08
2019,12,centrality,p427,incipient,0.0090731,0,1469.3974000000003,378.5833333333333,5.261939316500232,-5.261939316500232,0.010574315078324155,-0.010574315078324155,7.377159241039877e-05,-7.377159241039877e-05,2.4770418998346743e-07,-2.4770418998346743e-07
2019,12,centrality,p810,incipient,0.010028,0,2740.1567500000006,579.75,7.864371770899421,-7.864371770899421,0.006721896390338205,-0.006721896390338205,5.283239520315064e-07,-5.283239520315064e-07,1.4901564242805558e-07,-1.4901564242805558e-07
2019,12,centrality,p654,incipient,0.0087735,0,916.0675999999997,773.4166666666666,7.506284102664712,-7.506284102664712,0.01131056149755247,-0.01131056149755247,0.0005007388422691994,-0.0005007388422691994,2.554194207221716e-07,-2.554194207221716e-07
2019,12,centrality,p523,abrupt,0.020246,1,,,7.891368897416489,-7.891368897416489,0.0065034117988545794,-0.0065034117988545794,1.0431792479614899e-05,-1.0431792479614899e-05,4.014328128118497e-07,-4.014328128118497e-07
2019,12,centrality,p827,abrupt,0.02025,1,,,7.211170155567571,-7.211170155567571,0.0062809368382546775,-0.0062809368382546775,1.1173832161759378e-06,-1.1173832161759378e-06,1.790462419777345e-07,-1.790462419777345e-07
2019,12,centrality,p280,abrupt,0.0095008,0,1829.74525,146.66666666666666,11.128476587691672,-11.128476587691672,0.01185747028710986,-0.01185747028710986,5.073499287355787e-09,-5.073499287355787e-09,5.280413300358388e-08,-5.280413300358388e-08
2019,12,centrality,p653,incipient,0.016035,0,764.5962500000002,482.3333333333333,7.06431047708378,-7.06431047708378,0.011068947985690409,-0.011068947985690409,0.0001643383261787923,-0.0001643383261787923,9.982596368215955e-08,-9.982596368215955e-08
2019,12,centrality,p710,abrupt,0.0092936,0,908.9525999999998,245.66666666666666,6.3619282021379595,-6.3619282021379595,0.008534954139326506,-0.008534954139326506,3.776866535076806e-07,-3.776866535076806e-07,1.5786554080487923e-07,-1.5786554080487923e-07
2019,12,centrality,p514,abrupt,0.014979,0,1429.1856999999995,211.58333333333334,9.047442336278134,-9.047442336278134,0.0072553215894795835,-0.0072553215894795835,0.00045980686446900343,-0.00045980686446900343,3.502044417775102e-06,-3.502044417775102e-06
2019,12,centrality,p331,abrupt,0.014053,0,893.8907499999999,146.25,5.212861846227596,-5.212861846227596,0.010893605480142338,-0.010893605480142338,2.3886182365373543e-08,-2.3886182365373543e-08,7.728278762874749e-08,-7.728278762874749e-08
2019,12,centrality,p193,incipient,0.01239,0,639.39545,43.916666666666664,7.463906477392181,-7.463906477392181,0.006360899892751532,-0.006360899892751532,4.0050854388518076e-07,-4.0050854388518076e-07,1.1213407759516242e-07,-1.1213407759516242e-07
2019,12,centrality,p277,incipient,0.012089,0,1291.8401999999999,141.91666666666666,11.109585380830476,-11.109585380830476,0.011439123136456173,-0.011439123136456173,2.5039126327897065e-10,-2.5039126327897065e-10,1.8337469241457192e-07,-1.8337469241457192e-07
2019,12,centrality,p142,abrupt,0.019857,0,304.03395,12.75,5.8115814679130215,-5.8115814679130215,0.010511391669648875,-0.010511391669648875,2.6665403976222635e-05,-2.6665403976222635e-05,1.576101020917715e-07,-1.576101020917715e-07
2019,12,centrality,p680,abrupt,0.0097197,0,1439.1918000000003,70.16666666666667,9.494245653696941,-9.494245653696941,0.013172315138743245,-0.013172315138743245,8.59022852850444e-11,-8.59022852850444e-11,1.440939005769339e-07,-1.440939005769339e-07
2019,12,centrality,p586,incipient,0.017184,0,2388.20845,40.5,6.925583547948352,-6.925583547948352,0.008335465913906591,-0.008335465913906591,7.471656966906437e-06,-7.471656966906437e-06,2.1936625344969876e-07,-2.1936625344969876e-07
2019,12,centrality,p721,incipient,0.01408,0,1863.1201499999995,56.583333333333336,6.628479179152349,-6.628479179152349,0.008403583240865188,-0.008403583240865188,4.089633161563633e-06,-4.089633161563633e-06,2.404473081689548e-07,-2.404473081689548e-07
2019,12,centrality,p800,incipient,0.018847,0,2583.96105,47.833333333333336,4.53543913765319,-4.53543913765319,0.004579395478141786,-0.004579395478141786,1.816525452280615e-08,-1.816525452280615e-08,3.421509167287468e-07,-3.421509167287468e-07
2019,12,centrality,p123,incipient,0.011906,0,738.1697,59.166666666666664,5.617078941212538,-5.617078941212538,0.010022748162585367,-0.010022748162585367,1.0820133394151554e-05,-1.0820133394151554e-05,5.981406895445408e-07,-5.981406895445408e-07
2019,12,centrality,p455,incipient,0.012722,0,3052.162950000001,111.58333333333333,8.718756205648662,-8.718756205648662,0.006498458307864656,-0.006498458307864656,2.9801044081456673e-05,-2.9801044081456673e-05,3.29221494194458e-07,-3.29221494194458e-07
2019,12,centrality,p762,incipient,0.01519,0,405.0343500000001,139.5,8.35451254289293,-8.35451254289293,0.007301779859182654,-0.007301779859182654,4.7258486324253113e-07,-4.7258486324253113e-07,7.753350253173163e-08,-7.753350253173163e-08
2019,12,centrality,p426,abrupt,0.015008,0,801.2606499999999,90.58333333333333,5.263230524394721,-5.263230524394721,0.010637040109427688,-0.010637040109427688,6.018181610445428e-05,-6.018181610445428e-05,2.1758436171859007e-07,-2.1758436171859007e-07
2019,12,centrality,p879,incipient,0.013195,0,303.1096,162.83333333333334,3.7888887829175584,-3.7888887829175584,0.0035817182343784535,-0.0035817182343784535,9.974587039329741e-06,-9.974587039329741e-06,1.6611472304971888e-07,-1.6611472304971888e-07
