budget,noise,demand,seed,method,false_forgetting_rate,recall,precision,f1,false_positives,battledim_score_eur
4,0.0,0.0,0,FO,0.08695652173913049,0.9130434782608695,0.525,0.6666666666666667,19,40138.36
4,0.0,0.0,0,D_optimal_bayesian,0.08695652173913049,0.9130434782608695,0.5,0.6461538461538461,21,112267.3
4,0.0,0.0,0,A_optimal_bayesian,0.08695652173913049,0.9130434782608695,0.5,0.6461538461538461,21,112267.3
4,0.0,0.0,0,E_optimal_observable_subspace,0.08695652173913049,0.9130434782608695,0.5,0.6461538461538461,21,110607.91
4,0.0,0.0,0,bayesian_information_gain,0.08695652173913049,0.9130434782608695,0.5,0.6461538461538461,21,112267.3
4,0.0,0.0,0,D_optimal_rank_reduced,0.08695652173913049,0.9130434782608695,0.4772727272727273,0.6268656716417911,23,19962.9
4,0.0,0.0,0,A_optimal_rank_reduced,0.08695652173913049,0.9130434782608695,0.4883720930232558,0.6363636363636364,22,70738.46
4,0.0,0.0,0,E_optimal_rank_reduced,0.08695652173913049,0.9130434782608695,0.4772727272727273,0.6268656716417911,23,133504.25
4,0.0,0.0,0,goal_oriented_oed,0.08695652173913049,0.9130434782608695,0.4772727272727273,0.6268656716417911,23,132775.51
4,0.0,0.0,0,topological_dispersion,0.08695652173913049,0.9130434782608695,0.4883720930232558,0.6363636363636364,22,90713.01
4,0.0,0.0,0,centrality,0.08695652173913049,0.9130434782608695,0.5675675675675675,0.6999999999999998,16,64408.89
4,0.0,0.5,0,FO,0.04347826086956519,0.9565217391304348,0.4888888888888889,0.6470588235294117,23,25235.71
4,0.0,0.5,0,D_optimal_bayesian,0.04347826086956519,0.9565217391304348,0.4888888888888889,0.6470588235294117,23,142713.34
4,0.0,0.5,0,A_optimal_bayesian,0.04347826086956519,0.9565217391304348,0.4888888888888889,0.6470588235294117,23,142713.34
4,0.0,0.5,0,E_optimal_observable_subspace,0.04347826086956519,0.9565217391304348,0.4888888888888889,0.6470588235294117,23,162826.78
4,0.0,0.5,0,bayesian_information_gain,0.04347826086956519,0.9565217391304348,0.4888888888888889,0.6470588235294117,23,142713.34
4,0.0,0.5,0,D_optimal_rank_reduced,0.04347826086956519,0.9565217391304348,0.4583333333333333,0.619718309859155,26,119904.04
4,0.0,0.5,0,A_optimal_rank_reduced,0.04347826086956519,0.9565217391304348,0.5116279069767442,0.6666666666666667,21,73752.38
4,0.0,0.5,0,E_optimal_rank_reduced,0.04347826086956519,0.9565217391304348,0.5,0.6567164179104478,22,118686.66
4,0.0,0.5,0,goal_oriented_oed,0.04347826086956519,0.9565217391304348,0.4782608695652174,0.6376811594202898,24,102736.19
4,0.0,0.5,0,topological_dispersion,0.04347826086956519,0.9565217391304348,0.4888888888888889,0.6470588235294117,23,68189.11
4,0.0,0.5,0,centrality,0.04347826086956519,0.9565217391304348,0.5641025641025641,0.7096774193548387,17,20172.35
4,0.0,0.5,1,FO,0.08695652173913049,0.9130434782608695,0.5,0.6461538461538461,21,51457.18
4,0.0,0.5,1,D_optimal_bayesian,0.04347826086956519,0.9565217391304348,0.46808510638297873,0.6285714285714286,25,101222.08
4,0.0,0.5,1,A_optimal_bayesian,0.04347826086956519,0.9565217391304348,0.46808510638297873,0.6285714285714286,25,101222.08
4,0.0,0.5,1,E_optimal_observable_subspace,0.04347826086956519,0.9565217391304348,0.4782608695652174,0.6376811594202898,24,131240.9
4,0.0,0.5,1,bayesian_information_gain,0.04347826086956519,0.9565217391304348,0.46808510638297873,0.6285714285714286,25,101222.08
4,0.0,0.5,1,D_optimal_rank_reduced,0.04347826086956519,0.9565217391304348,0.46808510638297873,0.6285714285714286,25,89494.16
4,0.0,0.5,1,A_optimal_rank_reduced,0.04347826086956519,0.9565217391304348,0.4782608695652174,0.6376811594202898,24,26174.11
4,0.0,0.5,1,E_optimal_rank_reduced,0.08695652173913049,0.9130434782608695,0.4666666666666667,0.6176470588235294,24,124022.65
4,0.0,0.5,1,goal_oriented_oed,0.04347826086956519,0.9565217391304348,0.4888888888888889,0.6470588235294117,23,125195.98
4,0.0,0.5,1,topological_dispersion,0.04347826086956519,0.9565217391304348,0.4782608695652174,0.6376811594202898,24,54075.88
4,0.0,0.5,1,centrality,0.08695652173913049,0.9130434782608695,0.525,0.6666666666666667,19,13567.72
4,0.0,0.5,2,FO,0.08695652173913049,0.9130434782608695,0.5121951219512195,0.6562499999999999,20,52761.37
4,0.0,0.5,2,D_optimal_bayesian,0.04347826086956519,0.9565217391304348,0.46808510638297873,0.6285714285714286,25,158108.76
4,0.0,0.5,2,A_optimal_bayesian,0.04347826086956519,0.9565217391304348,0.46808510638297873,0.6285714285714286,25,158108.76
4,0.0,0.5,2,E_optimal_observable_subspace,0.04347826086956519,0.9565217391304348,0.4888888888888889,0.6470588235294117,23,121050.58
4,0.0,0.5,2,bayesian_information_gain,0.04347826086956519,0.9565217391304348,0.46808510638297873,0.6285714285714286,25,158108.76
4,0.0,0.5,2,D_optimal_rank_reduced,0.04347826086956519,0.9565217391304348,0.46808510638297873,0.6285714285714286,25,48500.72
4,0.0,0.5,2,A_optimal_rank_reduced,0.08695652173913049,0.9130434782608695,0.4772727272727273,0.6268656716417911,23,73954.62
4,0.0,0.5,2,E_optimal_rank_reduced,0.04347826086956519,0.9565217391304348,0.4888888888888889,0.6470588235294117,23,124118.98
4,0.0,0.5,2,goal_oriented_oed,0.08695652173913049,0.9130434782608695,0.4666666666666667,0.6176470588235294,24,104455.7
4,0.0,0.5,2,topological_dispersion,0.04347826086956519,0.9565217391304348,0.4782608695652174,0.6376811594202898,24,85998.96
4,0.0,0.5,2,centrality,0.04347826086956519,0.9565217391304348,0.5789473684210527,0.721311475409836,16,12847.52
4,0.0,0.5,3,FO,0.04347826086956519,0.9565217391304348,0.5116279069767442,0.6666666666666667,21,71068.58
4,0.0,0.5,3,D_optimal_bayesian,0.04347826086956519,0.9565217391304348,0.46808510638297873,0.6285714285714286,25,144783.82
4,0.0,0.5,3,A_optimal_bayesian,0.04347826086956519,0.9565217391304348,0.46808510638297873,0.6285714285714286,25,144783.82
4,0.0,0.5,3,E_optimal_observable_subspace,0.04347826086956519,0.9565217391304348,0.4782608695652174,0.6376811594202898,24,100413.87
4,0.0,0.5,3,bayesian_information_gain,0.04347826086956519,0.9565217391304348,0.46808510638297873,0.6285714285714286,25,144783.82
4,0.0,0.5,3,D_optimal_rank_reduced,0.08695652173913049,0.9130434782608695,0.45652173913043476,0.608695652173913,25,112342.72
4,0.0,0.5,3,A_optimal_rank_reduced,0.08695652173913049,0.9130434782608695,0.4666666666666667,0.6176470588235294,24,34781.04
4,0.0,0.5,3,E_optimal_rank_reduced,0.04347826086956519,0.9565217391304348,0.4888888888888889,0.6470588235294117,23,133158.67
4,0.0,0.5,3,goal_oriented_oed,0.04347826086956519,0.9565217391304348,0.46808510638297873,0.6285714285714286,25,119666.35
4,0.0,0.5,3,topological_dispersion,0.08695652173913049,0.9130434782608695,0.45652173913043476,0.608695652173913,25,104950.75
4,0.0,0.5,3,centrality,0.08695652173913049,0.9130434782608695,0.5121951219512195,0.6562499999999999,20,15668.01
4,0.0,0.5,4,FO,0.08695652173913049,0.9130434782608695,0.5,0.6461538461538461,21,31461.97
4,0.0,0.5,4,D_optimal_bayesian,0.04347826086956519,0.9565217391304348,0.4782608695652174,0.6376811594202898,24,166392.58
4,0.0,0.5,4,A_optimal_bayesian,0.04347826086956519,0.9565217391304348,0.4782608695652174,0.6376811594202898,24,166392.58
4,0.0,0.5,4,E_optimal_observable_subspace,0.04347826086956519,0.9565217391304348,0.4782608695652174,0.6376811594202898,24,101289.74
4,0.0,0.5,4,bayesian_information_gain,0.04347826086956519,0.9565217391304348,0.4782608695652174,0.6376811594202898,24,166392.58
4,0.0,0.5,4,D_optimal_rank_reduced,0.08695652173913049,0.9130434782608695,0.45652173913043476,0.608695652173913,25,66883.31
4,0.0,0.5,4,A_optimal_rank_reduced,0.08695652173913049,0.9130434782608695,0.4666666666666667,0.6176470588235294,24,54803.9
4,0.0,0.5,4,E_optimal_rank_reduced,0.04347826086956519,0.9565217391304348,0.4888888888888889,0.6470588235294117,23,86188.57
4,0.0,0.5,4,goal_oriented_oed,0.08695652173913049,0.9130434782608695,0.44680851063829785,0.6,26,89517.55
4,0.0,0.5,4,topological_dispersion,0.04347826086956519,0.9565217391304348,0.46808510638297873,0.6285714285714286,25,84370.77
4,0.0,0.5,4,centrality,0.08695652173913049,0.9130434782608695,0.5526315789473685,0.6885245901639344,17,5048.86
4,0.0,1.0,0,FO,0.04347826086956519,0.9565217391304348,0.46808510638297873,0.6285714285714286,25,49908.22
4,0.0,1.0,0,D_optimal_bayesian,0.04347826086956519,0.9565217391304348,0.4583333333333333,0.619718309859155,26,142725.97
4,0.0,1.0,0,A_optimal_bayesian,0.04347826086956519,0.9565217391304348,0.4583333333333333,0.619718309859155,26,142725.97
4,0.0,1.0,0,E_optimal_observable_subspace,0.04347826086956519,0.9565217391304348,0.4489795918367347,0.6111111111111112,27,141461.84
4,0.0,1.0,0,bayesian_information_gain,0.04347826086956519,0.9565217391304348,0.4583333333333333,0.619718309859155,26,142725.97
4,0.0,1.0,0,D_optimal_rank_reduced,0.04347826086956519,0.9565217391304348,0.4489795918367347,0.6111111111111112,27,147446.32
4,0.0,1.0,0,A_optimal_rank_reduced,0.04347826086956519,0.9565217391304348,0.4782608695652174,0.6376811594202898,24,73437.92
4,0.0,1.0,0,E_optimal_rank_reduced,0.04347826086956519,0.9565217391304348,0.4583333333333333,0.619718309859155,26,103293.44
4,0.0,1.0,0,goal_oriented_oed,0.04347826086956519,0.9565217391304348,0.4489795918367347,0.6111111111111112,27,130028.97
4,0.0,1.0,0,topological_dispersion,0.04347826086956519,0.9565217391304348,0.4583333333333333,0.619718309859155,26,107015.87
4,0.0,1.0,0,centrality,0.04347826086956519,0.9565217391304348,0.5,0.6567164179104478,22,11214.76
4,0.0,1.0,1,FO,0.08695652173913049,0.9130434782608695,0.45652173913043476,0.608695652173913,25,87226.9
4,0.0,1.0,1,D_optimal_bayesian,0.04347826086956519,0.9565217391304348,0.46808510638297873,0.6285714285714286,25,145609.49
4,0.0,1.0,1,A_optimal_bayesian,0.04347826086956519,0.9565217391304348,0.46808510638297873,0.6285714285714286,25,145609.49
4,0.0,1.0,1,E_optimal_observable_subspace,0.04347826086956519,0.9565217391304348,0.46808510638297873,0.6285714285714286,25,142811.33
4,0.0,1.0,1,bayesian_information_gain,0.04347826086956519,0.9565217391304348,0.46808510638297873,0.6285714285714286,25,145609.49
4,0.0,1.0,1,D_optimal_rank_reduced,0.04347826086956519,0.9565217391304348,0.46808510638297873,0.6285714285714286,25,96511.15
4,0.0,1.0,1,A_optimal_rank_reduced,0.04347826086956519,0.9565217391304348,0.46808510638297873,0.6285714285714286,25,36718.09
4,0.0,1.0,1,E_optimal_rank_reduced,0.04347826086956519,0.9565217391304348,0.4489795918367347,0.6111111111111112,27,117058.58
4,0.0,1.0,1,goal_oriented_oed,0.04347826086956519,0.9565217391304348,0.46808510638297873,0.6285714285714286,25,130689.64
4,0.0,1.0,1,topological_dispersion,0.04347826086956519,0.9565217391304348,0.4583333333333333,0.619718309859155,26,122894.81
4,0.0,1.0,1,centrality,0.08695652173913049,0.9130434782608695,0.4883720930232558,0.6363636363636364,22,43920.86
4,0.0,1.0,2,FO,0.04347826086956519,0.9565217391304348,0.4888888888888889,0.6470588235294117,23,54223.61
4,0.0,1.0,2,D_optimal_bayesian,0.04347826086956519,0.9565217391304348,0.4489795918367347,0.6111111111111112,27,134395.43
4,0.0,1.0,2,A_optimal_bayesian,0.04347826086956519,0.9565217391304348,0.4489795918367347,0.6111111111111112,27,134395.43
4,0.0,1.0,2,E_optimal_observable_subspace,0.04347826086956519,0.9565217391304348,0.4583333333333333,0.619718309859155,26,152886.14
4,0.0,1.0,2,bayesian_information_gain,0.04347826086956519,0.9565217391304348,0.4489795918367347,0.6111111111111112,27,134395.43
4,0.0,1.0,2,D_optimal_rank_reduced,0.08695652173913049,0.9130434782608695,0.4375,0.5915492957746479,27,37409.7
4,0.0,1.0,2,A_optimal_rank_reduced,0.04347826086956519,0.9565217391304348,0.4888888888888889,0.6470588235294117,23,56334.09
4,0.0,1.0,2,E_optimal_rank_reduced,0.04347826086956519,0.9565217391304348,0.4489795918367347,0.6111111111111112,27,143950.98
4,0.0,1.0,2,goal_oriented_oed,0.04347826086956519,0.9565217391304348,0.4583333333333333,0.619718309859155,26,90026.93
4,0.0,1.0,2,topological_dispersion,0.04347826086956519,0.9565217391304348,0.4583333333333333,0.619718309859155,26,91969.34
4,0.0,1.0,2,centrality,0.08695652173913049,0.9130434782608695,0.5,0.6461538461538461,21,33162.69
4,0.0,1.0,3,FO,0.04347826086956519,0.9565217391304348,0.4583333333333333,0.619718309859155,26,70581.58
4,0.0,1.0,3,D_optimal_bayesian,0.04347826086956519,0.9565217391304348,0.4489795918367347,0.6111111111111112,27,91389.09
4,0.0,1.0,3,A_optimal_bayesian,0.04347826086956519,0.9565217391304348,0.4489795918367347,0.6111111111111112,27,91389.09
4,0.0,1.0,3,E_optimal_observable_subspace,0.04347826086956519,0.9565217391304348,0.4489795918367347,0.6111111111111112,27,110774.96
4,0.0,1.0,3,bayesian_information_gain,0.04347826086956519,0.9565217391304348,0.4489795918367347,0.6111111111111112,27,91389.09
4,0.0,1.0,3,D_optimal_rank_reduced,0.04347826086956519,0.9565217391304348,0.4583333333333333,0.619718309859155,26,79636.27
4,0.0,1.0,3,A_optimal_rank_reduced,0.04347826086956519,0.9565217391304348,0.4583333333333333,0.619718309859155,26,113376.8
4,0.0,1.0,3,E_optimal_rank_reduced,0.04347826086956519,0.9565217391304348,0.4489795918367347,0.6111111111111112,27,132089.73
4,0.0,1.0,3,goal_oriented_oed,0.04347826086956519,0.9565217391304348,0.4583333333333333,0.619718309859155,26,105191.02
4,0.0,1.0,3,topological_dispersion,0.04347826086956519,0.9565217391304348,0.4489795918367347,0.6111111111111112,27,151392.09
4,0.0,1.0,3,centrality,0.04347826086956519,0.9565217391304348,0.4888888888888889,0.6470588235294117,23,10866.57
4,0.0,1.0,4,FO,0.08695652173913049,0.9130434782608695,0.45652173913043476,0.608695652173913,25,30774.12
4,0.0,1.0,4,D_optimal_bayesian,0.04347826086956519,0.9565217391304348,0.4583333333333333,0.619718309859155,26,51389.34
4,0.0,1.0,4,A_optimal_bayesian,0.04347826086956519,0.9565217391304348,0.4583333333333333,0.619718309859155,26,51389.34
4,0.0,1.0,4,E_optimal_observable_subspace,0.04347826086956519,0.9565217391304348,0.46808510638297873,0.6285714285714286,25,82099.43
4,0.0,1.0,4,bayesian_information_gain,0.04347826086956519,0.9565217391304348,0.4583333333333333,0.619718309859155,26,51389.34
4,0.0,1.0,4,D_optimal_rank_reduced,0.04347826086956519,0.9565217391304348,0.4489795918367347,0.6111111111111112,27,111766.56
4,0.0,1.0,4,A_optimal_rank_reduced,0.04347826086956519,0.9565217391304348,0.46808510638297873,0.6285714285714286,25,39837.56
4,0.0,1.0,4,E_optimal_rank_reduced,0.04347826086956519,0.9565217391304348,0.46808510638297873,0.6285714285714286,25,106831.96
4,0.0,1.0,4,goal_oriented_oed,0.04347826086956519,0.9565217391304348,0.4583333333333333,0.619718309859155,26,157574.25
4,0.0,1.0,4,topological_dispersion,0.04347826086956519,0.9565217391304348,0.4583333333333333,0.619718309859155,26,91994.52
4,0.0,1.0,4,centrality,0.08695652173913049,0.9130434782608695,0.4883720930232558,0.6363636363636364,22,34644.76
4,1.0,0.0,0,FO,0.08695652173913049,0.9130434782608695,0.5121951219512195,0.6562499999999999,20,80320.16
4,1.0,0.0,0,D_optimal_bayesian,0.08695652173913049,0.9130434782608695,0.4883720930232558,0.6363636363636364,22,103698.4
4,1.0,0.0,0,A_optimal_bayesian,0.08695652173913049,0.9130434782608695,0.4883720930232558,0.6363636363636364,22,103698.4
4,1.0,0.0,0,E_optimal_observable_subspace,0.08695652173913049,0.9130434782608695,0.5,0.6461538461538461,21,92305.29
4,1.0,0.0,0,bayesian_information_gain,0.08695652173913049,0.9130434782608695,0.4883720930232558,0.6363636363636364,22,103698.4
4,1.0,0.0,0,D_optimal_rank_reduced,0.08695652173913049,0.9130434782608695,0.45652173913043476,0.608695652173913,25,77597.74
4,1.0,0.0,0,A_optimal_rank_reduced,0.08695652173913049,0.9130434782608695,0.4883720930232558,0.6363636363636364,22,6522.31
4,1.0,0.0,0,E_optimal_rank_reduced,0.08695652173913049,0.9130434782608695,0.4772727272727273,0.6268656716417911,23,90357.65
4,1.0,0.0,0,goal_oriented_oed,0.08695652173913049,0.9130434782608695,0.5,0.6461538461538461,21,94011.01
4,1.0,0.0,0,topological_dispersion,0.08695652173913049,0.9130434782608695,0.4883720930232558,0.6363636363636364,22,97450.62
4,1.0,0.0,0,centrality,0.08695652173913049,0.9130434782608695,0.5675675675675675,0.6999999999999998,16,34604.12
4,1.0,0.0,1,FO,0.08695652173913049,0.9130434782608695,0.5121951219512195,0.6562499999999999,20,29979.15
4,1.0,0.0,1,D_optimal_bayesian,0.08695652173913049,0.9130434782608695,0.5,0.6461538461538461,21,132849.05
4,1.0,0.0,1,A_optimal_bayesian,0.08695652173913049,0.9130434782608695,0.5,0.6461538461538461,21,132849.05
4,1.0,0.0,1,E_optimal_observable_subspace,0.08695652173913049,0.9130434782608695,0.5121951219512195,0.6562499999999999,20,72191.52
4,1.0,0.0,1,bayesian_information_gain,0.08695652173913049,0.9130434782608695,0.5,0.6461538461538461,21,132849.05
4,1.0,0.0,1,D_optimal_rank_reduced,0.08695652173913049,0.9130434782608695,0.4772727272727273,0.6268656716417911,23,127836.76
4,1.0,0.0,1,A_optimal_rank_reduced,0.08695652173913049,0.9130434782608695,0.5121951219512195,0.6562499999999999,20,69943.61
4,1.0,0.0,1,E_optimal_rank_reduced,0.04347826086956519,0.9565217391304348,0.4782608695652174,0.6376811594202898,24,112499.47
4,1.0,0.0,1,goal_oriented_oed,0.08695652173913049,0.9130434782608695,0.4883720930232558,0.6363636363636364,22,115242.91
4,1.0,0.0,1,topological_dispersion,0.08695652173913049,0.9130434782608695,0.4883720930232558,0.6363636363636364,22,94020.33
4,1.0,0.0,1,centrality,0.08695652173913049,0.9130434782608695,0.5833333333333334,0.7118644067796611,15,28932.76
4,1.0,0.0,2,FO,0.08695652173913049,0.9130434782608695,0.525,0.6666666666666667,19,64948.92
4,1.0,0.0,2,D_optimal_bayesian,0.08695652173913049,0.9130434782608695,0.5121951219512195,0.6562499999999999,20,113312.12
4,1.0,0.0,2,A_optimal_bayesian,0.08695652173913049,0.9130434782608695,0.5121951219512195,0.6562499999999999,20,113312.12
4,1.0,0.0,2,E_optimal_observable_subspace,0.08695652173913049,0.9130434782608695,0.5121951219512195,0.6562499999999999,20,60258.56
4,1.0,0.0,2,bayesian_information_gain,0.08695652173913049,0.9130434782608695,0.5121951219512195,0.6562499999999999,20,113312.12
4,1.0,0.0,2,D_optimal_rank_reduced,0.08695652173913049,0.9130434782608695,0.4666666666666667,0.6176470588235294,24,91316.41
4,1.0,0.0,2,A_optimal_rank_reduced,0.08695652173913049,0.9130434782608695,0.525,0.6666666666666667,19,107976.32
4,1.0,0.0,2,E_optimal_rank_reduced,0.08695652173913049,0.9130434782608695,0.4883720930232558,0.6363636363636364,22,104475.97
4,1.0,0.0,2,goal_oriented_oed,0.08695652173913049,0.9130434782608695,0.5121951219512195,0.6562499999999999,20,107697.16
4,1.0,0.0,2,topological_dispersion,0.08695652173913049,0.9130434782608695,0.4883720930232558,0.6363636363636364,22,91141.69
4,1.0,0.0,2,centrality,0.08695652173913049,0.9130434782608695,0.5675675675675675,0.6999999999999998,16,19899.39
4,1.0,0.0,3,FO,0.08695652173913049,0.9130434782608695,0.525,0.6666666666666667,19,27868.82
4,1.0,0.0,3,D_optimal_bayesian,0.04347826086956519,0.9565217391304348,0.5116279069767442,0.6666666666666667,21,113797.02
4,1.0,0.0,3,A_optimal_bayesian,0.04347826086956519,0.9565217391304348,0.5116279069767442,0.6666666666666667,21,113797.02
4,1.0,0.0,3,E_optimal_observable_subspace,0.04347826086956519,0.9565217391304348,0.5238095238095238,0.6769230769230768,20,102773.97
4,1.0,0.0,3,bayesian_information_gain,0.04347826086956519,0.9565217391304348,0.5116279069767442,0.6666666666666667,21,113797.02
4,1.0,0.0,3,D_optimal_rank_reduced,0.08695652173913049,0.9130434782608695,0.45652173913043476,0.608695652173913,25,113068.52
4,1.0,0.0,3,A_optimal_rank_reduced,0.08695652173913049,0.9130434782608695,0.4883720930232558,0.6363636363636364,22,35856.83
4,1.0,0.0,3,E_optimal_rank_reduced,0.04347826086956519,0.9565217391304348,0.4888888888888889,0.6470588235294117,23,103739.64
4,1.0,0.0,3,goal_oriented_oed,0.08695652173913049,0.9130434782608695,0.4772727272727273,0.6268656716417911,23,136926.42
4,1.0,0.0,3,topological_dispersion,0.04347826086956519,0.9565217391304348,0.4888888888888889,0.6470588235294117,23,62804.97
4,1.0,0.0,3,centrality,0.08695652173913049,0.9130434782608695,0.5675675675675675,0.6999999999999998,16,49395.02
4,1.0,0.0,4,FO,0.08695652173913049,0.9130434782608695,0.5384615384615384,0.6774193548387096,18,32467.3
4,1.0,0.0,4,D_optimal_bayesian,0.08695652173913049,0.9130434782608695,0.4883720930232558,0.6363636363636364,22,84471.45
4,1.0,0.0,4,A_optimal_bayesian,0.08695652173913049,0.9130434782608695,0.4883720930232558,0.6363636363636364,22,84471.45
4,1.0,0.0,4,E_optimal_observable_subspace,0.08695652173913049,0.9130434782608695,0.5121951219512195,0.6562499999999999,20,91979.19
4,1.0,0.0,4,bayesian_information_gain,0.08695652173913049,0.9130434782608695,0.4883720930232558,0.6363636363636364,22,84471.45
4,1.0,0.0,4,D_optimal_rank_reduced,0.08695652173913049,0.9130434782608695,0.44680851063829785,0.6,26,45404.88
4,1.0,0.0,4,A_optimal_rank_reduced,0.08695652173913049,0.9130434782608695,0.5,0.6461538461538461,21,33646.47
4,1.0,0.0,4,E_optimal_rank_reduced,0.04347826086956519,0.9565217391304348,0.4888888888888889,0.6470588235294117,23,83508.17
4,1.0,0.0,4,goal_oriented_oed,0.08695652173913049,0.9130434782608695,0.4772727272727273,0.6268656716417911,23,128991.79
4,1.0,0.0,4,topological_dispersion,0.08695652173913049,0.9130434782608695,0.4772727272727273,0.6268656716417911,23,117176.89
4,1.0,0.0,4,centrality,0.08695652173913049,0.9130434782608695,0.5384615384615384,0.6774193548387096,18,22372.93
4,1.0,0.5,0,FO,0.08695652173913049,0.9130434782608695,0.4883720930232558,0.6363636363636364,22,36100.09
4,1.0,0.5,0,D_optimal_bayesian,0.04347826086956519,0.9565217391304348,0.46808510638297873,0.6285714285714286,25,64811.86
4,1.0,0.5,0,A_optimal_bayesian,0.04347826086956519,0.9565217391304348,0.46808510638297873,0.6285714285714286,25,64811.86
4,1.0,0.5,0,E_optimal_observable_subspace,0.04347826086956519,0.9565217391304348,0.4782608695652174,0.6376811594202898,24,113856.81
4,1.0,0.5,0,bayesian_information_gain,0.04347826086956519,0.9565217391304348,0.46808510638297873,0.6285714285714286,25,64811.86
4,1.0,0.5,0,D_optimal_rank_reduced,0.08695652173913049,0.9130434782608695,0.44680851063829785,0.6,26,75843.66
4,1.0,0.5,0,A_optimal_rank_reduced,0.08695652173913049,0.9130434782608695,0.4666666666666667,0.6176470588235294,24,21322.87
4,1.0,0.5,0,E_optimal_rank_reduced,0.08695652173913049,0.9130434782608695,0.44680851063829785,0.6,26,138649.55
4,1.0,0.5,0,goal_oriented_oed,0.08695652173913049,0.9130434782608695,0.45652173913043476,0.608695652173913,25,147436.31
4,1.0,0.5,0,topological_dispersion,0.08695652173913049,0.9130434782608695,0.45652173913043476,0.608695652173913,25,99493.35
4,1.0,0.5,0,centrality,0.08695652173913049,0.9130434782608695,0.5121951219512195,0.6562499999999999,20,21789.68
4,1.0,0.5,1,FO,0.08695652173913049,0.9130434782608695,0.5,0.6461538461538461,21,28818.5
4,1.0,0.5,1,D_optimal_bayesian,0.08695652173913049,0.9130434782608695,0.45652173913043476,0.608695652173913,25,168881.58
4,1.0,0.5,1,A_optimal_bayesian,0.08695652173913049,0.9130434782608695,0.45652173913043476,0.608695652173913,25,168881.58
4,1.0,0.5,1,E_optimal_observable_subspace,0.08695652173913049,0.9130434782608695,0.4666666666666667,0.6176470588235294,24,123769.5
4,1.0,0.5,1,bayesian_information_gain,0.08695652173913049,0.9130434782608695,0.45652173913043476,0.608695652173913,25,168881.58
4,1.0,0.5,1,D_optimal_rank_reduced,0.08695652173913049,0.9130434782608695,0.45652173913043476,0.608695652173913,25,70267.73
4,1.0,0.5,1,A_optimal_rank_reduced,0.04347826086956519,0.9565217391304348,0.5,0.6567164179104478,22,63968.18
4,1.0,0.5,1,E_optimal_rank_reduced,0.04347826086956519,0.9565217391304348,0.4782608695652174,0.6376811594202898,24,102034.37
4,1.0,0.5,1,goal_oriented_oed,0.08695652173913049,0.9130434782608695,0.4666666666666667,0.6176470588235294,24,120294.93
4,1.0,0.5,1,topological_dispersion,0.04347826086956519,0.9565217391304348,0.4888888888888889,0.6470588235294117,23,109122.8
4,1.0,0.5,1,centrality,0.08695652173913049,0.9130434782608695,0.525,0.6666666666666667,19,5464.9
4,1.0,0.5,2,FO,0.08695652173913049,0.9130434782608695,0.5,0.6461538461538461,21,9129.06
4,1.0,0.5,2,D_optimal_bayesian,0.08695652173913049,0.9130434782608695,0.45652173913043476,0.608695652173913,25,102617.55
4,1.0,0.5,2,A_optimal_bayesian,0.08695652173913049,0.9130434782608695,0.45652173913043476,0.608695652173913,25,102617.55
4,1.0,0.5,2,E_optimal_observable_subspace,0.08695652173913049,0.9130434782608695,0.4772727272727273,0.6268656716417911,23,90101.23
4,1.0,0.5,2,bayesian_information_gain,0.08695652173913049,0.9130434782608695,0.45652173913043476,0.608695652173913,25,102617.55
4,1.0,0.5,2,D_optimal_rank_reduced,0.08695652173913049,0.9130434782608695,0.44680851063829785,0.6,26,52837.7
4,1.0,0.5,2,A_optimal_rank_reduced,0.08695652173913049,0.9130434782608695,0.4666666666666667,0.6176470588235294,24,31326.26
4,1.0,0.5,2,E_optimal_rank_reduced,0.08695652173913049,0.9130434782608695,0.4666666666666667,0.6176470588235294,24,86694.22
4,1.0,0.5,2,goal_oriented_oed,0.08695652173913049,0.9130434782608695,0.45652173913043476,0.608695652173913,25,90652.45
4,1.0,0.5,2,topological_dispersion,0.08695652173913049,0.9130434782608695,0.4666666666666667,0.6176470588235294,24,115791.91
4,1.0,0.5,2,centrality,0.08695652173913049,0.9130434782608695,0.5526315789473685,0.6885245901639344,17,60042.9
4,1.0,0.5,3,FO,0.08695652173913049,0.9130434782608695,0.5,0.6461538461538461,21,42080.58
4,1.0,0.5,3,D_optimal_bayesian,0.04347826086956519,0.9565217391304348,0.4782608695652174,0.6376811594202898,24,57886.34
4,1.0,0.5,3,A_optimal_bayesian,0.04347826086956519,0.9565217391304348,0.4782608695652174,0.6376811594202898,24,57886.34
4,1.0,0.5,3,E_optimal_observable_subspace,0.04347826086956519,0.9565217391304348,0.5238095238095238,0.6769230769230768,20,173477.5
4,1.0,0.5,3,bayesian_information_gain,0.04347826086956519,0.9565217391304348,0.4782608695652174,0.6376811594202898,24,57886.34
4,1.0,0.5,3,D_optimal_rank_reduced,0.04347826086956519,0.9565217391304348,0.4583333333333333,0.619718309859155,26,88838.14
4,1.0,0.5,3,A_optimal_rank_reduced,0.08695652173913049,0.9130434782608695,0.4666666666666667,0.6176470588235294,24,54969.18
4,1.0,0.5,3,E_optimal_rank_reduced,0.08695652173913049,0.9130434782608695,0.4666666666666667,0.6176470588235294,24,122951.8
4,1.0,0.5,3,goal_oriented_oed,0.08695652173913049,0.9130434782608695,0.44680851063829785,0.6,26,99090.21
4,1.0,0.5,3,topological_dispersion,0.08695652173913049,0.9130434782608695,0.4883720930232558,0.6363636363636364,22,72021.61
4,1.0,0.5,3,centrality,0.08695652173913049,0.9130434782608695,0.5384615384615384,0.6774193548387096,18,10995.36
4,1.0,0.5,4,FO,0.08695652173913049,0.9130434782608695,0.5121951219512195,0.6562499999999999,20,48985.5
4,1.0,0.5,4,D_optimal_bayesian,0.04347826086956519,0.9565217391304348,0.4782608695652174,0.6376811594202898,24,91071.95
4,1.0,0.5,4,A_optimal_bayesian,0.04347826086956519,0.9565217391304348,0.4782608695652174,0.6376811594202898,24,91071.95
4,1.0,0.5,4,E_optimal_observable_subspace,0.08695652173913049,0.9130434782608695,0.4666666666666667,0.6176470588235294,24,97785.46
4,1.0,0.5,4,bayesian_information_gain,0.04347826086956519,0.9565217391304348,0.4782608695652174,0.6376811594202898,24,91071.95
4,1.0,0.5,4,D_optimal_rank_reduced,0.08695652173913049,0.9130434782608695,0.4666666666666667,0.6176470588235294,24,83200.67
4,1.0,0.5,4,A_optimal_rank_reduced,0.08695652173913049,0.9130434782608695,0.4772727272727273,0.6268656716417911,23,68401.26
4,1.0,0.5,4,E_optimal_rank_reduced,0.04347826086956519,0.9565217391304348,0.4782608695652174,0.6376811594202898,24,119496.31
4,1.0,0.5,4,goal_oriented_oed,0.08695652173913049,0.9130434782608695,0.4666666666666667,0.6176470588235294,24,97122.65
4,1.0,0.5,4,topological_dispersion,0.04347826086956519,0.9565217391304348,0.4782608695652174,0.6376811594202898,24,125305.45
4,1.0,0.5,4,centrality,0.08695652173913049,0.9130434782608695,0.5384615384615384,0.6774193548387096,18,24535.48
4,1.0,1.0,0,FO,0.08695652173913049,0.9130434782608695,0.44680851063829785,0.6,26,79880.5
4,1.0,1.0,0,D_optimal_bayesian,0.04347826086956519,0.9565217391304348,0.4489795918367347,0.6111111111111112,27,99189.9
4,1.0,1.0,0,A_optimal_bayesian,0.04347826086956519,0.9565217391304348,0.4489795918367347,0.6111111111111112,27,99189.9
4,1.0,1.0,0,E_optimal_observable_subspace,0.04347826086956519,0.9565217391304348,0.4489795918367347,0.6111111111111112,27,145772.54
4,1.0,1.0,0,bayesian_information_gain,0.04347826086956519,0.9565217391304348,0.4489795918367347,0.6111111111111112,27,99189.9
4,1.0,1.0,0,D_optimal_rank_reduced,0.04347826086956519,0.9565217391304348,0.4489795918367347,0.6111111111111112,27,54356.63
4,1.0,1.0,0,A_optimal_rank_reduced,0.04347826086956519,0.9565217391304348,0.46808510638297873,0.6285714285714286,25,33422.96
4,1.0,1.0,0,E_optimal_rank_reduced,0.04347826086956519,0.9565217391304348,0.4489795918367347,0.6111111111111112,27,132416.52
4,1.0,1.0,0,goal_oriented_oed,0.04347826086956519,0.9565217391304348,0.4489795918367347,0.6111111111111112,27,109141.97
4,1.0,1.0,0,topological_dispersion,0.04347826086956519,0.9565217391304348,0.4583333333333333,0.619718309859155,26,80918.7
4,1.0,1.0,0,centrality,0.08695652173913049,0.9130434782608695,0.4772727272727273,0.6268656716417911,23,29777.33
4,1.0,1.0,1,FO,0.04347826086956519,0.9565217391304348,0.46808510638297873,0.6285714285714286,25,4469.08
4,1.0,1.0,1,D_optimal_bayesian,0.04347826086956519,0.9565217391304348,0.46808510638297873,0.6285714285714286,25,114604.89
4,1.0,1.0,1,A_optimal_bayesian,0.04347826086956519,0.9565217391304348,0.46808510638297873,0.6285714285714286,25,114604.89
4,1.0,1.0,1,E_optimal_observable_subspace,0.04347826086956519,0.9565217391304348,0.4583333333333333,0.619718309859155,26,148776.53
4,1.0,1.0,1,bayesian_information_gain,0.04347826086956519,0.9565217391304348,0.46808510638297873,0.6285714285714286,25,114604.89
4,1.0,1.0,1,D_optimal_rank_reduced,0.08695652173913049,0.9130434782608695,0.45652173913043476,0.608695652173913,25,127460.95
4,1.0,1.0,1,A_optimal_rank_reduced,0.04347826086956519,0.9565217391304348,0.4583333333333333,0.619718309859155,26,58727.63
4,1.0,1.0,1,E_optimal_rank_reduced,0.04347826086956519,0.9565217391304348,0.4489795918367347,0.6111111111111112,27,133535.89
4,1.0,1.0,1,goal_oriented_oed,0.08695652173913049,0.9130434782608695,0.4375,0.5915492957746479,27,128976.45
4,1.0,1.0,1,topological_dispersion,0.04347826086956519,0.9565217391304348,0.4583333333333333,0.619718309859155,26,120033.84
4,1.0,1.0,1,centrality,0.08695652173913049,0.9130434782608695,0.4883720930232558,0.6363636363636364,22,-8237.09
4,1.0,1.0,2,FO,0.08695652173913049,0.9130434782608695,0.45652173913043476,0.608695652173913,25,29909.11
4,1.0,1.0,2,D_optimal_bayesian,0.08695652173913049,0.9130434782608695,0.4375,0.5915492957746479,27,132352.96
4,1.0,1.0,2,A_optimal_bayesian,0.08695652173913049,0.9130434782608695,0.4375,0.5915492957746479,27,132352.96
4,1.0,1.0,2,E_optimal_observable_subspace,0.08695652173913049,0.9130434782608695,0.4375,0.5915492957746479,27,133768.72
4,1.0,1.0,2,bayesian_information_gain,0.08695652173913049,0.9130434782608695,0.4375,0.5915492957746479,27,132352.96
4,1.0,1.0,2,D_optimal_rank_reduced,0.08695652173913049,0.9130434782608695,0.4375,0.5915492957746479,27,73895.64
4,1.0,1.0,2,A_optimal_rank_reduced,0.04347826086956519,0.9565217391304348,0.46808510638297873,0.6285714285714286,25,50317.86
4,1.0,1.0,2,E_optimal_rank_reduced,0.04347826086956519,0.9565217391304348,0.4489795918367347,0.6111111111111112,27,101737.82
4,1.0,1.0,2,goal_oriented_oed,0.04347826086956519,0.9565217391304348,0.4489795918367347,0.6111111111111112,27,83397.14
4,1.0,1.0,2,topological_dispersion,0.08695652173913049,0.9130434782608695,0.4375,0.5915492957746479,27,63400.97
4,1.0,1.0,2,centrality,0.08695652173913049,0.9130434782608695,0.4666666666666667,0.6176470588235294,24,84306.65
4,1.0,1.0,3,FO,0.04347826086956519,0.9565217391304348,0.46808510638297873,0.6285714285714286,25,60750.17
4,1.0,1.0,3,D_optimal_bayesian,0.04347826086956519,0.9565217391304348,0.46808510638297873,0.6285714285714286,25,147775.77
4,1.0,1.0,3,A_optimal_bayesian,0.04347826086956519,0.9565217391304348,0.46808510638297873,0.6285714285714286,25,147775.77
4,1.0,1.0,3,E_optimal_observable_subspace,0.04347826086956519,0.9565217391304348,0.4583333333333333,0.619718309859155,26,144242.1
4,1.0,1.0,3,bayesian_information_gain,0.04347826086956519,0.9565217391304348,0.46808510638297873,0.6285714285714286,25,147775.77
4,1.0,1.0,3,D_optimal_rank_reduced,0.04347826086956519,0.9565217391304348,0.4489795918367347,0.6111111111111112,27,66882.62
4,1.0,1.0,3,A_optimal_rank_reduced,0.04347826086956519,0.9565217391304348,0.46808510638297873,0.6285714285714286,25,56587.9
4,1.0,1.0,3,E_optimal_rank_reduced,0.04347826086956519,0.9565217391304348,0.4489795918367347,0.6111111111111112,27,113509.67
4,1.0,1.0,3,goal_oriented_oed,0.04347826086956519,0.9565217391304348,0.4489795918367347,0.6111111111111112,27,110977.55
4,1.0,1.0,3,topological_dispersion,0.04347826086956519,0.9565217391304348,0.46808510638297873,0.6285714285714286,25,94943.74
4,1.0,1.0,3,centrality,0.08695652173913049,0.9130434782608695,0.4772727272727273,0.6268656716417911,23,71145.62
4,1.0,1.0,4,FO,0.08695652173913049,0.9130434782608695,0.44680851063829785,0.6,26,11962.35
4,1.0,1.0,4,D_optimal_bayesian,0.04347826086956519,0.9565217391304348,0.4489795918367347,0.6111111111111112,27,184363.19
4,1.0,1.0,4,A_optimal_bayesian,0.04347826086956519,0.9565217391304348,0.4489795918367347,0.6111111111111112,27,184363.19
4,1.0,1.0,4,E_optimal_observable_subspace,0.04347826086956519,0.9565217391304348,0.4489795918367347,0.6111111111111112,27,94172.48
4,1.0,1.0,4,bayesian_information_gain,0.04347826086956519,0.9565217391304348,0.4489795918367347,0.6111111111111112,27,184363.19
4,1.0,1.0,4,D_optimal_rank_reduced,0.04347826086956519,0.9565217391304348,0.4583333333333333,0.619718309859155,26,51890.5
4,1.0,1.0,4,A_optimal_rank_reduced,0.04347826086956519,0.9565217391304348,0.46808510638297873,0.6285714285714286,25,85941.78
4,1.0,1.0,4,E_optimal_rank_reduced,0.04347826086956519,0.9565217391304348,0.4583333333333333,0.619718309859155,26,107458.13
4,1.0,1.0,4,goal_oriented_oed,0.08695652173913049,0.9130434782608695,0.4375,0.5915492957746479,27,101869.89
4,1.0,1.0,4,topological_dispersion,0.04347826086956519,0.9565217391304348,0.4583333333333333,0.619718309859155,26,133088.8
4,1.0,1.0,4,centrality,0.08695652173913049,0.9130434782608695,0.4883720930232558,0.6363636363636364,22,10821.37
4,2.0,0.0,0,FO,0.08695652173913049,0.9130434782608695,0.525,0.6666666666666667,19,43250.07
4,2.0,0.0,0,D_optimal_bayesian,0.08695652173913049,0.9130434782608695,0.4666666666666667,0.6176470588235294,24,128142.86
4,2.0,0.0,0,A_optimal_bayesian,0.08695652173913049,0.9130434782608695,0.4666666666666667,0.6176470588235294,24,128142.86
4,2.0,0.0,0,E_optimal_observable_subspace,0.08695652173913049,0.9130434782608695,0.4883720930232558,0.6363636363636364,22,96713.13
4,2.0,0.0,0,bayesian_information_gain,0.08695652173913049,0.9130434782608695,0.4666666666666667,0.6176470588235294,24,128142.86
4,2.0,0.0,0,D_optimal_rank_reduced,0.08695652173913049,0.9130434782608695,0.45652173913043476,0.608695652173913,25,86746.22
4,2.0,0.0,0,A_optimal_rank_reduced,0.08695652173913049,0.9130434782608695,0.4883720930232558,0.6363636363636364,22,24609.09
4,2.0,0.0,0,E_optimal_rank_reduced,0.08695652173913049,0.9130434782608695,0.45652173913043476,0.608695652173913,25,125874.78
4,2.0,0.0,0,goal_oriented_oed,0.08695652173913049,0.9130434782608695,0.4772727272727273,0.6268656716417911,23,98041.96
4,2.0,0.0,0,topological_dispersion,0.08695652173913049,0.9130434782608695,0.4883720930232558,0.6363636363636364,22,90980.17
4,2.0,0.0,0,centrality,0.08695652173913049,0.9130434782608695,0.5675675675675675,0.6999999999999998,16,26362.44
4,2.0,0.0,1,FO,0.08695652173913049,0.9130434782608695,0.5121951219512195,0.6562499999999999,20,57300.9
4,2.0,0.0,1,D_optimal_bayesian,0.08695652173913049,0.9130434782608695,0.5,0.6461538461538461,21,93240.83
4,2.0,0.0,1,A_optimal_bayesian,0.08695652173913049,0.9130434782608695,0.5,0.6461538461538461,21,93240.83
4,2.0,0.0,1,E_optimal_observable_subspace,0.08695652173913049,0.9130434782608695,0.5384615384615384,0.6774193548387096,18,134832.35
4,2.0,0.0,1,bayesian_information_gain,0.08695652173913049,0.9130434782608695,0.5,0.6461538461538461,21,93240.83
4,2.0,0.0,1,D_optimal_rank_reduced,0.08695652173913049,0.9130434782608695,0.4666666666666667,0.6176470588235294,24,142630.87
4,2.0,0.0,1,A_optimal_rank_reduced,0.08695652173913049,0.9130434782608695,0.5121951219512195,0.6562499999999999,20,52917.52
4,2.0,0.0,1,E_optimal_rank_reduced,0.08695652173913049,0.9130434782608695,0.4772727272727273,0.6268656716417911,23,76141.35
4,2.0,0.0,1,goal_oriented_oed,0.08695652173913049,0.9130434782608695,0.4883720930232558,0.6363636363636364,22,120368.69
4,2.0,0.0,1,topological_dispersion,0.08695652173913049,0.9130434782608695,0.4883720930232558,0.6363636363636364,22,95376.48
4,2.0,0.0,1,centrality,0.08695652173913049,0.9130434782608695,0.525,0.6666666666666667,19,17768.53
4,2.0,0.0,2,FO,0.08695652173913049,0.9130434782608695,0.525,0.6666666666666667,19,31659.63
4,2.0,0.0,2,D_optimal_bayesian,0.04347826086956519,0.9565217391304348,0.5,0.6567164179104478,22,130830.74
4,2.0,0.0,2,A_optimal_bayesian,0.04347826086956519,0.9565217391304348,0.5,0.6567164179104478,22,130830.74
4,2.0,0.0,2,E_optimal_observable_subspace,0.08695652173913049,0.9130434782608695,0.525,0.6666666666666667,19,88909.36
4,2.0,0.0,2,bayesian_information_gain,0.04347826086956519,0.9565217391304348,0.5,0.6567164179104478,22,130830.74
4,2.0,0.0,2,D_optimal_rank_reduced,0.08695652173913049,0.9130434782608695,0.4772727272727273,0.6268656716417911,23,64661.33
4,2.0,0.0,2,A_optimal_rank_reduced,0.08695652173913049,0.9130434782608695,0.525,0.6666666666666667,19,50572.03
4,2.0,0.0,2,E_optimal_rank_reduced,0.08695652173913049,0.9130434782608695,0.4883720930232558,0.6363636363636364,22,139658.38
4,2.0,0.0,2,goal_oriented_oed,0.08695652173913049,0.9130434782608695,0.4772727272727273,0.6268656716417911,23,115200.43
4,2.0,0.0,2,topological_dispersion,0.08695652173913049,0.9130434782608695,0.5,0.6461538461538461,21,77235.99
4,2.0,0.0,2,centrality,0.08695652173913049,0.9130434782608695,0.5675675675675675,0.6999999999999998,16,20217.26
4,2.0,0.0,3,FO,0.08695652173913049,0.9130434782608695,0.5,0.6461538461538461,21,43717.17
4,2.0,0.0,3,D_optimal_bayesian,0.08695652173913049,0.9130434782608695,0.5,0.6461538461538461,21,112395.48
4,2.0,0.0,3,A_optimal_bayesian,0.08695652173913049,0.9130434782608695,0.5,0.6461538461538461,21,112395.48
4,2.0,0.0,3,E_optimal_observable_subspace,0.08695652173913049,0.9130434782608695,0.5,0.6461538461538461,21,62981.22
4,2.0,0.0,3,bayesian_information_gain,0.08695652173913049,0.9130434782608695,0.5,0.6461538461538461,21,112395.48
4,2.0,0.0,3,D_optimal_rank_reduced,0.08695652173913049,0.9130434782608695,0.4666666666666667,0.6176470588235294,24,80499.92
4,2.0,0.0,3,A_optimal_rank_reduced,0.08695652173913049,0.9130434782608695,0.5121951219512195,0.6562499999999999,20,64949.99
4,2.0,0.0,3,E_optimal_rank_reduced,0.08695652173913049,0.9130434782608695,0.4666666666666667,0.6176470588235294,24,144486.1
4,2.0,0.0,3,goal_oriented_oed,0.08695652173913049,0.9130434782608695,0.4666666666666667,0.6176470588235294,24,79917.79
4,2.0,0.0,3,topological_dispersion,0.08695652173913049,0.9130434782608695,0.4883720930232558,0.6363636363636364,22,120064.61
4,2.0,0.0,3,centrality,0.08695652173913049,0.9130434782608695,0.5675675675675675,0.6999999999999998,16,48599.58
4,2.0,0.0,4,FO,0.08695652173913049,0.9130434782608695,0.5121951219512195,0.6562499999999999,20,40687.1
4,2.0,0.0,4,D_optimal_bayesian,0.04347826086956519,0.9565217391304348,0.4888888888888889,0.6470588235294117,23,141310.99
4,2.0,0.0,4,A_optimal_bayesian,0.04347826086956519,0.9565217391304348,0.4888888888888889,0.6470588235294117,23,141310.99
4,2.0,0.0,4,E_optimal_observable_subspace,0.08695652173913049,0.9130434782608695,0.525,0.6666666666666667,19,97162.78
4,2.0,0.0,4,bayesian_information_gain,0.04347826086956519,0.9565217391304348,0.4888888888888889,0.6470588235294117,23,141310.99
4,2.0,0.0,4,D_optimal_rank_reduced,0.08695652173913049,0.9130434782608695,0.45652173913043476,0.608695652173913,25,68088.86
4,2.0,0.0,4,A_optimal_rank_reduced,0.08695652173913049,0.9130434782608695,0.5121951219512195,0.6562499999999999,20,61781.21
4,2.0,0.0,4,E_optimal_rank_reduced,0.08695652173913049,0.9130434782608695,0.4883720930232558,0.6363636363636364,22,82504.83
4,2.0,0.0,4,goal_oriented_oed,0.08695652173913049,0.9130434782608695,0.45652173913043476,0.608695652173913,25,120079.02
4,2.0,0.0,4,topological_dispersion,0.08695652173913049,0.9130434782608695,0.5,0.6461538461538461,21,91995.15
4,2.0,0.0,4,centrality,0.08695652173913049,0.9130434782608695,0.525,0.6666666666666667,19,50252.01
4,2.0,0.5,0,FO,0.08695652173913049,0.9130434782608695,0.4883720930232558,0.6363636363636364,22,21613.99
4,2.0,0.5,0,D_optimal_bayesian,0.04347826086956519,0.9565217391304348,0.4782608695652174,0.6376811594202898,24,93506.49
4,2.0,0.5,0,A_optimal_bayesian,0.04347826086956519,0.9565217391304348,0.4782608695652174,0.6376811594202898,24,93506.49
4,2.0,0.5,0,E_optimal_observable_subspace,0.08695652173913049,0.9130434782608695,0.4772727272727273,0.6268656716417911,23,132596.09
4,2.0,0.5,0,bayesian_information_gain,0.04347826086956519,0.9565217391304348,0.4782608695652174,0.6376811594202898,24,93506.49
4,2.0,0.5,0,D_optimal_rank_reduced,0.08695652173913049,0.9130434782608695,0.44680851063829785,0.6,26,96720.34
4,2.0,0.5,0,A_optimal_rank_reduced,0.08695652173913049,0.9130434782608695,0.4772727272727273,0.6268656716417911,23,21474.97
4,2.0,0.5,0,E_optimal_rank_reduced,0.04347826086956519,0.9565217391304348,0.46808510638297873,0.6285714285714286,25,111668.24
4,2.0,0.5,0,goal_oriented_oed,0.08695652173913049,0.9130434782608695,0.44680851063829785,0.6,26,89841.32
4,2.0,0.5,0,topological_dispersion,0.04347826086956519,0.9565217391304348,0.46808510638297873,0.6285714285714286,25,96779.89
4,2.0,0.5,0,centrality,0.08695652173913049,0.9130434782608695,0.5675675675675675,0.6999999999999998,16,44385.28
4,2.0,0.5,1,FO,0.08695652173913049,0.9130434782608695,0.5,0.6461538461538461,21,17344.04
4,2.0,0.5,1,D_optimal_bayesian,0.04347826086956519,0.9565217391304348,0.46808510638297873,0.6285714285714286,25,91925.8
4,2.0,0.5,1,A_optimal_bayesian,0.04347826086956519,0.9565217391304348,0.46808510638297873,0.6285714285714286,25,91925.8
4,2.0,0.5,1,E_optimal_observable_subspace,0.04347826086956519,0.9565217391304348,0.46808510638297873,0.6285714285714286,25,99102.93
4,2.0,0.5,1,bayesian_information_gain,0.04347826086956519,0.9565217391304348,0.46808510638297873,0.6285714285714286,25,91925.8
4,2.0,0.5,1,D_optimal_rank_reduced,0.08695652173913049,0.9130434782608695,0.45652173913043476,0.608695652173913,25,75463.79
4,2.0,0.5,1,A_optimal_rank_reduced,0.08695652173913049,0.9130434782608695,0.4772727272727273,0.6268656716417911,23,87259.02
4,2.0,0.5,1,E_optimal_rank_reduced,0.08695652173913049,0.9130434782608695,0.4666666666666667,0.6176470588235294,24,119275.3
4,2.0,0.5,1,goal_oriented_oed,0.08695652173913049,0.9130434782608695,0.45652173913043476,0.608695652173913,25,70218.38
4,2.0,0.5,1,topological_dispersion,0.04347826086956519,0.9565217391304348,0.46808510638297873,0.6285714285714286,25,83671.71
4,2.0,0.5,1,centrality,0.08695652173913049,0.9130434782608695,0.5526315789473685,0.6885245901639344,17,16349.8
4,2.0,0.5,2,FO,0.08695652173913049,0.9130434782608695,0.5,0.6461538461538461,21,3428.29
4,2.0,0.5,2,D_optimal_bayesian,0.04347826086956519,0.9565217391304348,0.46808510638297873,0.6285714285714286,25,108819.11
4,2.0,0.5,2,A_optimal_bayesian,0.04347826086956519,0.9565217391304348,0.46808510638297873,0.6285714285714286,25,108819.11
4,2.0,0.5,2,E_optimal_observable_subspace,0.04347826086956519,0.9565217391304348,0.4888888888888889,0.6470588235294117,23,140633.62
4,2.0,0.5,2,bayesian_information_gain,0.04347826086956519,0.9565217391304348,0.46808510638297873,0.6285714285714286,25,108819.11
4,2.0,0.5,2,D_optimal_rank_reduced,0.04347826086956519,0.9565217391304348,0.46808510638297873,0.6285714285714286,25,103810.39
4,2.0,0.5,2,A_optimal_rank_reduced,0.0,1.0,0.5,0.6666666666666666,23,27811.55
4,2.0,0.5,2,E_optimal_rank_reduced,0.04347826086956519,0.9565217391304348,0.4888888888888889,0.6470588235294117,23,118429.73
4,2.0,0.5,2,goal_oriented_oed,0.08695652173913049,0.9130434782608695,0.44680851063829785,0.6,26,109966.65
4,2.0,0.5,2,topological_dispersion,0.04347826086956519,0.9565217391304348,0.46808510638297873,0.6285714285714286,25,80388.06
4,2.0,0.5,2,centrality,0.04347826086956519,0.9565217391304348,0.55,0.6984126984126985,18,13521.83
4,2.0,0.5,3,FO,0.08695652173913049,0.9130434782608695,0.4772727272727273,0.6268656716417911,23,63459.99
4,2.0,0.5,3,D_optimal_bayesian,0.08695652173913049,0.9130434782608695,0.45652173913043476,0.608695652173913,25,109001.25
4,2.0,0.5,3,A_optimal_bayesian,0.08695652173913049,0.9130434782608695,0.45652173913043476,0.608695652173913,25,109001.25
4,2.0,0.5,3,E_optimal_observable_subspace,0.08695652173913049,0.9130434782608695,0.45652173913043476,0.608695652173913,25,132816.78
4,2.0,0.5,3,bayesian_information_gain,0.08695652173913049,0.9130434782608695,0.45652173913043476,0.608695652173913,25,109001.25
4,2.0,0.5,3,D_optimal_rank_reduced,0.08695652173913049,0.9130434782608695,0.44680851063829785,0.6,26,157257.81
4,2.0,0.5,3,A_optimal_rank_reduced,0.08695652173913049,0.9130434782608695,0.4666666666666667,0.6176470588235294,24,43251.74
4,2.0,0.5,3,E_optimal_rank_reduced,0.08695652173913049,0.9130434782608695,0.45652173913043476,0.608695652173913,25,62449.15
4,2.0,0.5,3,goal_oriented_oed,0.08695652173913049,0.9130434782608695,0.45652173913043476,0.608695652173913,25,134389.87
4,2.0,0.5,3,topological_dispersion,0.08695652173913049,0.9130434782608695,0.44680851063829785,0.6,26,81695.13
4,2.0,0.5,3,centrality,0.08695652173913049,0.9130434782608695,0.5,0.6461538461538461,21,7298.38
4,2.0,0.5,4,FO,0.08695652173913049,0.9130434782608695,0.4883720930232558,0.6363636363636364,22,85938.39
4,2.0,0.5,4,D_optimal_bayesian,0.04347826086956519,0.9565217391304348,0.46808510638297873,0.6285714285714286,25,114676.87
4,2.0,0.5,4,A_optimal_bayesian,0.04347826086956519,0.9565217391304348,0.46808510638297873,0.6285714285714286,25,114676.87
4,2.0,0.5,4,E_optimal_observable_subspace,0.04347826086956519,0.9565217391304348,0.4888888888888889,0.6470588235294117,23,133325.7
4,2.0,0.5,4,bayesian_information_gain,0.04347826086956519,0.9565217391304348,0.46808510638297873,0.6285714285714286,25,114676.87
4,2.0,0.5,4,D_optimal_rank_reduced,0.08695652173913049,0.9130434782608695,0.44680851063829785,0.6,26,117659.33
4,2.0,0.5,4,A_optimal_rank_reduced,0.04347826086956519,0.9565217391304348,0.4888888888888889,0.6470588235294117,23,38353.94
4,2.0,0.5,4,E_optimal_rank_reduced,0.08695652173913049,0.9130434782608695,0.4666666666666667,0.6176470588235294,24,112210.18
4,2.0,0.5,4,goal_oriented_oed,0.04347826086956519,0.9565217391304348,0.4782608695652174,0.6376811594202898,24,105008.91
4,2.0,0.5,4,topological_dispersion,0.04347826086956519,0.9565217391304348,0.4782608695652174,0.6376811594202898,24,145089.01
4,2.0,0.5,4,centrality,0.08695652173913049,0.9130434782608695,0.5,0.6461538461538461,21,47524.22
4,2.0,1.0,0,FO,0.08695652173913049,0.9130434782608695,0.45652173913043476,0.608695652173913,25,11839.74
4,2.0,1.0,0,D_optimal_bayesian,0.04347826086956519,0.9565217391304348,0.4583333333333333,0.619718309859155,26,153197.66
4,2.0,1.0,0,A_optimal_bayesian,0.04347826086956519,0.9565217391304348,0.4583333333333333,0.619718309859155,26,153197.66
4,2.0,1.0,0,E_optimal_observable_subspace,0.04347826086956519,0.9565217391304348,0.4489795918367347,0.6111111111111112,27,156403.9
4,2.0,1.0,0,bayesian_information_gain,0.04347826086956519,0.9565217391304348,0.4583333333333333,0.619718309859155,26,153197.66
4,2.0,1.0,0,D_optimal_rank_reduced,0.04347826086956519,0.9565217391304348,0.44,0.6027397260273973,28,96025.6
4,2.0,1.0,0,A_optimal_rank_reduced,0.04347826086956519,0.9565217391304348,0.4583333333333333,0.619718309859155,26,30875.69
4,2.0,1.0,0,E_optimal_rank_reduced,0.04347826086956519,0.9565217391304348,0.44,0.6027397260273973,28,126304.64
4,2.0,1.0,0,goal_oriented_oed,0.04347826086956519,0.9565217391304348,0.44,0.6027397260273973,28,107586.48
4,2.0,1.0,0,topological_dispersion,0.04347826086956519,0.9565217391304348,0.4583333333333333,0.619718309859155,26,78138.01
4,2.0,1.0,0,centrality,0.08695652173913049,0.9130434782608695,0.4883720930232558,0.6363636363636364,22,24333.94
4,2.0,1.0,1,FO,0.08695652173913049,0.9130434782608695,0.44680851063829785,0.6,26,55572.53
4,2.0,1.0,1,D_optimal_bayesian,0.04347826086956519,0.9565217391304348,0.4583333333333333,0.619718309859155,26,129469.73
4,2.0,1.0,1,A_optimal_bayesian,0.04347826086956519,0.9565217391304348,0.4583333333333333,0.619718309859155,26,129469.73
4,2.0,1.0,1,E_optimal_observable_subspace,0.04347826086956519,0.9565217391304348,0.4583333333333333,0.619718309859155,26,111697.19
4,2.0,1.0,1,bayesian_information_gain,0.04347826086956519,0.9565217391304348,0.4583333333333333,0.619718309859155,26,129469.73
4,2.0,1.0,1,D_optimal_rank_reduced,0.04347826086956519,0.9565217391304348,0.46808510638297873,0.6285714285714286,25,68118.51
4,2.0,1.0,1,A_optimal_rank_reduced,0.08695652173913049,0.9130434782608695,0.44680851063829785,0.6,26,147477.68
4,2.0,1.0,1,E_optimal_rank_reduced,0.04347826086956519,0.9565217391304348,0.4583333333333333,0.619718309859155,26,149758.98
4,2.0,1.0,1,goal_oriented_oed,0.08695652173913049,0.9130434782608695,0.45652173913043476,0.608695652173913,25,111286.63
4,2.0,1.0,1,topological_dispersion,0.04347826086956519,0.9565217391304348,0.4583333333333333,0.619718309859155,26,119521.27
4,2.0,1.0,1,centrality,0.08695652173913049,0.9130434782608695,0.4666666666666667,0.6176470588235294,24,80928.61
4,2.0,1.0,2,FO,0.04347826086956519,0.9565217391304348,0.4782608695652174,0.6376811594202898,24,14534.08
4,2.0,1.0,2,D_optimal_bayesian,0.04347826086956519,0.9565217391304348,0.4583333333333333,0.619718309859155,26,133021.46
4,2.0,1.0,2,A_optimal_bayesian,0.04347826086956519,0.9565217391304348,0.4583333333333333,0.619718309859155,26,133021.46
4,2.0,1.0,2,E_optimal_observable_subspace,0.04347826086956519,0.9565217391304348,0.4583333333333333,0.619718309859155,26,106871.57
4,2.0,1.0,2,bayesian_information_gain,0.04347826086956519,0.9565217391304348,0.4583333333333333,0.619718309859155,26,133021.46
4,2.0,1.0,2,D_optimal_rank_reduced,0.04347826086956519,0.9565217391304348,0.4489795918367347,0.6111111111111112,27,41531.92
4,2.0,1.0,2,A_optimal_rank_reduced,0.04347826086956519,0.9565217391304348,0.4583333333333333,0.619718309859155,26,26869.75
4,2.0,1.0,2,E_optimal_rank_reduced,0.04347826086956519,0.9565217391304348,0.4583333333333333,0.619718309859155,26,157272.36
4,2.0,1.0,2,goal_oriented_oed,0.04347826086956519,0.9565217391304348,0.4489795918367347,0.6111111111111112,27,99474.76
4,2.0,1.0,2,topological_dispersion,0.04347826086956519,0.9565217391304348,0.4583333333333333,0.619718309859155,26,110639.48
4,2.0,1.0,2,centrality,0.04347826086956519,0.9565217391304348,0.4888888888888889,0.6470588235294117,23,12007.31
4,2.0,1.0,3,FO,0.08695652173913049,0.9130434782608695,0.45652173913043476,0.608695652173913,25,5893.18
4,2.0,1.0,3,D_optimal_bayesian,0.04347826086956519,0.9565217391304348,0.4583333333333333,0.619718309859155,26,116422.31
4,2.0,1.0,3,A_optimal_bayesian,0.04347826086956519,0.9565217391304348,0.4583333333333333,0.619718309859155,26,116422.31
4,2.0,1.0,3,E_optimal_observable_subspace,0.04347826086956519,0.9565217391304348,0.4489795918367347,0.6111111111111112,27,153864.41
4,2.0,1.0,3,bayesian_information_gain,0.04347826086956519,0.9565217391304348,0.4583333333333333,0.619718309859155,26,116422.31
4,2.0,1.0,3,D_optimal_rank_reduced,0.04347826086956519,0.9565217391304348,0.4583333333333333,0.619718309859155,26,91715.55
4,2.0,1.0,3,A_optimal_rank_reduced,0.08695652173913049,0.9130434782608695,0.44680851063829785,0.6,26,35558.68
4,2.0,1.0,3,E_optimal_rank_reduced,0.04347826086956519,0.9565217391304348,0.4489795918367347,0.6111111111111112,27,176470.03
4,2.0,1.0,3,goal_oriented_oed,0.04347826086956519,0.9565217391304348,0.4583333333333333,0.619718309859155,26,104891.37
4,2.0,1.0,3,topological_dispersion,0.04347826086956519,0.9565217391304348,0.4489795918367347,0.6111111111111112,27,81639.19
4,2.0,1.0,3,centrality,0.08695652173913049,0.9130434782608695,0.4772727272727273,0.6268656716417911,23,66252.92
4,2.0,1.0,4,FO,0.08695652173913049,0.9130434782608695,0.44680851063829785,0.6,26,-158.78
4,2.0,1.0,4,D_optimal_bayesian,0.04347826086956519,0.9565217391304348,0.46808510638297873,0.6285714285714286,25,123087.18
4,2.0,1.0,4,A_optimal_bayesian,0.04347826086956519,0.9565217391304348,0.46808510638297873,0.6285714285714286,25,123087.18
4,2.0,1.0,4,E_optimal_observable_subspace,0.04347826086956519,0.9565217391304348,0.46808510638297873,0.6285714285714286,25,137298.56
4,2.0,1.0,4,bayesian_information_gain,0.04347826086956519,0.9565217391304348,0.46808510638297873,0.6285714285714286,25,123087.18
4,2.0,1.0,4,D_optimal_rank_reduced,0.04347826086956519,0.9565217391304348,0.46808510638297873,0.6285714285714286,25,68138.71
4,2.0,1.0,4,A_optimal_rank_reduced,0.04347826086956519,0.9565217391304348,0.4583333333333333,0.619718309859155,26,34090.12
4,2.0,1.0,4,E_optimal_rank_reduced,0.04347826086956519,0.9565217391304348,0.4583333333333333,0.619718309859155,26,96020.25
4,2.0,1.0,4,goal_oriented_oed,0.04347826086956519,0.9565217391304348,0.4583333333333333,0.619718309859155,26,112983.92
4,2.0,1.0,4,topological_dispersion,0.04347826086956519,0.9565217391304348,0.4583333333333333,0.619718309859155,26,121576.84
4,2.0,1.0,4,centrality,0.08695652173913049,0.9130434782608695,0.4772727272727273,0.6268656716417911,23,18289.52
4,4.0,0.0,0,FO,0.08695652173913049,0.9130434782608695,0.4883720930232558,0.6363636363636364,22,43164.53
4,4.0,0.0,0,D_optimal_bayesian,0.04347826086956519,0.9565217391304348,0.4888888888888889,0.6470588235294117,23,47222.85
4,4.0,0.0,0,A_optimal_bayesian,0.04347826086956519,0.9565217391304348,0.4888888888888889,0.6470588235294117,23,47222.85
4,4.0,0.0,0,E_optimal_observable_subspace,0.08695652173913049,0.9130434782608695,0.5,0.6461538461538461,21,100812.89
4,4.0,0.0,0,bayesian_information_gain,0.04347826086956519,0.9565217391304348,0.4888888888888889,0.6470588235294117,23,47222.85
4,4.0,0.0,0,D_optimal_rank_reduced,0.08695652173913049,0.9130434782608695,0.45652173913043476,0.608695652173913,25,78683.0
4,4.0,0.0,0,A_optimal_rank_reduced,0.08695652173913049,0.9130434782608695,0.4883720930232558,0.6363636363636364,22,37175.95
4,4.0,0.0,0,E_optimal_rank_reduced,0.04347826086956519,0.9565217391304348,0.4782608695652174,0.6376811594202898,24,140932.7
4,4.0,0.0,0,goal_oriented_oed,0.08695652173913049,0.9130434782608695,0.45652173913043476,0.608695652173913,25,99549.23
4,4.0,0.0,0,topological_dispersion,0.08695652173913049,0.9130434782608695,0.4883720930232558,0.6363636363636364,22,93713.79
4,4.0,0.0,0,centrality,0.08695652173913049,0.9130434782608695,0.5121951219512195,0.6562499999999999,20,1812.92
4,4.0,0.0,1,FO,0.08695652173913049,0.9130434782608695,0.5,0.6461538461538461,21,39591.63
4,4.0,0.0,1,D_optimal_bayesian,0.08695652173913049,0.9130434782608695,0.4883720930232558,0.6363636363636364,22,144943.87
4,4.0,0.0,1,A_optimal_bayesian,0.08695652173913049,0.9130434782608695,0.4883720930232558,0.6363636363636364,22,144943.87
4,4.0,0.0,1,E_optimal_observable_subspace,0.08695652173913049,0.9130434782608695,0.4883720930232558,0.6363636363636364,22,117472.58
4,4.0,0.0,1,bayesian_information_gain,0.08695652173913049,0.9130434782608695,0.4883720930232558,0.6363636363636364,22,144943.87
4,4.0,0.0,1,D_optimal_rank_reduced,0.08695652173913049,0.9130434782608695,0.4375,0.5915492957746479,27,47445.01
4,4.0,0.0,1,A_optimal_rank_reduced,0.08695652173913049,0.9130434782608695,0.4883720930232558,0.6363636363636364,22,14099.65
4,4.0,0.0,1,E_optimal_rank_reduced,0.04347826086956519,0.9565217391304348,0.5,0.6567164179104478,22,108109.19
4,4.0,0.0,1,goal_oriented_oed,0.08695652173913049,0.9130434782608695,0.4772727272727273,0.6268656716417911,23,96681.24
4,4.0,0.0,1,topological_dispersion,0.08695652173913049,0.9130434782608695,0.5,0.6461538461538461,21,91508.82
4,4.0,0.0,1,centrality,0.08695652173913049,0.9130434782608695,0.5,0.6461538461538461,21,14602.32
4,4.0,0.0,2,FO,0.08695652173913049,0.9130434782608695,0.5,0.6461538461538461,21,-12055.19
4,4.0,0.0,2,D_optimal_bayesian,0.08695652173913049,0.9130434782608695,0.4772727272727273,0.6268656716417911,23,104657.2
4,4.0,0.0,2,A_optimal_bayesian,0.08695652173913049,0.9130434782608695,0.4772727272727273,0.6268656716417911,23,104657.2
4,4.0,0.0,2,E_optimal_observable_subspace,0.08695652173913049,0.9130434782608695,0.4772727272727273,0.6268656716417911,23,134823.24
4,4.0,0.0,2,bayesian_information_gain,0.08695652173913049,0.9130434782608695,0.4772727272727273,0.6268656716417911,23,104657.2
4,4.0,0.0,2,D_optimal_rank_reduced,0.08695652173913049,0.9130434782608695,0.4666666666666667,0.6176470588235294,24,69372.95
4,4.0,0.0,2,A_optimal_rank_reduced,0.04347826086956519,0.9565217391304348,0.5,0.6567164179104478,22,60724.12
4,4.0,0.0,2,E_optimal_rank_reduced,0.04347826086956519,0.9565217391304348,0.46808510638297873,0.6285714285714286,25,118858.89
4,4.0,0.0,2,goal_oriented_oed,0.08695652173913049,0.9130434782608695,0.45652173913043476,0.608695652173913,25,106811.28
4,4.0,0.0,2,topological_dispersion,0.08695652173913049,0.9130434782608695,0.4772727272727273,0.6268656716417911,23,91169.43
4,4.0,0.0,2,centrality,0.08695652173913049,0.9130434782608695,0.525,0.6666666666666667,19,6557.67
4,4.0,0.0,3,FO,0.08695652173913049,0.9130434782608695,0.5,0.6461538461538461,21,96981.59
4,4.0,0.0,3,D_optimal_bayesian,0.08695652173913049,0.9130434782608695,0.4772727272727273,0.6268656716417911,23,109385.73
4,4.0,0.0,3,A_optimal_bayesian,0.08695652173913049,0.9130434782608695,0.4772727272727273,0.6268656716417911,23,109385.73
4,4.0,0.0,3,E_optimal_observable_subspace,0.08695652173913049,0.9130434782608695,0.5,0.6461538461538461,21,161335.91
4,4.0,0.0,3,bayesian_information_gain,0.08695652173913049,0.9130434782608695,0.4772727272727273,0.6268656716417911,23,109385.73
4,4.0,0.0,3,D_optimal_rank_reduced,0.08695652173913049,0.9130434782608695,0.45652173913043476,0.608695652173913,25,151654.83
4,4.0,0.0,3,A_optimal_rank_reduced,0.08695652173913049,0.9130434782608695,0.5,0.6461538461538461,21,96493.24
4,4.0,0.0,3,E_optimal_rank_reduced,0.08695652173913049,0.9130434782608695,0.4772727272727273,0.6268656716417911,23,142370.89
4,4.0,0.0,3,goal_oriented_oed,0.08695652173913049,0.9130434782608695,0.4666666666666667,0.6176470588235294,24,154413.12
4,4.0,0.0,3,topological_dispersion,0.04347826086956519,0.9565217391304348,0.5,0.6567164179104478,22,124635.64
4,4.0,0.0,3,centrality,0.04347826086956519,0.9565217391304348,0.55,0.6984126984126985,18,16172.15
4,4.0,0.0,4,FO,0.08695652173913049,0.9130434782608695,0.525,0.6666666666666667,19,63311.26
4,4.0,0.0,4,D_optimal_bayesian,0.08695652173913049,0.9130434782608695,0.4666666666666667,0.6176470588235294,24,115062.52
4,4.0,0.0,4,A_optimal_bayesian,0.08695652173913049,0.9130434782608695,0.4666666666666667,0.6176470588235294,24,115062.52
4,4.0,0.0,4,E_optimal_observable_subspace,0.08695652173913049,0.9130434782608695,0.5,0.6461538461538461,21,99805.0
4,4.0,0.0,4,bayesian_information_gain,0.08695652173913049,0.9130434782608695,0.4666666666666667,0.6176470588235294,24,115062.52
4,4.0,0.0,4,D_optimal_rank_reduced,0.08695652173913049,0.9130434782608695,0.44680851063829785,0.6,26,91743.41
4,4.0,0.0,4,A_optimal_rank_reduced,0.08695652173913049,0.9130434782608695,0.4883720930232558,0.6363636363636364,22,83771.11
4,4.0,0.0,4,E_optimal_rank_reduced,0.08695652173913049,0.9130434782608695,0.4772727272727273,0.6268656716417911,23,80107.43
4,4.0,0.0,4,goal_oriented_oed,0.08695652173913049,0.9130434782608695,0.4666666666666667,0.6176470588235294,24,152881.44
4,4.0,0.0,4,topological_dispersion,0.08695652173913049,0.9130434782608695,0.4772727272727273,0.6268656716417911,23,99372.96
4,4.0,0.0,4,centrality,0.08695652173913049,0.9130434782608695,0.5121951219512195,0.6562499999999999,20,36473.33
4,4.0,0.5,0,FO,0.08695652173913049,0.9130434782608695,0.4772727272727273,0.6268656716417911,23,17208.53
4,4.0,0.5,0,D_optimal_bayesian,0.04347826086956519,0.9565217391304348,0.46808510638297873,0.6285714285714286,25,116938.5
4,4.0,0.5,0,A_optimal_bayesian,0.04347826086956519,0.9565217391304348,0.46808510638297873,0.6285714285714286,25,116938.5
4,4.0,0.5,0,E_optimal_observable_subspace,0.04347826086956519,0.9565217391304348,0.46808510638297873,0.6285714285714286,25,124208.19
4,4.0,0.5,0,bayesian_information_gain,0.04347826086956519,0.9565217391304348,0.46808510638297873,0.6285714285714286,25,116938.5
4,4.0,0.5,0,D_optimal_rank_reduced,0.08695652173913049,0.9130434782608695,0.44680851063829785,0.6,26,83981.78
4,4.0,0.5,0,A_optimal_rank_reduced,0.08695652173913049,0.9130434782608695,0.44680851063829785,0.6,26,47100.37
4,4.0,0.5,0,E_optimal_rank_reduced,0.04347826086956519,0.9565217391304348,0.4583333333333333,0.619718309859155,26,120594.86
4,4.0,0.5,0,goal_oriented_oed,0.04347826086956519,0.9565217391304348,0.4583333333333333,0.619718309859155,26,109390.75
4,4.0,0.5,0,topological_dispersion,0.04347826086956519,0.9565217391304348,0.4583333333333333,0.619718309859155,26,132702.04
4,4.0,0.5,0,centrality,0.08695652173913049,0.9130434782608695,0.5121951219512195,0.6562499999999999,20,12256.88
4,4.0,0.5,1,FO,0.08695652173913049,0.9130434782608695,0.4666666666666667,0.6176470588235294,24,34518.5
4,4.0,0.5,1,D_optimal_bayesian,0.04347826086956519,0.9565217391304348,0.46808510638297873,0.6285714285714286,25,149454.6
4,4.0,0.5,1,A_optimal_bayesian,0.04347826086956519,0.9565217391304348,0.46808510638297873,0.6285714285714286,25,149454.6
4,4.0,0.5,1,E_optimal_observable_subspace,0.04347826086956519,0.9565217391304348,0.4888888888888889,0.6470588235294117,23,150262.43
4,4.0,0.5,1,bayesian_information_gain,0.04347826086956519,0.9565217391304348,0.46808510638297873,0.6285714285714286,25,149454.6
4,4.0,0.5,1,D_optimal_rank_reduced,0.04347826086956519,0.9565217391304348,0.4583333333333333,0.619718309859155,26,87834.91
4,4.0,0.5,1,A_optimal_rank_reduced,0.04347826086956519,0.9565217391304348,0.46808510638297873,0.6285714285714286,25,63869.2
4,4.0,0.5,1,E_optimal_rank_reduced,0.04347826086956519,0.9565217391304348,0.46808510638297873,0.6285714285714286,25,129279.02
4,4.0,0.5,1,goal_oriented_oed,0.04347826086956519,0.9565217391304348,0.46808510638297873,0.6285714285714286,25,136910.12
4,4.0,0.5,1,topological_dispersion,0.04347826086956519,0.9565217391304348,0.46808510638297873,0.6285714285714286,25,92808.56
4,4.0,0.5,1,centrality,0.04347826086956519,0.9565217391304348,0.4888888888888889,0.6470588235294117,23,21201.32
4,4.0,0.5,2,FO,0.08695652173913049,0.9130434782608695,0.4772727272727273,0.6268656716417911,23,27489.11
4,4.0,0.5,2,D_optimal_bayesian,0.04347826086956519,0.9565217391304348,0.46808510638297873,0.6285714285714286,25,110633.07
4,4.0,0.5,2,A_optimal_bayesian,0.04347826086956519,0.9565217391304348,0.46808510638297873,0.6285714285714286,25,110633.07
4,4.0,0.5,2,E_optimal_observable_subspace,0.04347826086956519,0.9565217391304348,0.46808510638297873,0.6285714285714286,25,135409.89
4,4.0,0.5,2,bayesian_information_gain,0.04347826086956519,0.9565217391304348,0.46808510638297873,0.6285714285714286,25,110633.07
4,4.0,0.5,2,D_optimal_rank_reduced,0.08695652173913049,0.9130434782608695,0.4375,0.5915492957746479,27,46295.19
4,4.0,0.5,2,A_optimal_rank_reduced,0.04347826086956519,0.9565217391304348,0.4583333333333333,0.619718309859155,26,56660.07
4,4.0,0.5,2,E_optimal_rank_reduced,0.08695652173913049,0.9130434782608695,0.45652173913043476,0.608695652173913,25,147363.78
4,4.0,0.5,2,goal_oriented_oed,0.08695652173913049,0.9130434782608695,0.44680851063829785,0.6,26,102375.12
4,4.0,0.5,2,topological_dispersion,0.04347826086956519,0.9565217391304348,0.46808510638297873,0.6285714285714286,25,120262.22
4,4.0,0.5,2,centrality,0.08695652173913049,0.9130434782608695,0.4772727272727273,0.6268656716417911,23,7035.63
4,4.0,0.5,3,FO,0.08695652173913049,0.9130434782608695,0.4666666666666667,0.6176470588235294,24,35498.65
4,4.0,0.5,3,D_optimal_bayesian,0.04347826086956519,0.9565217391304348,0.4583333333333333,0.619718309859155,26,129874.28
4,4.0,0.5,3,A_optimal_bayesian,0.04347826086956519,0.9565217391304348,0.4583333333333333,0.619718309859155,26,129874.28
4,4.0,0.5,3,E_optimal_observable_subspace,0.04347826086956519,0.9565217391304348,0.4583333333333333,0.619718309859155,26,154359.28
4,4.0,0.5,3,bayesian_information_gain,0.04347826086956519,0.9565217391304348,0.4583333333333333,0.619718309859155,26,129874.28
4,4.0,0.5,3,D_optimal_rank_reduced,0.04347826086956519,0.9565217391304348,0.4583333333333333,0.619718309859155,26,89150.76
4,4.0,0.5,3,A_optimal_rank_reduced,0.04347826086956519,0.9565217391304348,0.4782608695652174,0.6376811594202898,24,27951.37
4,4.0,0.5,3,E_optimal_rank_reduced,0.08695652173913049,0.9130434782608695,0.44680851063829785,0.6,26,95987.02
4,4.0,0.5,3,goal_oriented_oed,0.08695652173913049,0.9130434782608695,0.44680851063829785,0.6,26,117078.96
4,4.0,0.5,3,topological_dispersion,0.08695652173913049,0.9130434782608695,0.4375,0.5915492957746479,27,95540.65
4,4.0,0.5,3,centrality,0.04347826086956519,0.9565217391304348,0.5116279069767442,0.6666666666666667,21,-16129.75
4,4.0,0.5,4,FO,0.08695652173913049,0.9130434782608695,0.4772727272727273,0.6268656716417911,23,-5524.5
4,4.0,0.5,4,D_optimal_bayesian,0.04347826086956519,0.9565217391304348,0.4782608695652174,0.6376811594202898,24,144009.59
4,4.0,0.5,4,A_optimal_bayesian,0.04347826086956519,0.9565217391304348,0.4782608695652174,0.6376811594202898,24,144009.59
4,4.0,0.5,4,E_optimal_observable_subspace,0.04347826086956519,0.9565217391304348,0.4782608695652174,0.6376811594202898,24,130725.76
4,4.0,0.5,4,bayesian_information_gain,0.04347826086956519,0.9565217391304348,0.4782608695652174,0.6376811594202898,24,144009.59
4,4.0,0.5,4,D_optimal_rank_reduced,0.08695652173913049,0.9130434782608695,0.44680851063829785,0.6,26,75897.06
4,4.0,0.5,4,A_optimal_rank_reduced,0.04347826086956519,0.9565217391304348,0.4888888888888889,0.6470588235294117,23,41455.47
4,4.0,0.5,4,E_optimal_rank_reduced,0.08695652173913049,0.9130434782608695,0.45652173913043476,0.608695652173913,25,90150.15
4,4.0,0.5,4,goal_oriented_oed,0.08695652173913049,0.9130434782608695,0.4666666666666667,0.6176470588235294,24,145583.68
4,4.0,0.5,4,topological_dispersion,0.08695652173913049,0.9130434782608695,0.45652173913043476,0.608695652173913,25,65027.9
4,4.0,0.5,4,centrality,0.08695652173913049,0.9130434782608695,0.4883720930232558,0.6363636363636364,22,9690.15
4,4.0,1.0,0,FO,0.08695652173913049,0.9130434782608695,0.45652173913043476,0.608695652173913,25,7325.74
4,4.0,1.0,0,D_optimal_bayesian,0.04347826086956519,0.9565217391304348,0.4489795918367347,0.6111111111111112,27,121094.29
4,4.0,1.0,0,A_optimal_bayesian,0.04347826086956519,0.9565217391304348,0.4489795918367347,0.6111111111111112,27,121094.29
4,4.0,1.0,0,E_optimal_observable_subspace,0.04347826086956519,0.9565217391304348,0.4489795918367347,0.6111111111111112,27,136850.86
4,4.0,1.0,0,bayesian_information_gain,0.04347826086956519,0.9565217391304348,0.4489795918367347,0.6111111111111112,27,121094.29
4,4.0,1.0,0,D_optimal_rank_reduced,0.08695652173913049,0.9130434782608695,0.4375,0.5915492957746479,27,56288.95
4,4.0,1.0,0,A_optimal_rank_reduced,0.08695652173913049,0.9130434782608695,0.44680851063829785,0.6,26,41410.08
4,4.0,1.0,0,E_optimal_rank_reduced,0.04347826086956519,0.9565217391304348,0.4489795918367347,0.6111111111111112,27,127739.29
4,4.0,1.0,0,goal_oriented_oed,0.04347826086956519,0.9565217391304348,0.4489795918367347,0.6111111111111112,27,84051.14
4,4.0,1.0,0,topological_dispersion,0.04347826086956519,0.9565217391304348,0.4489795918367347,0.6111111111111112,27,132852.58
4,4.0,1.0,0,centrality,0.08695652173913049,0.9130434782608695,0.4772727272727273,0.6268656716417911,23,47723.87
4,4.0,1.0,1,FO,0.04347826086956519,0.9565217391304348,0.46808510638297873,0.6285714285714286,25,8175.44
4,4.0,1.0,1,D_optimal_bayesian,0.04347826086956519,0.9565217391304348,0.4489795918367347,0.6111111111111112,27,130409.03
4,4.0,1.0,1,A_optimal_bayesian,0.04347826086956519,0.9565217391304348,0.4489795918367347,0.6111111111111112,27,130409.03
4,4.0,1.0,1,E_optimal_observable_subspace,0.04347826086956519,0.9565217391304348,0.4583333333333333,0.619718309859155,26,172143.2
4,4.0,1.0,1,bayesian_information_gain,0.04347826086956519,0.9565217391304348,0.4489795918367347,0.6111111111111112,27,130409.03
4,4.0,1.0,1,D_optimal_rank_reduced,0.04347826086956519,0.9565217391304348,0.4583333333333333,0.619718309859155,26,94324.56
4,4.0,1.0,1,A_optimal_rank_reduced,0.04347826086956519,0.9565217391304348,0.4583333333333333,0.619718309859155,26,68829.33
4,4.0,1.0,1,E_optimal_rank_reduced,0.04347826086956519,0.9565217391304348,0.4583333333333333,0.619718309859155,26,137841.35
4,4.0,1.0,1,goal_oriented_oed,0.04347826086956519,0.9565217391304348,0.4489795918367347,0.6111111111111112,27,110277.42
4,4.0,1.0,1,topological_dispersion,0.04347826086956519,0.9565217391304348,0.4489795918367347,0.6111111111111112,27,74027.82
4,4.0,1.0,1,centrality,0.04347826086956519,0.9565217391304348,0.4888888888888889,0.6470588235294117,23,9645.76
4,4.0,1.0,2,FO,0.04347826086956519,0.9565217391304348,0.4782608695652174,0.6376811594202898,24,28247.63
4,4.0,1.0,2,D_optimal_bayesian,0.04347826086956519,0.9565217391304348,0.4489795918367347,0.6111111111111112,27,130230.44
4,4.0,1.0,2,A_optimal_bayesian,0.04347826086956519,0.9565217391304348,0.4489795918367347,0.6111111111111112,27,130230.44
4,4.0,1.0,2,E_optimal_observable_subspace,0.04347826086956519,0.9565217391304348,0.4583333333333333,0.619718309859155,26,119547.98
4,4.0,1.0,2,bayesian_information_gain,0.04347826086956519,0.9565217391304348,0.4489795918367347,0.6111111111111112,27,130230.44
4,4.0,1.0,2,D_optimal_rank_reduced,0.04347826086956519,0.9565217391304348,0.4489795918367347,0.6111111111111112,27,59696.59
4,4.0,1.0,2,A_optimal_rank_reduced,0.04347826086956519,0.9565217391304348,0.4583333333333333,0.619718309859155,26,55615.84
4,4.0,1.0,2,E_optimal_rank_reduced,0.04347826086956519,0.9565217391304348,0.46808510638297873,0.6285714285714286,25,122735.98
4,4.0,1.0,2,goal_oriented_oed,0.08695652173913049,0.9130434782608695,0.4375,0.5915492957746479,27,123951.26
4,4.0,1.0,2,topological_dispersion,0.04347826086956519,0.9565217391304348,0.4583333333333333,0.619718309859155,26,88865.76
4,4.0,1.0,2,centrality,0.04347826086956519,0.9565217391304348,0.4782608695652174,0.6376811594202898,24,-9420.81
4,4.0,1.0,3,FO,0.04347826086956519,0.9565217391304348,0.46808510638297873,0.6285714285714286,25,23424.72
4,4.0,1.0,3,D_optimal_bayesian,0.04347826086956519,0.9565217391304348,0.4489795918367347,0.6111111111111112,27,166081.76
4,4.0,1.0,3,A_optimal_bayesian,0.04347826086956519,0.9565217391304348,0.4489795918367347,0.6111111111111112,27,166081.76
4,4.0,1.0,3,E_optimal_observable_subspace,0.04347826086956519,0.9565217391304348,0.4489795918367347,0.6111111111111112,27,167135.16
4,4.0,1.0,3,bayesian_information_gain,0.04347826086956519,0.9565217391304348,0.4489795918367347,0.6111111111111112,27,166081.76
4,4.0,1.0,3,D_optimal_rank_reduced,0.04347826086956519,0.9565217391304348,0.4489795918367347,0.6111111111111112,27,84952.32
4,4.0,1.0,3,A_optimal_rank_reduced,0.04347826086956519,0.9565217391304348,0.4489795918367347,0.6111111111111112,27,63466.87
4,4.0,1.0,3,E_optimal_rank_reduced,0.04347826086956519,0.9565217391304348,0.4489795918367347,0.6111111111111112,27,80795.77
4,4.0,1.0,3,goal_oriented_oed,0.04347826086956519,0.9565217391304348,0.44,0.6027397260273973,28,99787.67
4,4.0,1.0,3,topological_dispersion,0.04347826086956519,0.9565217391304348,0.4489795918367347,0.6111111111111112,27,104503.88
4,4.0,1.0,3,centrality,0.04347826086956519,0.9565217391304348,0.4888888888888889,0.6470588235294117,23,30818.25
4,4.0,1.0,4,FO,0.04347826086956519,0.9565217391304348,0.46808510638297873,0.6285714285714286,25,34719.07
4,4.0,1.0,4,D_optimal_bayesian,0.04347826086956519,0.9565217391304348,0.4489795918367347,0.6111111111111112,27,121754.8
4,4.0,1.0,4,A_optimal_bayesian,0.04347826086956519,0.9565217391304348,0.4489795918367347,0.6111111111111112,27,121754.8
4,4.0,1.0,4,E_optimal_observable_subspace,0.04347826086956519,0.9565217391304348,0.4489795918367347,0.6111111111111112,27,158163.34
4,4.0,1.0,4,bayesian_information_gain,0.04347826086956519,0.9565217391304348,0.4489795918367347,0.6111111111111112,27,121754.8
4,4.0,1.0,4,D_optimal_rank_reduced,0.04347826086956519,0.9565217391304348,0.4489795918367347,0.6111111111111112,27,66450.8
4,4.0,1.0,4,A_optimal_rank_reduced,0.04347826086956519,0.9565217391304348,0.46808510638297873,0.6285714285714286,25,41387.81
4,4.0,1.0,4,E_optimal_rank_reduced,0.04347826086956519,0.9565217391304348,0.4489795918367347,0.6111111111111112,27,122593.44
4,4.0,1.0,4,goal_oriented_oed,0.04347826086956519,0.9565217391304348,0.44,0.6027397260273973,28,106097.95
4,4.0,1.0,4,topological_dispersion,0.04347826086956519,0.9565217391304348,0.4583333333333333,0.619718309859155,26,109830.96
4,4.0,1.0,4,centrality,0.04347826086956519,0.9565217391304348,0.4782608695652174,0.6376811594202898,24,452.73
6,0.0,0.0,0,FO,0.08695652173913049,0.9130434782608695,0.5121951219512195,0.6562499999999999,20,45336.32
6,0.0,0.0,0,D_optimal_bayesian,0.08695652173913049,0.9130434782608695,0.4772727272727273,0.6268656716417911,23,148553.54
6,0.0,0.0,0,A_optimal_bayesian,0.08695652173913049,0.9130434782608695,0.4772727272727273,0.6268656716417911,23,148553.54
6,0.0,0.0,0,E_optimal_observable_subspace,0.08695652173913049,0.9130434782608695,0.4772727272727273,0.6268656716417911,23,148553.54
6,0.0,0.0,0,bayesian_information_gain,0.08695652173913049,0.9130434782608695,0.4772727272727273,0.6268656716417911,23,148553.54
6,0.0,0.0,0,D_optimal_rank_reduced,0.08695652173913049,0.9130434782608695,0.4666666666666667,0.6176470588235294,24,79440.17
6,0.0,0.0,0,A_optimal_rank_reduced,0.08695652173913049,0.9130434782608695,0.45652173913043476,0.608695652173913,25,113874.89
6,0.0,0.0,0,E_optimal_rank_reduced,0.08695652173913049,0.9130434782608695,0.4666666666666667,0.6176470588235294,24,143567.04
6,0.0,0.0,0,goal_oriented_oed,0.08695652173913049,0.9130434782608695,0.45652173913043476,0.608695652173913,25,139310.99
6,0.0,0.0,0,topological_dispersion,0.08695652173913049,0.9130434782608695,0.45652173913043476,0.608695652173913,25,136754.65
6,0.0,0.0,0,centrality,0.08695652173913049,0.9130434782608695,0.5121951219512195,0.6562499999999999,20,62848.88
6,0.0,0.5,0,FO,0.08695652173913049,0.9130434782608695,0.44680851063829785,0.6,26,107460.81
6,0.0,0.5,0,D_optimal_bayesian,0.04347826086956519,0.9565217391304348,0.4583333333333333,0.619718309859155,26,130708.29
6,0.0,0.5,0,A_optimal_bayesian,0.04347826086956519,0.9565217391304348,0.4583333333333333,0.619718309859155,26,130708.29
6,0.0,0.5,0,E_optimal_observable_subspace,0.04347826086956519,0.9565217391304348,0.4583333333333333,0.619718309859155,26,130708.29
6,0.0,0.5,0,bayesian_information_gain,0.04347826086956519,0.9565217391304348,0.4583333333333333,0.619718309859155,26,130708.29
6,0.0,0.5,0,D_optimal_rank_reduced,0.04347826086956519,0.9565217391304348,0.4583333333333333,0.619718309859155,26,128872.03
6,0.0,0.5,0,A_optimal_rank_reduced,0.04347826086956519,0.9565217391304348,0.4583333333333333,0.619718309859155,26,85952.92
6,0.0,0.5,0,E_optimal_rank_reduced,0.08695652173913049,0.9130434782608695,0.44680851063829785,0.6,26,142243.59
6,0.0,0.5,0,goal_oriented_oed,0.04347826086956519,0.9565217391304348,0.4583333333333333,0.619718309859155,26,141087.34
6,0.0,0.5,0,topological_dispersion,0.04347826086956519,0.9565217391304348,0.46808510638297873,0.6285714285714286,25,201062.47
6,0.0,0.5,0,centrality,0.08695652173913049,0.9130434782608695,0.44680851063829785,0.6,26,75845.7
6,0.0,0.5,1,FO,0.08695652173913049,0.9130434782608695,0.4666666666666667,0.6176470588235294,24,60766.47
6,0.0,0.5,1,D_optimal_bayesian,0.04347826086956519,0.9565217391304348,0.46808510638297873,0.6285714285714286,25,124543.16
6,0.0,0.5,1,A_optimal_bayesian,0.04347826086956519,0.9565217391304348,0.46808510638297873,0.6285714285714286,25,124543.16
6,0.0,0.5,1,E_optimal_observable_subspace,0.04347826086956519,0.9565217391304348,0.46808510638297873,0.6285714285714286,25,124543.16
6,0.0,0.5,1,bayesian_information_gain,0.04347826086956519,0.9565217391304348,0.46808510638297873,0.6285714285714286,25,124543.16
6,0.0,0.5,1,D_optimal_rank_reduced,0.04347826086956519,0.9565217391304348,0.46808510638297873,0.6285714285714286,25,202195.08
6,0.0,0.5,1,A_optimal_rank_reduced,0.04347826086956519,0.9565217391304348,0.4583333333333333,0.619718309859155,26,71749.31
6,0.0,0.5,1,E_optimal_rank_reduced,0.04347826086956519,0.9565217391304348,0.4583333333333333,0.619718309859155,26,186982.3
6,0.0,0.5,1,goal_oriented_oed,0.04347826086956519,0.9565217391304348,0.4583333333333333,0.619718309859155,26,85307.16
6,0.0,0.5,1,topological_dispersion,0.04347826086956519,0.9565217391304348,0.4583333333333333,0.619718309859155,26,168458.9
6,0.0,0.5,1,centrality,0.04347826086956519,0.9565217391304348,0.4888888888888889,0.6470588235294117,23,108781.01
6,0.0,0.5,2,FO,0.08695652173913049,0.9130434782608695,0.4666666666666667,0.6176470588235294,24,-6778.96
6,0.0,0.5,2,D_optimal_bayesian,0.04347826086956519,0.9565217391304348,0.4583333333333333,0.619718309859155,26,166762.81
6,0.0,0.5,2,A_optimal_bayesian,0.04347826086956519,0.9565217391304348,0.4583333333333333,0.619718309859155,26,166762.81
6,0.0,0.5,2,E_optimal_observable_subspace,0.04347826086956519,0.9565217391304348,0.4583333333333333,0.619718309859155,26,166762.81
6,0.0,0.5,2,bayesian_information_gain,0.04347826086956519,0.9565217391304348,0.4583333333333333,0.619718309859155,26,166762.81
6,0.0,0.5,2,D_optimal_rank_reduced,0.04347826086956519,0.9565217391304348,0.46808510638297873,0.6285714285714286,25,141755.42
6,0.0,0.5,2,A_optimal_rank_reduced,0.08695652173913049,0.9130434782608695,0.45652173913043476,0.608695652173913,25,54151.12
6,0.0,0.5,2,E_optimal_rank_reduced,0.04347826086956519,0.9565217391304348,0.4782608695652174,0.6376811594202898,24,159603.99
6,0.0,0.5,2,goal_oriented_oed,0.04347826086956519,0.9565217391304348,0.46808510638297873,0.6285714285714286,25,88333.38
6,0.0,0.5,2,topological_dispersion,0.08695652173913049,0.9130434782608695,0.45652173913043476,0.608695652173913,25,194447.7
6,0.0,0.5,2,centrality,0.08695652173913049,0.9130434782608695,0.4772727272727273,0.6268656716417911,23,49949.81
6,0.0,0.5,3,FO,0.08695652173913049,0.9130434782608695,0.4666666666666667,0.6176470588235294,24,11873.98
6,0.0,0.5,3,D_optimal_bayesian,0.04347826086956519,0.9565217391304348,0.46808510638297873,0.6285714285714286,25,124043.33
6,0.0,0.5,3,A_optimal_bayesian,0.04347826086956519,0.9565217391304348,0.46808510638297873,0.6285714285714286,25,124043.33
6,0.0,0.5,3,E_optimal_observable_subspace,0.04347826086956519,0.9565217391304348,0.46808510638297873,0.6285714285714286,25,124043.33
6,0.0,0.5,3,bayesian_information_gain,0.04347826086956519,0.9565217391304348,0.46808510638297873,0.6285714285714286,25,124043.33
6,0.0,0.5,3,D_optimal_rank_reduced,0.04347826086956519,0.9565217391304348,0.4583333333333333,0.619718309859155,26,137236.84
6,0.0,0.5,3,A_optimal_rank_reduced,0.04347826086956519,0.9565217391304348,0.46808510638297873,0.6285714285714286,25,64090.9
6,0.0,0.5,3,E_optimal_rank_reduced,0.04347826086956519,0.9565217391304348,0.46808510638297873,0.6285714285714286,25,124642.89
6,0.0,0.5,3,goal_oriented_oed,0.04347826086956519,0.9565217391304348,0.46808510638297873,0.6285714285714286,25,114106.24
6,0.0,0.5,3,topological_dispersion,0.04347826086956519,0.9565217391304348,0.4583333333333333,0.619718309859155,26,147735.07
6,0.0,0.5,3,centrality,0.08695652173913049,0.9130434782608695,0.4666666666666667,0.6176470588235294,24,65162.73
6,0.0,0.5,4,FO,0.04347826086956519,0.9565217391304348,0.4782608695652174,0.6376811594202898,24,50149.69
6,0.0,0.5,4,D_optimal_bayesian,0.04347826086956519,0.9565217391304348,0.4583333333333333,0.619718309859155,26,101362.55
6,0.0,0.5,4,A_optimal_bayesian,0.04347826086956519,0.9565217391304348,0.4583333333333333,0.619718309859155,26,101362.55
6,0.0,0.5,4,E_optimal_observable_subspace,0.04347826086956519,0.9565217391304348,0.4583333333333333,0.619718309859155,26,101362.55
6,0.0,0.5,4,bayesian_information_gain,0.04347826086956519,0.9565217391304348,0.4583333333333333,0.619718309859155,26,101362.55
6,0.0,0.5,4,D_optimal_rank_reduced,0.08695652173913049,0.9130434782608695,0.44680851063829785,0.6,26,107571.99
6,0.0,0.5,4,A_optimal_rank_reduced,0.04347826086956519,0.9565217391304348,0.4583333333333333,0.619718309859155,26,45250.91
6,0.0,0.5,4,E_optimal_rank_reduced,0.08695652173913049,0.9130434782608695,0.45652173913043476,0.608695652173913,25,131672.16
6,0.0,0.5,4,goal_oriented_oed,0.04347826086956519,0.9565217391304348,0.44,0.6027397260273973,28,117445.11
6,0.0,0.5,4,topological_dispersion,0.04347826086956519,0.9565217391304348,0.4489795918367347,0.6111111111111112,27,110219.27
6,0.0,0.5,4,centrality,0.04347826086956519,0.9565217391304348,0.4782608695652174,0.6376811594202898,24,36469.32
6,0.0,1.0,0,FO,0.0,1.0,0.4791666666666667,0.647887323943662,25,35750.49
6,0.0,1.0,0,D_optimal_bayesian,0.0,1.0,0.46,0.6301369863013699,27,186891.4
6,0.0,1.0,0,A_optimal_bayesian,0.0,1.0,0.46,0.6301369863013699,27,186891.4
6,0.0,1.0,0,E_optimal_observable_subspace,0.0,1.0,0.46,0.6301369863013699,27,186891.4
6,0.0,1.0,0,bayesian_information_gain,0.0,1.0,0.46,0.6301369863013699,27,186891.4
6,0.0,1.0,0,D_optimal_rank_reduced,0.04347826086956519,0.9565217391304348,0.44,0.6027397260273973,28,134078.55
6,0.0,1.0,0,A_optimal_rank_reduced,0.04347826086956519,0.9565217391304348,0.4489795918367347,0.6111111111111112,27,74275.65
6,0.0,1.0,0,E_optimal_rank_reduced,0.04347826086956519,0.9565217391304348,0.4489795918367347,0.6111111111111112,27,96205.29
6,0.0,1.0,0,goal_oriented_oed,0.0,1.0,0.46,0.6301369863013699,27,102739.57
6,0.0,1.0,0,topological_dispersion,0.04347826086956519,0.9565217391304348,0.4489795918367347,0.6111111111111112,27,87236.63
6,0.0,1.0,0,centrality,0.04347826086956519,0.9565217391304348,0.46808510638297873,0.6285714285714286,25,61707.65
6,0.0,1.0,1,FO,0.04347826086956519,0.9565217391304348,0.4489795918367347,0.6111111111111112,27,18310.06
6,0.0,1.0,1,D_optimal_bayesian,0.04347826086956519,0.9565217391304348,0.44,0.6027397260273973,28,90519.01
6,0.0,1.0,1,A_optimal_bayesian,0.04347826086956519,0.9565217391304348,0.44,0.6027397260273973,28,90519.01
6,0.0,1.0,1,E_optimal_observable_subspace,0.04347826086956519,0.9565217391304348,0.44,0.6027397260273973,28,90519.01
6,0.0,1.0,1,bayesian_information_gain,0.04347826086956519,0.9565217391304348,0.44,0.6027397260273973,28,90519.01
6,0.0,1.0,1,D_optimal_rank_reduced,0.04347826086956519,0.9565217391304348,0.4489795918367347,0.6111111111111112,27,151265.13
6,0.0,1.0,1,A_optimal_rank_reduced,0.04347826086956519,0.9565217391304348,0.4489795918367347,0.6111111111111112,27,68323.29
6,0.0,1.0,1,E_optimal_rank_reduced,0.04347826086956519,0.9565217391304348,0.4489795918367347,0.6111111111111112,27,131687.54
6,0.0,1.0,1,goal_oriented_oed,0.04347826086956519,0.9565217391304348,0.4489795918367347,0.6111111111111112,27,97730.01
6,0.0,1.0,1,topological_dispersion,0.04347826086956519,0.9565217391304348,0.44,0.6027397260273973,28,87444.18
6,0.0,1.0,1,centrality,0.04347826086956519,0.9565217391304348,0.4583333333333333,0.619718309859155,26,105948.71
6,0.0,1.0,2,FO,0.08695652173913049,0.9130434782608695,0.44680851063829785,0.6,26,48516.95
6,0.0,1.0,2,D_optimal_bayesian,0.04347826086956519,0.9565217391304348,0.44,0.6027397260273973,28,138431.57
6,0.0,1.0,2,A_optimal_bayesian,0.04347826086956519,0.9565217391304348,0.44,0.6027397260273973,28,138431.57
6,0.0,1.0,2,E_optimal_observable_subspace,0.04347826086956519,0.9565217391304348,0.44,0.6027397260273973,28,138431.57
6,0.0,1.0,2,bayesian_information_gain,0.04347826086956519,0.9565217391304348,0.44,0.6027397260273973,28,138431.57
6,0.0,1.0,2,D_optimal_rank_reduced,0.04347826086956519,0.9565217391304348,0.44,0.6027397260273973,28,190804.31
6,0.0,1.0,2,A_optimal_rank_reduced,0.04347826086956519,0.9565217391304348,0.4489795918367347,0.6111111111111112,27,69742.71
6,0.0,1.0,2,E_optimal_rank_reduced,0.04347826086956519,0.9565217391304348,0.44,0.6027397260273973,28,188289.56
6,0.0,1.0,2,goal_oriented_oed,0.04347826086956519,0.9565217391304348,0.44,0.6027397260273973,28,112191.1
6,0.0,1.0,2,topological_dispersion,0.0,1.0,0.46,0.6301369863013699,27,191222.95
6,0.0,1.0,2,centrality,0.08695652173913049,0.9130434782608695,0.44680851063829785,0.6,26,47519.74
6,0.0,1.0,3,FO,0.04347826086956519,0.9565217391304348,0.4583333333333333,0.619718309859155,26,32057.05
6,0.0,1.0,3,D_optimal_bayesian,0.0,1.0,0.46,0.6301369863013699,27,143817.16
6,0.0,1.0,3,A_optimal_bayesian,0.0,1.0,0.46,0.6301369863013699,27,143817.16
6,0.0,1.0,3,E_optimal_observable_subspace,0.0,1.0,0.46,0.6301369863013699,27,143817.16
6,0.0,1.0,3,bayesian_information_gain,0.0,1.0,0.46,0.6301369863013699,27,143817.16
6,0.0,1.0,3,D_optimal_rank_reduced,0.0,1.0,0.46,0.6301369863013699,27,144590.42
6,0.0,1.0,3,A_optimal_rank_reduced,0.04347826086956519,0.9565217391304348,0.44,0.6027397260273973,28,187373.48
6,0.0,1.0,3,E_optimal_rank_reduced,0.0,1.0,0.46,0.6301369863013699,27,137697.08
6,0.0,1.0,3,goal_oriented_oed,0.04347826086956519,0.9565217391304348,0.4489795918367347,0.6111111111111112,27,127675.61
6,0.0,1.0,3,topological_dispersion,0.04347826086956519,0.9565217391304348,0.44,0.6027397260273973,28,197619.9
6,0.0,1.0,3,centrality,0.04347826086956519,0.9565217391304348,0.46808510638297873,0.6285714285714286,25,57827.33
6,0.0,1.0,4,FO,0.04347826086956519,0.9565217391304348,0.4583333333333333,0.619718309859155,26,10129.37
6,0.0,1.0,4,D_optimal_bayesian,0.0,1.0,0.46,0.6301369863013699,27,85130.35
6,0.0,1.0,4,A_optimal_bayesian,0.0,1.0,0.46,0.6301369863013699,27,85130.35
6,0.0,1.0,4,E_optimal_observable_subspace,0.0,1.0,0.46,0.6301369863013699,27,85130.35
6,0.0,1.0,4,bayesian_information_gain,0.0,1.0,0.46,0.6301369863013699,27,85130.35
6,0.0,1.0,4,D_optimal_rank_reduced,0.04347826086956519,0.9565217391304348,0.44,0.6027397260273973,28,116513.75
6,0.0,1.0,4,A_optimal_rank_reduced,0.04347826086956519,0.9565217391304348,0.44,0.6027397260273973,28,116902.51
6,0.0,1.0,4,E_optimal_rank_reduced,0.04347826086956519,0.9565217391304348,0.4489795918367347,0.6111111111111112,27,107635.15
6,0.0,1.0,4,goal_oriented_oed,0.0,1.0,0.46938775510204084,0.6388888888888888,26,94794.32
6,0.0,1.0,4,topological_dispersion,0.0,1.0,0.46938775510204084,0.6388888888888888,26,127283.56
6,0.0,1.0,4,centrality,0.04347826086956519,0.9565217391304348,0.4583333333333333,0.619718309859155,26,93876.12
6,1.0,0.0,0,FO,0.08695652173913049,0.9130434782608695,0.5,0.6461538461538461,21,18371.89
6,1.0,0.0,0,D_optimal_bayesian,0.08695652173913049,0.9130434782608695,0.4666666666666667,0.6176470588235294,24,122509.77
6,1.0,0.0,0,A_optimal_bayesian,0.08695652173913049,0.9130434782608695,0.4666666666666667,0.6176470588235294,24,122509.77
6,1.0,0.0,0,E_optimal_observable_subspace,0.08695652173913049,0.9130434782608695,0.4666666666666667,0.6176470588235294,24,122509.77
6,1.0,0.0,0,bayesian_information_gain,0.08695652173913049,0.9130434782608695,0.4666666666666667,0.6176470588235294,24,122509.77
6,1.0,0.0,0,D_optimal_rank_reduced,0.08695652173913049,0.9130434782608695,0.45652173913043476,0.608695652173913,25,172030.11
6,1.0,0.0,0,A_optimal_rank_reduced,0.08695652173913049,0.9130434782608695,0.4666666666666667,0.6176470588235294,24,77314.58
6,1.0,0.0,0,E_optimal_rank_reduced,0.08695652173913049,0.9130434782608695,0.4666666666666667,0.6176470588235294,24,148540.29
6,1.0,0.0,0,goal_oriented_oed,0.08695652173913049,0.9130434782608695,0.45652173913043476,0.608695652173913,25,128265.36
6,1.0,0.0,0,topological_dispersion,0.08695652173913049,0.9130434782608695,0.4666666666666667,0.6176470588235294,24,158776.46
6,1.0,0.0,0,centrality,0.08695652173913049,0.9130434782608695,0.4883720930232558,0.6363636363636364,22,104163.63
6,1.0,0.0,1,FO,0.08695652173913049,0.9130434782608695,0.5,0.6461538461538461,21,31509.06
6,1.0,0.0,1,D_optimal_bayesian,0.08695652173913049,0.9130434782608695,0.45652173913043476,0.608695652173913,25,118516.01
6,1.0,0.0,1,A_optimal_bayesian,0.08695652173913049,0.9130434782608695,0.45652173913043476,0.608695652173913,25,118516.01
6,1.0,0.0,1,E_optimal_observable_subspace,0.08695652173913049,0.9130434782608695,0.45652173913043476,0.608695652173913,25,118516.01
6,1.0,0.0,1,bayesian_information_gain,0.08695652173913049,0.9130434782608695,0.45652173913043476,0.608695652173913,25,118516.01
6,1.0,0.0,1,D_optimal_rank_reduced,0.08695652173913049,0.9130434782608695,0.45652173913043476,0.608695652173913,25,126987.27
6,1.0,0.0,1,A_optimal_rank_reduced,0.08695652173913049,0.9130434782608695,0.44680851063829785,0.6,26,86356.86
6,1.0,0.0,1,E_optimal_rank_reduced,0.08695652173913049,0.9130434782608695,0.45652173913043476,0.608695652173913,25,142633.4
6,1.0,0.0,1,goal_oriented_oed,0.08695652173913049,0.9130434782608695,0.45652173913043476,0.608695652173913,25,117855.51
6,1.0,0.0,1,topological_dispersion,0.08695652173913049,0.9130434782608695,0.4666666666666667,0.6176470588235294,24,136862.1
6,1.0,0.0,1,centrality,0.08695652173913049,0.9130434782608695,0.5121951219512195,0.6562499999999999,20,62965.67
6,1.0,0.0,2,FO,0.08695652173913049,0.9130434782608695,0.5121951219512195,0.6562499999999999,20,90360.83
6,1.0,0.0,2,D_optimal_bayesian,0.08695652173913049,0.9130434782608695,0.4772727272727273,0.6268656716417911,23,129544.39
6,1.0,0.0,2,A_optimal_bayesian,0.08695652173913049,0.9130434782608695,0.4772727272727273,0.6268656716417911,23,129544.39
6,1.0,0.0,2,E_optimal_observable_subspace,0.08695652173913049,0.9130434782608695,0.4772727272727273,0.6268656716417911,23,129544.39
6,1.0,0.0,2,bayesian_information_gain,0.08695652173913049,0.9130434782608695,0.4772727272727273,0.6268656716417911,23,129544.39
6,1.0,0.0,2,D_optimal_rank_reduced,0.08695652173913049,0.9130434782608695,0.45652173913043476,0.608695652173913,25,124056.12
6,1.0,0.0,2,A_optimal_rank_reduced,0.08695652173913049,0.9130434782608695,0.4666666666666667,0.6176470588235294,24,82334.25
6,1.0,0.0,2,E_optimal_rank_reduced,0.04347826086956519,0.9565217391304348,0.4782608695652174,0.6376811594202898,24,141853.59
6,1.0,0.0,2,goal_oriented_oed,0.08695652173913049,0.9130434782608695,0.4772727272727273,0.6268656716417911,23,119173.51
6,1.0,0.0,2,topological_dispersion,0.08695652173913049,0.9130434782608695,0.4772727272727273,0.6268656716417911,23,113792.34
6,1.0,0.0,2,centrality,0.08695652173913049,0.9130434782608695,0.5121951219512195,0.6562499999999999,20,98509.9
6,1.0,0.0,3,FO,0.08695652173913049,0.9130434782608695,0.5,0.6461538461538461,21,67589.08
6,1.0,0.0,3,D_optimal_bayesian,0.04347826086956519,0.9565217391304348,0.46808510638297873,0.6285714285714286,25,139866.96
6,1.0,0.0,3,A_optimal_bayesian,0.04347826086956519,0.9565217391304348,0.46808510638297873,0.6285714285714286,25,139866.96
6,1.0,0.0,3,E_optimal_observable_subspace,0.04347826086956519,0.9565217391304348,0.46808510638297873,0.6285714285714286,25,139866.96
6,1.0,0.0,3,bayesian_information_gain,0.04347826086956519,0.9565217391304348,0.46808510638297873,0.6285714285714286,25,139866.96
6,1.0,0.0,3,D_optimal_rank_reduced,0.04347826086956519,0.9565217391304348,0.46808510638297873,0.6285714285714286,25,167362.97
6,1.0,0.0,3,A_optimal_rank_reduced,0.08695652173913049,0.9130434782608695,0.44680851063829785,0.6,26,88916.61
6,1.0,0.0,3,E_optimal_rank_reduced,0.08695652173913049,0.9130434782608695,0.4666666666666667,0.6176470588235294,24,159853.48
6,1.0,0.0,3,goal_oriented_oed,0.08695652173913049,0.9130434782608695,0.4666666666666667,0.6176470588235294,24,117131.33
6,1.0,0.0,3,topological_dispersion,0.08695652173913049,0.9130434782608695,0.4772727272727273,0.6268656716417911,23,112322.78
6,1.0,0.0,3,centrality,0.08695652173913049,0.9130434782608695,0.5121951219512195,0.6562499999999999,20,58597.2
6,1.0,0.0,4,FO,0.08695652173913049,0.9130434782608695,0.5121951219512195,0.6562499999999999,20,35612.82
6,1.0,0.0,4,D_optimal_bayesian,0.08695652173913049,0.9130434782608695,0.4666666666666667,0.6176470588235294,24,152439.25
6,1.0,0.0,4,A_optimal_bayesian,0.08695652173913049,0.9130434782608695,0.4666666666666667,0.6176470588235294,24,152439.25
6,1.0,0.0,4,E_optimal_observable_subspace,0.08695652173913049,0.9130434782608695,0.4666666666666667,0.6176470588235294,24,152439.25
6,1.0,0.0,4,bayesian_information_gain,0.08695652173913049,0.9130434782608695,0.4666666666666667,0.6176470588235294,24,152439.25
6,1.0,0.0,4,D_optimal_rank_reduced,0.08695652173913049,0.9130434782608695,0.45652173913043476,0.608695652173913,25,154862.21
6,1.0,0.0,4,A_optimal_rank_reduced,0.08695652173913049,0.9130434782608695,0.4666666666666667,0.6176470588235294,24,124091.36
6,1.0,0.0,4,E_optimal_rank_reduced,0.08695652173913049,0.9130434782608695,0.4772727272727273,0.6268656716417911,23,111896.8
6,1.0,0.0,4,goal_oriented_oed,0.08695652173913049,0.9130434782608695,0.45652173913043476,0.608695652173913,25,102639.79
6,1.0,0.0,4,topological_dispersion,0.08695652173913049,0.9130434782608695,0.4666666666666667,0.6176470588235294,24,187153.67
6,1.0,0.0,4,centrality,0.08695652173913049,0.9130434782608695,0.5,0.6461538461538461,21,124397.92
6,1.0,0.5,0,FO,0.08695652173913049,0.9130434782608695,0.4666666666666667,0.6176470588235294,24,53948.64
6,1.0,0.5,0,D_optimal_bayesian,0.04347826086956519,0.9565217391304348,0.4583333333333333,0.619718309859155,26,198381.5
6,1.0,0.5,0,A_optimal_bayesian,0.04347826086956519,0.9565217391304348,0.4583333333333333,0.619718309859155,26,198381.5
6,1.0,0.5,0,E_optimal_observable_subspace,0.04347826086956519,0.9565217391304348,0.4583333333333333,0.619718309859155,26,198381.5
6,1.0,0.5,0,bayesian_information_gain,0.04347826086956519,0.9565217391304348,0.4583333333333333,0.619718309859155,26,198381.5
6,1.0,0.5,0,D_optimal_rank_reduced,0.04347826086956519,0.9565217391304348,0.4583333333333333,0.619718309859155,26,176042.45
6,1.0,0.5,0,A_optimal_rank_reduced,0.04347826086956519,0.9565217391304348,0.4489795918367347,0.6111111111111112,27,120476.82
6,1.0,0.5,0,E_optimal_rank_reduced,0.04347826086956519,0.9565217391304348,0.46808510638297873,0.6285714285714286,25,158845.05
6,1.0,0.5,0,goal_oriented_oed,0.04347826086956519,0.9565217391304348,0.4782608695652174,0.6376811594202898,24,138507.7
6,1.0,0.5,0,topological_dispersion,0.04347826086956519,0.9565217391304348,0.46808510638297873,0.6285714285714286,25,225644.96
6,1.0,0.5,0,centrality,0.08695652173913049,0.9130434782608695,0.4883720930232558,0.6363636363636364,22,93785.89
6,1.0,0.5,1,FO,0.04347826086956519,0.9565217391304348,0.4888888888888889,0.6470588235294117,23,37659.29
6,1.0,0.5,1,D_optimal_bayesian,0.04347826086956519,0.9565217391304348,0.4489795918367347,0.6111111111111112,27,128358.64
6,1.0,0.5,1,A_optimal_bayesian,0.04347826086956519,0.9565217391304348,0.4489795918367347,0.6111111111111112,27,128358.64
6,1.0,0.5,1,E_optimal_observable_subspace,0.04347826086956519,0.9565217391304348,0.4489795918367347,0.6111111111111112,27,128358.64
6,1.0,0.5,1,bayesian_information_gain,0.04347826086956519,0.9565217391304348,0.4489795918367347,0.6111111111111112,27,128358.64
6,1.0,0.5,1,D_optimal_rank_reduced,0.04347826086956519,0.9565217391304348,0.4583333333333333,0.619718309859155,26,183670.92
6,1.0,0.5,1,A_optimal_rank_reduced,0.04347826086956519,0.9565217391304348,0.4583333333333333,0.619718309859155,26,117717.86
6,1.0,0.5,1,E_optimal_rank_reduced,0.04347826086956519,0.9565217391304348,0.4583333333333333,0.619718309859155,26,132241.51
6,1.0,0.5,1,goal_oriented_oed,0.04347826086956519,0.9565217391304348,0.4489795918367347,0.6111111111111112,27,81105.1
6,1.0,0.5,1,topological_dispersion,0.04347826086956519,0.9565217391304348,0.4583333333333333,0.619718309859155,26,125269.91
6,1.0,0.5,1,centrality,0.04347826086956519,0.9565217391304348,0.4888888888888889,0.6470588235294117,23,76980.9
6,1.0,0.5,2,FO,0.08695652173913049,0.9130434782608695,0.4666666666666667,0.6176470588235294,24,84381.82
6,1.0,0.5,2,D_optimal_bayesian,0.08695652173913049,0.9130434782608695,0.45652173913043476,0.608695652173913,25,126024.13
6,1.0,0.5,2,A_optimal_bayesian,0.08695652173913049,0.9130434782608695,0.45652173913043476,0.608695652173913,25,126024.13
6,1.0,0.5,2,E_optimal_observable_subspace,0.08695652173913049,0.9130434782608695,0.45652173913043476,0.608695652173913,25,126024.13
6,1.0,0.5,2,bayesian_information_gain,0.08695652173913049,0.9130434782608695,0.45652173913043476,0.608695652173913,25,126024.13
6,1.0,0.5,2,D_optimal_rank_reduced,0.08695652173913049,0.9130434782608695,0.44680851063829785,0.6,26,80770.36
6,1.0,0.5,2,A_optimal_rank_reduced,0.08695652173913049,0.9130434782608695,0.45652173913043476,0.608695652173913,25,110207.52
6,1.0,0.5,2,E_optimal_rank_reduced,0.08695652173913049,0.9130434782608695,0.45652173913043476,0.608695652173913,25,99296.0
6,1.0,0.5,2,goal_oriented_oed,0.04347826086956519,0.9565217391304348,0.46808510638297873,0.6285714285714286,25,89001.62
6,1.0,0.5,2,topological_dispersion,0.08695652173913049,0.9130434782608695,0.45652173913043476,0.608695652173913,25,119012.41
6,1.0,0.5,2,centrality,0.08695652173913049,0.9130434782608695,0.4772727272727273,0.6268656716417911,23,101570.2
6,1.0,0.5,3,FO,0.08695652173913049,0.9130434782608695,0.45652173913043476,0.608695652173913,25,41000.91
6,1.0,0.5,3,D_optimal_bayesian,0.04347826086956519,0.9565217391304348,0.46808510638297873,0.6285714285714286,25,138218.09
6,1.0,0.5,3,A_optimal_bayesian,0.04347826086956519,0.9565217391304348,0.46808510638297873,0.6285714285714286,25,138218.09
6,1.0,0.5,3,E_optimal_observable_subspace,0.04347826086956519,0.9565217391304348,0.46808510638297873,0.6285714285714286,25,138218.09
6,1.0,0.5,3,bayesian_information_gain,0.04347826086956519,0.9565217391304348,0.46808510638297873,0.6285714285714286,25,138218.09
6,1.0,0.5,3,D_optimal_rank_reduced,0.04347826086956519,0.9565217391304348,0.46808510638297873,0.6285714285714286,25,162225.97
6,1.0,0.5,3,A_optimal_rank_reduced,0.04347826086956519,0.9565217391304348,0.46808510638297873,0.6285714285714286,25,67921.02
6,1.0,0.5,3,E_optimal_rank_reduced,0.04347826086956519,0.9565217391304348,0.46808510638297873,0.6285714285714286,25,194076.83
6,1.0,0.5,3,goal_oriented_oed,0.04347826086956519,0.9565217391304348,0.4583333333333333,0.619718309859155,26,121419.09
6,1.0,0.5,3,topological_dispersion,0.04347826086956519,0.9565217391304348,0.4583333333333333,0.619718309859155,26,118100.52
6,1.0,0.5,3,centrality,0.08695652173913049,0.9130434782608695,0.4883720930232558,0.6363636363636364,22,48628.31
6,1.0,0.5,4,FO,0.08695652173913049,0.9130434782608695,0.45652173913043476,0.608695652173913,25,54597.93
6,1.0,0.5,4,D_optimal_bayesian,0.04347826086956519,0.9565217391304348,0.4489795918367347,0.6111111111111112,27,207577.36
6,1.0,0.5,4,A_optimal_bayesian,0.04347826086956519,0.9565217391304348,0.4489795918367347,0.6111111111111112,27,207577.36
6,1.0,0.5,4,E_optimal_observable_subspace,0.04347826086956519,0.9565217391304348,0.4489795918367347,0.6111111111111112,27,207577.36
6,1.0,0.5,4,bayesian_information_gain,0.04347826086956519,0.9565217391304348,0.4489795918367347,0.6111111111111112,27,207577.36
6,1.0,0.5,4,D_optimal_rank_reduced,0.04347826086956519,0.9565217391304348,0.4583333333333333,0.619718309859155,26,171591.45
6,1.0,0.5,4,A_optimal_rank_reduced,0.04347826086956519,0.9565217391304348,0.4583333333333333,0.619718309859155,26,175730.12
6,1.0,0.5,4,E_optimal_rank_reduced,0.04347826086956519,0.9565217391304348,0.4782608695652174,0.6376811594202898,24,158605.45
6,1.0,0.5,4,goal_oriented_oed,0.04347826086956519,0.9565217391304348,0.4583333333333333,0.619718309859155,26,144298.81
6,1.0,0.5,4,topological_dispersion,0.04347826086956519,0.9565217391304348,0.4583333333333333,0.619718309859155,26,165819.76
6,1.0,0.5,4,centrality,0.08695652173913049,0.9130434782608695,0.45652173913043476,0.608695652173913,25,79824.72
6,1.0,1.0,0,FO,0.04347826086956519,0.9565217391304348,0.46808510638297873,0.6285714285714286,25,13131.22
6,1.0,1.0,0,D_optimal_bayesian,0.04347826086956519,0.9565217391304348,0.4489795918367347,0.6111111111111112,27,129832.58
6,1.0,1.0,0,A_optimal_bayesian,0.04347826086956519,0.9565217391304348,0.4489795918367347,0.6111111111111112,27,129832.58
6,1.0,1.0,0,E_optimal_observable_subspace,0.04347826086956519,0.9565217391304348,0.4489795918367347,0.6111111111111112,27,129832.58
6,1.0,1.0,0,bayesian_information_gain,0.04347826086956519,0.9565217391304348,0.4489795918367347,0.6111111111111112,27,129832.58
6,1.0,1.0,0,D_optimal_rank_reduced,0.04347826086956519,0.9565217391304348,0.44,0.6027397260273973,28,184075.62
6,1.0,1.0,0,A_optimal_rank_reduced,0.04347826086956519,0.9565217391304348,0.4489795918367347,0.6111111111111112,27,118221.14
6,1.0,1.0,0,E_optimal_rank_reduced,0.04347826086956519,0.9565217391304348,0.4489795918367347,0.6111111111111112,27,167911.75
6,1.0,1.0,0,goal_oriented_oed,0.04347826086956519,0.9565217391304348,0.44,0.6027397260273973,28,119244.42
6,1.0,1.0,0,topological_dispersion,0.04347826086956519,0.9565217391304348,0.44,0.6027397260273973,28,159079.88
6,1.0,1.0,0,centrality,0.04347826086956519,0.9565217391304348,0.4782608695652174,0.6376811594202898,24,89398.6
6,1.0,1.0,1,FO,0.04347826086956519,0.9565217391304348,0.4583333333333333,0.619718309859155,26,25590.91
6,1.0,1.0,1,D_optimal_bayesian,0.04347826086956519,0.9565217391304348,0.44,0.6027397260273973,28,144766.08
6,1.0,1.0,1,A_optimal_bayesian,0.04347826086956519,0.9565217391304348,0.44,0.6027397260273973,28,144766.08
6,1.0,1.0,1,E_optimal_observable_subspace,0.04347826086956519,0.9565217391304348,0.44,0.6027397260273973,28,144766.08
6,1.0,1.0,1,bayesian_information_gain,0.04347826086956519,0.9565217391304348,0.44,0.6027397260273973,28,144766.08
6,1.0,1.0,1,D_optimal_rank_reduced,0.04347826086956519,0.9565217391304348,0.44,0.6027397260273973,28,165305.05
6,1.0,1.0,1,A_optimal_rank_reduced,0.04347826086956519,0.9565217391304348,0.4489795918367347,0.6111111111111112,27,53289.38
6,1.0,1.0,1,E_optimal_rank_reduced,0.04347826086956519,0.9565217391304348,0.44,0.6027397260273973,28,200776.41
6,1.0,1.0,1,goal_oriented_oed,0.04347826086956519,0.9565217391304348,0.44,0.6027397260273973,28,127057.31
6,1.0,1.0,1,topological_dispersion,0.04347826086956519,0.9565217391304348,0.44,0.6027397260273973,28,197708.83
6,1.0,1.0,1,centrality,0.04347826086956519,0.9565217391304348,0.4583333333333333,0.619718309859155,26,59170.55
6,1.0,1.0,2,FO,0.08695652173913049,0.9130434782608695,0.44680851063829785,0.6,26,25383.15
6,1.0,1.0,2,D_optimal_bayesian,0.04347826086956519,0.9565217391304348,0.4489795918367347,0.6111111111111112,27,131374.23
6,1.0,1.0,2,A_optimal_bayesian,0.04347826086956519,0.9565217391304348,0.4489795918367347,0.6111111111111112,27,131374.23
6,1.0,1.0,2,E_optimal_observable_subspace,0.04347826086956519,0.9565217391304348,0.4489795918367347,0.6111111111111112,27,131374.23
6,1.0,1.0,2,bayesian_information_gain,0.04347826086956519,0.9565217391304348,0.4489795918367347,0.6111111111111112,27,131374.23
6,1.0,1.0,2,D_optimal_rank_reduced,0.08695652173913049,0.9130434782608695,0.42857142857142855,0.5833333333333334,28,148479.41
6,1.0,1.0,2,A_optimal_rank_reduced,0.08695652173913049,0.9130434782608695,0.42857142857142855,0.5833333333333334,28,129835.08
6,1.0,1.0,2,E_optimal_rank_reduced,0.04347826086956519,0.9565217391304348,0.4489795918367347,0.6111111111111112,27,177246.89
6,1.0,1.0,2,goal_oriented_oed,0.04347826086956519,0.9565217391304348,0.4583333333333333,0.619718309859155,26,83828.99
6,1.0,1.0,2,topological_dispersion,0.04347826086956519,0.9565217391304348,0.4489795918367347,0.6111111111111112,27,180338.25
6,1.0,1.0,2,centrality,0.08695652173913049,0.9130434782608695,0.44680851063829785,0.6,26,65311.31
6,1.0,1.0,3,FO,0.04347826086956519,0.9565217391304348,0.4583333333333333,0.619718309859155,26,7957.15
6,1.0,1.0,3,D_optimal_bayesian,0.04347826086956519,0.9565217391304348,0.4583333333333333,0.619718309859155,26,152171.46
6,1.0,1.0,3,A_optimal_bayesian,0.04347826086956519,0.9565217391304348,0.4583333333333333,0.619718309859155,26,152171.46
6,1.0,1.0,3,E_optimal_observable_subspace,0.04347826086956519,0.9565217391304348,0.4583333333333333,0.619718309859155,26,152171.46
6,1.0,1.0,3,bayesian_information_gain,0.04347826086956519,0.9565217391304348,0.4583333333333333,0.619718309859155,26,152171.46
6,1.0,1.0,3,D_optimal_rank_reduced,0.04347826086956519,0.9565217391304348,0.4489795918367347,0.6111111111111112,27,111458.85
6,1.0,1.0,3,A_optimal_rank_reduced,0.04347826086956519,0.9565217391304348,0.4583333333333333,0.619718309859155,26,145014.07
6,1.0,1.0,3,E_optimal_rank_reduced,0.04347826086956519,0.9565217391304348,0.4489795918367347,0.6111111111111112,27,165654.63
6,1.0,1.0,3,goal_oriented_oed,0.04347826086956519,0.9565217391304348,0.4489795918367347,0.6111111111111112,27,96843.99
6,1.0,1.0,3,topological_dispersion,0.04347826086956519,0.9565217391304348,0.4489795918367347,0.6111111111111112,27,205022.97
6,1.0,1.0,3,centrality,0.04347826086956519,0.9565217391304348,0.4583333333333333,0.619718309859155,26,48858.81
6,1.0,1.0,4,FO,0.04347826086956519,0.9565217391304348,0.4583333333333333,0.619718309859155,26,105793.62
6,1.0,1.0,4,D_optimal_bayesian,0.04347826086956519,0.9565217391304348,0.44,0.6027397260273973,28,134676.85
6,1.0,1.0,4,A_optimal_bayesian,0.04347826086956519,0.9565217391304348,0.44,0.6027397260273973,28,134676.85
6,1.0,1.0,4,E_optimal_observable_subspace,0.04347826086956519,0.9565217391304348,0.44,0.6027397260273973,28,134676.85
6,1.0,1.0,4,bayesian_information_gain,0.04347826086956519,0.9565217391304348,0.44,0.6027397260273973,28,134676.85
6,1.0,1.0,4,D_optimal_rank_reduced,0.04347826086956519,0.9565217391304348,0.4489795918367347,0.6111111111111112,27,155170.15
6,1.0,1.0,4,A_optimal_rank_reduced,0.04347826086956519,0.9565217391304348,0.46808510638297873,0.6285714285714286,25,70475.1
6,1.0,1.0,4,E_optimal_rank_reduced,0.04347826086956519,0.9565217391304348,0.4583333333333333,0.619718309859155,26,174857.28
6,1.0,1.0,4,goal_oriented_oed,0.04347826086956519,0.9565217391304348,0.4489795918367347,0.6111111111111112,27,142768.99
6,1.0,1.0,4,topological_dispersion,0.04347826086956519,0.9565217391304348,0.44,0.6027397260273973,28,143711.13
6,1.0,1.0,4,centrality,0.04347826086956519,0.9565217391304348,0.46808510638297873,0.6285714285714286,25,54642.79
6,2.0,0.0,0,FO,0.08695652173913049,0.9130434782608695,0.5121951219512195,0.6562499999999999,20,48534.01
6,2.0,0.0,0,D_optimal_bayesian,0.08695652173913049,0.9130434782608695,0.4666666666666667,0.6176470588235294,24,169542.03
6,2.0,0.0,0,A_optimal_bayesian,0.08695652173913049,0.9130434782608695,0.4666666666666667,0.6176470588235294,24,169542.03
6,2.0,0.0,0,E_optimal_observable_subspace,0.08695652173913049,0.9130434782608695,0.4666666666666667,0.6176470588235294,24,169542.03
6,2.0,0.0,0,bayesian_information_gain,0.08695652173913049,0.9130434782608695,0.4666666666666667,0.6176470588235294,24,169542.03
6,2.0,0.0,0,D_optimal_rank_reduced,0.08695652173913049,0.9130434782608695,0.44680851063829785,0.6,26,132270.39
6,2.0,0.0,0,A_optimal_rank_reduced,0.08695652173913049,0.9130434782608695,0.45652173913043476,0.608695652173913,25,171482.47
6,2.0,0.0,0,E_optimal_rank_reduced,0.08695652173913049,0.9130434782608695,0.4666666666666667,0.6176470588235294,24,143271.1
6,2.0,0.0,0,goal_oriented_oed,0.08695652173913049,0.9130434782608695,0.4666666666666667,0.6176470588235294,24,102287.1
6,2.0,0.0,0,topological_dispersion,0.04347826086956519,0.9565217391304348,0.4782608695652174,0.6376811594202898,24,160606.9
6,2.0,0.0,0,centrality,0.08695652173913049,0.9130434782608695,0.525,0.6666666666666667,19,51988.14
6,2.0,0.0,1,FO,0.08695652173913049,0.9130434782608695,0.4883720930232558,0.6363636363636364,22,28880.36
6,2.0,0.0,1,D_optimal_bayesian,0.04347826086956519,0.9565217391304348,0.4583333333333333,0.619718309859155,26,98954.31
6,2.0,0.0,1,A_optimal_bayesian,0.04347826086956519,0.9565217391304348,0.4583333333333333,0.619718309859155,26,98954.31
6,2.0,0.0,1,E_optimal_observable_subspace,0.04347826086956519,0.9565217391304348,0.4583333333333333,0.619718309859155,26,98954.31
6,2.0,0.0,1,bayesian_information_gain,0.04347826086956519,0.9565217391304348,0.4583333333333333,0.619718309859155,26,98954.31
6,2.0,0.0,1,D_optimal_rank_reduced,0.04347826086956519,0.9565217391304348,0.4583333333333333,0.619718309859155,26,60300.64
6,2.0,0.0,1,A_optimal_rank_reduced,0.08695652173913049,0.9130434782608695,0.44680851063829785,0.6,26,91206.84
6,2.0,0.0,1,E_optimal_rank_reduced,0.04347826086956519,0.9565217391304348,0.46808510638297873,0.6285714285714286,25,124633.15
6,2.0,0.0,1,goal_oriented_oed,0.04347826086956519,0.9565217391304348,0.4782608695652174,0.6376811594202898,24,161949.4
6,2.0,0.0,1,topological_dispersion,0.04347826086956519,0.9565217391304348,0.4782608695652174,0.6376811594202898,24,112177.07
6,2.0,0.0,1,centrality,0.08695652173913049,0.9130434782608695,0.5,0.6461538461538461,21,41936.05
6,2.0,0.0,2,FO,0.08695652173913049,0.9130434782608695,0.5121951219512195,0.6562499999999999,20,32635.89
6,2.0,0.0,2,D_optimal_bayesian,0.04347826086956519,0.9565217391304348,0.46808510638297873,0.6285714285714286,25,78290.52
6,2.0,0.0,2,A_optimal_bayesian,0.04347826086956519,0.9565217391304348,0.46808510638297873,0.6285714285714286,25,78290.52
6,2.0,0.0,2,E_optimal_observable_subspace,0.04347826086956519,0.9565217391304348,0.46808510638297873,0.6285714285714286,25,78290.52
6,2.0,0.0,2,bayesian_information_gain,0.04347826086956519,0.9565217391304348,0.46808510638297873,0.6285714285714286,25,78290.52
6,2.0,0.0,2,D_optimal_rank_reduced,0.04347826086956519,0.9565217391304348,0.4583333333333333,0.619718309859155,26,79315.03
6,2.0,0.0,2,A_optimal_rank_reduced,0.08695652173913049,0.9130434782608695,0.4666666666666667,0.6176470588235294,24,66891.51
6,2.0,0.0,2,E_optimal_rank_reduced,0.04347826086956519,0.9565217391304348,0.4782608695652174,0.6376811594202898,24,143569.01
6,2.0,0.0,2,goal_oriented_oed,0.04347826086956519,0.9565217391304348,0.4583333333333333,0.619718309859155,26,61286.56
6,2.0,0.0,2,topological_dispersion,0.04347826086956519,0.9565217391304348,0.4782608695652174,0.6376811594202898,24,170376.11
6,2.0,0.0,2,centrality,0.08695652173913049,0.9130434782608695,0.5121951219512195,0.6562499999999999,20,64707.83
6,2.0,0.0,3,FO,0.08695652173913049,0.9130434782608695,0.5121951219512195,0.6562499999999999,20,27300.94
6,2.0,0.0,3,D_optimal_bayesian,0.08695652173913049,0.9130434782608695,0.4666666666666667,0.6176470588235294,24,138217.94
6,2.0,0.0,3,A_optimal_bayesian,0.08695652173913049,0.9130434782608695,0.4666666666666667,0.6176470588235294,24,138217.94
6,2.0,0.0,3,E_optimal_observable_subspace,0.08695652173913049,0.9130434782608695,0.4666666666666667,0.6176470588235294,24,138217.94
6,2.0,0.0,3,bayesian_information_gain,0.08695652173913049,0.9130434782608695,0.4666666666666667,0.6176470588235294,24,138217.94
6,2.0,0.0,3,D_optimal_rank_reduced,0.08695652173913049,0.9130434782608695,0.45652173913043476,0.608695652173913,25,82218.55
6,2.0,0.0,3,A_optimal_rank_reduced,0.04347826086956519,0.9565217391304348,0.46808510638297873,0.6285714285714286,25,139189.63
6,2.0,0.0,3,E_optimal_rank_reduced,0.04347826086956519,0.9565217391304348,0.4888888888888889,0.6470588235294117,23,137272.62
6,2.0,0.0,3,goal_oriented_oed,0.08695652173913049,0.9130434782608695,0.45652173913043476,0.608695652173913,25,99177.81
6,2.0,0.0,3,topological_dispersion,0.08695652173913049,0.9130434782608695,0.4772727272727273,0.6268656716417911,23,111055.18
6,2.0,0.0,3,centrality,0.08695652173913049,0.9130434782608695,0.5121951219512195,0.6562499999999999,20,45819.58
6,2.0,0.0,4,FO,0.08695652173913049,0.9130434782608695,0.5121951219512195,0.6562499999999999,20,42109.81
6,2.0,0.0,4,D_optimal_bayesian,0.08695652173913049,0.9130434782608695,0.4666666666666667,0.6176470588235294,24,111008.75
6,2.0,0.0,4,A_optimal_bayesian,0.08695652173913049,0.9130434782608695,0.4666666666666667,0.6176470588235294,24,111008.75
6,2.0,0.0,4,E_optimal_observable_subspace,0.08695652173913049,0.9130434782608695,0.4666666666666667,0.6176470588235294,24,111008.75
6,2.0,0.0,4,bayesian_information_gain,0.08695652173913049,0.9130434782608695,0.4666666666666667,0.6176470588235294,24,111008.75
6,2.0,0.0,4,D_optimal_rank_reduced,0.08695652173913049,0.9130434782608695,0.4666666666666667,0.6176470588235294,24,116820.5
6,2.0,0.0,4,A_optimal_rank_reduced,0.08695652173913049,0.9130434782608695,0.4666666666666667,0.6176470588235294,24,105597.22
6,2.0,0.0,4,E_optimal_rank_reduced,0.08695652173913049,0.9130434782608695,0.4772727272727273,0.6268656716417911,23,136420.76
6,2.0,0.0,4,goal_oriented_oed,0.08695652173913049,0.9130434782608695,0.45652173913043476,0.608695652173913,25,109771.87
6,2.0,0.0,4,topological_dispersion,0.08695652173913049,0.9130434782608695,0.4772727272727273,0.6268656716417911,23,129482.0
6,2.0,0.0,4,centrality,0.08695652173913049,0.9130434782608695,0.5,0.6461538461538461,21,60570.96
6,2.0,0.5,0,FO,0.08695652173913049,0.9130434782608695,0.44680851063829785,0.6,26,30006.82
6,2.0,0.5,0,D_optimal_bayesian,0.04347826086956519,0.9565217391304348,0.4583333333333333,0.619718309859155,26,160934.08
6,2.0,0.5,0,A_optimal_bayesian,0.04347826086956519,0.9565217391304348,0.4583333333333333,0.619718309859155,26,160934.08
6,2.0,0.5,0,E_optimal_observable_subspace,0.04347826086956519,0.9565217391304348,0.4583333333333333,0.619718309859155,26,160934.08
6,2.0,0.5,0,bayesian_information_gain,0.04347826086956519,0.9565217391304348,0.4583333333333333,0.619718309859155,26,160934.08
6,2.0,0.5,0,D_optimal_rank_reduced,0.08695652173913049,0.9130434782608695,0.44680851063829785,0.6,26,154424.08
6,2.0,0.5,0,A_optimal_rank_reduced,0.04347826086956519,0.9565217391304348,0.46808510638297873,0.6285714285714286,25,93684.89
6,2.0,0.5,0,E_optimal_rank_reduced,0.04347826086956519,0.9565217391304348,0.4782608695652174,0.6376811594202898,24,133865.27
6,2.0,0.5,0,goal_oriented_oed,0.04347826086956519,0.9565217391304348,0.4583333333333333,0.619718309859155,26,123405.75
6,2.0,0.5,0,topological_dispersion,0.04347826086956519,0.9565217391304348,0.46808510638297873,0.6285714285714286,25,154658.13
6,2.0,0.5,0,centrality,0.04347826086956519,0.9565217391304348,0.4782608695652174,0.6376811594202898,24,38526.16
6,2.0,0.5,1,FO,0.08695652173913049,0.9130434782608695,0.44680851063829785,0.6,26,41759.18
6,2.0,0.5,1,D_optimal_bayesian,0.04347826086956519,0.9565217391304348,0.4489795918367347,0.6111111111111112,27,146253.53
6,2.0,0.5,1,A_optimal_bayesian,0.04347826086956519,0.9565217391304348,0.4489795918367347,0.6111111111111112,27,146253.53
6,2.0,0.5,1,E_optimal_observable_subspace,0.04347826086956519,0.9565217391304348,0.4489795918367347,0.6111111111111112,27,146253.53
6,2.0,0.5,1,bayesian_information_gain,0.04347826086956519,0.9565217391304348,0.4489795918367347,0.6111111111111112,27,146253.53
6,2.0,0.5,1,D_optimal_rank_reduced,0.04347826086956519,0.9565217391304348,0.4489795918367347,0.6111111111111112,27,125152.62
6,2.0,0.5,1,A_optimal_rank_reduced,0.04347826086956519,0.9565217391304348,0.4489795918367347,0.6111111111111112,27,140367.54
6,2.0,0.5,1,E_optimal_rank_reduced,0.08695652173913049,0.9130434782608695,0.4666666666666667,0.6176470588235294,24,144665.56
6,2.0,0.5,1,goal_oriented_oed,0.04347826086956519,0.9565217391304348,0.4489795918367347,0.6111111111111112,27,89091.99
6,2.0,0.5,1,topological_dispersion,0.0,1.0,0.46938775510204084,0.6388888888888888,26,114986.62
6,2.0,0.5,1,centrality,0.08695652173913049,0.9130434782608695,0.45652173913043476,0.608695652173913,25,38323.07
6,2.0,0.5,2,FO,0.08695652173913049,0.9130434782608695,0.44680851063829785,0.6,26,56054.7
6,2.0,0.5,2,D_optimal_bayesian,0.04347826086956519,0.9565217391304348,0.4583333333333333,0.619718309859155,26,157991.9
6,2.0,0.5,2,A_optimal_bayesian,0.04347826086956519,0.9565217391304348,0.4583333333333333,0.619718309859155,26,157991.9
6,2.0,0.5,2,E_optimal_observable_subspace,0.04347826086956519,0.9565217391304348,0.4583333333333333,0.619718309859155,26,157991.9
6,2.0,0.5,2,bayesian_information_gain,0.04347826086956519,0.9565217391304348,0.4583333333333333,0.619718309859155,26,157991.9
6,2.0,0.5,2,D_optimal_rank_reduced,0.04347826086956519,0.9565217391304348,0.46808510638297873,0.6285714285714286,25,143265.68
6,2.0,0.5,2,A_optimal_rank_reduced,0.04347826086956519,0.9565217391304348,0.4583333333333333,0.619718309859155,26,80099.65
6,2.0,0.5,2,E_optimal_rank_reduced,0.04347826086956519,0.9565217391304348,0.46808510638297873,0.6285714285714286,25,160339.96
6,2.0,0.5,2,goal_oriented_oed,0.04347826086956519,0.9565217391304348,0.4489795918367347,0.6111111111111112,27,138961.46
6,2.0,0.5,2,topological_dispersion,0.04347826086956519,0.9565217391304348,0.4583333333333333,0.619718309859155,26,190443.26
6,2.0,0.5,2,centrality,0.08695652173913049,0.9130434782608695,0.45652173913043476,0.608695652173913,25,50875.29
6,2.0,0.5,3,FO,0.04347826086956519,0.9565217391304348,0.46808510638297873,0.6285714285714286,25,40869.66
6,2.0,0.5,3,D_optimal_bayesian,0.04347826086956519,0.9565217391304348,0.44,0.6027397260273973,28,172627.18
6,2.0,0.5,3,A_optimal_bayesian,0.04347826086956519,0.9565217391304348,0.44,0.6027397260273973,28,172627.18
6,2.0,0.5,3,E_optimal_observable_subspace,0.04347826086956519,0.9565217391304348,0.44,0.6027397260273973,28,172627.18
6,2.0,0.5,3,bayesian_information_gain,0.04347826086956519,0.9565217391304348,0.44,0.6027397260273973,28,172627.18
6,2.0,0.5,3,D_optimal_rank_reduced,0.04347826086956519,0.9565217391304348,0.46808510638297873,0.6285714285714286,25,149027.7
6,2.0,0.5,3,A_optimal_rank_reduced,0.08695652173913049,0.9130434782608695,0.4375,0.5915492957746479,27,75854.32
6,2.0,0.5,3,E_optimal_rank_reduced,0.04347826086956519,0.9565217391304348,0.4782608695652174,0.6376811594202898,24,113082.83
6,2.0,0.5,3,goal_oriented_oed,0.0,1.0,0.4791666666666667,0.647887323943662,25,91733.85
6,2.0,0.5,3,topological_dispersion,0.04347826086956519,0.9565217391304348,0.4583333333333333,0.619718309859155,26,164191.02
6,2.0,0.5,3,centrality,0.08695652173913049,0.9130434782608695,0.45652173913043476,0.608695652173913,25,75865.05
6,2.0,0.5,4,FO,0.08695652173913049,0.9130434782608695,0.45652173913043476,0.608695652173913,25,44088.23
6,2.0,0.5,4,D_optimal_bayesian,0.04347826086956519,0.9565217391304348,0.46808510638297873,0.6285714285714286,25,101785.74
6,2.0,0.5,4,A_optimal_bayesian,0.04347826086956519,0.9565217391304348,0.46808510638297873,0.6285714285714286,25,101785.74
6,2.0,0.5,4,E_optimal_observable_subspace,0.04347826086956519,0.9565217391304348,0.46808510638297873,0.6285714285714286,25,101785.74
6,2.0,0.5,4,bayesian_information_gain,0.04347826086956519,0.9565217391304348,0.46808510638297873,0.6285714285714286,25,101785.74
6,2.0,0.5,4,D_optimal_rank_reduced,0.04347826086956519,0.9565217391304348,0.4583333333333333,0.619718309859155,26,118266.22
6,2.0,0.5,4,A_optimal_rank_reduced,0.08695652173913049,0.9130434782608695,0.45652173913043476,0.608695652173913,25,102239.28
6,2.0,0.5,4,E_optimal_rank_reduced,0.04347826086956519,0.9565217391304348,0.4782608695652174,0.6376811594202898,24,109178.74
6,2.0,0.5,4,goal_oriented_oed,0.04347826086956519,0.9565217391304348,0.4583333333333333,0.619718309859155,26,144718.91
6,2.0,0.5,4,topological_dispersion,0.04347826086956519,0.9565217391304348,0.4583333333333333,0.619718309859155,26,137715.63
6,2.0,0.5,4,centrality,0.08695652173913049,0.9130434782608695,0.45652173913043476,0.608695652173913,25,51444.37
6,2.0,1.0,0,FO,0.04347826086956519,0.9565217391304348,0.4583333333333333,0.619718309859155,26,36061.39
6,2.0,1.0,0,D_optimal_bayesian,0.04347826086956519,0.9565217391304348,0.4489795918367347,0.6111111111111112,27,147943.6
6,2.0,1.0,0,A_optimal_bayesian,0.04347826086956519,0.9565217391304348,0.4489795918367347,0.6111111111111112,27,147943.6
6,2.0,1.0,0,E_optimal_observable_subspace,0.04347826086956519,0.9565217391304348,0.4489795918367347,0.6111111111111112,27,147943.6
6,2.0,1.0,0,bayesian_information_gain,0.04347826086956519,0.9565217391304348,0.4489795918367347,0.6111111111111112,27,147943.6
6,2.0,1.0,0,D_optimal_rank_reduced,0.04347826086956519,0.9565217391304348,0.4489795918367347,0.6111111111111112,27,150686.65
6,2.0,1.0,0,A_optimal_rank_reduced,0.04347826086956519,0.9565217391304348,0.4489795918367347,0.6111111111111112,27,125839.18
6,2.0,1.0,0,E_optimal_rank_reduced,0.04347826086956519,0.9565217391304348,0.4489795918367347,0.6111111111111112,27,153664.04
6,2.0,1.0,0,goal_oriented_oed,0.04347826086956519,0.9565217391304348,0.44,0.6027397260273973,28,94229.21
6,2.0,1.0,0,topological_dispersion,0.04347826086956519,0.9565217391304348,0.4489795918367347,0.6111111111111112,27,80172.9
6,2.0,1.0,0,centrality,0.04347826086956519,0.9565217391304348,0.46808510638297873,0.6285714285714286,25,29960.5
6,2.0,1.0,1,FO,0.04347826086956519,0.9565217391304348,0.4489795918367347,0.6111111111111112,27,61709.14
6,2.0,1.0,1,D_optimal_bayesian,0.04347826086956519,0.9565217391304348,0.43137254901960786,0.5945945945945946,29,170478.7
6,2.0,1.0,1,A_optimal_bayesian,0.04347826086956519,0.9565217391304348,0.43137254901960786,0.5945945945945946,29,170478.7
6,2.0,1.0,1,E_optimal_observable_subspace,0.04347826086956519,0.9565217391304348,0.43137254901960786,0.5945945945945946,29,170478.7
6,2.0,1.0,1,bayesian_information_gain,0.04347826086956519,0.9565217391304348,0.43137254901960786,0.5945945945945946,29,170478.7
6,2.0,1.0,1,D_optimal_rank_reduced,0.04347826086956519,0.9565217391304348,0.44,0.6027397260273973,28,136658.09
6,2.0,1.0,1,A_optimal_rank_reduced,0.04347826086956519,0.9565217391304348,0.44,0.6027397260273973,28,117326.46
6,2.0,1.0,1,E_optimal_rank_reduced,0.04347826086956519,0.9565217391304348,0.4489795918367347,0.6111111111111112,27,125130.27
6,2.0,1.0,1,goal_oriented_oed,0.04347826086956519,0.9565217391304348,0.43137254901960786,0.5945945945945946,29,133629.46
6,2.0,1.0,1,topological_dispersion,0.0,1.0,0.46,0.6301369863013699,27,159568.46
6,2.0,1.0,1,centrality,0.04347826086956519,0.9565217391304348,0.4489795918367347,0.6111111111111112,27,71174.24
6,2.0,1.0,2,FO,0.04347826086956519,0.9565217391304348,0.4489795918367347,0.6111111111111112,27,15244.17
6,2.0,1.0,2,D_optimal_bayesian,0.04347826086956519,0.9565217391304348,0.4489795918367347,0.6111111111111112,27,131559.9
6,2.0,1.0,2,A_optimal_bayesian,0.04347826086956519,0.9565217391304348,0.4489795918367347,0.6111111111111112,27,131559.9
6,2.0,1.0,2,E_optimal_observable_subspace,0.04347826086956519,0.9565217391304348,0.4489795918367347,0.6111111111111112,27,131559.9
6,2.0,1.0,2,bayesian_information_gain,0.04347826086956519,0.9565217391304348,0.4489795918367347,0.6111111111111112,27,131559.9
6,2.0,1.0,2,D_optimal_rank_reduced,0.04347826086956519,0.9565217391304348,0.4489795918367347,0.6111111111111112,27,174202.64
6,2.0,1.0,2,A_optimal_rank_reduced,0.04347826086956519,0.9565217391304348,0.4489795918367347,0.6111111111111112,27,83673.68
6,2.0,1.0,2,E_optimal_rank_reduced,0.04347826086956519,0.9565217391304348,0.4583333333333333,0.619718309859155,26,170918.03
6,2.0,1.0,2,goal_oriented_oed,0.04347826086956519,0.9565217391304348,0.4489795918367347,0.6111111111111112,27,108459.51
6,2.0,1.0,2,topological_dispersion,0.04347826086956519,0.9565217391304348,0.4489795918367347,0.6111111111111112,27,148069.79
6,2.0,1.0,2,centrality,0.04347826086956519,0.9565217391304348,0.4583333333333333,0.619718309859155,26,8152.23
6,2.0,1.0,3,FO,0.04347826086956519,0.9565217391304348,0.4489795918367347,0.6111111111111112,27,31135.51
6,2.0,1.0,3,D_optimal_bayesian,0.0,1.0,0.46,0.6301369863013699,27,106342.37
6,2.0,1.0,3,A_optimal_bayesian,0.0,1.0,0.46,0.6301369863013699,27,106342.37
6,2.0,1.0,3,E_optimal_observable_subspace,0.0,1.0,0.46,0.6301369863013699,27,106342.37
6,2.0,1.0,3,bayesian_information_gain,0.0,1.0,0.46,0.6301369863013699,27,106342.37
6,2.0,1.0,3,D_optimal_rank_reduced,0.04347826086956519,0.9565217391304348,0.4489795918367347,0.6111111111111112,27,207832.12
6,2.0,1.0,3,A_optimal_rank_reduced,0.0,1.0,0.46,0.6301369863013699,27,56410.05
6,2.0,1.0,3,E_optimal_rank_reduced,0.04347826086956519,0.9565217391304348,0.4583333333333333,0.619718309859155,26,116783.92
6,2.0,1.0,3,goal_oriented_oed,0.0,1.0,0.46,0.6301369863013699,27,106730.58
6,2.0,1.0,3,topological_dispersion,0.0,1.0,0.46,0.6301369863013699,27,129047.77
6,2.0,1.0,3,centrality,0.04347826086956519,0.9565217391304348,0.46808510638297873,0.6285714285714286,25,4939.72
6,2.0,1.0,4,FO,0.04347826086956519,0.9565217391304348,0.4583333333333333,0.619718309859155,26,20840.16
6,2.0,1.0,4,D_optimal_bayesian,0.04347826086956519,0.9565217391304348,0.44,0.6027397260273973,28,140136.24
6,2.0,1.0,4,A_optimal_bayesian,0.04347826086956519,0.9565217391304348,0.44,0.6027397260273973,28,140136.24
6,2.0,1.0,4,E_optimal_observable_subspace,0.04347826086956519,0.9565217391304348,0.44,0.6027397260273973,28,140136.24
6,2.0,1.0,4,bayesian_information_gain,0.04347826086956519,0.9565217391304348,0.44,0.6027397260273973,28,140136.24
6,2.0,1.0,4,D_optimal_rank_reduced,0.04347826086956519,0.9565217391304348,0.4489795918367347,0.6111111111111112,27,192907.65
6,2.0,1.0,4,A_optimal_rank_reduced,0.04347826086956519,0.9565217391304348,0.4489795918367347,0.6111111111111112,27,90855.81
6,2.0,1.0,4,E_optimal_rank_reduced,0.04347826086956519,0.9565217391304348,0.44,0.6027397260273973,28,126803.2
6,2.0,1.0,4,goal_oriented_oed,0.04347826086956519,0.9565217391304348,0.4489795918367347,0.6111111111111112,27,121718.82
6,2.0,1.0,4,topological_dispersion,0.04347826086956519,0.9565217391304348,0.4489795918367347,0.6111111111111112,27,122086.72
6,2.0,1.0,4,centrality,0.04347826086956519,0.9565217391304348,0.4583333333333333,0.619718309859155,26,17841.8
6,4.0,0.0,0,FO,0.08695652173913049,0.9130434782608695,0.4883720930232558,0.6363636363636364,22,59959.98
6,4.0,0.0,0,D_optimal_bayesian,0.04347826086956519,0.9565217391304348,0.46808510638297873,0.6285714285714286,25,135718.38
6,4.0,0.0,0,A_optimal_bayesian,0.04347826086956519,0.9565217391304348,0.46808510638297873,0.6285714285714286,25,135718.38
6,4.0,0.0,0,E_optimal_observable_subspace,0.04347826086956519,0.9565217391304348,0.46808510638297873,0.6285714285714286,25,135718.38
6,4.0,0.0,0,bayesian_information_gain,0.04347826086956519,0.9565217391304348,0.46808510638297873,0.6285714285714286,25,135718.38
6,4.0,0.0,0,D_optimal_rank_reduced,0.04347826086956519,0.9565217391304348,0.4583333333333333,0.619718309859155,26,161824.02
6,4.0,0.0,0,A_optimal_rank_reduced,0.04347826086956519,0.9565217391304348,0.46808510638297873,0.6285714285714286,25,78387.02
6,4.0,0.0,0,E_optimal_rank_reduced,0.08695652173913049,0.9130434782608695,0.44680851063829785,0.6,26,162847.69
6,4.0,0.0,0,goal_oriented_oed,0.08695652173913049,0.9130434782608695,0.44680851063829785,0.6,26,112583.6
6,4.0,0.0,0,topological_dispersion,0.08695652173913049,0.9130434782608695,0.4666666666666667,0.6176470588235294,24,169084.43
6,4.0,0.0,0,centrality,0.08695652173913049,0.9130434782608695,0.4772727272727273,0.6268656716417911,23,3449.35
6,4.0,0.0,1,FO,0.08695652173913049,0.9130434782608695,0.4666666666666667,0.6176470588235294,24,50659.1
6,4.0,0.0,1,D_optimal_bayesian,0.08695652173913049,0.9130434782608695,0.44680851063829785,0.6,26,158040.35
6,4.0,0.0,1,A_optimal_bayesian,0.08695652173913049,0.9130434782608695,0.44680851063829785,0.6,26,158040.35
6,4.0,0.0,1,E_optimal_observable_subspace,0.08695652173913049,0.9130434782608695,0.44680851063829785,0.6,26,158040.35
6,4.0,0.0,1,bayesian_information_gain,0.08695652173913049,0.9130434782608695,0.44680851063829785,0.6,26,158040.35
6,4.0,0.0,1,D_optimal_rank_reduced,0.08695652173913049,0.9130434782608695,0.4375,0.5915492957746479,27,156157.6
6,4.0,0.0,1,A_optimal_rank_reduced,0.04347826086956519,0.9565217391304348,0.4583333333333333,0.619718309859155,26,114500.21
6,4.0,0.0,1,E_optimal_rank_reduced,0.08695652173913049,0.9130434782608695,0.45652173913043476,0.608695652173913,25,102000.75
6,4.0,0.0,1,goal_oriented_oed,0.08695652173913049,0.9130434782608695,0.4666666666666667,0.6176470588235294,24,116295.59
6,4.0,0.0,1,topological_dispersion,0.08695652173913049,0.9130434782608695,0.4666666666666667,0.6176470588235294,24,209178.25
6,4.0,0.0,1,centrality,0.04347826086956519,0.9565217391304348,0.4888888888888889,0.6470588235294117,23,54259.99
6,4.0,0.0,2,FO,0.08695652173913049,0.9130434782608695,0.4883720930232558,0.6363636363636364,22,111532.4
6,4.0,0.0,2,D_optimal_bayesian,0.08695652173913049,0.9130434782608695,0.4375,0.5915492957746479,27,133804.07
6,4.0,0.0,2,A_optimal_bayesian,0.08695652173913049,0.9130434782608695,0.4375,0.5915492957746479,27,133804.07
6,4.0,0.0,2,E_optimal_observable_subspace,0.08695652173913049,0.9130434782608695,0.4375,0.5915492957746479,27,133804.07
6,4.0,0.0,2,bayesian_information_gain,0.08695652173913049,0.9130434782608695,0.4375,0.5915492957746479,27,133804.07
6,4.0,0.0,2,D_optimal_rank_reduced,0.08695652173913049,0.9130434782608695,0.44680851063829785,0.6,26,138926.24
6,4.0,0.0,2,A_optimal_rank_reduced,0.08695652173913049,0.9130434782608695,0.45652173913043476,0.608695652173913,25,55742.16
6,4.0,0.0,2,E_optimal_rank_reduced,0.08695652173913049,0.9130434782608695,0.45652173913043476,0.608695652173913,25,114601.47
6,4.0,0.0,2,goal_oriented_oed,0.04347826086956519,0.9565217391304348,0.4782608695652174,0.6376811594202898,24,126078.68
6,4.0,0.0,2,topological_dispersion,0.08695652173913049,0.9130434782608695,0.45652173913043476,0.608695652173913,25,178037.58
6,4.0,0.0,2,centrality,0.08695652173913049,0.9130434782608695,0.4772727272727273,0.6268656716417911,23,76524.82
6,4.0,0.0,3,FO,0.04347826086956519,0.9565217391304348,0.4888888888888889,0.6470588235294117,23,11823.29
6,4.0,0.0,3,D_optimal_bayesian,0.04347826086956519,0.9565217391304348,0.46808510638297873,0.6285714285714286,25,121056.96
6,4.0,0.0,3,A_optimal_bayesian,0.04347826086956519,0.9565217391304348,0.46808510638297873,0.6285714285714286,25,121056.96
6,4.0,0.0,3,E_optimal_observable_subspace,0.04347826086956519,0.9565217391304348,0.46808510638297873,0.6285714285714286,25,121056.96
6,4.0,0.0,3,bayesian_information_gain,0.04347826086956519,0.9565217391304348,0.46808510638297873,0.6285714285714286,25,121056.96
6,4.0,0.0,3,D_optimal_rank_reduced,0.04347826086956519,0.9565217391304348,0.4583333333333333,0.619718309859155,26,174493.09
6,4.0,0.0,3,A_optimal_rank_reduced,0.04347826086956519,0.9565217391304348,0.46808510638297873,0.6285714285714286,25,71749.96
6,4.0,0.0,3,E_optimal_rank_reduced,0.08695652173913049,0.9130434782608695,0.45652173913043476,0.608695652173913,25,131355.47
6,4.0,0.0,3,goal_oriented_oed,0.04347826086956519,0.9565217391304348,0.46808510638297873,0.6285714285714286,25,141709.86
6,4.0,0.0,3,topological_dispersion,0.08695652173913049,0.9130434782608695,0.44680851063829785,0.6,26,166648.45
6,4.0,0.0,3,centrality,0.08695652173913049,0.9130434782608695,0.4772727272727273,0.6268656716417911,23,4966.74
6,4.0,0.0,4,FO,0.08695652173913049,0.9130434782608695,0.4772727272727273,0.6268656716417911,23,41643.2
6,4.0,0.0,4,D_optimal_bayesian,0.08695652173913049,0.9130434782608695,0.44680851063829785,0.6,26,151598.81
6,4.0,0.0,4,A_optimal_bayesian,0.08695652173913049,0.9130434782608695,0.44680851063829785,0.6,26,151598.81
6,4.0,0.0,4,E_optimal_observable_subspace,0.08695652173913049,0.9130434782608695,0.44680851063829785,0.6,26,151598.81
6,4.0,0.0,4,bayesian_information_gain,0.08695652173913049,0.9130434782608695,0.44680851063829785,0.6,26,151598.81
6,4.0,0.0,4,D_optimal_rank_reduced,0.08695652173913049,0.9130434782608695,0.4375,0.5915492957746479,27,145652.2
6,4.0,0.0,4,A_optimal_rank_reduced,0.08695652173913049,0.9130434782608695,0.45652173913043476,0.608695652173913,25,57285.29
6,4.0,0.0,4,E_optimal_rank_reduced,0.08695652173913049,0.9130434782608695,0.45652173913043476,0.608695652173913,25,131038.51
6,4.0,0.0,4,goal_oriented_oed,0.04347826086956519,0.9565217391304348,0.4782608695652174,0.6376811594202898,24,136075.99
6,4.0,0.0,4,topological_dispersion,0.08695652173913049,0.9130434782608695,0.45652173913043476,0.608695652173913,25,80568.61
6,4.0,0.0,4,centrality,0.08695652173913049,0.9130434782608695,0.4772727272727273,0.6268656716417911,23,55463.0
6,4.0,0.5,0,FO,0.04347826086956519,0.9565217391304348,0.46808510638297873,0.6285714285714286,25,43492.92
6,4.0,0.5,0,D_optimal_bayesian,0.04347826086956519,0.9565217391304348,0.4489795918367347,0.6111111111111112,27,133896.4
6,4.0,0.5,0,A_optimal_bayesian,0.04347826086956519,0.9565217391304348,0.4489795918367347,0.6111111111111112,27,133896.4
6,4.0,0.5,0,E_optimal_observable_subspace,0.04347826086956519,0.9565217391304348,0.4489795918367347,0.6111111111111112,27,133896.4
6,4.0,0.5,0,bayesian_information_gain,0.04347826086956519,0.9565217391304348,0.4489795918367347,0.6111111111111112,27,133896.4
6,4.0,0.5,0,D_optimal_rank_reduced,0.04347826086956519,0.9565217391304348,0.4489795918367347,0.6111111111111112,27,196236.68
6,4.0,0.5,0,A_optimal_rank_reduced,0.04347826086956519,0.9565217391304348,0.4583333333333333,0.619718309859155,26,65091.66
6,4.0,0.5,0,E_optimal_rank_reduced,0.04347826086956519,0.9565217391304348,0.4583333333333333,0.619718309859155,26,158290.87
6,4.0,0.5,0,goal_oriented_oed,0.04347826086956519,0.9565217391304348,0.4583333333333333,0.619718309859155,26,100602.97
6,4.0,0.5,0,topological_dispersion,0.04347826086956519,0.9565217391304348,0.4583333333333333,0.619718309859155,26,183055.18
6,4.0,0.5,0,centrality,0.08695652173913049,0.9130434782608695,0.44680851063829785,0.6,26,49898.72
6,4.0,0.5,1,FO,0.04347826086956519,0.9565217391304348,0.46808510638297873,0.6285714285714286,25,43913.75
6,4.0,0.5,1,D_optimal_bayesian,0.04347826086956519,0.9565217391304348,0.4489795918367347,0.6111111111111112,27,138222.99
6,4.0,0.5,1,A_optimal_bayesian,0.04347826086956519,0.9565217391304348,0.4489795918367347,0.6111111111111112,27,138222.99
6,4.0,0.5,1,E_optimal_observable_subspace,0.04347826086956519,0.9565217391304348,0.4489795918367347,0.6111111111111112,27,138222.99
6,4.0,0.5,1,bayesian_information_gain,0.04347826086956519,0.9565217391304348,0.4489795918367347,0.6111111111111112,27,138222.99
6,4.0,0.5,1,D_optimal_rank_reduced,0.04347826086956519,0.9565217391304348,0.4489795918367347,0.6111111111111112,27,118632.53
6,4.0,0.5,1,A_optimal_rank_reduced,0.04347826086956519,0.9565217391304348,0.4583333333333333,0.619718309859155,26,127214.47
6,4.0,0.5,1,E_optimal_rank_reduced,0.04347826086956519,0.9565217391304348,0.4583333333333333,0.619718309859155,26,153024.05
6,4.0,0.5,1,goal_oriented_oed,0.04347826086956519,0.9565217391304348,0.4583333333333333,0.619718309859155,26,93078.17
6,4.0,0.5,1,topological_dispersion,0.04347826086956519,0.9565217391304348,0.4489795918367347,0.6111111111111112,27,94358.82
6,4.0,0.5,1,centrality,0.04347826086956519,0.9565217391304348,0.46808510638297873,0.6285714285714286,25,18227.84
6,4.0,0.5,2,FO,0.04347826086956519,0.9565217391304348,0.46808510638297873,0.6285714285714286,25,59434.9
6,4.0,0.5,2,D_optimal_bayesian,0.04347826086956519,0.9565217391304348,0.44,0.6027397260273973,28,125686.73
6,4.0,0.5,2,A_optimal_bayesian,0.04347826086956519,0.9565217391304348,0.44,0.6027397260273973,28,125686.73
6,4.0,0.5,2,E_optimal_observable_subspace,0.04347826086956519,0.9565217391304348,0.44,0.6027397260273973,28,125686.73
6,4.0,0.5,2,bayesian_information_gain,0.04347826086956519,0.9565217391304348,0.44,0.6027397260273973,28,125686.73
6,4.0,0.5,2,D_optimal_rank_reduced,0.04347826086956519,0.9565217391304348,0.4489795918367347,0.6111111111111112,27,149186.09
6,4.0,0.5,2,A_optimal_rank_reduced,0.04347826086956519,0.9565217391304348,0.4489795918367347,0.6111111111111112,27,87066.82
6,4.0,0.5,2,E_optimal_rank_reduced,0.04347826086956519,0.9565217391304348,0.46808510638297873,0.6285714285714286,25,178282.28
6,4.0,0.5,2,goal_oriented_oed,0.04347826086956519,0.9565217391304348,0.4489795918367347,0.6111111111111112,27,94763.37
6,4.0,0.5,2,topological_dispersion,0.08695652173913049,0.9130434782608695,0.4375,0.5915492957746479,27,135356.29
6,4.0,0.5,2,centrality,0.04347826086956519,0.9565217391304348,0.46808510638297873,0.6285714285714286,25,16253.77
6,4.0,0.5,3,FO,0.04347826086956519,0.9565217391304348,0.4583333333333333,0.619718309859155,26,-4570.23
6,4.0,0.5,3,D_optimal_bayesian,0.04347826086956519,0.9565217391304348,0.4489795918367347,0.6111111111111112,27,163917.51
6,4.0,0.5,3,A_optimal_bayesian,0.04347826086956519,0.9565217391304348,0.4489795918367347,0.6111111111111112,27,163917.51
6,4.0,0.5,3,E_optimal_observable_subspace,0.04347826086956519,0.9565217391304348,0.4489795918367347,0.6111111111111112,27,163917.51
6,4.0,0.5,3,bayesian_information_gain,0.04347826086956519,0.9565217391304348,0.4489795918367347,0.6111111111111112,27,163917.51
6,4.0,0.5,3,D_optimal_rank_reduced,0.04347826086956519,0.9565217391304348,0.4489795918367347,0.6111111111111112,27,133770.56
6,4.0,0.5,3,A_optimal_rank_reduced,0.04347826086956519,0.9565217391304348,0.4489795918367347,0.6111111111111112,27,62073.08
6,4.0,0.5,3,E_optimal_rank_reduced,0.04347826086956519,0.9565217391304348,0.4583333333333333,0.619718309859155,26,117712.32
6,4.0,0.5,3,goal_oriented_oed,0.04347826086956519,0.9565217391304348,0.4583333333333333,0.619718309859155,26,118655.49
6,4.0,0.5,3,topological_dispersion,0.0,1.0,0.46938775510204084,0.6388888888888888,26,119593.79
6,4.0,0.5,3,centrality,0.04347826086956519,0.9565217391304348,0.4583333333333333,0.619718309859155,26,55124.03
6,4.0,0.5,4,FO,0.08695652173913049,0.9130434782608695,0.4375,0.5915492957746479,27,65826.57
6,4.0,0.5,4,D_optimal_bayesian,0.04347826086956519,0.9565217391304348,0.4489795918367347,0.6111111111111112,27,72371.76
6,4.0,0.5,4,A_optimal_bayesian,0.04347826086956519,0.9565217391304348,0.4489795918367347,0.6111111111111112,27,72371.76
6,4.0,0.5,4,E_optimal_observable_subspace,0.04347826086956519,0.9565217391304348,0.4489795918367347,0.6111111111111112,27,72371.76
6,4.0,0.5,4,bayesian_information_gain,0.04347826086956519,0.9565217391304348,0.4489795918367347,0.6111111111111112,27,72371.76
6,4.0,0.5,4,D_optimal_rank_reduced,0.04347826086956519,0.9565217391304348,0.4489795918367347,0.6111111111111112,27,173866.73
6,4.0,0.5,4,A_optimal_rank_reduced,0.04347826086956519,0.9565217391304348,0.4489795918367347,0.6111111111111112,27,91650.72
6,4.0,0.5,4,E_optimal_rank_reduced,0.04347826086956519,0.9565217391304348,0.44,0.6027397260273973,28,111554.73
6,4.0,0.5,4,goal_oriented_oed,0.04347826086956519,0.9565217391304348,0.4583333333333333,0.619718309859155,26,97599.54
6,4.0,0.5,4,topological_dispersion,0.04347826086956519,0.9565217391304348,0.4583333333333333,0.619718309859155,26,141989.51
6,4.0,0.5,4,centrality,0.04347826086956519,0.9565217391304348,0.4583333333333333,0.619718309859155,26,8925.33
6,4.0,1.0,0,FO,0.08695652173913049,0.9130434782608695,0.42857142857142855,0.5833333333333334,28,37267.44
6,4.0,1.0,0,D_optimal_bayesian,0.04347826086956519,0.9565217391304348,0.44,0.6027397260273973,28,164487.07
6,4.0,1.0,0,A_optimal_bayesian,0.04347826086956519,0.9565217391304348,0.44,0.6027397260273973,28,164487.07
6,4.0,1.0,0,E_optimal_observable_subspace,0.04347826086956519,0.9565217391304348,0.44,0.6027397260273973,28,164487.07
6,4.0,1.0,0,bayesian_information_gain,0.04347826086956519,0.9565217391304348,0.44,0.6027397260273973,28,164487.07
6,4.0,1.0,0,D_optimal_rank_reduced,0.04347826086956519,0.9565217391304348,0.44,0.6027397260273973,28,152556.32
6,4.0,1.0,0,A_optimal_rank_reduced,0.04347826086956519,0.9565217391304348,0.4489795918367347,0.6111111111111112,27,106785.86
6,4.0,1.0,0,E_optimal_rank_reduced,0.04347826086956519,0.9565217391304348,0.4489795918367347,0.6111111111111112,27,99363.22
6,4.0,1.0,0,goal_oriented_oed,0.04347826086956519,0.9565217391304348,0.44,0.6027397260273973,28,122857.74
6,4.0,1.0,0,topological_dispersion,0.04347826086956519,0.9565217391304348,0.44,0.6027397260273973,28,195325.33
6,4.0,1.0,0,centrality,0.08695652173913049,0.9130434782608695,0.44680851063829785,0.6,26,46773.24
6,4.0,1.0,1,FO,0.04347826086956519,0.9565217391304348,0.4489795918367347,0.6111111111111112,27,39017.63
6,4.0,1.0,1,D_optimal_bayesian,0.04347826086956519,0.9565217391304348,0.44,0.6027397260273973,28,101121.14
6,4.0,1.0,1,A_optimal_bayesian,0.04347826086956519,0.9565217391304348,0.44,0.6027397260273973,28,101121.14
6,4.0,1.0,1,E_optimal_observable_subspace,0.04347826086956519,0.9565217391304348,0.44,0.6027397260273973,28,101121.14
6,4.0,1.0,1,bayesian_information_gain,0.04347826086956519,0.9565217391304348,0.44,0.6027397260273973,28,101121.14
6,4.0,1.0,1,D_optimal_rank_reduced,0.04347826086956519,0.9565217391304348,0.44,0.6027397260273973,28,156066.6
6,4.0,1.0,1,A_optimal_rank_reduced,0.04347826086956519,0.9565217391304348,0.44,0.6027397260273973,28,79907.31
6,4.0,1.0,1,E_optimal_rank_reduced,0.04347826086956519,0.9565217391304348,0.44,0.6027397260273973,28,93561.68
6,4.0,1.0,1,goal_oriented_oed,0.04347826086956519,0.9565217391304348,0.44,0.6027397260273973,28,148762.94
6,4.0,1.0,1,topological_dispersion,0.0,1.0,0.46,0.6301369863013699,27,149590.71
6,4.0,1.0,1,centrality,0.04347826086956519,0.9565217391304348,0.4489795918367347,0.6111111111111112,27,24543.05
6,4.0,1.0,2,FO,0.04347826086956519,0.9565217391304348,0.4583333333333333,0.619718309859155,26,83636.56
6,4.0,1.0,2,D_optimal_bayesian,0.04347826086956519,0.9565217391304348,0.44,0.6027397260273973,28,157285.02
6,4.0,1.0,2,A_optimal_bayesian,0.04347826086956519,0.9565217391304348,0.44,0.6027397260273973,28,157285.02
6,4.0,1.0,2,E_optimal_observable_subspace,0.04347826086956519,0.9565217391304348,0.44,0.6027397260273973,28,157285.02
6,4.0,1.0,2,bayesian_information_gain,0.04347826086956519,0.9565217391304348,0.44,0.6027397260273973,28,157285.02
6,4.0,1.0,2,D_optimal_rank_reduced,0.04347826086956519,0.9565217391304348,0.44,0.6027397260273973,28,119976.86
6,4.0,1.0,2,A_optimal_rank_reduced,0.04347826086956519,0.9565217391304348,0.44,0.6027397260273973,28,59076.65
6,4.0,1.0,2,E_optimal_rank_reduced,0.04347826086956519,0.9565217391304348,0.44,0.6027397260273973,28,135566.34
6,4.0,1.0,2,goal_oriented_oed,0.04347826086956519,0.9565217391304348,0.44,0.6027397260273973,28,128431.3
6,4.0,1.0,2,topological_dispersion,0.0,1.0,0.46,0.6301369863013699,27,129036.83
6,4.0,1.0,2,centrality,0.04347826086956519,0.9565217391304348,0.4583333333333333,0.619718309859155,26,43419.14
6,4.0,1.0,3,FO,0.04347826086956519,0.9565217391304348,0.4489795918367347,0.6111111111111112,27,61270.96
6,4.0,1.0,3,D_optimal_bayesian,0.04347826086956519,0.9565217391304348,0.44,0.6027397260273973,28,101689.97
6,4.0,1.0,3,A_optimal_bayesian,0.04347826086956519,0.9565217391304348,0.44,0.6027397260273973,28,101689.97
6,4.0,1.0,3,E_optimal_observable_subspace,0.04347826086956519,0.9565217391304348,0.44,0.6027397260273973,28,101689.97
6,4.0,1.0,3,bayesian_information_gain,0.04347826086956519,0.9565217391304348,0.44,0.6027397260273973,28,101689.97
6,4.0,1.0,3,D_optimal_rank_reduced,0.04347826086956519,0.9565217391304348,0.44,0.6027397260273973,28,132014.52
6,4.0,1.0,3,A_optimal_rank_reduced,0.04347826086956519,0.9565217391304348,0.44,0.6027397260273973,28,62175.97
6,4.0,1.0,3,E_optimal_rank_reduced,0.04347826086956519,0.9565217391304348,0.4489795918367347,0.6111111111111112,27,118400.72
6,4.0,1.0,3,goal_oriented_oed,0.04347826086956519,0.9565217391304348,0.44,0.6027397260273973,28,93240.73
6,4.0,1.0,3,topological_dispersion,0.0,1.0,0.46,0.6301369863013699,27,147664.94
6,4.0,1.0,3,centrality,0.04347826086956519,0.9565217391304348,0.4489795918367347,0.6111111111111112,27,29983.41
6,4.0,1.0,4,FO,0.04347826086956519,0.9565217391304348,0.44,0.6027397260273973,28,-6204.46
6,4.0,1.0,4,D_optimal_bayesian,0.04347826086956519,0.9565217391304348,0.44,0.6027397260273973,28,121700.47
6,4.0,1.0,4,A_optimal_bayesian,0.04347826086956519,0.9565217391304348,0.44,0.6027397260273973,28,121700.47
6,4.0,1.0,4,E_optimal_observable_subspace,0.04347826086956519,0.9565217391304348,0.44,0.6027397260273973,28,121700.47
6,4.0,1.0,4,bayesian_information_gain,0.04347826086956519,0.9565217391304348,0.44,0.6027397260273973,28,121700.47
6,4.0,1.0,4,D_optimal_rank_reduced,0.04347826086956519,0.9565217391304348,0.44,0.6027397260273973,28,99085.06
6,4.0,1.0,4,A_optimal_rank_reduced,0.04347826086956519,0.9565217391304348,0.4489795918367347,0.6111111111111112,27,76387.07
6,4.0,1.0,4,E_optimal_rank_reduced,0.04347826086956519,0.9565217391304348,0.4489795918367347,0.6111111111111112,27,121230.62
6,4.0,1.0,4,goal_oriented_oed,0.04347826086956519,0.9565217391304348,0.4489795918367347,0.6111111111111112,27,97401.18
6,4.0,1.0,4,topological_dispersion,0.04347826086956519,0.9565217391304348,0.44,0.6027397260273973,28,165995.97
6,4.0,1.0,4,centrality,0.04347826086956519,0.9565217391304348,0.4583333333333333,0.619718309859155,26,48123.11
8,0.0,0.0,0,FO,0.08695652173913049,0.9130434782608695,0.5121951219512195,0.6562499999999999,20,80127.49
8,0.0,0.0,0,D_optimal_bayesian,0.08695652173913049,0.9130434782608695,0.45652173913043476,0.608695652173913,25,161263.5
8,0.0,0.0,0,A_optimal_bayesian,0.08695652173913049,0.9130434782608695,0.45652173913043476,0.608695652173913,25,161263.5
8,0.0,0.0,0,E_optimal_observable_subspace,0.08695652173913049,0.9130434782608695,0.45652173913043476,0.608695652173913,25,161263.5
8,0.0,0.0,0,bayesian_information_gain,0.08695652173913049,0.9130434782608695,0.45652173913043476,0.608695652173913,25,161263.5
8,0.0,0.0,0,D_optimal_rank_reduced,0.08695652173913049,0.9130434782608695,0.4666666666666667,0.6176470588235294,24,157322.15
8,0.0,0.0,0,A_optimal_rank_reduced,0.08695652173913049,0.9130434782608695,0.44680851063829785,0.6,26,72604.13
8,0.0,0.0,0,E_optimal_rank_reduced,0.08695652173913049,0.9130434782608695,0.45652173913043476,0.608695652173913,25,149909.24
8,0.0,0.0,0,goal_oriented_oed,0.08695652173913049,0.9130434782608695,0.44680851063829785,0.6,26,188416.11
8,0.0,0.0,0,topological_dispersion,0.08695652173913049,0.9130434782608695,0.45652173913043476,0.608695652173913,25,97609.9
8,0.0,0.0,0,centrality,0.08695652173913049,0.9130434782608695,0.5,0.6461538461538461,21,84820.3
8,0.0,0.5,0,FO,0.04347826086956519,0.9565217391304348,0.4782608695652174,0.6376811594202898,24,54970.14
8,0.0,0.5,0,D_optimal_bayesian,0.04347826086956519,0.9565217391304348,0.4489795918367347,0.6111111111111112,27,117607.91
8,0.0,0.5,0,A_optimal_bayesian,0.04347826086956519,0.9565217391304348,0.4489795918367347,0.6111111111111112,27,117607.91
8,0.0,0.5,0,E_optimal_observable_subspace,0.04347826086956519,0.9565217391304348,0.4489795918367347,0.6111111111111112,27,117607.91
8,0.0,0.5,0,bayesian_information_gain,0.04347826086956519,0.9565217391304348,0.4489795918367347,0.6111111111111112,27,117607.91
8,0.0,0.5,0,D_optimal_rank_reduced,0.04347826086956519,0.9565217391304348,0.4583333333333333,0.619718309859155,26,112848.58
8,0.0,0.5,0,A_optimal_rank_reduced,0.04347826086956519,0.9565217391304348,0.4489795918367347,0.6111111111111112,27,54137.78
8,0.0,0.5,0,E_optimal_rank_reduced,0.04347826086956519,0.9565217391304348,0.46808510638297873,0.6285714285714286,25,147802.78
8,0.0,0.5,0,goal_oriented_oed,0.08695652173913049,0.9130434782608695,0.4375,0.5915492957746479,27,118898.49
8,0.0,0.5,0,topological_dispersion,0.04347826086956519,0.9565217391304348,0.4583333333333333,0.619718309859155,26,156848.41
8,0.0,0.5,0,centrality,0.04347826086956519,0.9565217391304348,0.4782608695652174,0.6376811594202898,24,75597.69
8,0.0,0.5,1,FO,0.04347826086956519,0.9565217391304348,0.46808510638297873,0.6285714285714286,25,60128.87
8,0.0,0.5,1,D_optimal_bayesian,0.04347826086956519,0.9565217391304348,0.44,0.6027397260273973,28,211079.17
8,0.0,0.5,1,A_optimal_bayesian,0.04347826086956519,0.9565217391304348,0.44,0.6027397260273973,28,211079.17
8,0.0,0.5,1,E_optimal_observable_subspace,0.04347826086956519,0.9565217391304348,0.44,0.6027397260273973,28,211079.17
8,0.0,0.5,1,bayesian_information_gain,0.04347826086956519,0.9565217391304348,0.44,0.6027397260273973,28,211079.17
8,0.0,0.5,1,D_optimal_rank_reduced,0.04347826086956519,0.9565217391304348,0.4489795918367347,0.6111111111111112,27,161123.98
8,0.0,0.5,1,A_optimal_rank_reduced,0.04347826086956519,0.9565217391304348,0.44,0.6027397260273973,28,164027.02
8,0.0,0.5,1,E_optimal_rank_reduced,0.04347826086956519,0.9565217391304348,0.4583333333333333,0.619718309859155,26,144815.15
8,0.0,0.5,1,goal_oriented_oed,0.04347826086956519,0.9565217391304348,0.4489795918367347,0.6111111111111112,27,187687.31
8,0.0,0.5,1,topological_dispersion,0.04347826086956519,0.9565217391304348,0.4583333333333333,0.619718309859155,26,183328.08
8,0.0,0.5,1,centrality,0.04347826086956519,0.9565217391304348,0.46808510638297873,0.6285714285714286,25,45463.37
8,0.0,0.5,2,FO,0.08695652173913049,0.9130434782608695,0.45652173913043476,0.608695652173913,25,51006.56
8,0.0,0.5,2,D_optimal_bayesian,0.04347826086956519,0.9565217391304348,0.44,0.6027397260273973,28,138236.35
8,0.0,0.5,2,A_optimal_bayesian,0.04347826086956519,0.9565217391304348,0.44,0.6027397260273973,28,138236.35
8,0.0,0.5,2,E_optimal_observable_subspace,0.04347826086956519,0.9565217391304348,0.44,0.6027397260273973,28,138236.35
8,0.0,0.5,2,bayesian_information_gain,0.04347826086956519,0.9565217391304348,0.44,0.6027397260273973,28,138236.35
8,0.0,0.5,2,D_optimal_rank_reduced,0.04347826086956519,0.9565217391304348,0.46808510638297873,0.6285714285714286,25,109348.37
8,0.0,0.5,2,A_optimal_rank_reduced,0.04347826086956519,0.9565217391304348,0.4583333333333333,0.619718309859155,26,99469.31
8,0.0,0.5,2,E_optimal_rank_reduced,0.04347826086956519,0.9565217391304348,0.4583333333333333,0.619718309859155,26,131547.49
8,0.0,0.5,2,goal_oriented_oed,0.04347826086956519,0.9565217391304348,0.4583333333333333,0.619718309859155,26,133049.47
8,0.0,0.5,2,topological_dispersion,0.04347826086956519,0.9565217391304348,0.4489795918367347,0.6111111111111112,27,141402.96
8,0.0,0.5,2,centrality,0.08695652173913049,0.9130434782608695,0.45652173913043476,0.608695652173913,25,38537.6
8,0.0,0.5,3,FO,0.04347826086956519,0.9565217391304348,0.5,0.6567164179104478,22,74273.83
8,0.0,0.5,3,D_optimal_bayesian,0.08695652173913049,0.9130434782608695,0.4375,0.5915492957746479,27,69201.97
8,0.0,0.5,3,A_optimal_bayesian,0.08695652173913049,0.9130434782608695,0.4375,0.5915492957746479,27,69201.97
8,0.0,0.5,3,E_optimal_observable_subspace,0.08695652173913049,0.9130434782608695,0.4375,0.5915492957746479,27,69201.97
8,0.0,0.5,3,bayesian_information_gain,0.08695652173913049,0.9130434782608695,0.4375,0.5915492957746479,27,69201.97
8,0.0,0.5,3,D_optimal_rank_reduced,0.08695652173913049,0.9130434782608695,0.4375,0.5915492957746479,27,111599.36
8,0.0,0.5,3,A_optimal_rank_reduced,0.08695652173913049,0.9130434782608695,0.44680851063829785,0.6,26,74958.87
8,0.0,0.5,3,E_optimal_rank_reduced,0.08695652173913049,0.9130434782608695,0.44680851063829785,0.6,26,126652.21
8,0.0,0.5,3,goal_oriented_oed,0.04347826086956519,0.9565217391304348,0.4489795918367347,0.6111111111111112,27,129526.95
8,0.0,0.5,3,topological_dispersion,0.08695652173913049,0.9130434782608695,0.44680851063829785,0.6,26,131552.55
8,0.0,0.5,3,centrality,0.04347826086956519,0.9565217391304348,0.5,0.6567164179104478,22,39639.09
8,0.0,0.5,4,FO,0.08695652173913049,0.9130434782608695,0.4772727272727273,0.6268656716417911,23,21141.51
8,0.0,0.5,4,D_optimal_bayesian,0.04347826086956519,0.9565217391304348,0.4489795918367347,0.6111111111111112,27,151896.91
8,0.0,0.5,4,A_optimal_bayesian,0.04347826086956519,0.9565217391304348,0.4489795918367347,0.6111111111111112,27,151896.91
8,0.0,0.5,4,E_optimal_observable_subspace,0.04347826086956519,0.9565217391304348,0.4489795918367347,0.6111111111111112,27,151896.91
8,0.0,0.5,4,bayesian_information_gain,0.04347826086956519,0.9565217391304348,0.4489795918367347,0.6111111111111112,27,151896.91
8,0.0,0.5,4,D_optimal_rank_reduced,0.08695652173913049,0.9130434782608695,0.44680851063829785,0.6,26,137448.68
8,0.0,0.5,4,A_optimal_rank_reduced,0.04347826086956519,0.9565217391304348,0.4583333333333333,0.619718309859155,26,99351.13
8,0.0,0.5,4,E_optimal_rank_reduced,0.08695652173913049,0.9130434782608695,0.44680851063829785,0.6,26,239978.98
8,0.0,0.5,4,goal_oriented_oed,0.04347826086956519,0.9565217391304348,0.4583333333333333,0.619718309859155,26,124859.79
8,0.0,0.5,4,topological_dispersion,0.0,1.0,0.46938775510204084,0.6388888888888888,26,191637.23
8,0.0,0.5,4,centrality,0.08695652173913049,0.9130434782608695,0.4772727272727273,0.6268656716417911,23,51098.06
8,0.0,1.0,0,FO,0.04347826086956519,0.9565217391304348,0.44,0.6027397260273973,28,42330.9
8,0.0,1.0,0,D_optimal_bayesian,0.04347826086956519,0.9565217391304348,0.44,0.6027397260273973,28,93937.99
8,0.0,1.0,0,A_optimal_bayesian,0.04347826086956519,0.9565217391304348,0.44,0.6027397260273973,28,93937.99
8,0.0,1.0,0,E_optimal_observable_subspace,0.04347826086956519,0.9565217391304348,0.44,0.6027397260273973,28,93937.99
8,0.0,1.0,0,bayesian_information_gain,0.04347826086956519,0.9565217391304348,0.44,0.6027397260273973,28,93937.99
8,0.0,1.0,0,D_optimal_rank_reduced,0.04347826086956519,0.9565217391304348,0.4489795918367347,0.6111111111111112,27,147431.74
8,0.0,1.0,0,A_optimal_rank_reduced,0.04347826086956519,0.9565217391304348,0.44,0.6027397260273973,28,64490.02
8,0.0,1.0,0,E_optimal_rank_reduced,0.04347826086956519,0.9565217391304348,0.44,0.6027397260273973,28,104697.29
8,0.0,1.0,0,goal_oriented_oed,0.04347826086956519,0.9565217391304348,0.44,0.6027397260273973,28,102616.31
8,0.0,1.0,0,topological_dispersion,0.04347826086956519,0.9565217391304348,0.44,0.6027397260273973,28,126428.9
8,0.0,1.0,0,centrality,0.04347826086956519,0.9565217391304348,0.4583333333333333,0.619718309859155,26,56516.43
8,0.0,1.0,1,FO,0.04347826086956519,0.9565217391304348,0.4489795918367347,0.6111111111111112,27,39732.05
8,0.0,1.0,1,D_optimal_bayesian,0.04347826086956519,0.9565217391304348,0.44,0.6027397260273973,28,153669.58
8,0.0,1.0,1,A_optimal_bayesian,0.04347826086956519,0.9565217391304348,0.44,0.6027397260273973,28,153669.58
8,0.0,1.0,1,E_optimal_observable_subspace,0.04347826086956519,0.9565217391304348,0.44,0.6027397260273973,28,153669.58
8,0.0,1.0,1,bayesian_information_gain,0.04347826086956519,0.9565217391304348,0.44,0.6027397260273973,28,153669.58
8,0.0,1.0,1,D_optimal_rank_reduced,0.04347826086956519,0.9565217391304348,0.44,0.6027397260273973,28,229602.23
8,0.0,1.0,1,A_optimal_rank_reduced,0.04347826086956519,0.9565217391304348,0.44,0.6027397260273973,28,65920.94
8,0.0,1.0,1,E_optimal_rank_reduced,0.04347826086956519,0.9565217391304348,0.44,0.6027397260273973,28,196893.51
8,0.0,1.0,1,goal_oriented_oed,0.04347826086956519,0.9565217391304348,0.44,0.6027397260273973,28,184467.02
8,0.0,1.0,1,topological_dispersion,0.04347826086956519,0.9565217391304348,0.43137254901960786,0.5945945945945946,29,120049.79
8,0.0,1.0,1,centrality,0.04347826086956519,0.9565217391304348,0.44,0.6027397260273973,28,6261.98
8,0.0,1.0,2,FO,0.04347826086956519,0.9565217391304348,0.4489795918367347,0.6111111111111112,27,106839.75
8,0.0,1.0,2,D_optimal_bayesian,0.04347826086956519,0.9565217391304348,0.44,0.6027397260273973,28,159026.69
8,0.0,1.0,2,A_optimal_bayesian,0.04347826086956519,0.9565217391304348,0.44,0.6027397260273973,28,159026.69
8,0.0,1.0,2,E_optimal_observable_subspace,0.04347826086956519,0.9565217391304348,0.44,0.6027397260273973,28,159026.69
8,0.0,1.0,2,bayesian_information_gain,0.04347826086956519,0.9565217391304348,0.44,0.6027397260273973,28,159026.69
8,0.0,1.0,2,D_optimal_rank_reduced,0.04347826086956519,0.9565217391304348,0.44,0.6027397260273973,28,168313.34
8,0.0,1.0,2,A_optimal_rank_reduced,0.04347826086956519,0.9565217391304348,0.44,0.6027397260273973,28,58912.99
8,0.0,1.0,2,E_optimal_rank_reduced,0.04347826086956519,0.9565217391304348,0.4489795918367347,0.6111111111111112,27,74746.67
8,0.0,1.0,2,goal_oriented_oed,0.04347826086956519,0.9565217391304348,0.44,0.6027397260273973,28,125125.12
8,0.0,1.0,2,topological_dispersion,0.04347826086956519,0.9565217391304348,0.44,0.6027397260273973,28,114647.9
8,0.0,1.0,2,centrality,0.04347826086956519,0.9565217391304348,0.4489795918367347,0.6111111111111112,27,82306.42
8,0.0,1.0,3,FO,0.04347826086956519,0.9565217391304348,0.46808510638297873,0.6285714285714286,25,79710.95
8,0.0,1.0,3,D_optimal_bayesian,0.04347826086956519,0.9565217391304348,0.44,0.6027397260273973,28,106348.84
8,0.0,1.0,3,A_optimal_bayesian,0.04347826086956519,0.9565217391304348,0.44,0.6027397260273973,28,106348.84
8,0.0,1.0,3,E_optimal_observable_subspace,0.04347826086956519,0.9565217391304348,0.44,0.6027397260273973,28,106348.84
8,0.0,1.0,3,bayesian_information_gain,0.04347826086956519,0.9565217391304348,0.44,0.6027397260273973,28,106348.84
8,0.0,1.0,3,D_optimal_rank_reduced,0.04347826086956519,0.9565217391304348,0.44,0.6027397260273973,28,160322.09
8,0.0,1.0,3,A_optimal_rank_reduced,0.04347826086956519,0.9565217391304348,0.4489795918367347,0.6111111111111112,27,123368.22
8,0.0,1.0,3,E_optimal_rank_reduced,0.04347826086956519,0.9565217391304348,0.44,0.6027397260273973,28,175850.66
8,0.0,1.0,3,goal_oriented_oed,0.04347826086956519,0.9565217391304348,0.44,0.6027397260273973,28,132489.75
8,0.0,1.0,3,topological_dispersion,0.04347826086956519,0.9565217391304348,0.4489795918367347,0.6111111111111112,27,101905.21
8,0.0,1.0,3,centrality,0.04347826086956519,0.9565217391304348,0.4583333333333333,0.619718309859155,26,73334.62
8,0.0,1.0,4,FO,0.04347826086956519,0.9565217391304348,0.4583333333333333,0.619718309859155,26,107480.06
8,0.0,1.0,4,D_optimal_bayesian,0.0,1.0,0.46,0.6301369863013699,27,130846.95
8,0.0,1.0,4,A_optimal_bayesian,0.0,1.0,0.46,0.6301369863013699,27,130846.95
8,0.0,1.0,4,E_optimal_observable_subspace,0.0,1.0,0.46,0.6301369863013699,27,130846.95
8,0.0,1.0,4,bayesian_information_gain,0.0,1.0,0.46,0.6301369863013699,27,130846.95
8,0.0,1.0,4,D_optimal_rank_reduced,0.04347826086956519,0.9565217391304348,0.44,0.6027397260273973,28,140129.55
8,0.0,1.0,4,A_optimal_rank_reduced,0.0,1.0,0.46,0.6301369863013699,27,83780.27
8,0.0,1.0,4,E_optimal_rank_reduced,0.04347826086956519,0.9565217391304348,0.44,0.6027397260273973,28,120623.58
8,0.0,1.0,4,goal_oriented_oed,0.04347826086956519,0.9565217391304348,0.43137254901960786,0.5945945945945946,29,129355.4
8,0.0,1.0,4,topological_dispersion,0.0,1.0,0.46,0.6301369863013699,27,121802.04
8,0.0,1.0,4,centrality,0.04347826086956519,0.9565217391304348,0.4489795918367347,0.6111111111111112,27,38007.07
8,1.0,0.0,0,FO,0.08695652173913049,0.9130434782608695,0.5121951219512195,0.6562499999999999,20,83504.09
8,1.0,0.0,0,D_optimal_bayesian,0.08695652173913049,0.9130434782608695,0.44680851063829785,0.6,26,154652.15
8,1.0,0.0,0,A_optimal_bayesian,0.08695652173913049,0.9130434782608695,0.44680851063829785,0.6,26,154652.15
8,1.0,0.0,0,E_optimal_observable_subspace,0.08695652173913049,0.9130434782608695,0.44680851063829785,0.6,26,154652.15
8,1.0,0.0,0,bayesian_information_gain,0.08695652173913049,0.9130434782608695,0.44680851063829785,0.6,26,154652.15
8,1.0,0.0,0,D_optimal_rank_reduced,0.08695652173913049,0.9130434782608695,0.45652173913043476,0.608695652173913,25,135560.39
8,1.0,0.0,0,A_optimal_rank_reduced,0.08695652173913049,0.9130434782608695,0.45652173913043476,0.608695652173913,25,184577.76
8,1.0,0.0,0,E_optimal_rank_reduced,0.08695652173913049,0.9130434782608695,0.45652173913043476,0.608695652173913,25,70578.7
8,1.0,0.0,0,goal_oriented_oed,0.08695652173913049,0.9130434782608695,0.4666666666666667,0.6176470588235294,24,102553.1
8,1.0,0.0,0,topological_dispersion,0.08695652173913049,0.9130434782608695,0.45652173913043476,0.608695652173913,25,84185.73
8,1.0,0.0,0,centrality,0.08695652173913049,0.9130434782608695,0.5,0.6461538461538461,21,59971.13
8,1.0,0.0,1,FO,0.08695652173913049,0.9130434782608695,0.4883720930232558,0.6363636363636364,22,105781.18
8,1.0,0.0,1,D_optimal_bayesian,0.08695652173913049,0.9130434782608695,0.4375,0.5915492957746479,27,122667.05
8,1.0,0.0,1,A_optimal_bayesian,0.08695652173913049,0.9130434782608695,0.4375,0.5915492957746479,27,122667.05
8,1.0,0.0,1,E_optimal_observable_subspace,0.08695652173913049,0.9130434782608695,0.4375,0.5915492957746479,27,122667.05
8,1.0,0.0,1,bayesian_information_gain,0.08695652173913049,0.9130434782608695,0.4375,0.5915492957746479,27,122667.05
8,1.0,0.0,1,D_optimal_rank_reduced,0.08695652173913049,0.9130434782608695,0.44680851063829785,0.6,26,138017.53
8,1.0,0.0,1,A_optimal_rank_reduced,0.08695652173913049,0.9130434782608695,0.44680851063829785,0.6,26,151777.1
8,1.0,0.0,1,E_optimal_rank_reduced,0.08695652173913049,0.9130434782608695,0.45652173913043476,0.608695652173913,25,209407.04
8,1.0,0.0,1,goal_oriented_oed,0.08695652173913049,0.9130434782608695,0.4666666666666667,0.6176470588235294,24,114353.09
8,1.0,0.0,1,topological_dispersion,0.08695652173913049,0.9130434782608695,0.45652173913043476,0.608695652173913,25,99605.28
8,1.0,0.0,1,centrality,0.08695652173913049,0.9130434782608695,0.4883720930232558,0.6363636363636364,22,83706.92
8,1.0,0.0,2,FO,0.08695652173913049,0.9130434782608695,0.4883720930232558,0.6363636363636364,22,92191.82
8,1.0,0.0,2,D_optimal_bayesian,0.04347826086956519,0.9565217391304348,0.4583333333333333,0.619718309859155,26,137136.63
8,1.0,0.0,2,A_optimal_bayesian,0.04347826086956519,0.9565217391304348,0.4583333333333333,0.619718309859155,26,137136.63
8,1.0,0.0,2,E_optimal_observable_subspace,0.04347826086956519,0.9565217391304348,0.4583333333333333,0.619718309859155,26,137136.63
8,1.0,0.0,2,bayesian_information_gain,0.04347826086956519,0.9565217391304348,0.4583333333333333,0.619718309859155,26,137136.63
8,1.0,0.0,2,D_optimal_rank_reduced,0.04347826086956519,0.9565217391304348,0.4583333333333333,0.619718309859155,26,91360.69
8,1.0,0.0,2,A_optimal_rank_reduced,0.08695652173913049,0.9130434782608695,0.45652173913043476,0.608695652173913,25,42245.2
8,1.0,0.0,2,E_optimal_rank_reduced,0.04347826086956519,0.9565217391304348,0.4583333333333333,0.619718309859155,26,179605.56
8,1.0,0.0,2,goal_oriented_oed,0.04347826086956519,0.9565217391304348,0.46808510638297873,0.6285714285714286,25,74881.22
8,1.0,0.0,2,topological_dispersion,0.08695652173913049,0.9130434782608695,0.4666666666666667,0.6176470588235294,24,116707.17
8,1.0,0.0,2,centrality,0.08695652173913049,0.9130434782608695,0.4883720930232558,0.6363636363636364,22,129998.13
8,1.0,0.0,3,FO,0.08695652173913049,0.9130434782608695,0.5,0.6461538461538461,21,75175.89
8,1.0,0.0,3,D_optimal_bayesian,0.08695652173913049,0.9130434782608695,0.44680851063829785,0.6,26,181023.5
8,1.0,0.0,3,A_optimal_bayesian,0.08695652173913049,0.9130434782608695,0.44680851063829785,0.6,26,181023.5
8,1.0,0.0,3,E_optimal_observable_subspace,0.08695652173913049,0.9130434782608695,0.44680851063829785,0.6,26,181023.5
8,1.0,0.0,3,bayesian_information_gain,0.08695652173913049,0.9130434782608695,0.44680851063829785,0.6,26,181023.5
8,1.0,0.0,3,D_optimal_rank_reduced,0.08695652173913049,0.9130434782608695,0.45652173913043476,0.608695652173913,25,123643.12
8,1.0,0.0,3,A_optimal_rank_reduced,0.08695652173913049,0.9130434782608695,0.45652173913043476,0.608695652173913,25,100092.54
8,1.0,0.0,3,E_optimal_rank_reduced,0.08695652173913049,0.9130434782608695,0.44680851063829785,0.6,26,126053.19
8,1.0,0.0,3,goal_oriented_oed,0.08695652173913049,0.9130434782608695,0.45652173913043476,0.608695652173913,25,133122.53
8,1.0,0.0,3,topological_dispersion,0.08695652173913049,0.9130434782608695,0.45652173913043476,0.608695652173913,25,115472.3
8,1.0,0.0,3,centrality,0.08695652173913049,0.9130434782608695,0.4883720930232558,0.6363636363636364,22,55262.75
8,1.0,0.0,4,FO,0.08695652173913049,0.9130434782608695,0.5121951219512195,0.6562499999999999,20,57604.69
8,1.0,0.0,4,D_optimal_bayesian,0.08695652173913049,0.9130434782608695,0.44680851063829785,0.6,26,122986.16
8,1.0,0.0,4,A_optimal_bayesian,0.08695652173913049,0.9130434782608695,0.44680851063829785,0.6,26,122986.16
8,1.0,0.0,4,E_optimal_observable_subspace,0.08695652173913049,0.9130434782608695,0.44680851063829785,0.6,26,122986.16
8,1.0,0.0,4,bayesian_information_gain,0.08695652173913049,0.9130434782608695,0.44680851063829785,0.6,26,122986.16
8,1.0,0.0,4,D_optimal_rank_reduced,0.08695652173913049,0.9130434782608695,0.45652173913043476,0.608695652173913,25,82108.76
8,1.0,0.0,4,A_optimal_rank_reduced,0.08695652173913049,0.9130434782608695,0.45652173913043476,0.608695652173913,25,28166.3
8,1.0,0.0,4,E_optimal_rank_reduced,0.08695652173913049,0.9130434782608695,0.4666666666666667,0.6176470588235294,24,119188.41
8,1.0,0.0,4,goal_oriented_oed,0.04347826086956519,0.9565217391304348,0.46808510638297873,0.6285714285714286,25,119855.16
8,1.0,0.0,4,topological_dispersion,0.08695652173913049,0.9130434782608695,0.4666666666666667,0.6176470588235294,24,137702.77
8,1.0,0.0,4,centrality,0.08695652173913049,0.9130434782608695,0.5,0.6461538461538461,21,32371.3
8,1.0,0.5,0,FO,0.08695652173913049,0.9130434782608695,0.44680851063829785,0.6,26,43562.08
8,1.0,0.5,0,D_optimal_bayesian,0.08695652173913049,0.9130434782608695,0.42857142857142855,0.5833333333333334,28,154034.97
8,1.0,0.5,0,A_optimal_bayesian,0.08695652173913049,0.9130434782608695,0.42857142857142855,0.5833333333333334,28,154034.97
8,1.0,0.5,0,E_optimal_observable_subspace,0.08695652173913049,0.9130434782608695,0.42857142857142855,0.5833333333333334,28,154034.97
8,1.0,0.5,0,bayesian_information_gain,0.08695652173913049,0.9130434782608695,0.42857142857142855,0.5833333333333334,28,154034.97
8,1.0,0.5,0,D_optimal_rank_reduced,0.04347826086956519,0.9565217391304348,0.46808510638297873,0.6285714285714286,25,154833.09
8,1.0,0.5,0,A_optimal_rank_reduced,0.04347826086956519,0.9565217391304348,0.4489795918367347,0.6111111111111112,27,109482.63
8,1.0,0.5,0,E_optimal_rank_reduced,0.04347826086956519,0.9565217391304348,0.4489795918367347,0.6111111111111112,27,151237.11
8,1.0,0.5,0,goal_oriented_oed,0.04347826086956519,0.9565217391304348,0.44,0.6027397260273973,28,152937.4
8,1.0,0.5,0,topological_dispersion,0.08695652173913049,0.9130434782608695,0.44680851063829785,0.6,26,135444.97
8,1.0,0.5,0,centrality,0.08695652173913049,0.9130434782608695,0.44680851063829785,0.6,26,39930.28
8,1.0,0.5,1,FO,0.08695652173913049,0.9130434782608695,0.4375,0.5915492957746479,27,169294.95
8,1.0,0.5,1,D_optimal_bayesian,0.04347826086956519,0.9565217391304348,0.4489795918367347,0.6111111111111112,27,139068.62
8,1.0,0.5,1,A_optimal_bayesian,0.04347826086956519,0.9565217391304348,0.4489795918367347,0.6111111111111112,27,139068.62
8,1.0,0.5,1,E_optimal_observable_subspace,0.04347826086956519,0.9565217391304348,0.4489795918367347,0.6111111111111112,27,139068.62
8,1.0,0.5,1,bayesian_information_gain,0.04347826086956519,0.9565217391304348,0.4489795918367347,0.6111111111111112,27,139068.62
8,1.0,0.5,1,D_optimal_rank_reduced,0.04347826086956519,0.9565217391304348,0.4489795918367347,0.6111111111111112,27,93058.48
8,1.0,0.5,1,A_optimal_rank_reduced,0.04347826086956519,0.9565217391304348,0.4489795918367347,0.6111111111111112,27,122378.13
8,1.0,0.5,1,E_optimal_rank_reduced,0.04347826086956519,0.9565217391304348,0.4489795918367347,0.6111111111111112,27,116813.69
8,1.0,0.5,1,goal_oriented_oed,0.04347826086956519,0.9565217391304348,0.44,0.6027397260273973,28,145252.07
8,1.0,0.5,1,topological_dispersion,0.04347826086956519,0.9565217391304348,0.4489795918367347,0.6111111111111112,27,101527.91
8,1.0,0.5,1,centrality,0.08695652173913049,0.9130434782608695,0.45652173913043476,0.608695652173913,25,63156.67
8,1.0,0.5,2,FO,0.08695652173913049,0.9130434782608695,0.45652173913043476,0.608695652173913,25,58544.48
8,1.0,0.5,2,D_optimal_bayesian,0.08695652173913049,0.9130434782608695,0.4375,0.5915492957746479,27,159327.53
8,1.0,0.5,2,A_optimal_bayesian,0.08695652173913049,0.9130434782608695,0.4375,0.5915492957746479,27,159327.53
8,1.0,0.5,2,E_optimal_observable_subspace,0.08695652173913049,0.9130434782608695,0.4375,0.5915492957746479,27,159327.53
8,1.0,0.5,2,bayesian_information_gain,0.08695652173913049,0.9130434782608695,0.4375,0.5915492957746479,27,159327.53
8,1.0,0.5,2,D_optimal_rank_reduced,0.08695652173913049,0.9130434782608695,0.44680851063829785,0.6,26,188277.22
8,1.0,0.5,2,A_optimal_rank_reduced,0.04347826086956519,0.9565217391304348,0.4489795918367347,0.6111111111111112,27,129200.14
8,1.0,0.5,2,E_optimal_rank_reduced,0.04347826086956519,0.9565217391304348,0.46808510638297873,0.6285714285714286,25,149406.69
8,1.0,0.5,2,goal_oriented_oed,0.04347826086956519,0.9565217391304348,0.4489795918367347,0.6111111111111112,27,123217.79
8,1.0,0.5,2,topological_dispersion,0.04347826086956519,0.9565217391304348,0.4583333333333333,0.619718309859155,26,146907.59
8,1.0,0.5,2,centrality,0.08695652173913049,0.9130434782608695,0.45652173913043476,0.608695652173913,25,10991.75
8,1.0,0.5,3,FO,0.04347826086956519,0.9565217391304348,0.4782608695652174,0.6376811594202898,24,56657.42
8,1.0,0.5,3,D_optimal_bayesian,0.04347826086956519,0.9565217391304348,0.4583333333333333,0.619718309859155,26,150292.02
8,1.0,0.5,3,A_optimal_bayesian,0.04347826086956519,0.9565217391304348,0.4583333333333333,0.619718309859155,26,150292.02
8,1.0,0.5,3,E_optimal_observable_subspace,0.04347826086956519,0.9565217391304348,0.4583333333333333,0.619718309859155,26,150292.02
8,1.0,0.5,3,bayesian_information_gain,0.04347826086956519,0.9565217391304348,0.4583333333333333,0.619718309859155,26,150292.02
8,1.0,0.5,3,D_optimal_rank_reduced,0.04347826086956519,0.9565217391304348,0.4489795918367347,0.6111111111111112,27,150960.17
8,1.0,0.5,3,A_optimal_rank_reduced,0.04347826086956519,0.9565217391304348,0.4583333333333333,0.619718309859155,26,118969.63
8,1.0,0.5,3,E_optimal_rank_reduced,0.04347826086956519,0.9565217391304348,0.4489795918367347,0.6111111111111112,27,219285.18
8,1.0,0.5,3,goal_oriented_oed,0.04347826086956519,0.9565217391304348,0.4489795918367347,0.6111111111111112,27,119888.07
8,1.0,0.5,3,topological_dispersion,0.04347826086956519,0.9565217391304348,0.4489795918367347,0.6111111111111112,27,129509.08
8,1.0,0.5,3,centrality,0.04347826086956519,0.9565217391304348,0.4782608695652174,0.6376811594202898,24,36047.91
8,1.0,0.5,4,FO,0.04347826086956519,0.9565217391304348,0.46808510638297873,0.6285714285714286,25,28349.3
8,1.0,0.5,4,D_optimal_bayesian,0.08695652173913049,0.9130434782608695,0.4375,0.5915492957746479,27,139115.98
8,1.0,0.5,4,A_optimal_bayesian,0.08695652173913049,0.9130434782608695,0.4375,0.5915492957746479,27,139115.98
8,1.0,0.5,4,E_optimal_observable_subspace,0.08695652173913049,0.9130434782608695,0.4375,0.5915492957746479,27,139115.98
8,1.0,0.5,4,bayesian_information_gain,0.08695652173913049,0.9130434782608695,0.4375,0.5915492957746479,27,139115.98
8,1.0,0.5,4,D_optimal_rank_reduced,0.08695652173913049,0.9130434782608695,0.44680851063829785,0.6,26,126024.41
8,1.0,0.5,4,A_optimal_rank_reduced,0.08695652173913049,0.9130434782608695,0.42857142857142855,0.5833333333333334,28,87745.12
8,1.0,0.5,4,E_optimal_rank_reduced,0.04347826086956519,0.9565217391304348,0.46808510638297873,0.6285714285714286,25,174613.53
8,1.0,0.5,4,goal_oriented_oed,0.08695652173913049,0.9130434782608695,0.4375,0.5915492957746479,27,155046.95
8,1.0,0.5,4,topological_dispersion,0.04347826086956519,0.9565217391304348,0.4583333333333333,0.619718309859155,26,186357.81
8,1.0,0.5,4,centrality,0.08695652173913049,0.9130434782608695,0.45652173913043476,0.608695652173913,25,60640.09
8,1.0,1.0,0,FO,0.04347826086956519,0.9565217391304348,0.4489795918367347,0.6111111111111112,27,73176.0
8,1.0,1.0,0,D_optimal_bayesian,0.04347826086956519,0.9565217391304348,0.43137254901960786,0.5945945945945946,29,180377.96
8,1.0,1.0,0,A_optimal_bayesian,0.04347826086956519,0.9565217391304348,0.43137254901960786,0.5945945945945946,29,180377.96
8,1.0,1.0,0,E_optimal_observable_subspace,0.04347826086956519,0.9565217391304348,0.43137254901960786,0.5945945945945946,29,180377.96
8,1.0,1.0,0,bayesian_information_gain,0.04347826086956519,0.9565217391304348,0.43137254901960786,0.5945945945945946,29,180377.96
8,1.0,1.0,0,D_optimal_rank_reduced,0.04347826086956519,0.9565217391304348,0.44,0.6027397260273973,28,85873.39
8,1.0,1.0,0,A_optimal_rank_reduced,0.04347826086956519,0.9565217391304348,0.44,0.6027397260273973,28,93557.5
8,1.0,1.0,0,E_optimal_rank_reduced,0.04347826086956519,0.9565217391304348,0.44,0.6027397260273973,28,144101.24
8,1.0,1.0,0,goal_oriented_oed,0.04347826086956519,0.9565217391304348,0.44,0.6027397260273973,28,125151.22
8,1.0,1.0,0,topological_dispersion,0.04347826086956519,0.9565217391304348,0.44,0.6027397260273973,28,182613.54
8,1.0,1.0,0,centrality,0.04347826086956519,0.9565217391304348,0.4583333333333333,0.619718309859155,26,10728.21
8,1.0,1.0,1,FO,0.04347826086956519,0.9565217391304348,0.44,0.6027397260273973,28,44382.24
8,1.0,1.0,1,D_optimal_bayesian,0.04347826086956519,0.9565217391304348,0.43137254901960786,0.5945945945945946,29,114382.75
8,1.0,1.0,1,A_optimal_bayesian,0.04347826086956519,0.9565217391304348,0.43137254901960786,0.5945945945945946,29,114382.75
8,1.0,1.0,1,E_optimal_observable_subspace,0.04347826086956519,0.9565217391304348,0.43137254901960786,0.5945945945945946,29,114382.75
8,1.0,1.0,1,bayesian_information_gain,0.04347826086956519,0.9565217391304348,0.43137254901960786,0.5945945945945946,29,114382.75
8,1.0,1.0,1,D_optimal_rank_reduced,0.0,1.0,0.46,0.6301369863013699,27,208248.48
8,1.0,1.0,1,A_optimal_rank_reduced,0.04347826086956519,0.9565217391304348,0.44,0.6027397260273973,28,185922.99
8,1.0,1.0,1,E_optimal_rank_reduced,0.04347826086956519,0.9565217391304348,0.44,0.6027397260273973,28,153514.67
8,1.0,1.0,1,goal_oriented_oed,0.04347826086956519,0.9565217391304348,0.44,0.6027397260273973,28,144272.79
8,1.0,1.0,1,topological_dispersion,0.04347826086956519,0.9565217391304348,0.4489795918367347,0.6111111111111112,27,130521.97
8,1.0,1.0,1,centrality,0.04347826086956519,0.9565217391304348,0.4489795918367347,0.6111111111111112,27,85209.66
8,1.0,1.0,2,FO,0.04347826086956519,0.9565217391304348,0.4583333333333333,0.619718309859155,26,122157.95
8,1.0,1.0,2,D_optimal_bayesian,0.04347826086956519,0.9565217391304348,0.44,0.6027397260273973,28,171437.36
8,1.0,1.0,2,A_optimal_bayesian,0.04347826086956519,0.9565217391304348,0.44,0.6027397260273973,28,171437.36
8,1.0,1.0,2,E_optimal_observable_subspace,0.04347826086956519,0.9565217391304348,0.44,0.6027397260273973,28,171437.36
8,1.0,1.0,2,bayesian_information_gain,0.04347826086956519,0.9565217391304348,0.44,0.6027397260273973,28,171437.36
8,1.0,1.0,2,D_optimal_rank_reduced,0.04347826086956519,0.9565217391304348,0.4489795918367347,0.6111111111111112,27,146494.97
8,1.0,1.0,2,A_optimal_rank_reduced,0.04347826086956519,0.9565217391304348,0.44,0.6027397260273973,28,199914.37
8,1.0,1.0,2,E_optimal_rank_reduced,0.04347826086956519,0.9565217391304348,0.44,0.6027397260273973,28,155355.83
8,1.0,1.0,2,goal_oriented_oed,0.04347826086956519,0.9565217391304348,0.44,0.6027397260273973,28,93602.52
8,1.0,1.0,2,topological_dispersion,0.04347826086956519,0.9565217391304348,0.44,0.6027397260273973,28,148161.83
8,1.0,1.0,2,centrality,0.04347826086956519,0.9565217391304348,0.4583333333333333,0.619718309859155,26,30495.95
8,1.0,1.0,3,FO,0.04347826086956519,0.9565217391304348,0.4583333333333333,0.619718309859155,26,47299.41
8,1.0,1.0,3,D_optimal_bayesian,0.04347826086956519,0.9565217391304348,0.44,0.6027397260273973,28,177308.35
8,1.0,1.0,3,A_optimal_bayesian,0.04347826086956519,0.9565217391304348,0.44,0.6027397260273973,28,177308.35
8,1.0,1.0,3,E_optimal_observable_subspace,0.04347826086956519,0.9565217391304348,0.44,0.6027397260273973,28,177308.35
8,1.0,1.0,3,bayesian_information_gain,0.04347826086956519,0.9565217391304348,0.44,0.6027397260273973,28,177308.35
8,1.0,1.0,3,D_optimal_rank_reduced,0.04347826086956519,0.9565217391304348,0.44,0.6027397260273973,28,160998.5
8,1.0,1.0,3,A_optimal_rank_reduced,0.04347826086956519,0.9565217391304348,0.44,0.6027397260273973,28,104545.69
8,1.0,1.0,3,E_optimal_rank_reduced,0.04347826086956519,0.9565217391304348,0.44,0.6027397260273973,28,182478.31
8,1.0,1.0,3,goal_oriented_oed,0.04347826086956519,0.9565217391304348,0.43137254901960786,0.5945945945945946,29,179382.34
8,1.0,1.0,3,topological_dispersion,0.04347826086956519,0.9565217391304348,0.44,0.6027397260273973,28,105408.31
8,1.0,1.0,3,centrality,0.04347826086956519,0.9565217391304348,0.4489795918367347,0.6111111111111112,27,74062.96
8,1.0,1.0,4,FO,0.04347826086956519,0.9565217391304348,0.4583333333333333,0.619718309859155,26,26496.23
8,1.0,1.0,4,D_optimal_bayesian,0.04347826086956519,0.9565217391304348,0.44,0.6027397260273973,28,150555.98
8,1.0,1.0,4,A_optimal_bayesian,0.04347826086956519,0.9565217391304348,0.44,0.6027397260273973,28,150555.98
8,1.0,1.0,4,E_optimal_observable_subspace,0.04347826086956519,0.9565217391304348,0.44,0.6027397260273973,28,150555.98
8,1.0,1.0,4,bayesian_information_gain,0.04347826086956519,0.9565217391304348,0.44,0.6027397260273973,28,150555.98
8,1.0,1.0,4,D_optimal_rank_reduced,0.0,1.0,0.46,0.6301369863013699,27,161311.67
8,1.0,1.0,4,A_optimal_rank_reduced,0.04347826086956519,0.9565217391304348,0.44,0.6027397260273973,28,119676.55
8,1.0,1.0,4,E_optimal_rank_reduced,0.04347826086956519,0.9565217391304348,0.44,0.6027397260273973,28,125544.24
8,1.0,1.0,4,goal_oriented_oed,0.04347826086956519,0.9565217391304348,0.44,0.6027397260273973,28,168322.75
8,1.0,1.0,4,topological_dispersion,0.04347826086956519,0.9565217391304348,0.44,0.6027397260273973,28,161938.9
8,1.0,1.0,4,centrality,0.04347826086956519,0.9565217391304348,0.4583333333333333,0.619718309859155,26,52720.03
8,2.0,0.0,0,FO,0.08695652173913049,0.9130434782608695,0.4883720930232558,0.6363636363636364,22,52987.63
8,2.0,0.0,0,D_optimal_bayesian,0.04347826086956519,0.9565217391304348,0.4489795918367347,0.6111111111111112,27,206666.88
8,2.0,0.0,0,A_optimal_bayesian,0.04347826086956519,0.9565217391304348,0.4489795918367347,0.6111111111111112,27,206666.88
8,2.0,0.0,0,E_optimal_observable_subspace,0.04347826086956519,0.9565217391304348,0.4489795918367347,0.6111111111111112,27,206666.88
8,2.0,0.0,0,bayesian_information_gain,0.04347826086956519,0.9565217391304348,0.4489795918367347,0.6111111111111112,27,206666.88
8,2.0,0.0,0,D_optimal_rank_reduced,0.04347826086956519,0.9565217391304348,0.4489795918367347,0.6111111111111112,27,160651.02
8,2.0,0.0,0,A_optimal_rank_reduced,0.08695652173913049,0.9130434782608695,0.4375,0.5915492957746479,27,62923.84
8,2.0,0.0,0,E_optimal_rank_reduced,0.04347826086956519,0.9565217391304348,0.46808510638297873,0.6285714285714286,25,154686.87
8,2.0,0.0,0,goal_oriented_oed,0.04347826086956519,0.9565217391304348,0.4583333333333333,0.619718309859155,26,139082.39
8,2.0,0.0,0,topological_dispersion,0.04347826086956519,0.9565217391304348,0.4583333333333333,0.619718309859155,26,140341.59
8,2.0,0.0,0,centrality,0.08695652173913049,0.9130434782608695,0.4883720930232558,0.6363636363636364,22,34483.54
8,2.0,0.0,1,FO,0.08695652173913049,0.9130434782608695,0.4883720930232558,0.6363636363636364,22,37970.69
8,2.0,0.0,1,D_optimal_bayesian,0.08695652173913049,0.9130434782608695,0.4375,0.5915492957746479,27,91058.43
8,2.0,0.0,1,A_optimal_bayesian,0.08695652173913049,0.9130434782608695,0.4375,0.5915492957746479,27,91058.43
8,2.0,0.0,1,E_optimal_observable_subspace,0.08695652173913049,0.9130434782608695,0.4375,0.5915492957746479,27,91058.43
8,2.0,0.0,1,bayesian_information_gain,0.08695652173913049,0.9130434782608695,0.4375,0.5915492957746479,27,91058.43
8,2.0,0.0,1,D_optimal_rank_reduced,0.08695652173913049,0.9130434782608695,0.4375,0.5915492957746479,27,140796.31
8,2.0,0.0,1,A_optimal_rank_reduced,0.08695652173913049,0.9130434782608695,0.44680851063829785,0.6,26,75949.47
8,2.0,0.0,1,E_optimal_rank_reduced,0.04347826086956519,0.9565217391304348,0.46808510638297873,0.6285714285714286,25,140415.86
8,2.0,0.0,1,goal_oriented_oed,0.04347826086956519,0.9565217391304348,0.46808510638297873,0.6285714285714286,25,109811.31
8,2.0,0.0,1,topological_dispersion,0.08695652173913049,0.9130434782608695,0.45652173913043476,0.608695652173913,25,171118.31
8,2.0,0.0,1,centrality,0.08695652173913049,0.9130434782608695,0.5121951219512195,0.6562499999999999,20,23273.77
8,2.0,0.0,2,FO,0.08695652173913049,0.9130434782608695,0.4883720930232558,0.6363636363636364,22,68014.16
8,2.0,0.0,2,D_optimal_bayesian,0.04347826086956519,0.9565217391304348,0.4782608695652174,0.6376811594202898,24,117566.58
8,2.0,0.0,2,A_optimal_bayesian,0.04347826086956519,0.9565217391304348,0.4782608695652174,0.6376811594202898,24,117566.58
8,2.0,0.0,2,E_optimal_observable_subspace,0.04347826086956519,0.9565217391304348,0.4782608695652174,0.6376811594202898,24,117566.58
8,2.0,0.0,2,bayesian_information_gain,0.04347826086956519,0.9565217391304348,0.4782608695652174,0.6376811594202898,24,117566.58
8,2.0,0.0,2,D_optimal_rank_reduced,0.04347826086956519,0.9565217391304348,0.4888888888888889,0.6470588235294117,23,206876.87
8,2.0,0.0,2,A_optimal_rank_reduced,0.08695652173913049,0.9130434782608695,0.44680851063829785,0.6,26,105595.91
8,2.0,0.0,2,E_optimal_rank_reduced,0.04347826086956519,0.9565217391304348,0.4583333333333333,0.619718309859155,26,134344.36
8,2.0,0.0,2,goal_oriented_oed,0.04347826086956519,0.9565217391304348,0.46808510638297873,0.6285714285714286,25,141920.51
8,2.0,0.0,2,topological_dispersion,0.04347826086956519,0.9565217391304348,0.46808510638297873,0.6285714285714286,25,133740.77
8,2.0,0.0,2,centrality,0.08695652173913049,0.9130434782608695,0.5121951219512195,0.6562499999999999,20,36570.68
8,2.0,0.0,3,FO,0.08695652173913049,0.9130434782608695,0.4883720930232558,0.6363636363636364,22,64899.64
8,2.0,0.0,3,D_optimal_bayesian,0.04347826086956519,0.9565217391304348,0.4583333333333333,0.619718309859155,26,217013.54
8,2.0,0.0,3,A_optimal_bayesian,0.04347826086956519,0.9565217391304348,0.4583333333333333,0.619718309859155,26,217013.54
8,2.0,0.0,3,E_optimal_observable_subspace,0.04347826086956519,0.9565217391304348,0.4583333333333333,0.619718309859155,26,217013.54
8,2.0,0.0,3,bayesian_information_gain,0.04347826086956519,0.9565217391304348,0.4583333333333333,0.619718309859155,26,217013.54
8,2.0,0.0,3,D_optimal_rank_reduced,0.08695652173913049,0.9130434782608695,0.4375,0.5915492957746479,27,152410.85
8,2.0,0.0,3,A_optimal_rank_reduced,0.08695652173913049,0.9130434782608695,0.4375,0.5915492957746479,27,92486.01
8,2.0,0.0,3,E_optimal_rank_reduced,0.08695652173913049,0.9130434782608695,0.4666666666666667,0.6176470588235294,24,80230.7
8,2.0,0.0,3,goal_oriented_oed,0.04347826086956519,0.9565217391304348,0.46808510638297873,0.6285714285714286,25,145413.04
8,2.0,0.0,3,topological_dispersion,0.08695652173913049,0.9130434782608695,0.44680851063829785,0.6,26,173666.39
8,2.0,0.0,3,centrality,0.08695652173913049,0.9130434782608695,0.4772727272727273,0.6268656716417911,23,33250.75
8,2.0,0.0,4,FO,0.08695652173913049,0.9130434782608695,0.4883720930232558,0.6363636363636364,22,68385.21
8,2.0,0.0,4,D_optimal_bayesian,0.08695652173913049,0.9130434782608695,0.4375,0.5915492957746479,27,145320.69
8,2.0,0.0,4,A_optimal_bayesian,0.08695652173913049,0.9130434782608695,0.4375,0.5915492957746479,27,145320.69
8,2.0,0.0,4,E_optimal_observable_subspace,0.08695652173913049,0.9130434782608695,0.4375,0.5915492957746479,27,145320.69
8,2.0,0.0,4,bayesian_information_gain,0.08695652173913049,0.9130434782608695,0.4375,0.5915492957746479,27,145320.69
8,2.0,0.0,4,D_optimal_rank_reduced,0.08695652173913049,0.9130434782608695,0.45652173913043476,0.608695652173913,25,120396.22
8,2.0,0.0,4,A_optimal_rank_reduced,0.08695652173913049,0.9130434782608695,0.44680851063829785,0.6,26,59060.93
8,2.0,0.0,4,E_optimal_rank_reduced,0.08695652173913049,0.9130434782608695,0.45652173913043476,0.608695652173913,25,76714.37
8,2.0,0.0,4,goal_oriented_oed,0.04347826086956519,0.9565217391304348,0.4782608695652174,0.6376811594202898,24,150191.57
8,2.0,0.0,4,topological_dispersion,0.08695652173913049,0.9130434782608695,0.45652173913043476,0.608695652173913,25,218813.16
8,2.0,0.0,4,centrality,0.08695652173913049,0.9130434782608695,0.4883720930232558,0.6363636363636364,22,23328.62
8,2.0,0.5,0,FO,0.04347826086956519,0.9565217391304348,0.4583333333333333,0.619718309859155,26,71623.25
8,2.0,0.5,0,D_optimal_bayesian,0.04347826086956519,0.9565217391304348,0.4489795918367347,0.6111111111111112,27,158915.01
8,2.0,0.5,0,A_optimal_bayesian,0.04347826086956519,0.9565217391304348,0.4489795918367347,0.6111111111111112,27,158915.01
8,2.0,0.5,0,E_optimal_observable_subspace,0.04347826086956519,0.9565217391304348,0.4489795918367347,0.6111111111111112,27,158915.01
8,2.0,0.5,0,bayesian_information_gain,0.04347826086956519,0.9565217391304348,0.4489795918367347,0.6111111111111112,27,158915.01
8,2.0,0.5,0,D_optimal_rank_reduced,0.04347826086956519,0.9565217391304348,0.4583333333333333,0.619718309859155,26,127293.18
8,2.0,0.5,0,A_optimal_rank_reduced,0.04347826086956519,0.9565217391304348,0.4489795918367347,0.6111111111111112,27,113372.58
8,2.0,0.5,0,E_optimal_rank_reduced,0.04347826086956519,0.9565217391304348,0.4583333333333333,0.619718309859155,26,154283.08
8,2.0,0.5,0,goal_oriented_oed,0.04347826086956519,0.9565217391304348,0.4583333333333333,0.619718309859155,26,106229.62
8,2.0,0.5,0,topological_dispersion,0.04347826086956519,0.9565217391304348,0.4583333333333333,0.619718309859155,26,112346.35
8,2.0,0.5,0,centrality,0.04347826086956519,0.9565217391304348,0.4583333333333333,0.619718309859155,26,62607.39
8,2.0,0.5,1,FO,0.04347826086956519,0.9565217391304348,0.46808510638297873,0.6285714285714286,25,13318.13
8,2.0,0.5,1,D_optimal_bayesian,0.04347826086956519,0.9565217391304348,0.4489795918367347,0.6111111111111112,27,91932.53
8,2.0,0.5,1,A_optimal_bayesian,0.04347826086956519,0.9565217391304348,0.4489795918367347,0.6111111111111112,27,91932.53
8,2.0,0.5,1,E_optimal_observable_subspace,0.04347826086956519,0.9565217391304348,0.4489795918367347,0.6111111111111112,27,91932.53
8,2.0,0.5,1,bayesian_information_gain,0.04347826086956519,0.9565217391304348,0.4489795918367347,0.6111111111111112,27,91932.53
8,2.0,0.5,1,D_optimal_rank_reduced,0.04347826086956519,0.9565217391304348,0.4489795918367347,0.6111111111111112,27,191123.12
8,2.0,0.5,1,A_optimal_rank_reduced,0.04347826086956519,0.9565217391304348,0.4489795918367347,0.6111111111111112,27,53937.98
8,2.0,0.5,1,E_optimal_rank_reduced,0.04347826086956519,0.9565217391304348,0.4782608695652174,0.6376811594202898,24,144663.51
8,2.0,0.5,1,goal_oriented_oed,0.04347826086956519,0.9565217391304348,0.4583333333333333,0.619718309859155,26,101667.48
8,2.0,0.5,1,topological_dispersion,0.04347826086956519,0.9565217391304348,0.46808510638297873,0.6285714285714286,25,166744.96
8,2.0,0.5,1,centrality,0.04347826086956519,0.9565217391304348,0.4782608695652174,0.6376811594202898,24,22588.51
8,2.0,0.5,2,FO,0.04347826086956519,0.9565217391304348,0.4782608695652174,0.6376811594202898,24,38962.62
8,2.0,0.5,2,D_optimal_bayesian,0.04347826086956519,0.9565217391304348,0.4489795918367347,0.6111111111111112,27,193930.72
8,2.0,0.5,2,A_optimal_bayesian,0.04347826086956519,0.9565217391304348,0.4489795918367347,0.6111111111111112,27,193930.72
8,2.0,0.5,2,E_optimal_observable_subspace,0.04347826086956519,0.9565217391304348,0.4489795918367347,0.6111111111111112,27,193930.72
8,2.0,0.5,2,bayesian_information_gain,0.04347826086956519,0.9565217391304348,0.4489795918367347,0.6111111111111112,27,193930.72
8,2.0,0.5,2,D_optimal_rank_reduced,0.04347826086956519,0.9565217391304348,0.4583333333333333,0.619718309859155,26,131368.7
8,2.0,0.5,2,A_optimal_rank_reduced,0.04347826086956519,0.9565217391304348,0.4583333333333333,0.619718309859155,26,114722.53
8,2.0,0.5,2,E_optimal_rank_reduced,0.04347826086956519,0.9565217391304348,0.4583333333333333,0.619718309859155,26,150793.82
8,2.0,0.5,2,goal_oriented_oed,0.04347826086956519,0.9565217391304348,0.4489795918367347,0.6111111111111112,27,130959.69
8,2.0,0.5,2,topological_dispersion,0.04347826086956519,0.9565217391304348,0.46808510638297873,0.6285714285714286,25,144453.63
8,2.0,0.5,2,centrality,0.04347826086956519,0.9565217391304348,0.4782608695652174,0.6376811594202898,24,55825.02
8,2.0,0.5,3,FO,0.04347826086956519,0.9565217391304348,0.4782608695652174,0.6376811594202898,24,35575.01
8,2.0,0.5,3,D_optimal_bayesian,0.04347826086956519,0.9565217391304348,0.4489795918367347,0.6111111111111112,27,148471.72
8,2.0,0.5,3,A_optimal_bayesian,0.04347826086956519,0.9565217391304348,0.4489795918367347,0.6111111111111112,27,148471.72
8,2.0,0.5,3,E_optimal_observable_subspace,0.04347826086956519,0.9565217391304348,0.4489795918367347,0.6111111111111112,27,148471.72
8,2.0,0.5,3,bayesian_information_gain,0.04347826086956519,0.9565217391304348,0.4489795918367347,0.6111111111111112,27,148471.72
8,2.0,0.5,3,D_optimal_rank_reduced,0.04347826086956519,0.9565217391304348,0.4583333333333333,0.619718309859155,26,128124.61
8,2.0,0.5,3,A_optimal_rank_reduced,0.04347826086956519,0.9565217391304348,0.4489795918367347,0.6111111111111112,27,176284.67
8,2.0,0.5,3,E_optimal_rank_reduced,0.04347826086956519,0.9565217391304348,0.4583333333333333,0.619718309859155,26,147684.65
8,2.0,0.5,3,goal_oriented_oed,0.04347826086956519,0.9565217391304348,0.46808510638297873,0.6285714285714286,25,147900.67
8,2.0,0.5,3,topological_dispersion,0.04347826086956519,0.9565217391304348,0.4489795918367347,0.6111111111111112,27,170376.53
8,2.0,0.5,3,centrality,0.04347826086956519,0.9565217391304348,0.4583333333333333,0.619718309859155,26,17126.08
8,2.0,0.5,4,FO,0.08695652173913049,0.9130434782608695,0.4666666666666667,0.6176470588235294,24,78515.86
8,2.0,0.5,4,D_optimal_bayesian,0.04347826086956519,0.9565217391304348,0.4583333333333333,0.619718309859155,26,130416.39
8,2.0,0.5,4,A_optimal_bayesian,0.04347826086956519,0.9565217391304348,0.4583333333333333,0.619718309859155,26,130416.39
8,2.0,0.5,4,E_optimal_observable_subspace,0.04347826086956519,0.9565217391304348,0.4583333333333333,0.619718309859155,26,130416.39
8,2.0,0.5,4,bayesian_information_gain,0.04347826086956519,0.9565217391304348,0.4583333333333333,0.619718309859155,26,130416.39
8,2.0,0.5,4,D_optimal_rank_reduced,0.04347826086956519,0.9565217391304348,0.4583333333333333,0.619718309859155,26,189509.07
8,2.0,0.5,4,A_optimal_rank_reduced,0.04347826086956519,0.9565217391304348,0.4489795918367347,0.6111111111111112,27,82245.51
8,2.0,0.5,4,E_optimal_rank_reduced,0.04347826086956519,0.9565217391304348,0.4583333333333333,0.619718309859155,26,120080.53
8,2.0,0.5,4,goal_oriented_oed,0.04347826086956519,0.9565217391304348,0.46808510638297873,0.6285714285714286,25,101145.35
8,2.0,0.5,4,topological_dispersion,0.04347826086956519,0.9565217391304348,0.4782608695652174,0.6376811594202898,24,154950.85
8,2.0,0.5,4,centrality,0.08695652173913049,0.9130434782608695,0.45652173913043476,0.608695652173913,25,363.66
8,2.0,1.0,0,FO,0.04347826086956519,0.9565217391304348,0.44,0.6027397260273973,28,150629.48
8,2.0,1.0,0,D_optimal_bayesian,0.04347826086956519,0.9565217391304348,0.44,0.6027397260273973,28,174468.04
8,2.0,1.0,0,A_optimal_bayesian,0.04347826086956519,0.9565217391304348,0.44,0.6027397260273973,28,174468.04
8,2.0,1.0,0,E_optimal_observable_subspace,0.04347826086956519,0.9565217391304348,0.44,0.6027397260273973,28,174468.04
8,2.0,1.0,0,bayesian_information_gain,0.04347826086956519,0.9565217391304348,0.44,0.6027397260273973,28,174468.04
8,2.0,1.0,0,D_optimal_rank_reduced,0.04347826086956519,0.9565217391304348,0.44,0.6027397260273973,28,185758.49
8,2.0,1.0,0,A_optimal_rank_reduced,0.04347826086956519,0.9565217391304348,0.44,0.6027397260273973,28,53007.27
8,2.0,1.0,0,E_optimal_rank_reduced,0.04347826086956519,0.9565217391304348,0.44,0.6027397260273973,28,95850.94
8,2.0,1.0,0,goal_oriented_oed,0.04347826086956519,0.9565217391304348,0.44,0.6027397260273973,28,153022.11
8,2.0,1.0,0,topological_dispersion,0.04347826086956519,0.9565217391304348,0.44,0.6027397260273973,28,148772.68
8,2.0,1.0,0,centrality,0.04347826086956519,0.9565217391304348,0.44,0.6027397260273973,28,35813.26
8,2.0,1.0,1,FO,0.04347826086956519,0.9565217391304348,0.4489795918367347,0.6111111111111112,27,87619.55
8,2.0,1.0,1,D_optimal_bayesian,0.04347826086956519,0.9565217391304348,0.44,0.6027397260273973,28,146511.35
8,2.0,1.0,1,A_optimal_bayesian,0.04347826086956519,0.9565217391304348,0.44,0.6027397260273973,28,146511.35
8,2.0,1.0,1,E_optimal_observable_subspace,0.04347826086956519,0.9565217391304348,0.44,0.6027397260273973,28,146511.35
8,2.0,1.0,1,bayesian_information_gain,0.04347826086956519,0.9565217391304348,0.44,0.6027397260273973,28,146511.35
8,2.0,1.0,1,D_optimal_rank_reduced,0.04347826086956519,0.9565217391304348,0.44,0.6027397260273973,28,168584.66
8,2.0,1.0,1,A_optimal_rank_reduced,0.04347826086956519,0.9565217391304348,0.4489795918367347,0.6111111111111112,27,57367.22
8,2.0,1.0,1,E_optimal_rank_reduced,0.04347826086956519,0.9565217391304348,0.44,0.6027397260273973,28,199220.95
8,2.0,1.0,1,goal_oriented_oed,0.04347826086956519,0.9565217391304348,0.4489795918367347,0.6111111111111112,27,107549.15
8,2.0,1.0,1,topological_dispersion,0.04347826086956519,0.9565217391304348,0.44,0.6027397260273973,28,132364.63
8,2.0,1.0,1,centrality,0.04347826086956519,0.9565217391304348,0.44,0.6027397260273973,28,47818.37
8,2.0,1.0,2,FO,0.04347826086956519,0.9565217391304348,0.4583333333333333,0.619718309859155,26,54294.06
8,2.0,1.0,2,D_optimal_bayesian,0.04347826086956519,0.9565217391304348,0.44,0.6027397260273973,28,193789.45
8,2.0,1.0,2,A_optimal_bayesian,0.04347826086956519,0.9565217391304348,0.44,0.6027397260273973,28,193789.45
8,2.0,1.0,2,E_optimal_observable_subspace,0.04347826086956519,0.9565217391304348,0.44,0.6027397260273973,28,193789.45
8,2.0,1.0,2,bayesian_information_gain,0.04347826086956519,0.9565217391304348,0.44,0.6027397260273973,28,193789.45
8,2.0,1.0,2,D_optimal_rank_reduced,0.04347826086956519,0.9565217391304348,0.44,0.6027397260273973,28,127480.95
8,2.0,1.0,2,A_optimal_rank_reduced,0.04347826086956519,0.9565217391304348,0.4489795918367347,0.6111111111111112,27,164524.11
8,2.0,1.0,2,E_optimal_rank_reduced,0.04347826086956519,0.9565217391304348,0.44,0.6027397260273973,28,165197.56
8,2.0,1.0,2,goal_oriented_oed,0.04347826086956519,0.9565217391304348,0.44,0.6027397260273973,28,105908.89
8,2.0,1.0,2,topological_dispersion,0.04347826086956519,0.9565217391304348,0.44,0.6027397260273973,28,192760.57
8,2.0,1.0,2,centrality,0.04347826086956519,0.9565217391304348,0.46808510638297873,0.6285714285714286,25,43451.51
8,2.0,1.0,3,FO,0.04347826086956519,0.9565217391304348,0.46808510638297873,0.6285714285714286,25,159.34
8,2.0,1.0,3,D_optimal_bayesian,0.04347826086956519,0.9565217391304348,0.44,0.6027397260273973,28,156785.26
8,2.0,1.0,3,A_optimal_bayesian,0.04347826086956519,0.9565217391304348,0.44,0.6027397260273973,28,156785.26
8,2.0,1.0,3,E_optimal_observable_subspace,0.04347826086956519,0.9565217391304348,0.44,0.6027397260273973,28,156785.26
8,2.0,1.0,3,bayesian_information_gain,0.04347826086956519,0.9565217391304348,0.44,0.6027397260273973,28,156785.26
8,2.0,1.0,3,D_optimal_rank_reduced,0.04347826086956519,0.9565217391304348,0.44,0.6027397260273973,28,121305.99
8,2.0,1.0,3,A_optimal_rank_reduced,0.04347826086956519,0.9565217391304348,0.4489795918367347,0.6111111111111112,27,95053.71
8,2.0,1.0,3,E_optimal_rank_reduced,0.0,1.0,0.46,0.6301369863013699,27,131205.79
8,2.0,1.0,3,goal_oriented_oed,0.04347826086956519,0.9565217391304348,0.44,0.6027397260273973,28,120211.29
8,2.0,1.0,3,topological_dispersion,0.04347826086956519,0.9565217391304348,0.4489795918367347,0.6111111111111112,27,95552.92
8,2.0,1.0,3,centrality,0.04347826086956519,0.9565217391304348,0.4583333333333333,0.619718309859155,26,37275.86
8,2.0,1.0,4,FO,0.04347826086956519,0.9565217391304348,0.4583333333333333,0.619718309859155,26,62721.89
8,2.0,1.0,4,D_optimal_bayesian,0.04347826086956519,0.9565217391304348,0.44,0.6027397260273973,28,163911.96
8,2.0,1.0,4,A_optimal_bayesian,0.04347826086956519,0.9565217391304348,0.44,0.6027397260273973,28,163911.96
8,2.0,1.0,4,E_optimal_observable_subspace,0.04347826086956519,0.9565217391304348,0.44,0.6027397260273973,28,163911.96
8,2.0,1.0,4,bayesian_information_gain,0.04347826086956519,0.9565217391304348,0.44,0.6027397260273973,28,163911.96
8,2.0,1.0,4,D_optimal_rank_reduced,0.04347826086956519,0.9565217391304348,0.44,0.6027397260273973,28,171930.71
8,2.0,1.0,4,A_optimal_rank_reduced,0.0,1.0,0.46,0.6301369863013699,27,90616.5
8,2.0,1.0,4,E_optimal_rank_reduced,0.04347826086956519,0.9565217391304348,0.44,0.6027397260273973,28,133118.42
8,2.0,1.0,4,goal_oriented_oed,0.04347826086956519,0.9565217391304348,0.44,0.6027397260273973,28,113069.45
8,2.0,1.0,4,topological_dispersion,0.04347826086956519,0.9565217391304348,0.44,0.6027397260273973,28,150733.91
8,2.0,1.0,4,centrality,0.04347826086956519,0.9565217391304348,0.46808510638297873,0.6285714285714286,25,74715.99
8,4.0,0.0,0,FO,0.08695652173913049,0.9130434782608695,0.4666666666666667,0.6176470588235294,24,30502.76
8,4.0,0.0,0,D_optimal_bayesian,0.04347826086956519,0.9565217391304348,0.46808510638297873,0.6285714285714286,25,149244.25
8,4.0,0.0,0,A_optimal_bayesian,0.04347826086956519,0.9565217391304348,0.46808510638297873,0.6285714285714286,25,149244.25
8,4.0,0.0,0,E_optimal_observable_subspace,0.04347826086956519,0.9565217391304348,0.46808510638297873,0.6285714285714286,25,149244.25
8,4.0,0.0,0,bayesian_information_gain,0.04347826086956519,0.9565217391304348,0.46808510638297873,0.6285714285714286,25,149244.25
8,4.0,0.0,0,D_optimal_rank_reduced,0.04347826086956519,0.9565217391304348,0.4583333333333333,0.619718309859155,26,114437.31
8,4.0,0.0,0,A_optimal_rank_reduced,0.04347826086956519,0.9565217391304348,0.4583333333333333,0.619718309859155,26,55878.4
8,4.0,0.0,0,E_optimal_rank_reduced,0.08695652173913049,0.9130434782608695,0.4666666666666667,0.6176470588235294,24,156176.35
8,4.0,0.0,0,goal_oriented_oed,0.04347826086956519,0.9565217391304348,0.4583333333333333,0.619718309859155,26,114697.85
8,4.0,0.0,0,topological_dispersion,0.08695652173913049,0.9130434782608695,0.4772727272727273,0.6268656716417911,23,143383.85
8,4.0,0.0,0,centrality,0.04347826086956519,0.9565217391304348,0.4888888888888889,0.6470588235294117,23,42247.67
8,4.0,0.0,1,FO,0.08695652173913049,0.9130434782608695,0.4666666666666667,0.6176470588235294,24,63855.82
8,4.0,0.0,1,D_optimal_bayesian,0.04347826086956519,0.9565217391304348,0.4489795918367347,0.6111111111111112,27,178313.62
8,4.0,0.0,1,A_optimal_bayesian,0.04347826086956519,0.9565217391304348,0.4489795918367347,0.6111111111111112,27,178313.62
8,4.0,0.0,1,E_optimal_observable_subspace,0.04347826086956519,0.9565217391304348,0.4489795918367347,0.6111111111111112,27,178313.62
8,4.0,0.0,1,bayesian_information_gain,0.04347826086956519,0.9565217391304348,0.4489795918367347,0.6111111111111112,27,178313.62
8,4.0,0.0,1,D_optimal_rank_reduced,0.04347826086956519,0.9565217391304348,0.4583333333333333,0.619718309859155,26,170627.08
8,4.0,0.0,1,A_optimal_rank_reduced,0.04347826086956519,0.9565217391304348,0.46808510638297873,0.6285714285714286,25,147572.56
8,4.0,0.0,1,E_optimal_rank_reduced,0.08695652173913049,0.9130434782608695,0.44680851063829785,0.6,26,148622.54
8,4.0,0.0,1,goal_oriented_oed,0.04347826086956519,0.9565217391304348,0.4583333333333333,0.619718309859155,26,103493.38
8,4.0,0.0,1,topological_dispersion,0.08695652173913049,0.9130434782608695,0.44680851063829785,0.6,26,106027.77
8,4.0,0.0,1,centrality,0.04347826086956519,0.9565217391304348,0.5,0.6567164179104478,22,20881.77
8,4.0,0.0,2,FO,0.08695652173913049,0.9130434782608695,0.45652173913043476,0.608695652173913,25,18867.34
8,4.0,0.0,2,D_optimal_bayesian,0.08695652173913049,0.9130434782608695,0.4375,0.5915492957746479,27,121876.95
8,4.0,0.0,2,A_optimal_bayesian,0.08695652173913049,0.9130434782608695,0.4375,0.5915492957746479,27,121876.95
8,4.0,0.0,2,E_optimal_observable_subspace,0.08695652173913049,0.9130434782608695,0.4375,0.5915492957746479,27,121876.95
8,4.0,0.0,2,bayesian_information_gain,0.08695652173913049,0.9130434782608695,0.4375,0.5915492957746479,27,121876.95
8,4.0,0.0,2,D_optimal_rank_reduced,0.08695652173913049,0.9130434782608695,0.4375,0.5915492957746479,27,116629.78
8,4.0,0.0,2,A_optimal_rank_reduced,0.04347826086956519,0.9565217391304348,0.4583333333333333,0.619718309859155,26,105236.9
8,4.0,0.0,2,E_optimal_rank_reduced,0.04347826086956519,0.9565217391304348,0.46808510638297873,0.6285714285714286,25,184299.68
8,4.0,0.0,2,goal_oriented_oed,0.08695652173913049,0.9130434782608695,0.4375,0.5915492957746479,27,109173.99
8,4.0,0.0,2,topological_dispersion,0.04347826086956519,0.9565217391304348,0.46808510638297873,0.6285714285714286,25,167233.96
8,4.0,0.0,2,centrality,0.08695652173913049,0.9130434782608695,0.4666666666666667,0.6176470588235294,24,47613.81
8,4.0,0.0,3,FO,0.04347826086956519,0.9565217391304348,0.4888888888888889,0.6470588235294117,23,45766.92
8,4.0,0.0,3,D_optimal_bayesian,0.04347826086956519,0.9565217391304348,0.4583333333333333,0.619718309859155,26,151008.86
8,4.0,0.0,3,A_optimal_bayesian,0.04347826086956519,0.9565217391304348,0.4583333333333333,0.619718309859155,26,151008.86
8,4.0,0.0,3,E_optimal_observable_subspace,0.04347826086956519,0.9565217391304348,0.4583333333333333,0.619718309859155,26,151008.86
8,4.0,0.0,3,bayesian_information_gain,0.04347826086956519,0.9565217391304348,0.4583333333333333,0.619718309859155,26,151008.86
8,4.0,0.0,3,D_optimal_rank_reduced,0.04347826086956519,0.9565217391304348,0.4489795918367347,0.6111111111111112,27,140235.25
8,4.0,0.0,3,A_optimal_rank_reduced,0.08695652173913049,0.9130434782608695,0.4375,0.5915492957746479,27,109431.89
8,4.0,0.0,3,E_optimal_rank_reduced,0.04347826086956519,0.9565217391304348,0.46808510638297873,0.6285714285714286,25,100826.77
8,4.0,0.0,3,goal_oriented_oed,0.04347826086956519,0.9565217391304348,0.4489795918367347,0.6111111111111112,27,135936.64
8,4.0,0.0,3,topological_dispersion,0.04347826086956519,0.9565217391304348,0.4583333333333333,0.619718309859155,26,115321.83
8,4.0,0.0,3,centrality,0.04347826086956519,0.9565217391304348,0.46808510638297873,0.6285714285714286,25,14448.84
8,4.0,0.0,4,FO,0.04347826086956519,0.9565217391304348,0.5116279069767442,0.6666666666666667,21,85465.58
8,4.0,0.0,4,D_optimal_bayesian,0.04347826086956519,0.9565217391304348,0.46808510638297873,0.6285714285714286,25,202225.13
8,4.0,0.0,4,A_optimal_bayesian,0.04347826086956519,0.9565217391304348,0.46808510638297873,0.6285714285714286,25,202225.13
8,4.0,0.0,4,E_optimal_observable_subspace,0.04347826086956519,0.9565217391304348,0.46808510638297873,0.6285714285714286,25,202225.13
8,4.0,0.0,4,bayesian_information_gain,0.04347826086956519,0.9565217391304348,0.46808510638297873,0.6285714285714286,25,202225.13
8,4.0,0.0,4,D_optimal_rank_reduced,0.08695652173913049,0.9130434782608695,0.4375,0.5915492957746479,27,108404.86
8,4.0,0.0,4,A_optimal_rank_reduced,0.04347826086956519,0.9565217391304348,0.4583333333333333,0.619718309859155,26,90268.65
8,4.0,0.0,4,E_optimal_rank_reduced,0.04347826086956519,0.9565217391304348,0.4583333333333333,0.619718309859155,26,206750.67
8,4.0,0.0,4,goal_oriented_oed,0.04347826086956519,0.9565217391304348,0.46808510638297873,0.6285714285714286,25,118407.5
8,4.0,0.0,4,topological_dispersion,0.04347826086956519,0.9565217391304348,0.4782608695652174,0.6376811594202898,24,134734.35
8,4.0,0.0,4,centrality,0.04347826086956519,0.9565217391304348,0.5,0.6567164179104478,22,35982.01
8,4.0,0.5,0,FO,0.0,1.0,0.4791666666666667,0.647887323943662,25,101105.62
8,4.0,0.5,0,D_optimal_bayesian,0.0,1.0,0.46,0.6301369863013699,27,79234.22
8,4.0,0.5,0,A_optimal_bayesian,0.0,1.0,0.46,0.6301369863013699,27,79234.22
8,4.0,0.5,0,E_optimal_observable_subspace,0.0,1.0,0.46,0.6301369863013699,27,79234.22
8,4.0,0.5,0,bayesian_information_gain,0.0,1.0,0.46,0.6301369863013699,27,79234.22
8,4.0,0.5,0,D_optimal_rank_reduced,0.04347826086956519,0.9565217391304348,0.44,0.6027397260273973,28,137782.51
8,4.0,0.5,0,A_optimal_rank_reduced,0.04347826086956519,0.9565217391304348,0.44,0.6027397260273973,28,62172.57
8,4.0,0.5,0,E_optimal_rank_reduced,0.04347826086956519,0.9565217391304348,0.44,0.6027397260273973,28,133067.97
8,4.0,0.5,0,goal_oriented_oed,0.04347826086956519,0.9565217391304348,0.44,0.6027397260273973,28,102946.47
8,4.0,0.5,0,topological_dispersion,0.04347826086956519,0.9565217391304348,0.44,0.6027397260273973,28,133668.11
8,4.0,0.5,0,centrality,0.04347826086956519,0.9565217391304348,0.4583333333333333,0.619718309859155,26,3020.99
8,4.0,0.5,1,FO,0.04347826086956519,0.9565217391304348,0.4489795918367347,0.6111111111111112,27,67475.13
8,4.0,0.5,1,D_optimal_bayesian,0.04347826086956519,0.9565217391304348,0.44,0.6027397260273973,28,141191.38
8,4.0,0.5,1,A_optimal_bayesian,0.04347826086956519,0.9565217391304348,0.44,0.6027397260273973,28,141191.38
8,4.0,0.5,1,E_optimal_observable_subspace,0.04347826086956519,0.9565217391304348,0.44,0.6027397260273973,28,141191.38
8,4.0,0.5,1,bayesian_information_gain,0.04347826086956519,0.9565217391304348,0.44,0.6027397260273973,28,141191.38
8,4.0,0.5,1,D_optimal_rank_reduced,0.08695652173913049,0.9130434782608695,0.42857142857142855,0.5833333333333334,28,119382.25
8,4.0,0.5,1,A_optimal_rank_reduced,0.04347826086956519,0.9565217391304348,0.4489795918367347,0.6111111111111112,27,53417.35
8,4.0,0.5,1,E_optimal_rank_reduced,0.08695652173913049,0.9130434782608695,0.44680851063829785,0.6,26,109219.86
8,4.0,0.5,1,goal_oriented_oed,0.04347826086956519,0.9565217391304348,0.44,0.6027397260273973,28,98715.12
8,4.0,0.5,1,topological_dispersion,0.0,1.0,0.46938775510204084,0.6388888888888888,26,212610.57
8,4.0,0.5,1,centrality,0.04347826086956519,0.9565217391304348,0.4583333333333333,0.619718309859155,26,69366.32
8,4.0,0.5,2,FO,0.04347826086956519,0.9565217391304348,0.4489795918367347,0.6111111111111112,27,23948.64
8,4.0,0.5,2,D_optimal_bayesian,0.04347826086956519,0.9565217391304348,0.44,0.6027397260273973,28,140178.24
8,4.0,0.5,2,A_optimal_bayesian,0.04347826086956519,0.9565217391304348,0.44,0.6027397260273973,28,140178.24
8,4.0,0.5,2,E_optimal_observable_subspace,0.04347826086956519,0.9565217391304348,0.44,0.6027397260273973,28,140178.24
8,4.0,0.5,2,bayesian_information_gain,0.04347826086956519,0.9565217391304348,0.44,0.6027397260273973,28,140178.24
8,4.0,0.5,2,D_optimal_rank_reduced,0.04347826086956519,0.9565217391304348,0.4489795918367347,0.6111111111111112,27,129970.88
8,4.0,0.5,2,A_optimal_rank_reduced,0.04347826086956519,0.9565217391304348,0.44,0.6027397260273973,28,85169.83
8,4.0,0.5,2,E_optimal_rank_reduced,0.04347826086956519,0.9565217391304348,0.4489795918367347,0.6111111111111112,27,162176.29
8,4.0,0.5,2,goal_oriented_oed,0.04347826086956519,0.9565217391304348,0.44,0.6027397260273973,28,138059.3
8,4.0,0.5,2,topological_dispersion,0.04347826086956519,0.9565217391304348,0.4583333333333333,0.619718309859155,26,172854.37
8,4.0,0.5,2,centrality,0.04347826086956519,0.9565217391304348,0.46808510638297873,0.6285714285714286,25,13241.18
8,4.0,0.5,3,FO,0.04347826086956519,0.9565217391304348,0.4782608695652174,0.6376811594202898,24,63734.68
8,4.0,0.5,3,D_optimal_bayesian,0.04347826086956519,0.9565217391304348,0.44,0.6027397260273973,28,238450.7
8,4.0,0.5,3,A_optimal_bayesian,0.04347826086956519,0.9565217391304348,0.44,0.6027397260273973,28,238450.7
8,4.0,0.5,3,E_optimal_observable_subspace,0.04347826086956519,0.9565217391304348,0.44,0.6027397260273973,28,238450.7
8,4.0,0.5,3,bayesian_information_gain,0.04347826086956519,0.9565217391304348,0.44,0.6027397260273973,28,238450.7
8,4.0,0.5,3,D_optimal_rank_reduced,0.04347826086956519,0.9565217391304348,0.44,0.6027397260273973,28,184807.51
8,4.0,0.5,3,A_optimal_rank_reduced,0.04347826086956519,0.9565217391304348,0.44,0.6027397260273973,28,79433.85
8,4.0,0.5,3,E_optimal_rank_reduced,0.04347826086956519,0.9565217391304348,0.4489795918367347,0.6111111111111112,27,134170.21
8,4.0,0.5,3,goal_oriented_oed,0.04347826086956519,0.9565217391304348,0.4489795918367347,0.6111111111111112,27,135394.05
8,4.0,0.5,3,topological_dispersion,0.04347826086956519,0.9565217391304348,0.4583333333333333,0.619718309859155,26,145693.19
8,4.0,0.5,3,centrality,0.08695652173913049,0.9130434782608695,0.44680851063829785,0.6,26,93334.08
8,4.0,0.5,4,FO,0.04347826086956519,0.9565217391304348,0.4489795918367347,0.6111111111111112,27,110162.3
8,4.0,0.5,4,D_optimal_bayesian,0.08695652173913049,0.9130434782608695,0.42857142857142855,0.5833333333333334,28,96927.29
8,4.0,0.5,4,A_optimal_bayesian,0.08695652173913049,0.9130434782608695,0.42857142857142855,0.5833333333333334,28,96927.29
8,4.0,0.5,4,E_optimal_observable_subspace,0.08695652173913049,0.9130434782608695,0.42857142857142855,0.5833333333333334,28,96927.29
8,4.0,0.5,4,bayesian_information_gain,0.08695652173913049,0.9130434782608695,0.42857142857142855,0.5833333333333334,28,96927.29
8,4.0,0.5,4,D_optimal_rank_reduced,0.04347826086956519,0.9565217391304348,0.4583333333333333,0.619718309859155,26,90384.37
8,4.0,0.5,4,A_optimal_rank_reduced,0.08695652173913049,0.9130434782608695,0.42857142857142855,0.5833333333333334,28,112361.93
8,4.0,0.5,4,E_optimal_rank_reduced,0.0,1.0,0.46938775510204084,0.6388888888888888,26,155289.82
8,4.0,0.5,4,goal_oriented_oed,0.04347826086956519,0.9565217391304348,0.44,0.6027397260273973,28,115864.3
8,4.0,0.5,4,topological_dispersion,0.04347826086956519,0.9565217391304348,0.4489795918367347,0.6111111111111112,27,185929.96
8,4.0,0.5,4,centrality,0.04347826086956519,0.9565217391304348,0.4583333333333333,0.619718309859155,26,58793.43
8,4.0,1.0,0,FO,0.04347826086956519,0.9565217391304348,0.4489795918367347,0.6111111111111112,27,47740.21
8,4.0,1.0,0,D_optimal_bayesian,0.0,1.0,0.45098039215686275,0.6216216216216216,28,192919.79
8,4.0,1.0,0,A_optimal_bayesian,0.0,1.0,0.45098039215686275,0.6216216216216216,28,192919.79
8,4.0,1.0,0,E_optimal_observable_subspace,0.0,1.0,0.45098039215686275,0.6216216216216216,28,192919.79
8,4.0,1.0,0,bayesian_information_gain,0.0,1.0,0.45098039215686275,0.6216216216216216,28,192919.79
8,4.0,1.0,0,D_optimal_rank_reduced,0.0,1.0,0.45098039215686275,0.6216216216216216,28,188178.14
8,4.0,1.0,0,A_optimal_rank_reduced,0.0,1.0,0.45098039215686275,0.6216216216216216,28,158221.1
8,4.0,1.0,0,E_optimal_rank_reduced,0.0,1.0,0.45098039215686275,0.6216216216216216,28,185192.0
8,4.0,1.0,0,goal_oriented_oed,0.0,1.0,0.46,0.6301369863013699,27,124432.48
8,4.0,1.0,0,topological_dispersion,0.04347826086956519,0.9565217391304348,0.43137254901960786,0.5945945945945946,29,146481.81
8,4.0,1.0,0,centrality,0.0,1.0,0.46938775510204084,0.6388888888888888,26,16071.69
8,4.0,1.0,1,FO,0.04347826086956519,0.9565217391304348,0.44,0.6027397260273973,28,38203.96
8,4.0,1.0,1,D_optimal_bayesian,0.04347826086956519,0.9565217391304348,0.44,0.6027397260273973,28,111652.84
8,4.0,1.0,1,A_optimal_bayesian,0.04347826086956519,0.9565217391304348,0.44,0.6027397260273973,28,111652.84
8,4.0,1.0,1,E_optimal_observable_subspace,0.04347826086956519,0.9565217391304348,0.44,0.6027397260273973,28,111652.84
8,4.0,1.0,1,bayesian_information_gain,0.04347826086956519,0.9565217391304348,0.44,0.6027397260273973,28,111652.84
8,4.0,1.0,1,D_optimal_rank_reduced,0.04347826086956519,0.9565217391304348,0.44,0.6027397260273973,28,113816.73
8,4.0,1.0,1,A_optimal_rank_reduced,0.04347826086956519,0.9565217391304348,0.44,0.6027397260273973,28,16983.78
8,4.0,1.0,1,E_optimal_rank_reduced,0.04347826086956519,0.9565217391304348,0.44,0.6027397260273973,28,90748.96
8,4.0,1.0,1,goal_oriented_oed,0.04347826086956519,0.9565217391304348,0.44,0.6027397260273973,28,118327.39
8,4.0,1.0,1,topological_dispersion,0.04347826086956519,0.9565217391304348,0.43137254901960786,0.5945945945945946,29,103886.43
8,4.0,1.0,1,centrality,0.04347826086956519,0.9565217391304348,0.44,0.6027397260273973,28,34272.57
8,4.0,1.0,2,FO,0.0,1.0,0.46,0.6301369863013699,27,38547.38
8,4.0,1.0,2,D_optimal_bayesian,0.0,1.0,0.45098039215686275,0.6216216216216216,28,151603.69
8,4.0,1.0,2,A_optimal_bayesian,0.0,1.0,0.45098039215686275,0.6216216216216216,28,151603.69
8,4.0,1.0,2,E_optimal_observable_subspace,0.0,1.0,0.45098039215686275,0.6216216216216216,28,151603.69
8,4.0,1.0,2,bayesian_information_gain,0.0,1.0,0.45098039215686275,0.6216216216216216,28,151603.69
8,4.0,1.0,2,D_optimal_rank_reduced,0.04347826086956519,0.9565217391304348,0.43137254901960786,0.5945945945945946,29,129838.93
8,4.0,1.0,2,A_optimal_rank_reduced,0.0,1.0,0.45098039215686275,0.6216216216216216,28,157330.78
8,4.0,1.0,2,E_optimal_rank_reduced,0.04347826086956519,0.9565217391304348,0.44,0.6027397260273973,28,166294.36
8,4.0,1.0,2,goal_oriented_oed,0.0,1.0,0.46,0.6301369863013699,27,102923.44
8,4.0,1.0,2,topological_dispersion,0.0,1.0,0.46,0.6301369863013699,27,144776.79
8,4.0,1.0,2,centrality,0.04347826086956519,0.9565217391304348,0.44,0.6027397260273973,28,14126.76
8,4.0,1.0,3,FO,0.08695652173913049,0.9130434782608695,0.42857142857142855,0.5833333333333334,28,51313.85
8,4.0,1.0,3,D_optimal_bayesian,0.04347826086956519,0.9565217391304348,0.43137254901960786,0.5945945945945946,29,198260.84
8,4.0,1.0,3,A_optimal_bayesian,0.04347826086956519,0.9565217391304348,0.43137254901960786,0.5945945945945946,29,198260.84
8,4.0,1.0,3,E_optimal_observable_subspace,0.04347826086956519,0.9565217391304348,0.43137254901960786,0.5945945945945946,29,198260.84
8,4.0,1.0,3,bayesian_information_gain,0.04347826086956519,0.9565217391304348,0.43137254901960786,0.5945945945945946,29,198260.84
8,4.0,1.0,3,D_optimal_rank_reduced,0.04347826086956519,0.9565217391304348,0.43137254901960786,0.5945945945945946,29,123193.34
8,4.0,1.0,3,A_optimal_rank_reduced,0.04347826086956519,0.9565217391304348,0.44,0.6027397260273973,28,129461.17
8,4.0,1.0,3,E_optimal_rank_reduced,0.04347826086956519,0.9565217391304348,0.44,0.6027397260273973,28,163302.22
8,4.0,1.0,3,goal_oriented_oed,0.04347826086956519,0.9565217391304348,0.44,0.6027397260273973,28,157635.81
8,4.0,1.0,3,topological_dispersion,0.04347826086956519,0.9565217391304348,0.43137254901960786,0.5945945945945946,29,147645.49
8,4.0,1.0,3,centrality,0.08695652173913049,0.9130434782608695,0.4375,0.5915492957746479,27,37016.16
8,4.0,1.0,4,FO,0.04347826086956519,0.9565217391304348,0.44,0.6027397260273973,28,105809.54
8,4.0,1.0,4,D_optimal_bayesian,0.04347826086956519,0.9565217391304348,0.44,0.6027397260273973,28,135573.18
8,4.0,1.0,4,A_optimal_bayesian,0.04347826086956519,0.9565217391304348,0.44,0.6027397260273973,28,135573.18
8,4.0,1.0,4,E_optimal_observable_subspace,0.04347826086956519,0.9565217391304348,0.44,0.6027397260273973,28,135573.18
8,4.0,1.0,4,bayesian_information_gain,0.04347826086956519,0.9565217391304348,0.44,0.6027397260273973,28,135573.18
8,4.0,1.0,4,D_optimal_rank_reduced,0.04347826086956519,0.9565217391304348,0.44,0.6027397260273973,28,98015.95
8,4.0,1.0,4,A_optimal_rank_reduced,0.04347826086956519,0.9565217391304348,0.43137254901960786,0.5945945945945946,29,94911.64
8,4.0,1.0,4,E_optimal_rank_reduced,0.04347826086956519,0.9565217391304348,0.44,0.6027397260273973,28,91777.54
8,4.0,1.0,4,goal_oriented_oed,0.04347826086956519,0.9565217391304348,0.43137254901960786,0.5945945945945946,29,138809.29
8,4.0,1.0,4,topological_dispersion,0.04347826086956519,0.9565217391304348,0.44,0.6027397260273973,28,183210.69
8,4.0,1.0,4,centrality,0.04347826086956519,0.9565217391304348,0.4489795918367347,0.6111111111111112,27,68481.39
10,0.0,0.0,0,FO,0.08695652173913049,0.9130434782608695,0.5121951219512195,0.6562499999999999,20,70940.74
10,0.0,0.0,0,D_optimal_bayesian,0.08695652173913049,0.9130434782608695,0.44680851063829785,0.6,26,111655.5
10,0.0,0.0,0,A_optimal_bayesian,0.08695652173913049,0.9130434782608695,0.45652173913043476,0.608695652173913,25,207026.98
10,0.0,0.0,0,E_optimal_observable_subspace,0.08695652173913049,0.9130434782608695,0.45652173913043476,0.608695652173913,25,207026.98
10,0.0,0.0,0,bayesian_information_gain,0.08695652173913049,0.9130434782608695,0.44680851063829785,0.6,26,111655.5
10,0.0,0.0,0,D_optimal_rank_reduced,0.08695652173913049,0.9130434782608695,0.44680851063829785,0.6,26,87343.61
10,0.0,0.0,0,A_optimal_rank_reduced,0.08695652173913049,0.9130434782608695,0.44680851063829785,0.6,26,72663.58
10,0.0,0.0,0,E_optimal_rank_reduced,0.08695652173913049,0.9130434782608695,0.44680851063829785,0.6,26,146187.83
10,0.0,0.0,0,goal_oriented_oed,0.08695652173913049,0.9130434782608695,0.4375,0.5915492957746479,27,118461.6
10,0.0,0.0,0,topological_dispersion,0.08695652173913049,0.9130434782608695,0.44680851063829785,0.6,26,87726.96
10,0.0,0.0,0,centrality,0.08695652173913049,0.9130434782608695,0.5,0.6461538461538461,21,50192.47
10,0.0,0.5,0,FO,0.08695652173913049,0.9130434782608695,0.4666666666666667,0.6176470588235294,24,54454.38
10,0.0,0.5,0,D_optimal_bayesian,0.04347826086956519,0.9565217391304348,0.44,0.6027397260273973,28,117240.74
10,0.0,0.5,0,A_optimal_bayesian,0.04347826086956519,0.9565217391304348,0.44,0.6027397260273973,28,141151.63
10,0.0,0.5,0,E_optimal_observable_subspace,0.04347826086956519,0.9565217391304348,0.44,0.6027397260273973,28,141151.63
10,0.0,0.5,0,bayesian_information_gain,0.04347826086956519,0.9565217391304348,0.44,0.6027397260273973,28,117240.74
10,0.0,0.5,0,D_optimal_rank_reduced,0.04347826086956519,0.9565217391304348,0.44,0.6027397260273973,28,141680.01
10,0.0,0.5,0,A_optimal_rank_reduced,0.04347826086956519,0.9565217391304348,0.44,0.6027397260273973,28,185552.74
10,0.0,0.5,0,E_optimal_rank_reduced,0.04347826086956519,0.9565217391304348,0.4489795918367347,0.6111111111111112,27,167912.54
10,0.0,0.5,0,goal_oriented_oed,0.04347826086956519,0.9565217391304348,0.4489795918367347,0.6111111111111112,27,158773.4
10,0.0,0.5,0,topological_dispersion,0.04347826086956519,0.9565217391304348,0.44,0.6027397260273973,28,174119.37
10,0.0,0.5,0,centrality,0.08695652173913049,0.9130434782608695,0.4666666666666667,0.6176470588235294,24,37227.78
10,0.0,0.5,1,FO,0.04347826086956519,0.9565217391304348,0.46808510638297873,0.6285714285714286,25,38465.98
10,0.0,0.5,1,D_optimal_bayesian,0.04347826086956519,0.9565217391304348,0.4583333333333333,0.619718309859155,26,183510.88
10,0.0,0.5,1,A_optimal_bayesian,0.04347826086956519,0.9565217391304348,0.4583333333333333,0.619718309859155,26,183555.98
10,0.0,0.5,1,E_optimal_observable_subspace,0.04347826086956519,0.9565217391304348,0.4583333333333333,0.619718309859155,26,183555.98
10,0.0,0.5,1,bayesian_information_gain,0.04347826086956519,0.9565217391304348,0.4583333333333333,0.619718309859155,26,183510.88
10,0.0,0.5,1,D_optimal_rank_reduced,0.04347826086956519,0.9565217391304348,0.4489795918367347,0.6111111111111112,27,118836.12
10,0.0,0.5,1,A_optimal_rank_reduced,0.04347826086956519,0.9565217391304348,0.4489795918367347,0.6111111111111112,27,155999.98
10,0.0,0.5,1,E_optimal_rank_reduced,0.04347826086956519,0.9565217391304348,0.4583333333333333,0.619718309859155,26,140084.41
10,0.0,0.5,1,goal_oriented_oed,0.0,1.0,0.4791666666666667,0.647887323943662,25,125581.36
10,0.0,0.5,1,topological_dispersion,0.04347826086956519,0.9565217391304348,0.4489795918367347,0.6111111111111112,27,148896.23
10,0.0,0.5,1,centrality,0.04347826086956519,0.9565217391304348,0.46808510638297873,0.6285714285714286,25,34384.01
10,0.0,0.5,2,FO,0.04347826086956519,0.9565217391304348,0.4888888888888889,0.6470588235294117,23,100088.88
10,0.0,0.5,2,D_optimal_bayesian,0.08695652173913049,0.9130434782608695,0.4375,0.5915492957746479,27,243910.94
10,0.0,0.5,2,A_optimal_bayesian,0.08695652173913049,0.9130434782608695,0.42857142857142855,0.5833333333333334,28,202173.29
10,0.0,0.5,2,E_optimal_observable_subspace,0.08695652173913049,0.9130434782608695,0.42857142857142855,0.5833333333333334,28,202173.29
10,0.0,0.5,2,bayesian_information_gain,0.08695652173913049,0.9130434782608695,0.4375,0.5915492957746479,27,243910.94
10,0.0,0.5,2,D_optimal_rank_reduced,0.08695652173913049,0.9130434782608695,0.4375,0.5915492957746479,27,142120.67
10,0.0,0.5,2,A_optimal_rank_reduced,0.04347826086956519,0.9565217391304348,0.44,0.6027397260273973,28,136023.41
10,0.0,0.5,2,E_optimal_rank_reduced,0.04347826086956519,0.9565217391304348,0.46808510638297873,0.6285714285714286,25,147905.18
10,0.0,0.5,2,goal_oriented_oed,0.04347826086956519,0.9565217391304348,0.4489795918367347,0.6111111111111112,27,179482.72
10,0.0,0.5,2,topological_dispersion,0.04347826086956519,0.9565217391304348,0.4583333333333333,0.619718309859155,26,157065.47
10,0.0,0.5,2,centrality,0.08695652173913049,0.9130434782608695,0.4666666666666667,0.6176470588235294,24,93663.92
10,0.0,0.5,3,FO,0.04347826086956519,0.9565217391304348,0.4583333333333333,0.619718309859155,26,113528.35
10,0.0,0.5,3,D_optimal_bayesian,0.0,1.0,0.46,0.6301369863013699,27,135602.16
10,0.0,0.5,3,A_optimal_bayesian,0.0,1.0,0.46938775510204084,0.6388888888888888,26,122744.01
10,0.0,0.5,3,E_optimal_observable_subspace,0.0,1.0,0.46938775510204084,0.6388888888888888,26,122744.01
10,0.0,0.5,3,bayesian_information_gain,0.0,1.0,0.46,0.6301369863013699,27,135602.16
10,0.0,0.5,3,D_optimal_rank_reduced,0.04347826086956519,0.9565217391304348,0.4489795918367347,0.6111111111111112,27,149569.84
10,0.0,0.5,3,A_optimal_rank_reduced,0.04347826086956519,0.9565217391304348,0.4583333333333333,0.619718309859155,26,96494.18
10,0.0,0.5,3,E_optimal_rank_reduced,0.0,1.0,0.4791666666666667,0.647887323943662,25,154627.55
10,0.0,0.5,3,goal_oriented_oed,0.0,1.0,0.46,0.6301369863013699,27,148535.07
10,0.0,0.5,3,topological_dispersion,0.0,1.0,0.46,0.6301369863013699,27,149842.94
10,0.0,0.5,3,centrality,0.04347826086956519,0.9565217391304348,0.46808510638297873,0.6285714285714286,25,35120.32
10,0.0,0.5,4,FO,0.08695652173913049,0.9130434782608695,0.45652173913043476,0.608695652173913,25,99204.77
10,0.0,0.5,4,D_optimal_bayesian,0.04347826086956519,0.9565217391304348,0.44,0.6027397260273973,28,168587.11
10,0.0,0.5,4,A_optimal_bayesian,0.04347826086956519,0.9565217391304348,0.44,0.6027397260273973,28,139863.16
10,0.0,0.5,4,E_optimal_observable_subspace,0.04347826086956519,0.9565217391304348,0.44,0.6027397260273973,28,139863.16
10,0.0,0.5,4,bayesian_information_gain,0.04347826086956519,0.9565217391304348,0.44,0.6027397260273973,28,168587.11
10,0.0,0.5,4,D_optimal_rank_reduced,0.04347826086956519,0.9565217391304348,0.4489795918367347,0.6111111111111112,27,105560.3
10,0.0,0.5,4,A_optimal_rank_reduced,0.04347826086956519,0.9565217391304348,0.4489795918367347,0.6111111111111112,27,170264.92
10,0.0,0.5,4,E_optimal_rank_reduced,0.04347826086956519,0.9565217391304348,0.46808510638297873,0.6285714285714286,25,157698.78
10,0.0,0.5,4,goal_oriented_oed,0.04347826086956519,0.9565217391304348,0.44,0.6027397260273973,28,142133.43
10,0.0,0.5,4,topological_dispersion,0.04347826086956519,0.9565217391304348,0.4489795918367347,0.6111111111111112,27,137855.02
10,0.0,0.5,4,centrality,0.08695652173913049,0.9130434782608695,0.44680851063829785,0.6,26,119493.24
10,0.0,1.0,0,FO,0.04347826086956519,0.9565217391304348,0.4489795918367347,0.6111111111111112,27,95912.82
10,0.0,1.0,0,D_optimal_bayesian,0.0,1.0,0.46,0.6301369863013699,27,175933.98
10,0.0,1.0,0,A_optimal_bayesian,0.0,1.0,0.45098039215686275,0.6216216216216216,28,124241.2
10,0.0,1.0,0,E_optimal_observable_subspace,0.0,1.0,0.45098039215686275,0.6216216216216216,28,124241.2
10,0.0,1.0,0,bayesian_information_gain,0.0,1.0,0.46,0.6301369863013699,27,175933.98
10,0.0,1.0,0,D_optimal_rank_reduced,0.0,1.0,0.46,0.6301369863013699,27,171600.88
10,0.0,1.0,0,A_optimal_rank_reduced,0.0,1.0,0.46,0.6301369863013699,27,127904.62
10,0.0,1.0,0,E_optimal_rank_reduced,0.0,1.0,0.46,0.6301369863013699,27,124661.03
10,0.0,1.0,0,goal_oriented_oed,0.04347826086956519,0.9565217391304348,0.44,0.6027397260273973,28,140160.27
10,0.0,1.0,0,topological_dispersion,0.0,1.0,0.46,0.6301369863013699,27,134476.17
10,0.0,1.0,0,centrality,0.04347826086956519,0.9565217391304348,0.4583333333333333,0.619718309859155,26,51342.33
10,0.0,1.0,1,FO,0.04347826086956519,0.9565217391304348,0.4489795918367347,0.6111111111111112,27,26601.47
10,0.0,1.0,1,D_optimal_bayesian,0.0,1.0,0.46,0.6301369863013699,27,253293.61
10,0.0,1.0,1,A_optimal_bayesian,0.0,1.0,0.46,0.6301369863013699,27,211814.78
10,0.0,1.0,1,E_optimal_observable_subspace,0.0,1.0,0.46,0.6301369863013699,27,211814.78
10,0.0,1.0,1,bayesian_information_gain,0.0,1.0,0.46,0.6301369863013699,27,253293.61
10,0.0,1.0,1,D_optimal_rank_reduced,0.04347826086956519,0.9565217391304348,0.44,0.6027397260273973,28,166939.98
10,0.0,1.0,1,A_optimal_rank_reduced,0.0,1.0,0.46,0.6301369863013699,27,190376.17
10,0.0,1.0,1,E_optimal_rank_reduced,0.04347826086956519,0.9565217391304348,0.44,0.6027397260273973,28,181472.99
10,0.0,1.0,1,goal_oriented_oed,0.0,1.0,0.46938775510204084,0.6388888888888888,26,163040.03
10,0.0,1.0,1,topological_dispersion,0.0,1.0,0.46,0.6301369863013699,27,132513.44
10,0.0,1.0,1,centrality,0.04347826086956519,0.9565217391304348,0.4489795918367347,0.6111111111111112,27,12636.4
10,0.0,1.0,2,FO,0.08695652173913049,0.9130434782608695,0.44680851063829785,0.6,26,94644.3
10,0.0,1.0,2,D_optimal_bayesian,0.04347826086956519,0.9565217391304348,0.43137254901960786,0.5945945945945946,29,201218.01
10,0.0,1.0,2,A_optimal_bayesian,0.04347826086956519,0.9565217391304348,0.43137254901960786,0.5945945945945946,29,134992.65
10,0.0,1.0,2,E_optimal_observable_subspace,0.04347826086956519,0.9565217391304348,0.43137254901960786,0.5945945945945946,29,134992.65
10,0.0,1.0,2,bayesian_information_gain,0.04347826086956519,0.9565217391304348,0.43137254901960786,0.5945945945945946,29,201218.01
10,0.0,1.0,2,D_optimal_rank_reduced,0.04347826086956519,0.9565217391304348,0.44,0.6027397260273973,28,183670.99
10,0.0,1.0,2,A_optimal_rank_reduced,0.04347826086956519,0.9565217391304348,0.44,0.6027397260273973,28,155936.6
10,0.0,1.0,2,E_optimal_rank_reduced,0.04347826086956519,0.9565217391304348,0.44,0.6027397260273973,28,85103.73
10,0.0,1.0,2,goal_oriented_oed,0.04347826086956519,0.9565217391304348,0.44,0.6027397260273973,28,215760.15
10,0.0,1.0,2,topological_dispersion,0.04347826086956519,0.9565217391304348,0.44,0.6027397260273973,28,137876.93
10,0.0,1.0,2,centrality,0.08695652173913049,0.9130434782608695,0.45652173913043476,0.608695652173913,25,28546.52
10,0.0,1.0,3,FO,0.04347826086956519,0.9565217391304348,0.4583333333333333,0.619718309859155,26,111912.29
10,0.0,1.0,3,D_optimal_bayesian,0.04347826086956519,0.9565217391304348,0.43137254901960786,0.5945945945945946,29,190916.77
10,0.0,1.0,3,A_optimal_bayesian,0.04347826086956519,0.9565217391304348,0.43137254901960786,0.5945945945945946,29,180875.09
10,0.0,1.0,3,E_optimal_observable_subspace,0.04347826086956519,0.9565217391304348,0.43137254901960786,0.5945945945945946,29,180875.09
10,0.0,1.0,3,bayesian_information_gain,0.04347826086956519,0.9565217391304348,0.43137254901960786,0.5945945945945946,29,190916.77
10,0.0,1.0,3,D_optimal_rank_reduced,0.04347826086956519,0.9565217391304348,0.44,0.6027397260273973,28,179781.06
10,0.0,1.0,3,A_optimal_rank_reduced,0.04347826086956519,0.9565217391304348,0.43137254901960786,0.5945945945945946,29,177288.97
10,0.0,1.0,3,E_optimal_rank_reduced,0.04347826086956519,0.9565217391304348,0.44,0.6027397260273973,28,167772.27
10,0.0,1.0,3,goal_oriented_oed,0.04347826086956519,0.9565217391304348,0.44,0.6027397260273973,28,164167.47
10,0.0,1.0,3,topological_dispersion,0.04347826086956519,0.9565217391304348,0.44,0.6027397260273973,28,134328.01
10,0.0,1.0,3,centrality,0.04347826086956519,0.9565217391304348,0.4583333333333333,0.619718309859155,26,38212.9
10,0.0,1.0,4,FO,0.08695652173913049,0.9130434782608695,0.4375,0.5915492957746479,27,94312.08
10,0.0,1.0,4,D_optimal_bayesian,0.04347826086956519,0.9565217391304348,0.44,0.6027397260273973,28,124817.86
10,0.0,1.0,4,A_optimal_bayesian,0.04347826086956519,0.9565217391304348,0.43137254901960786,0.5945945945945946,29,167703.19
10,0.0,1.0,4,E_optimal_observable_subspace,0.04347826086956519,0.9565217391304348,0.43137254901960786,0.5945945945945946,29,167703.19
10,0.0,1.0,4,bayesian_information_gain,0.04347826086956519,0.9565217391304348,0.44,0.6027397260273973,28,124817.86
10,0.0,1.0,4,D_optimal_rank_reduced,0.04347826086956519,0.9565217391304348,0.44,0.6027397260273973,28,204173.86
10,0.0,1.0,4,A_optimal_rank_reduced,0.04347826086956519,0.9565217391304348,0.44,0.6027397260273973,28,87318.37
10,0.0,1.0,4,E_optimal_rank_reduced,0.04347826086956519,0.9565217391304348,0.44,0.6027397260273973,28,162855.93
10,0.0,1.0,4,goal_oriented_oed,0.04347826086956519,0.9565217391304348,0.44,0.6027397260273973,28,125245.33
10,0.0,1.0,4,topological_dispersion,0.04347826086956519,0.9565217391304348,0.44,0.6027397260273973,28,109212.19
10,0.0,1.0,4,centrality,0.08695652173913049,0.9130434782608695,0.42857142857142855,0.5833333333333334,28,97589.25
10,1.0,0.0,0,FO,0.08695652173913049,0.9130434782608695,0.5,0.6461538461538461,21,43893.71
10,1.0,0.0,0,D_optimal_bayesian,0.08695652173913049,0.9130434782608695,0.4375,0.5915492957746479,27,104147.46
10,1.0,0.0,0,A_optimal_bayesian,0.08695652173913049,0.9130434782608695,0.4375,0.5915492957746479,27,109775.36
10,1.0,0.0,0,E_optimal_observable_subspace,0.08695652173913049,0.9130434782608695,0.4375,0.5915492957746479,27,109775.36
10,1.0,0.0,0,bayesian_information_gain,0.08695652173913049,0.9130434782608695,0.4375,0.5915492957746479,27,104147.46
10,1.0,0.0,0,D_optimal_rank_reduced,0.08695652173913049,0.9130434782608695,0.44680851063829785,0.6,26,84779.38
10,1.0,0.0,0,A_optimal_rank_reduced,0.08695652173913049,0.9130434782608695,0.4375,0.5915492957746479,27,99669.43
10,1.0,0.0,0,E_optimal_rank_reduced,0.08695652173913049,0.9130434782608695,0.45652173913043476,0.608695652173913,25,100910.13
10,1.0,0.0,0,goal_oriented_oed,0.08695652173913049,0.9130434782608695,0.44680851063829785,0.6,26,123167.61
10,1.0,0.0,0,topological_dispersion,0.08695652173913049,0.9130434782608695,0.44680851063829785,0.6,26,103282.68
10,1.0,0.0,0,centrality,0.08695652173913049,0.9130434782608695,0.4883720930232558,0.6363636363636364,22,44319.29
10,1.0,0.0,1,FO,0.08695652173913049,0.9130434782608695,0.5121951219512195,0.6562499999999999,20,95115.73
10,1.0,0.0,1,D_optimal_bayesian,0.08695652173913049,0.9130434782608695,0.44680851063829785,0.6,26,81615.6
10,1.0,0.0,1,A_optimal_bayesian,0.08695652173913049,0.9130434782608695,0.44680851063829785,0.6,26,120655.56
10,1.0,0.0,1,E_optimal_observable_subspace,0.08695652173913049,0.9130434782608695,0.44680851063829785,0.6,26,120655.56
10,1.0,0.0,1,bayesian_information_gain,0.08695652173913049,0.9130434782608695,0.44680851063829785,0.6,26,81615.6
10,1.0,0.0,1,D_optimal_rank_reduced,0.08695652173913049,0.9130434782608695,0.44680851063829785,0.6,26,79743.1
10,1.0,0.0,1,A_optimal_rank_reduced,0.08695652173913049,0.9130434782608695,0.44680851063829785,0.6,26,74981.5
10,1.0,0.0,1,E_optimal_rank_reduced,0.08695652173913049,0.9130434782608695,0.44680851063829785,0.6,26,133754.45
10,1.0,0.0,1,goal_oriented_oed,0.08695652173913049,0.9130434782608695,0.4375,0.5915492957746479,27,101020.74
10,1.0,0.0,1,topological_dispersion,0.08695652173913049,0.9130434782608695,0.4375,0.5915492957746479,27,113510.72
10,1.0,0.0,1,centrality,0.08695652173913049,0.9130434782608695,0.5,0.6461538461538461,21,117628.52
10,1.0,0.0,2,FO,0.08695652173913049,0.9130434782608695,0.5,0.6461538461538461,21,88967.52
10,1.0,0.0,2,D_optimal_bayesian,0.08695652173913049,0.9130434782608695,0.4375,0.5915492957746479,27,193411.96
10,1.0,0.0,2,A_optimal_bayesian,0.08695652173913049,0.9130434782608695,0.4375,0.5915492957746479,27,172430.71
10,1.0,0.0,2,E_optimal_observable_subspace,0.08695652173913049,0.9130434782608695,0.4375,0.5915492957746479,27,172430.71
10,1.0,0.0,2,bayesian_information_gain,0.08695652173913049,0.9130434782608695,0.4375,0.5915492957746479,27,193411.96
10,1.0,0.0,2,D_optimal_rank_reduced,0.08695652173913049,0.9130434782608695,0.44680851063829785,0.6,26,134606.39
10,1.0,0.0,2,A_optimal_rank_reduced,0.08695652173913049,0.9130434782608695,0.4375,0.5915492957746479,27,144356.65
10,1.0,0.0,2,E_optimal_rank_reduced,0.08695652173913049,0.9130434782608695,0.44680851063829785,0.6,26,121082.09
10,1.0,0.0,2,goal_oriented_oed,0.04347826086956519,0.9565217391304348,0.46808510638297873,0.6285714285714286,25,169916.16
10,1.0,0.0,2,topological_dispersion,0.08695652173913049,0.9130434782608695,0.42857142857142855,0.5833333333333334,28,177541.55
10,1.0,0.0,2,centrality,0.08695652173913049,0.9130434782608695,0.4772727272727273,0.6268656716417911,23,107779.88
10,1.0,0.0,3,FO,0.08695652173913049,0.9130434782608695,0.5,0.6461538461538461,21,49442.52
10,1.0,0.0,3,D_optimal_bayesian,0.08695652173913049,0.9130434782608695,0.44680851063829785,0.6,26,186935.01
10,1.0,0.0,3,A_optimal_bayesian,0.08695652173913049,0.9130434782608695,0.44680851063829785,0.6,26,150223.31
10,1.0,0.0,3,E_optimal_observable_subspace,0.08695652173913049,0.9130434782608695,0.44680851063829785,0.6,26,150223.31
10,1.0,0.0,3,bayesian_information_gain,0.08695652173913049,0.9130434782608695,0.44680851063829785,0.6,26,186935.01
10,1.0,0.0,3,D_optimal_rank_reduced,0.08695652173913049,0.9130434782608695,0.44680851063829785,0.6,26,111118.11
10,1.0,0.0,3,A_optimal_rank_reduced,0.08695652173913049,0.9130434782608695,0.4375,0.5915492957746479,27,99801.24
10,1.0,0.0,3,E_optimal_rank_reduced,0.08695652173913049,0.9130434782608695,0.44680851063829785,0.6,26,72094.87
10,1.0,0.0,3,goal_oriented_oed,0.08695652173913049,0.9130434782608695,0.4375,0.5915492957746479,27,70136.87
10,1.0,0.0,3,topological_dispersion,0.08695652173913049,0.9130434782608695,0.44680851063829785,0.6,26,132553.87
10,1.0,0.0,3,centrality,0.08695652173913049,0.9130434782608695,0.5,0.6461538461538461,21,66992.18
10,1.0,0.0,4,FO,0.08695652173913049,0.9130434782608695,0.5,0.6461538461538461,21,51711.35
10,1.0,0.0,4,D_optimal_bayesian,0.08695652173913049,0.9130434782608695,0.4375,0.5915492957746479,27,131762.71
10,1.0,0.0,4,A_optimal_bayesian,0.08695652173913049,0.9130434782608695,0.4375,0.5915492957746479,27,143092.34
10,1.0,0.0,4,E_optimal_observable_subspace,0.08695652173913049,0.9130434782608695,0.4375,0.5915492957746479,27,143092.34
10,1.0,0.0,4,bayesian_information_gain,0.08695652173913049,0.9130434782608695,0.4375,0.5915492957746479,27,131762.71
10,1.0,0.0,4,D_optimal_rank_reduced,0.08695652173913049,0.9130434782608695,0.4375,0.5915492957746479,27,96400.93
10,1.0,0.0,4,A_optimal_rank_reduced,0.04347826086956519,0.9565217391304348,0.4489795918367347,0.6111111111111112,27,83668.69
10,1.0,0.0,4,E_optimal_rank_reduced,0.04347826086956519,0.9565217391304348,0.46808510638297873,0.6285714285714286,25,137489.25
10,1.0,0.0,4,goal_oriented_oed,0.04347826086956519,0.9565217391304348,0.46808510638297873,0.6285714285714286,25,143565.38
10,1.0,0.0,4,topological_dispersion,0.08695652173913049,0.9130434782608695,0.45652173913043476,0.608695652173913,25,116124.84
10,1.0,0.0,4,centrality,0.08695652173913049,0.9130434782608695,0.4883720930232558,0.6363636363636364,22,74290.08
10,1.0,0.5,0,FO,0.08695652173913049,0.9130434782608695,0.45652173913043476,0.608695652173913,25,64445.69
10,1.0,0.5,0,D_optimal_bayesian,0.08695652173913049,0.9130434782608695,0.4375,0.5915492957746479,27,146535.27
10,1.0,0.5,0,A_optimal_bayesian,0.08695652173913049,0.9130434782608695,0.4375,0.5915492957746479,27,138909.02
10,1.0,0.5,0,E_optimal_observable_subspace,0.08695652173913049,0.9130434782608695,0.4375,0.5915492957746479,27,138909.02
10,1.0,0.5,0,bayesian_information_gain,0.08695652173913049,0.9130434782608695,0.4375,0.5915492957746479,27,146535.27
10,1.0,0.5,0,D_optimal_rank_reduced,0.08695652173913049,0.9130434782608695,0.4375,0.5915492957746479,27,107168.62
10,1.0,0.5,0,A_optimal_rank_reduced,0.04347826086956519,0.9565217391304348,0.4489795918367347,0.6111111111111112,27,178648.99
10,1.0,0.5,0,E_optimal_rank_reduced,0.04347826086956519,0.9565217391304348,0.4583333333333333,0.619718309859155,26,172250.51
10,1.0,0.5,0,goal_oriented_oed,0.04347826086956519,0.9565217391304348,0.46808510638297873,0.6285714285714286,25,155356.01
10,1.0,0.5,0,topological_dispersion,0.08695652173913049,0.9130434782608695,0.4375,0.5915492957746479,27,116389.95
10,1.0,0.5,0,centrality,0.08695652173913049,0.9130434782608695,0.4666666666666667,0.6176470588235294,24,62019.69
10,1.0,0.5,1,FO,0.04347826086956519,0.9565217391304348,0.46808510638297873,0.6285714285714286,25,48034.09
10,1.0,0.5,1,D_optimal_bayesian,0.04347826086956519,0.9565217391304348,0.44,0.6027397260273973,28,171161.44
10,1.0,0.5,1,A_optimal_bayesian,0.04347826086956519,0.9565217391304348,0.44,0.6027397260273973,28,207768.65
10,1.0,0.5,1,E_optimal_observable_subspace,0.04347826086956519,0.9565217391304348,0.44,0.6027397260273973,28,207768.65
10,1.0,0.5,1,bayesian_information_gain,0.04347826086956519,0.9565217391304348,0.44,0.6027397260273973,28,171161.44
10,1.0,0.5,1,D_optimal_rank_reduced,0.04347826086956519,0.9565217391304348,0.4583333333333333,0.619718309859155,26,98675.22
10,1.0,0.5,1,A_optimal_rank_reduced,0.04347826086956519,0.9565217391304348,0.4489795918367347,0.6111111111111112,27,186147.09
10,1.0,0.5,1,E_optimal_rank_reduced,0.04347826086956519,0.9565217391304348,0.4583333333333333,0.619718309859155,26,86890.19
10,1.0,0.5,1,goal_oriented_oed,0.04347826086956519,0.9565217391304348,0.4489795918367347,0.6111111111111112,27,110460.16
10,1.0,0.5,1,topological_dispersion,0.04347826086956519,0.9565217391304348,0.4489795918367347,0.6111111111111112,27,145641.2
10,1.0,0.5,1,centrality,0.04347826086956519,0.9565217391304348,0.46808510638297873,0.6285714285714286,25,65125.71
10,1.0,0.5,2,FO,0.08695652173913049,0.9130434782608695,0.4666666666666667,0.6176470588235294,24,13839.12
10,1.0,0.5,2,D_optimal_bayesian,0.04347826086956519,0.9565217391304348,0.44,0.6027397260273973,28,126855.17
10,1.0,0.5,2,A_optimal_bayesian,0.04347826086956519,0.9565217391304348,0.44,0.6027397260273973,28,124757.18
10,1.0,0.5,2,E_optimal_observable_subspace,0.04347826086956519,0.9565217391304348,0.44,0.6027397260273973,28,124757.18
10,1.0,0.5,2,bayesian_information_gain,0.04347826086956519,0.9565217391304348,0.44,0.6027397260273973,28,126855.17
10,1.0,0.5,2,D_optimal_rank_reduced,0.04347826086956519,0.9565217391304348,0.4583333333333333,0.619718309859155,26,168907.77
10,1.0,0.5,2,A_optimal_rank_reduced,0.04347826086956519,0.9565217391304348,0.4489795918367347,0.6111111111111112,27,138839.73
10,1.0,0.5,2,E_optimal_rank_reduced,0.04347826086956519,0.9565217391304348,0.4782608695652174,0.6376811594202898,24,169483.82
10,1.0,0.5,2,goal_oriented_oed,0.04347826086956519,0.9565217391304348,0.4489795918367347,0.6111111111111112,27,166699.97
10,1.0,0.5,2,topological_dispersion,0.04347826086956519,0.9565217391304348,0.44,0.6027397260273973,28,109060.95
10,1.0,0.5,2,centrality,0.08695652173913049,0.9130434782608695,0.4666666666666667,0.6176470588235294,24,40936.84
10,1.0,0.5,3,FO,0.08695652173913049,0.9130434782608695,0.45652173913043476,0.608695652173913,25,50456.8
10,1.0,0.5,3,D_optimal_bayesian,0.08695652173913049,0.9130434782608695,0.4375,0.5915492957746479,27,167482.7
10,1.0,0.5,3,A_optimal_bayesian,0.08695652173913049,0.9130434782608695,0.4375,0.5915492957746479,27,194028.6
10,1.0,0.5,3,E_optimal_observable_subspace,0.08695652173913049,0.9130434782608695,0.4375,0.5915492957746479,27,194028.6
10,1.0,0.5,3,bayesian_information_gain,0.08695652173913049,0.9130434782608695,0.4375,0.5915492957746479,27,167482.7
10,1.0,0.5,3,D_optimal_rank_reduced,0.08695652173913049,0.9130434782608695,0.4375,0.5915492957746479,27,118326.35
10,1.0,0.5,3,A_optimal_rank_reduced,0.04347826086956519,0.9565217391304348,0.4583333333333333,0.619718309859155,26,125508.97
10,1.0,0.5,3,E_optimal_rank_reduced,0.08695652173913049,0.9130434782608695,0.44680851063829785,0.6,26,73697.51
10,1.0,0.5,3,goal_oriented_oed,0.04347826086956519,0.9565217391304348,0.4583333333333333,0.619718309859155,26,124856.43
10,1.0,0.5,3,topological_dispersion,0.08695652173913049,0.9130434782608695,0.4375,0.5915492957746479,27,151068.28
10,1.0,0.5,3,centrality,0.08695652173913049,0.9130434782608695,0.45652173913043476,0.608695652173913,25,47733.71
10,1.0,0.5,4,FO,0.04347826086956519,0.9565217391304348,0.4782608695652174,0.6376811594202898,24,88698.21
10,1.0,0.5,4,D_optimal_bayesian,0.04347826086956519,0.9565217391304348,0.4489795918367347,0.6111111111111112,27,152208.08
10,1.0,0.5,4,A_optimal_bayesian,0.04347826086956519,0.9565217391304348,0.4489795918367347,0.6111111111111112,27,137368.97
10,1.0,0.5,4,E_optimal_observable_subspace,0.04347826086956519,0.9565217391304348,0.4489795918367347,0.6111111111111112,27,137368.97
10,1.0,0.5,4,bayesian_information_gain,0.04347826086956519,0.9565217391304348,0.4489795918367347,0.6111111111111112,27,152208.08
10,1.0,0.5,4,D_optimal_rank_reduced,0.08695652173913049,0.9130434782608695,0.42857142857142855,0.5833333333333334,28,94163.81
10,1.0,0.5,4,A_optimal_rank_reduced,0.04347826086956519,0.9565217391304348,0.4489795918367347,0.6111111111111112,27,116826.24
10,1.0,0.5,4,E_optimal_rank_reduced,0.08695652173913049,0.9130434782608695,0.44680851063829785,0.6,26,150343.35
10,1.0,0.5,4,goal_oriented_oed,0.04347826086956519,0.9565217391304348,0.4583333333333333,0.619718309859155,26,135286.78
10,1.0,0.5,4,topological_dispersion,0.04347826086956519,0.9565217391304348,0.4489795918367347,0.6111111111111112,27,117808.69
10,1.0,0.5,4,centrality,0.04347826086956519,0.9565217391304348,0.46808510638297873,0.6285714285714286,25,29835.92
10,1.0,1.0,0,FO,0.04347826086956519,0.9565217391304348,0.4583333333333333,0.619718309859155,26,19206.76
10,1.0,1.0,0,D_optimal_bayesian,0.04347826086956519,0.9565217391304348,0.44,0.6027397260273973,28,149084.58
10,1.0,1.0,0,A_optimal_bayesian,0.0,1.0,0.46,0.6301369863013699,27,157431.02
10,1.0,1.0,0,E_optimal_observable_subspace,0.0,1.0,0.46,0.6301369863013699,27,157431.02
10,1.0,1.0,0,bayesian_information_gain,0.04347826086956519,0.9565217391304348,0.44,0.6027397260273973,28,149084.58
10,1.0,1.0,0,D_optimal_rank_reduced,0.04347826086956519,0.9565217391304348,0.44,0.6027397260273973,28,108319.87
10,1.0,1.0,0,A_optimal_rank_reduced,0.04347826086956519,0.9565217391304348,0.44,0.6027397260273973,28,165750.18
10,1.0,1.0,0,E_optimal_rank_reduced,0.04347826086956519,0.9565217391304348,0.4489795918367347,0.6111111111111112,27,132742.68
10,1.0,1.0,0,goal_oriented_oed,0.0,1.0,0.45098039215686275,0.6216216216216216,28,147852.22
10,1.0,1.0,0,topological_dispersion,0.04347826086956519,0.9565217391304348,0.44,0.6027397260273973,28,169859.96
10,1.0,1.0,0,centrality,0.08695652173913049,0.9130434782608695,0.44680851063829785,0.6,26,7665.63
10,1.0,1.0,1,FO,0.04347826086956519,0.9565217391304348,0.46808510638297873,0.6285714285714286,25,90793.43
10,1.0,1.0,1,D_optimal_bayesian,0.04347826086956519,0.9565217391304348,0.44,0.6027397260273973,28,122712.95
10,1.0,1.0,1,A_optimal_bayesian,0.04347826086956519,0.9565217391304348,0.44,0.6027397260273973,28,133740.39
10,1.0,1.0,1,E_optimal_observable_subspace,0.04347826086956519,0.9565217391304348,0.44,0.6027397260273973,28,133740.39
10,1.0,1.0,1,bayesian_information_gain,0.04347826086956519,0.9565217391304348,0.44,0.6027397260273973,28,122712.95
10,1.0,1.0,1,D_optimal_rank_reduced,0.04347826086956519,0.9565217391304348,0.44,0.6027397260273973,28,94695.1
10,1.0,1.0,1,A_optimal_rank_reduced,0.04347826086956519,0.9565217391304348,0.44,0.6027397260273973,28,157661.36
10,1.0,1.0,1,E_optimal_rank_reduced,0.04347826086956519,0.9565217391304348,0.4489795918367347,0.6111111111111112,27,149614.8
10,1.0,1.0,1,goal_oriented_oed,0.04347826086956519,0.9565217391304348,0.44,0.6027397260273973,28,123734.29
10,1.0,1.0,1,topological_dispersion,0.04347826086956519,0.9565217391304348,0.43137254901960786,0.5945945945945946,29,105765.17
10,1.0,1.0,1,centrality,0.04347826086956519,0.9565217391304348,0.46808510638297873,0.6285714285714286,25,35550.05
10,1.0,1.0,2,FO,0.04347826086956519,0.9565217391304348,0.4489795918367347,0.6111111111111112,27,38996.09
10,1.0,1.0,2,D_optimal_bayesian,0.04347826086956519,0.9565217391304348,0.43137254901960786,0.5945945945945946,29,102782.13
10,1.0,1.0,2,A_optimal_bayesian,0.04347826086956519,0.9565217391304348,0.43137254901960786,0.5945945945945946,29,111673.15
10,1.0,1.0,2,E_optimal_observable_subspace,0.04347826086956519,0.9565217391304348,0.43137254901960786,0.5945945945945946,29,111673.15
10,1.0,1.0,2,bayesian_information_gain,0.04347826086956519,0.9565217391304348,0.43137254901960786,0.5945945945945946,29,102782.13
10,1.0,1.0,2,D_optimal_rank_reduced,0.04347826086956519,0.9565217391304348,0.43137254901960786,0.5945945945945946,29,127237.28
10,1.0,1.0,2,A_optimal_rank_reduced,0.04347826086956519,0.9565217391304348,0.44,0.6027397260273973,28,180868.01
10,1.0,1.0,2,E_optimal_rank_reduced,0.04347826086956519,0.9565217391304348,0.44,0.6027397260273973,28,163863.27
10,1.0,1.0,2,goal_oriented_oed,0.04347826086956519,0.9565217391304348,0.44,0.6027397260273973,28,135181.35
10,1.0,1.0,2,topological_dispersion,0.04347826086956519,0.9565217391304348,0.44,0.6027397260273973,28,130363.13
10,1.0,1.0,2,centrality,0.04347826086956519,0.9565217391304348,0.4489795918367347,0.6111111111111112,27,71453.3
10,1.0,1.0,3,FO,0.08695652173913049,0.9130434782608695,0.44680851063829785,0.6,26,77432.52
10,1.0,1.0,3,D_optimal_bayesian,0.04347826086956519,0.9565217391304348,0.44,0.6027397260273973,28,221148.99
10,1.0,1.0,3,A_optimal_bayesian,0.04347826086956519,0.9565217391304348,0.44,0.6027397260273973,28,180761.06
10,1.0,1.0,3,E_optimal_observable_subspace,0.04347826086956519,0.9565217391304348,0.44,0.6027397260273973,28,180761.06
10,1.0,1.0,3,bayesian_information_gain,0.04347826086956519,0.9565217391304348,0.44,0.6027397260273973,28,221148.99
10,1.0,1.0,3,D_optimal_rank_reduced,0.04347826086956519,0.9565217391304348,0.44,0.6027397260273973,28,158417.98
10,1.0,1.0,3,A_optimal_rank_reduced,0.04347826086956519,0.9565217391304348,0.44,0.6027397260273973,28,180346.74
10,1.0,1.0,3,E_optimal_rank_reduced,0.04347826086956519,0.9565217391304348,0.4489795918367347,0.6111111111111112,27,76866.35
10,1.0,1.0,3,goal_oriented_oed,0.04347826086956519,0.9565217391304348,0.44,0.6027397260273973,28,155754.82
10,1.0,1.0,3,topological_dispersion,0.04347826086956519,0.9565217391304348,0.44,0.6027397260273973,28,183070.11
10,1.0,1.0,3,centrality,0.08695652173913049,0.9130434782608695,0.44680851063829785,0.6,26,45564.76
10,1.0,1.0,4,FO,0.04347826086956519,0.9565217391304348,0.4489795918367347,0.6111111111111112,27,91131.42
10,1.0,1.0,4,D_optimal_bayesian,0.04347826086956519,0.9565217391304348,0.44,0.6027397260273973,28,132186.57
10,1.0,1.0,4,A_optimal_bayesian,0.04347826086956519,0.9565217391304348,0.43137254901960786,0.5945945945945946,29,174459.47
10,1.0,1.0,4,E_optimal_observable_subspace,0.04347826086956519,0.9565217391304348,0.43137254901960786,0.5945945945945946,29,174459.47
10,1.0,1.0,4,bayesian_information_gain,0.04347826086956519,0.9565217391304348,0.44,0.6027397260273973,28,132186.57
10,1.0,1.0,4,D_optimal_rank_reduced,0.04347826086956519,0.9565217391304348,0.4489795918367347,0.6111111111111112,27,149408.6
10,1.0,1.0,4,A_optimal_rank_reduced,0.04347826086956519,0.9565217391304348,0.4489795918367347,0.6111111111111112,27,117283.49
10,1.0,1.0,4,E_optimal_rank_reduced,0.04347826086956519,0.9565217391304348,0.4489795918367347,0.6111111111111112,27,132645.33
10,1.0,1.0,4,goal_oriented_oed,0.04347826086956519,0.9565217391304348,0.44,0.6027397260273973,28,155584.44
10,1.0,1.0,4,topological_dispersion,0.04347826086956519,0.9565217391304348,0.4489795918367347,0.6111111111111112,27,166933.72
10,1.0,1.0,4,centrality,0.04347826086956519,0.9565217391304348,0.4489795918367347,0.6111111111111112,27,54982.05
10,2.0,0.0,0,FO,0.08695652173913049,0.9130434782608695,0.5,0.6461538461538461,21,92264.9
10,2.0,0.0,0,D_optimal_bayesian,0.08695652173913049,0.9130434782608695,0.4375,0.5915492957746479,27,111421.74
10,2.0,0.0,0,A_optimal_bayesian,0.08695652173913049,0.9130434782608695,0.4375,0.5915492957746479,27,100731.21
10,2.0,0.0,0,E_optimal_observable_subspace,0.08695652173913049,0.9130434782608695,0.4375,0.5915492957746479,27,100731.21
10,2.0,0.0,0,bayesian_information_gain,0.08695652173913049,0.9130434782608695,0.4375,0.5915492957746479,27,111421.74
10,2.0,0.0,0,D_optimal_rank_reduced,0.08695652173913049,0.9130434782608695,0.44680851063829785,0.6,26,122555.61
10,2.0,0.0,0,A_optimal_rank_reduced,0.08695652173913049,0.9130434782608695,0.4375,0.5915492957746479,27,133473.12
10,2.0,0.0,0,E_optimal_rank_reduced,0.08695652173913049,0.9130434782608695,0.4666666666666667,0.6176470588235294,24,141634.93
10,2.0,0.0,0,goal_oriented_oed,0.08695652173913049,0.9130434782608695,0.45652173913043476,0.608695652173913,25,132609.81
10,2.0,0.0,0,topological_dispersion,0.08695652173913049,0.9130434782608695,0.4375,0.5915492957746479,27,130349.53
10,2.0,0.0,0,centrality,0.08695652173913049,0.9130434782608695,0.5,0.6461538461538461,21,50013.58
10,2.0,0.0,1,FO,0.08695652173913049,0.9130434782608695,0.5,0.6461538461538461,21,85096.75
10,2.0,0.0,1,D_optimal_bayesian,0.08695652173913049,0.9130434782608695,0.44680851063829785,0.6,26,127466.86
10,2.0,0.0,1,A_optimal_bayesian,0.08695652173913049,0.9130434782608695,0.44680851063829785,0.6,26,123689.75
10,2.0,0.0,1,E_optimal_observable_subspace,0.08695652173913049,0.9130434782608695,0.44680851063829785,0.6,26,123689.75
10,2.0,0.0,1,bayesian_information_gain,0.08695652173913049,0.9130434782608695,0.44680851063829785,0.6,26,127466.86
10,2.0,0.0,1,D_optimal_rank_reduced,0.08695652173913049,0.9130434782608695,0.4375,0.5915492957746479,27,104724.88
10,2.0,0.0,1,A_optimal_rank_reduced,0.08695652173913049,0.9130434782608695,0.44680851063829785,0.6,26,98762.02
10,2.0,0.0,1,E_optimal_rank_reduced,0.08695652173913049,0.9130434782608695,0.45652173913043476,0.608695652173913,25,75503.1
10,2.0,0.0,1,goal_oriented_oed,0.08695652173913049,0.9130434782608695,0.44680851063829785,0.6,26,164287.02
10,2.0,0.0,1,topological_dispersion,0.08695652173913049,0.9130434782608695,0.4375,0.5915492957746479,27,155429.57
10,2.0,0.0,1,centrality,0.08695652173913049,0.9130434782608695,0.4883720930232558,0.6363636363636364,22,26304.5
10,2.0,0.0,2,FO,0.08695652173913049,0.9130434782608695,0.5,0.6461538461538461,21,43079.11
10,2.0,0.0,2,D_optimal_bayesian,0.08695652173913049,0.9130434782608695,0.44680851063829785,0.6,26,98051.45
10,2.0,0.0,2,A_optimal_bayesian,0.08695652173913049,0.9130434782608695,0.44680851063829785,0.6,26,138500.3
10,2.0,0.0,2,E_optimal_observable_subspace,0.08695652173913049,0.9130434782608695,0.44680851063829785,0.6,26,138500.3
10,2.0,0.0,2,bayesian_information_gain,0.08695652173913049,0.9130434782608695,0.44680851063829785,0.6,26,98051.45
10,2.0,0.0,2,D_optimal_rank_reduced,0.08695652173913049,0.9130434782608695,0.4375,0.5915492957746479,27,162735.26
10,2.0,0.0,2,A_optimal_rank_reduced,0.08695652173913049,0.9130434782608695,0.4375,0.5915492957746479,27,118350.11
10,2.0,0.0,2,E_optimal_rank_reduced,0.08695652173913049,0.9130434782608695,0.4666666666666667,0.6176470588235294,24,128054.34
10,2.0,0.0,2,goal_oriented_oed,0.08695652173913049,0.9130434782608695,0.44680851063829785,0.6,26,116675.19
10,2.0,0.0,2,topological_dispersion,0.08695652173913049,0.9130434782608695,0.44680851063829785,0.6,26,137323.18
10,2.0,0.0,2,centrality,0.08695652173913049,0.9130434782608695,0.5,0.6461538461538461,21,3418.18
10,2.0,0.0,3,FO,0.08695652173913049,0.9130434782608695,0.5,0.6461538461538461,21,33378.11
10,2.0,0.0,3,D_optimal_bayesian,0.08695652173913049,0.9130434782608695,0.4375,0.5915492957746479,27,183909.71
10,2.0,0.0,3,A_optimal_bayesian,0.08695652173913049,0.9130434782608695,0.4375,0.5915492957746479,27,176918.42
10,2.0,0.0,3,E_optimal_observable_subspace,0.08695652173913049,0.9130434782608695,0.4375,0.5915492957746479,27,176918.42
10,2.0,0.0,3,bayesian_information_gain,0.08695652173913049,0.9130434782608695,0.4375,0.5915492957746479,27,183909.71
10,2.0,0.0,3,D_optimal_rank_reduced,0.08695652173913049,0.9130434782608695,0.44680851063829785,0.6,26,125476.38
10,2.0,0.0,3,A_optimal_rank_reduced,0.08695652173913049,0.9130434782608695,0.4375,0.5915492957746479,27,94203.71
10,2.0,0.0,3,E_optimal_rank_reduced,0.08695652173913049,0.9130434782608695,0.45652173913043476,0.608695652173913,25,78931.15
10,2.0,0.0,3,goal_oriented_oed,0.08695652173913049,0.9130434782608695,0.4375,0.5915492957746479,27,139486.03
10,2.0,0.0,3,topological_dispersion,0.08695652173913049,0.9130434782608695,0.44680851063829785,0.6,26,175641.29
10,2.0,0.0,3,centrality,0.08695652173913049,0.9130434782608695,0.4883720930232558,0.6363636363636364,22,11744.81
10,2.0,0.0,4,FO,0.08695652173913049,0.9130434782608695,0.4883720930232558,0.6363636363636364,22,120879.92
10,2.0,0.0,4,D_optimal_bayesian,0.08695652173913049,0.9130434782608695,0.4375,0.5915492957746479,27,188646.23
10,2.0,0.0,4,A_optimal_bayesian,0.08695652173913049,0.9130434782608695,0.4375,0.5915492957746479,27,162625.7
10,2.0,0.0,4,E_optimal_observable_subspace,0.08695652173913049,0.9130434782608695,0.4375,0.5915492957746479,27,162625.7
10,2.0,0.0,4,bayesian_information_gain,0.08695652173913049,0.9130434782608695,0.4375,0.5915492957746479,27,188646.23
10,2.0,0.0,4,D_optimal_rank_reduced,0.04347826086956519,0.9565217391304348,0.46808510638297873,0.6285714285714286,25,107599.79
10,2.0,0.0,4,A_optimal_rank_reduced,0.04347826086956519,0.9565217391304348,0.46808510638297873,0.6285714285714286,25,91452.47
10,2.0,0.0,4,E_optimal_rank_reduced,0.04347826086956519,0.9565217391304348,0.46808510638297873,0.6285714285714286,25,169210.79
10,2.0,0.0,4,goal_oriented_oed,0.08695652173913049,0.9130434782608695,0.44680851063829785,0.6,26,202013.01
10,2.0,0.0,4,topological_dispersion,0.08695652173913049,0.9130434782608695,0.4375,0.5915492957746479,27,146627.82
10,2.0,0.0,4,centrality,0.08695652173913049,0.9130434782608695,0.4772727272727273,0.6268656716417911,23,37644.3
10,2.0,0.5,0,FO,0.04347826086956519,0.9565217391304348,0.4782608695652174,0.6376811594202898,24,42000.28
10,2.0,0.5,0,D_optimal_bayesian,0.04347826086956519,0.9565217391304348,0.4489795918367347,0.6111111111111112,27,122224.55
10,2.0,0.5,0,A_optimal_bayesian,0.04347826086956519,0.9565217391304348,0.4489795918367347,0.6111111111111112,27,132367.55
10,2.0,0.5,0,E_optimal_observable_subspace,0.04347826086956519,0.9565217391304348,0.4489795918367347,0.6111111111111112,27,132367.55
10,2.0,0.5,0,bayesian_information_gain,0.04347826086956519,0.9565217391304348,0.4489795918367347,0.6111111111111112,27,122224.55
10,2.0,0.5,0,D_optimal_rank_reduced,0.08695652173913049,0.9130434782608695,0.4375,0.5915492957746479,27,91036.61
10,2.0,0.5,0,A_optimal_rank_reduced,0.04347826086956519,0.9565217391304348,0.4489795918367347,0.6111111111111112,27,105066.37
10,2.0,0.5,0,E_optimal_rank_reduced,0.08695652173913049,0.9130434782608695,0.4375,0.5915492957746479,27,135602.27
10,2.0,0.5,0,goal_oriented_oed,0.04347826086956519,0.9565217391304348,0.4583333333333333,0.619718309859155,26,93200.04
10,2.0,0.5,0,topological_dispersion,0.04347826086956519,0.9565217391304348,0.4489795918367347,0.6111111111111112,27,126044.72
10,2.0,0.5,0,centrality,0.04347826086956519,0.9565217391304348,0.4782608695652174,0.6376811594202898,24,16299.44
10,2.0,0.5,1,FO,0.0,1.0,0.48936170212765956,0.6571428571428571,24,112921.75
10,2.0,0.5,1,D_optimal_bayesian,0.04347826086956519,0.9565217391304348,0.4489795918367347,0.6111111111111112,27,153067.88
10,2.0,0.5,1,A_optimal_bayesian,0.04347826086956519,0.9565217391304348,0.4489795918367347,0.6111111111111112,27,180257.02
10,2.0,0.5,1,E_optimal_observable_subspace,0.04347826086956519,0.9565217391304348,0.4489795918367347,0.6111111111111112,27,180257.02
10,2.0,0.5,1,bayesian_information_gain,0.04347826086956519,0.9565217391304348,0.4489795918367347,0.6111111111111112,27,153067.88
10,2.0,0.5,1,D_optimal_rank_reduced,0.04347826086956519,0.9565217391304348,0.4489795918367347,0.6111111111111112,27,73574.72
10,2.0,0.5,1,A_optimal_rank_reduced,0.04347826086956519,0.9565217391304348,0.4489795918367347,0.6111111111111112,27,149797.08
10,2.0,0.5,1,E_optimal_rank_reduced,0.0,1.0,0.46938775510204084,0.6388888888888888,26,180938.35
10,2.0,0.5,1,goal_oriented_oed,0.04347826086956519,0.9565217391304348,0.4489795918367347,0.6111111111111112,27,145206.79
10,2.0,0.5,1,topological_dispersion,0.0,1.0,0.46,0.6301369863013699,27,159008.96
10,2.0,0.5,1,centrality,0.0,1.0,0.4791666666666667,0.647887323943662,25,25125.49
10,2.0,0.5,2,FO,0.08695652173913049,0.9130434782608695,0.44680851063829785,0.6,26,52428.61
10,2.0,0.5,2,D_optimal_bayesian,0.04347826086956519,0.9565217391304348,0.4489795918367347,0.6111111111111112,27,116310.81
10,2.0,0.5,2,A_optimal_bayesian,0.04347826086956519,0.9565217391304348,0.44,0.6027397260273973,28,156350.71
10,2.0,0.5,2,E_optimal_observable_subspace,0.04347826086956519,0.9565217391304348,0.44,0.6027397260273973,28,156350.71
10,2.0,0.5,2,bayesian_information_gain,0.04347826086956519,0.9565217391304348,0.4489795918367347,0.6111111111111112,27,116310.81
10,2.0,0.5,2,D_optimal_rank_reduced,0.04347826086956519,0.9565217391304348,0.4489795918367347,0.6111111111111112,27,114796.55
10,2.0,0.5,2,A_optimal_rank_reduced,0.08695652173913049,0.9130434782608695,0.42857142857142855,0.5833333333333334,28,156890.3
10,2.0,0.5,2,E_optimal_rank_reduced,0.08695652173913049,0.9130434782608695,0.4375,0.5915492957746479,27,94220.8
10,2.0,0.5,2,goal_oriented_oed,0.04347826086956519,0.9565217391304348,0.44,0.6027397260273973,28,130261.92
10,2.0,0.5,2,topological_dispersion,0.04347826086956519,0.9565217391304348,0.4489795918367347,0.6111111111111112,27,122100.7
10,2.0,0.5,2,centrality,0.08695652173913049,0.9130434782608695,0.45652173913043476,0.608695652173913,25,20351.26
10,2.0,0.5,3,FO,0.08695652173913049,0.9130434782608695,0.44680851063829785,0.6,26,10277.98
10,2.0,0.5,3,D_optimal_bayesian,0.04347826086956519,0.9565217391304348,0.4489795918367347,0.6111111111111112,27,193934.22
10,2.0,0.5,3,A_optimal_bayesian,0.04347826086956519,0.9565217391304348,0.4489795918367347,0.6111111111111112,27,143988.94
10,2.0,0.5,3,E_optimal_observable_subspace,0.04347826086956519,0.9565217391304348,0.4489795918367347,0.6111111111111112,27,143988.94
10,2.0,0.5,3,bayesian_information_gain,0.04347826086956519,0.9565217391304348,0.4489795918367347,0.6111111111111112,27,193934.22
10,2.0,0.5,3,D_optimal_rank_reduced,0.04347826086956519,0.9565217391304348,0.4583333333333333,0.619718309859155,26,171151.76
10,2.0,0.5,3,A_optimal_rank_reduced,0.04347826086956519,0.9565217391304348,0.44,0.6027397260273973,28,149266.81
10,2.0,0.5,3,E_optimal_rank_reduced,0.04347826086956519,0.9565217391304348,0.4489795918367347,0.6111111111111112,27,149746.79
10,2.0,0.5,3,goal_oriented_oed,0.04347826086956519,0.9565217391304348,0.4489795918367347,0.6111111111111112,27,124590.06
10,2.0,0.5,3,topological_dispersion,0.04347826086956519,0.9565217391304348,0.4489795918367347,0.6111111111111112,27,130754.14
10,2.0,0.5,3,centrality,0.08695652173913049,0.9130434782608695,0.44680851063829785,0.6,26,20651.13
10,2.0,0.5,4,FO,0.08695652173913049,0.9130434782608695,0.4666666666666667,0.6176470588235294,24,78306.08
10,2.0,0.5,4,D_optimal_bayesian,0.04347826086956519,0.9565217391304348,0.44,0.6027397260273973,28,101366.2
10,2.0,0.5,4,A_optimal_bayesian,0.04347826086956519,0.9565217391304348,0.44,0.6027397260273973,28,117031.04
10,2.0,0.5,4,E_optimal_observable_subspace,0.04347826086956519,0.9565217391304348,0.44,0.6027397260273973,28,117031.04
10,2.0,0.5,4,bayesian_information_gain,0.04347826086956519,0.9565217391304348,0.44,0.6027397260273973,28,101366.2
10,2.0,0.5,4,D_optimal_rank_reduced,0.04347826086956519,0.9565217391304348,0.4583333333333333,0.619718309859155,26,200178.52
10,2.0,0.5,4,A_optimal_rank_reduced,0.04347826086956519,0.9565217391304348,0.44,0.6027397260273973,28,99092.37
10,2.0,0.5,4,E_optimal_rank_reduced,0.04347826086956519,0.9565217391304348,0.4583333333333333,0.619718309859155,26,106320.95
10,2.0,0.5,4,goal_oriented_oed,0.04347826086956519,0.9565217391304348,0.4583333333333333,0.619718309859155,26,149722.85
10,2.0,0.5,4,topological_dispersion,0.04347826086956519,0.9565217391304348,0.4489795918367347,0.6111111111111112,27,131416.53
10,2.0,0.5,4,centrality,0.04347826086956519,0.9565217391304348,0.46808510638297873,0.6285714285714286,25,35350.3
10,2.0,1.0,0,FO,0.04347826086956519,0.9565217391304348,0.4489795918367347,0.6111111111111112,27,71225.74
10,2.0,1.0,0,D_optimal_bayesian,0.0,1.0,0.45098039215686275,0.6216216216216216,28,152508.4
10,2.0,1.0,0,A_optimal_bayesian,0.0,1.0,0.45098039215686275,0.6216216216216216,28,204827.61
10,2.0,1.0,0,E_optimal_observable_subspace,0.0,1.0,0.45098039215686275,0.6216216216216216,28,204827.61
10,2.0,1.0,0,bayesian_information_gain,0.0,1.0,0.45098039215686275,0.6216216216216216,28,152508.4
10,2.0,1.0,0,D_optimal_rank_reduced,0.04347826086956519,0.9565217391304348,0.44,0.6027397260273973,28,204196.08
10,2.0,1.0,0,A_optimal_rank_reduced,0.0,1.0,0.45098039215686275,0.6216216216216216,28,187204.85
10,2.0,1.0,0,E_optimal_rank_reduced,0.04347826086956519,0.9565217391304348,0.4489795918367347,0.6111111111111112,27,219404.33
10,2.0,1.0,0,goal_oriented_oed,0.0,1.0,0.46,0.6301369863013699,27,165503.68
10,2.0,1.0,0,topological_dispersion,0.04347826086956519,0.9565217391304348,0.44,0.6027397260273973,28,148204.85
10,2.0,1.0,0,centrality,0.04347826086956519,0.9565217391304348,0.4489795918367347,0.6111111111111112,27,36480.1
10,2.0,1.0,1,FO,0.04347826086956519,0.9565217391304348,0.4583333333333333,0.619718309859155,26,82115.66
10,2.0,1.0,1,D_optimal_bayesian,0.0,1.0,0.45098039215686275,0.6216216216216216,28,210070.97
10,2.0,1.0,1,A_optimal_bayesian,0.0,1.0,0.45098039215686275,0.6216216216216216,28,166226.83
10,2.0,1.0,1,E_optimal_observable_subspace,0.0,1.0,0.45098039215686275,0.6216216216216216,28,166226.83
10,2.0,1.0,1,bayesian_information_gain,0.0,1.0,0.45098039215686275,0.6216216216216216,28,210070.97
10,2.0,1.0,1,D_optimal_rank_reduced,0.04347826086956519,0.9565217391304348,0.44,0.6027397260273973,28,77096.15
10,2.0,1.0,1,A_optimal_rank_reduced,0.0,1.0,0.45098039215686275,0.6216216216216216,28,180962.74
10,2.0,1.0,1,E_optimal_rank_reduced,0.0,1.0,0.46,0.6301369863013699,27,169275.44
10,2.0,1.0,1,goal_oriented_oed,0.0,1.0,0.46,0.6301369863013699,27,168360.17
10,2.0,1.0,1,topological_dispersion,0.0,1.0,0.45098039215686275,0.6216216216216216,28,129976.34
10,2.0,1.0,1,centrality,0.04347826086956519,0.9565217391304348,0.4489795918367347,0.6111111111111112,27,26907.55
10,2.0,1.0,2,FO,0.04347826086956519,0.9565217391304348,0.4583333333333333,0.619718309859155,26,32896.42
10,2.0,1.0,2,D_optimal_bayesian,0.0,1.0,0.46,0.6301369863013699,27,186196.96
10,2.0,1.0,2,A_optimal_bayesian,0.0,1.0,0.46,0.6301369863013699,27,175569.94
10,2.0,1.0,2,E_optimal_observable_subspace,0.0,1.0,0.46,0.6301369863013699,27,175569.94
10,2.0,1.0,2,bayesian_information_gain,0.0,1.0,0.46,0.6301369863013699,27,186196.96
10,2.0,1.0,2,D_optimal_rank_reduced,0.04347826086956519,0.9565217391304348,0.44,0.6027397260273973,28,105574.82
10,2.0,1.0,2,A_optimal_rank_reduced,0.0,1.0,0.45098039215686275,0.6216216216216216,28,183922.22
10,2.0,1.0,2,E_optimal_rank_reduced,0.04347826086956519,0.9565217391304348,0.4489795918367347,0.6111111111111112,27,155895.26
10,2.0,1.0,2,goal_oriented_oed,0.0,1.0,0.45098039215686275,0.6216216216216216,28,205944.31
10,2.0,1.0,2,topological_dispersion,0.0,1.0,0.46,0.6301369863013699,27,129097.95
10,2.0,1.0,2,centrality,0.04347826086956519,0.9565217391304348,0.4583333333333333,0.619718309859155,26,30550.27
10,2.0,1.0,3,FO,0.04347826086956519,0.9565217391304348,0.4583333333333333,0.619718309859155,26,19279.95
10,2.0,1.0,3,D_optimal_bayesian,0.04347826086956519,0.9565217391304348,0.44,0.6027397260273973,28,155875.81
10,2.0,1.0,3,A_optimal_bayesian,0.04347826086956519,0.9565217391304348,0.44,0.6027397260273973,28,145382.02
10,2.0,1.0,3,E_optimal_observable_subspace,0.04347826086956519,0.9565217391304348,0.44,0.6027397260273973,28,145382.02
10,2.0,1.0,3,bayesian_information_gain,0.04347826086956519,0.9565217391304348,0.44,0.6027397260273973,28,155875.81
10,2.0,1.0,3,D_optimal_rank_reduced,0.04347826086956519,0.9565217391304348,0.44,0.6027397260273973,28,162701.41
10,2.0,1.0,3,A_optimal_rank_reduced,0.04347826086956519,0.9565217391304348,0.44,0.6027397260273973,28,170051.51
10,2.0,1.0,3,E_optimal_rank_reduced,0.04347826086956519,0.9565217391304348,0.4489795918367347,0.6111111111111112,27,101661.57
10,2.0,1.0,3,goal_oriented_oed,0.04347826086956519,0.9565217391304348,0.44,0.6027397260273973,28,160819.8
10,2.0,1.0,3,topological_dispersion,0.04347826086956519,0.9565217391304348,0.44,0.6027397260273973,28,164888.81
10,2.0,1.0,3,centrality,0.08695652173913049,0.9130434782608695,0.42857142857142855,0.5833333333333334,28,41192.1
10,2.0,1.0,4,FO,0.04347826086956519,0.9565217391304348,0.4489795918367347,0.6111111111111112,27,86405.9
10,2.0,1.0,4,D_optimal_bayesian,0.04347826086956519,0.9565217391304348,0.43137254901960786,0.5945945945945946,29,112920.41
10,2.0,1.0,4,A_optimal_bayesian,0.04347826086956519,0.9565217391304348,0.43137254901960786,0.5945945945945946,29,118791.78
10,2.0,1.0,4,E_optimal_observable_subspace,0.04347826086956519,0.9565217391304348,0.43137254901960786,0.5945945945945946,29,118791.78
10,2.0,1.0,4,bayesian_information_gain,0.04347826086956519,0.9565217391304348,0.43137254901960786,0.5945945945945946,29,112920.41
10,2.0,1.0,4,D_optimal_rank_reduced,0.04347826086956519,0.9565217391304348,0.43137254901960786,0.5945945945945946,29,128751.47
10,2.0,1.0,4,A_optimal_rank_reduced,0.04347826086956519,0.9565217391304348,0.43137254901960786,0.5945945945945946,29,120667.02
10,2.0,1.0,4,E_optimal_rank_reduced,0.04347826086956519,0.9565217391304348,0.44,0.6027397260273973,28,120125.41
10,2.0,1.0,4,goal_oriented_oed,0.04347826086956519,0.9565217391304348,0.44,0.6027397260273973,28,137438.08
10,2.0,1.0,4,topological_dispersion,0.04347826086956519,0.9565217391304348,0.44,0.6027397260273973,28,73651.77
10,2.0,1.0,4,centrality,0.04347826086956519,0.9565217391304348,0.4489795918367347,0.6111111111111112,27,64489.97
10,4.0,0.0,0,FO,0.04347826086956519,0.9565217391304348,0.4888888888888889,0.6470588235294117,23,72299.24
10,4.0,0.0,0,D_optimal_bayesian,0.08695652173913049,0.9130434782608695,0.44680851063829785,0.6,26,189116.07
10,4.0,0.0,0,A_optimal_bayesian,0.08695652173913049,0.9130434782608695,0.4375,0.5915492957746479,27,178129.32
10,4.0,0.0,0,E_optimal_observable_subspace,0.08695652173913049,0.9130434782608695,0.4375,0.5915492957746479,27,178129.32
10,4.0,0.0,0,bayesian_information_gain,0.08695652173913049,0.9130434782608695,0.44680851063829785,0.6,26,189116.07
10,4.0,0.0,0,D_optimal_rank_reduced,0.08695652173913049,0.9130434782608695,0.44680851063829785,0.6,26,190371.12
10,4.0,0.0,0,A_optimal_rank_reduced,0.04347826086956519,0.9565217391304348,0.4583333333333333,0.619718309859155,26,181281.48
10,4.0,0.0,0,E_optimal_rank_reduced,0.04347826086956519,0.9565217391304348,0.46808510638297873,0.6285714285714286,25,138370.6
10,4.0,0.0,0,goal_oriented_oed,0.04347826086956519,0.9565217391304348,0.4489795918367347,0.6111111111111112,27,160310.53
10,4.0,0.0,0,topological_dispersion,0.08695652173913049,0.9130434782608695,0.44680851063829785,0.6,26,127190.7
10,4.0,0.0,0,centrality,0.08695652173913049,0.9130434782608695,0.45652173913043476,0.608695652173913,25,12703.18
10,4.0,0.0,1,FO,0.08695652173913049,0.9130434782608695,0.4772727272727273,0.6268656716417911,23,69482.09
10,4.0,0.0,1,D_optimal_bayesian,0.08695652173913049,0.9130434782608695,0.4375,0.5915492957746479,27,112198.77
10,4.0,0.0,1,A_optimal_bayesian,0.08695652173913049,0.9130434782608695,0.4375,0.5915492957746479,27,103938.08
10,4.0,0.0,1,E_optimal_observable_subspace,0.08695652173913049,0.9130434782608695,0.4375,0.5915492957746479,27,103938.08
10,4.0,0.0,1,bayesian_information_gain,0.08695652173913049,0.9130434782608695,0.4375,0.5915492957746479,27,112198.77
10,4.0,0.0,1,D_optimal_rank_reduced,0.08695652173913049,0.9130434782608695,0.4375,0.5915492957746479,27,169461.36
10,4.0,0.0,1,A_optimal_rank_reduced,0.08695652173913049,0.9130434782608695,0.4375,0.5915492957746479,27,117688.25
10,4.0,0.0,1,E_optimal_rank_reduced,0.08695652173913049,0.9130434782608695,0.4375,0.5915492957746479,27,127107.35
10,4.0,0.0,1,goal_oriented_oed,0.04347826086956519,0.9565217391304348,0.4489795918367347,0.6111111111111112,27,151256.05
10,4.0,0.0,1,topological_dispersion,0.04347826086956519,0.9565217391304348,0.4489795918367347,0.6111111111111112,27,112078.15
10,4.0,0.0,1,centrality,0.08695652173913049,0.9130434782608695,0.4666666666666667,0.6176470588235294,24,30380.89
10,4.0,0.0,2,FO,0.04347826086956519,0.9565217391304348,0.4888888888888889,0.6470588235294117,23,60580.58
10,4.0,0.0,2,D_optimal_bayesian,0.04347826086956519,0.9565217391304348,0.4489795918367347,0.6111111111111112,27,148889.78
10,4.0,0.0,2,A_optimal_bayesian,0.04347826086956519,0.9565217391304348,0.4489795918367347,0.6111111111111112,27,160790.99
10,4.0,0.0,2,E_optimal_observable_subspace,0.04347826086956519,0.9565217391304348,0.4489795918367347,0.6111111111111112,27,160790.99
10,4.0,0.0,2,bayesian_information_gain,0.04347826086956519,0.9565217391304348,0.4489795918367347,0.6111111111111112,27,148889.78
10,4.0,0.0,2,D_optimal_rank_reduced,0.04347826086956519,0.9565217391304348,0.4489795918367347,0.6111111111111112,27,159839.05
10,4.0,0.0,2,A_optimal_rank_reduced,0.04347826086956519,0.9565217391304348,0.4489795918367347,0.6111111111111112,27,161300.7
10,4.0,0.0,2,E_optimal_rank_reduced,0.08695652173913049,0.9130434782608695,0.4375,0.5915492957746479,27,150640.27
10,4.0,0.0,2,goal_oriented_oed,0.08695652173913049,0.9130434782608695,0.42857142857142855,0.5833333333333334,28,149968.25
10,4.0,0.0,2,topological_dispersion,0.04347826086956519,0.9565217391304348,0.4583333333333333,0.619718309859155,26,144585.7
10,4.0,0.0,2,centrality,0.04347826086956519,0.9565217391304348,0.5,0.6567164179104478,22,25117.01
10,4.0,0.0,3,FO,0.04347826086956519,0.9565217391304348,0.4888888888888889,0.6470588235294117,23,24216.72
10,4.0,0.0,3,D_optimal_bayesian,0.04347826086956519,0.9565217391304348,0.4489795918367347,0.6111111111111112,27,150030.51
10,4.0,0.0,3,A_optimal_bayesian,0.04347826086956519,0.9565217391304348,0.4489795918367347,0.6111111111111112,27,179104.25
10,4.0,0.0,3,E_optimal_observable_subspace,0.04347826086956519,0.9565217391304348,0.4489795918367347,0.6111111111111112,27,179104.25
10,4.0,0.0,3,bayesian_information_gain,0.04347826086956519,0.9565217391304348,0.4489795918367347,0.6111111111111112,27,150030.51
10,4.0,0.0,3,D_optimal_rank_reduced,0.04347826086956519,0.9565217391304348,0.4489795918367347,0.6111111111111112,27,178738.96
10,4.0,0.0,3,A_optimal_rank_reduced,0.04347826086956519,0.9565217391304348,0.4489795918367347,0.6111111111111112,27,150522.87
10,4.0,0.0,3,E_optimal_rank_reduced,0.04347826086956519,0.9565217391304348,0.46808510638297873,0.6285714285714286,25,102736.01
10,4.0,0.0,3,goal_oriented_oed,0.08695652173913049,0.9130434782608695,0.4375,0.5915492957746479,27,139217.26
10,4.0,0.0,3,topological_dispersion,0.04347826086956519,0.9565217391304348,0.4489795918367347,0.6111111111111112,27,122835.32
10,4.0,0.0,3,centrality,0.04347826086956519,0.9565217391304348,0.4888888888888889,0.6470588235294117,23,12110.5
10,4.0,0.0,4,FO,0.08695652173913049,0.9130434782608695,0.4666666666666667,0.6176470588235294,24,28926.73
10,4.0,0.0,4,D_optimal_bayesian,0.08695652173913049,0.9130434782608695,0.44680851063829785,0.6,26,110025.9
10,4.0,0.0,4,A_optimal_bayesian,0.08695652173913049,0.9130434782608695,0.4375,0.5915492957746479,27,142504.78
10,4.0,0.0,4,E_optimal_observable_subspace,0.08695652173913049,0.9130434782608695,0.4375,0.5915492957746479,27,142504.78
10,4.0,0.0,4,bayesian_information_gain,0.08695652173913049,0.9130434782608695,0.44680851063829785,0.6,26,110025.9
10,4.0,0.0,4,D_optimal_rank_reduced,0.04347826086956519,0.9565217391304348,0.4583333333333333,0.619718309859155,26,140998.15
10,4.0,0.0,4,A_optimal_rank_reduced,0.04347826086956519,0.9565217391304348,0.4489795918367347,0.6111111111111112,27,89425.45
10,4.0,0.0,4,E_optimal_rank_reduced,0.04347826086956519,0.9565217391304348,0.46808510638297873,0.6285714285714286,25,157407.38
10,4.0,0.0,4,goal_oriented_oed,0.04347826086956519,0.9565217391304348,0.4489795918367347,0.6111111111111112,27,159720.0
10,4.0,0.0,4,topological_dispersion,0.08695652173913049,0.9130434782608695,0.44680851063829785,0.6,26,126307.46
10,4.0,0.0,4,centrality,0.08695652173913049,0.9130434782608695,0.4666666666666667,0.6176470588235294,24,10760.63
10,4.0,0.5,0,FO,0.04347826086956519,0.9565217391304348,0.4489795918367347,0.6111111111111112,27,74862.92
10,4.0,0.5,0,D_optimal_bayesian,0.04347826086956519,0.9565217391304348,0.44,0.6027397260273973,28,109834.93
10,4.0,0.5,0,A_optimal_bayesian,0.04347826086956519,0.9565217391304348,0.44,0.6027397260273973,28,194298.63
10,4.0,0.5,0,E_optimal_observable_subspace,0.04347826086956519,0.9565217391304348,0.44,0.6027397260273973,28,194298.63
10,4.0,0.5,0,bayesian_information_gain,0.04347826086956519,0.9565217391304348,0.44,0.6027397260273973,28,109834.93
10,4.0,0.5,0,D_optimal_rank_reduced,0.04347826086956519,0.9565217391304348,0.44,0.6027397260273973,28,195414.41
10,4.0,0.5,0,A_optimal_rank_reduced,0.04347826086956519,0.9565217391304348,0.44,0.6027397260273973,28,157919.63
10,4.0,0.5,0,E_optimal_rank_reduced,0.04347826086956519,0.9565217391304348,0.44,0.6027397260273973,28,60469.08
10,4.0,0.5,0,goal_oriented_oed,0.04347826086956519,0.9565217391304348,0.44,0.6027397260273973,28,144418.74
10,4.0,0.5,0,topological_dispersion,0.04347826086956519,0.9565217391304348,0.44,0.6027397260273973,28,194927.29
10,4.0,0.5,0,centrality,0.04347826086956519,0.9565217391304348,0.4489795918367347,0.6111111111111112,27,30856.92
10,4.0,0.5,1,FO,0.04347826086956519,0.9565217391304348,0.4583333333333333,0.619718309859155,26,53377.91
10,4.0,0.5,1,D_optimal_bayesian,0.04347826086956519,0.9565217391304348,0.44,0.6027397260273973,28,208087.92
10,4.0,0.5,1,A_optimal_bayesian,0.04347826086956519,0.9565217391304348,0.43137254901960786,0.5945945945945946,29,146316.84
10,4.0,0.5,1,E_optimal_observable_subspace,0.04347826086956519,0.9565217391304348,0.43137254901960786,0.5945945945945946,29,146316.84
10,4.0,0.5,1,bayesian_information_gain,0.04347826086956519,0.9565217391304348,0.44,0.6027397260273973,28,208087.92
10,4.0,0.5,1,D_optimal_rank_reduced,0.04347826086956519,0.9565217391304348,0.44,0.6027397260273973,28,161206.5
10,4.0,0.5,1,A_optimal_rank_reduced,0.04347826086956519,0.9565217391304348,0.44,0.6027397260273973,28,122323.39
10,4.0,0.5,1,E_optimal_rank_reduced,0.04347826086956519,0.9565217391304348,0.4489795918367347,0.6111111111111112,27,151053.27
10,4.0,0.5,1,goal_oriented_oed,0.04347826086956519,0.9565217391304348,0.4489795918367347,0.6111111111111112,27,185856.74
10,4.0,0.5,1,topological_dispersion,0.04347826086956519,0.9565217391304348,0.44,0.6027397260273973,28,141260.72
10,4.0,0.5,1,centrality,0.04347826086956519,0.9565217391304348,0.46808510638297873,0.6285714285714286,25,35904.8
10,4.0,0.5,2,FO,0.04347826086956519,0.9565217391304348,0.4489795918367347,0.6111111111111112,27,68153.01
10,4.0,0.5,2,D_optimal_bayesian,0.04347826086956519,0.9565217391304348,0.4489795918367347,0.6111111111111112,27,189832.82
10,4.0,0.5,2,A_optimal_bayesian,0.04347826086956519,0.9565217391304348,0.44,0.6027397260273973,28,111571.71
10,4.0,0.5,2,E_optimal_observable_subspace,0.04347826086956519,0.9565217391304348,0.44,0.6027397260273973,28,111571.71
10,4.0,0.5,2,bayesian_information_gain,0.04347826086956519,0.9565217391304348,0.4489795918367347,0.6111111111111112,27,189832.82
10,4.0,0.5,2,D_optimal_rank_reduced,0.04347826086956519,0.9565217391304348,0.44,0.6027397260273973,28,101363.18
10,4.0,0.5,2,A_optimal_rank_reduced,0.04347826086956519,0.9565217391304348,0.44,0.6027397260273973,28,191585.42
10,4.0,0.5,2,E_optimal_rank_reduced,0.04347826086956519,0.9565217391304348,0.44,0.6027397260273973,28,128855.89
10,4.0,0.5,2,goal_oriented_oed,0.04347826086956519,0.9565217391304348,0.44,0.6027397260273973,28,179888.99
10,4.0,0.5,2,topological_dispersion,0.04347826086956519,0.9565217391304348,0.44,0.6027397260273973,28,53867.66
10,4.0,0.5,2,centrality,0.04347826086956519,0.9565217391304348,0.4583333333333333,0.619718309859155,26,-6532.02
10,4.0,0.5,3,FO,0.04347826086956519,0.9565217391304348,0.46808510638297873,0.6285714285714286,25,46553.08
10,4.0,0.5,3,D_optimal_bayesian,0.04347826086956519,0.9565217391304348,0.4489795918367347,0.6111111111111112,27,196847.78
10,4.0,0.5,3,A_optimal_bayesian,0.04347826086956519,0.9565217391304348,0.4489795918367347,0.6111111111111112,27,184850.43
10,4.0,0.5,3,E_optimal_observable_subspace,0.04347826086956519,0.9565217391304348,0.4489795918367347,0.6111111111111112,27,184850.43
10,4.0,0.5,3,bayesian_information_gain,0.04347826086956519,0.9565217391304348,0.4489795918367347,0.6111111111111112,27,196847.78
10,4.0,0.5,3,D_optimal_rank_reduced,0.04347826086956519,0.9565217391304348,0.4489795918367347,0.6111111111111112,27,141753.81
10,4.0,0.5,3,A_optimal_rank_reduced,0.04347826086956519,0.9565217391304348,0.44,0.6027397260273973,28,140401.6
10,4.0,0.5,3,E_optimal_rank_reduced,0.04347826086956519,0.9565217391304348,0.4489795918367347,0.6111111111111112,27,211431.23
10,4.0,0.5,3,goal_oriented_oed,0.04347826086956519,0.9565217391304348,0.4489795918367347,0.6111111111111112,27,181465.8
10,4.0,0.5,3,topological_dispersion,0.04347826086956519,0.9565217391304348,0.4489795918367347,0.6111111111111112,27,105358.66
10,4.0,0.5,3,centrality,0.04347826086956519,0.9565217391304348,0.4583333333333333,0.619718309859155,26,21886.9
10,4.0,0.5,4,FO,0.04347826086956519,0.9565217391304348,0.4583333333333333,0.619718309859155,26,32252.99
10,4.0,0.5,4,D_optimal_bayesian,0.04347826086956519,0.9565217391304348,0.43137254901960786,0.5945945945945946,29,172320.72
10,4.0,0.5,4,A_optimal_bayesian,0.04347826086956519,0.9565217391304348,0.43137254901960786,0.5945945945945946,29,216164.86
10,4.0,0.5,4,E_optimal_observable_subspace,0.04347826086956519,0.9565217391304348,0.43137254901960786,0.5945945945945946,29,216164.86
10,4.0,0.5,4,bayesian_information_gain,0.04347826086956519,0.9565217391304348,0.43137254901960786,0.5945945945945946,29,172320.72
10,4.0,0.5,4,D_optimal_rank_reduced,0.04347826086956519,0.9565217391304348,0.4489795918367347,0.6111111111111112,27,163429.07
10,4.0,0.5,4,A_optimal_rank_reduced,0.04347826086956519,0.9565217391304348,0.44,0.6027397260273973,28,55341.09
10,4.0,0.5,4,E_optimal_rank_reduced,0.04347826086956519,0.9565217391304348,0.4489795918367347,0.6111111111111112,27,145005.06
10,4.0,0.5,4,goal_oriented_oed,0.04347826086956519,0.9565217391304348,0.44,0.6027397260273973,28,149376.4
10,4.0,0.5,4,topological_dispersion,0.04347826086956519,0.9565217391304348,0.4489795918367347,0.6111111111111112,27,179956.47
10,4.0,0.5,4,centrality,0.04347826086956519,0.9565217391304348,0.4583333333333333,0.619718309859155,26,13165.74
10,4.0,1.0,0,FO,0.04347826086956519,0.9565217391304348,0.44,0.6027397260273973,28,98480.44
10,4.0,1.0,0,D_optimal_bayesian,0.04347826086956519,0.9565217391304348,0.43137254901960786,0.5945945945945946,29,165579.3
10,4.0,1.0,0,A_optimal_bayesian,0.0,1.0,0.45098039215686275,0.6216216216216216,28,138256.25
10,4.0,1.0,0,E_optimal_observable_subspace,0.0,1.0,0.45098039215686275,0.6216216216216216,28,138256.25
10,4.0,1.0,0,bayesian_information_gain,0.04347826086956519,0.9565217391304348,0.43137254901960786,0.5945945945945946,29,165579.3
10,4.0,1.0,0,D_optimal_rank_reduced,0.04347826086956519,0.9565217391304348,0.44,0.6027397260273973,28,159276.92
10,4.0,1.0,0,A_optimal_rank_reduced,0.04347826086956519,0.9565217391304348,0.43137254901960786,0.5945945945945946,29,132061.52
10,4.0,1.0,0,E_optimal_rank_reduced,0.04347826086956519,0.9565217391304348,0.44,0.6027397260273973,28,146519.84
10,4.0,1.0,0,goal_oriented_oed,0.04347826086956519,0.9565217391304348,0.43137254901960786,0.5945945945945946,29,151609.39
10,4.0,1.0,0,topological_dispersion,0.04347826086956519,0.9565217391304348,0.44,0.6027397260273973,28,149346.0
10,4.0,1.0,0,centrality,0.04347826086956519,0.9565217391304348,0.44,0.6027397260273973,28,38047.34
10,4.0,1.0,1,FO,0.04347826086956519,0.9565217391304348,0.4489795918367347,0.6111111111111112,27,92196.47
10,4.0,1.0,1,D_optimal_bayesian,0.0,1.0,0.46,0.6301369863013699,27,187799.92
10,4.0,1.0,1,A_optimal_bayesian,0.0,1.0,0.45098039215686275,0.6216216216216216,28,159220.57
10,4.0,1.0,1,E_optimal_observable_subspace,0.0,1.0,0.45098039215686275,0.6216216216216216,28,159220.57
10,4.0,1.0,1,bayesian_information_gain,0.0,1.0,0.46,0.6301369863013699,27,187799.92
10,4.0,1.0,1,D_optimal_rank_reduced,0.0,1.0,0.46,0.6301369863013699,27,155332.78
10,4.0,1.0,1,A_optimal_rank_reduced,0.0,1.0,0.45098039215686275,0.6216216216216216,28,152859.48
10,4.0,1.0,1,E_optimal_rank_reduced,0.0,1.0,0.46,0.6301369863013699,27,151474.26
10,4.0,1.0,1,goal_oriented_oed,0.0,1.0,0.46,0.6301369863013699,27,132802.33
10,4.0,1.0,1,topological_dispersion,0.0,1.0,0.46,0.6301369863013699,27,119391.28
10,4.0,1.0,1,centrality,0.04347826086956519,0.9565217391304348,0.4489795918367347,0.6111111111111112,27,23817.8
10,4.0,1.0,2,FO,0.04347826086956519,0.9565217391304348,0.44,0.6027397260273973,28,41115.86
10,4.0,1.0,2,D_optimal_bayesian,0.0,1.0,0.46,0.6301369863013699,27,187401.14
10,4.0,1.0,2,A_optimal_bayesian,0.0,1.0,0.46,0.6301369863013699,27,238990.03
10,4.0,1.0,2,E_optimal_observable_subspace,0.0,1.0,0.46,0.6301369863013699,27,238990.03
10,4.0,1.0,2,bayesian_information_gain,0.0,1.0,0.46,0.6301369863013699,27,187401.14
10,4.0,1.0,2,D_optimal_rank_reduced,0.04347826086956519,0.9565217391304348,0.44,0.6027397260273973,28,96040.72
10,4.0,1.0,2,A_optimal_rank_reduced,0.0,1.0,0.45098039215686275,0.6216216216216216,28,171672.34
10,4.0,1.0,2,E_optimal_rank_reduced,0.0,1.0,0.46,0.6301369863013699,27,132835.45
10,4.0,1.0,2,goal_oriented_oed,0.04347826086956519,0.9565217391304348,0.43137254901960786,0.5945945945945946,29,150834.35
10,4.0,1.0,2,topological_dispersion,0.0,1.0,0.46,0.6301369863013699,27,111136.73
10,4.0,1.0,2,centrality,0.04347826086956519,0.9565217391304348,0.4489795918367347,0.6111111111111112,27,11334.4
10,4.0,1.0,3,FO,0.04347826086956519,0.9565217391304348,0.44,0.6027397260273973,28,71525.25
10,4.0,1.0,3,D_optimal_bayesian,0.04347826086956519,0.9565217391304348,0.44,0.6027397260273973,28,154414.19
10,4.0,1.0,3,A_optimal_bayesian,0.0,1.0,0.45098039215686275,0.6216216216216216,28,226896.46
10,4.0,1.0,3,E_optimal_observable_subspace,0.0,1.0,0.45098039215686275,0.6216216216216216,28,226896.46
10,4.0,1.0,3,bayesian_information_gain,0.04347826086956519,0.9565217391304348,0.44,0.6027397260273973,28,154414.19
10,4.0,1.0,3,D_optimal_rank_reduced,0.04347826086956519,0.9565217391304348,0.43137254901960786,0.5945945945945946,29,167582.97
10,4.0,1.0,3,A_optimal_rank_reduced,0.04347826086956519,0.9565217391304348,0.43137254901960786,0.5945945945945946,29,216674.79
10,4.0,1.0,3,E_optimal_rank_reduced,0.04347826086956519,0.9565217391304348,0.43137254901960786,0.5945945945945946,29,123983.99
10,4.0,1.0,3,goal_oriented_oed,0.0,1.0,0.45098039215686275,0.6216216216216216,28,158505.83
10,4.0,1.0,3,topological_dispersion,0.0,1.0,0.45098039215686275,0.6216216216216216,28,174483.44
10,4.0,1.0,3,centrality,0.04347826086956519,0.9565217391304348,0.44,0.6027397260273973,28,41903.88
10,4.0,1.0,4,FO,0.0,1.0,0.46,0.6301369863013699,27,43456.67
10,4.0,1.0,4,D_optimal_bayesian,0.0,1.0,0.45098039215686275,0.6216216216216216,28,160668.14
10,4.0,1.0,4,A_optimal_bayesian,0.0,1.0,0.45098039215686275,0.6216216216216216,28,184530.31
10,4.0,1.0,4,E_optimal_observable_subspace,0.0,1.0,0.45098039215686275,0.6216216216216216,28,184530.31
10,4.0,1.0,4,bayesian_information_gain,0.0,1.0,0.45098039215686275,0.6216216216216216,28,160668.14
10,4.0,1.0,4,D_optimal_rank_reduced,0.0,1.0,0.46,0.6301369863013699,27,107726.09
10,4.0,1.0,4,A_optimal_rank_reduced,0.04347826086956519,0.9565217391304348,0.43137254901960786,0.5945945945945946,29,157056.86
10,4.0,1.0,4,E_optimal_rank_reduced,0.0,1.0,0.46,0.6301369863013699,27,114352.34
10,4.0,1.0,4,goal_oriented_oed,0.0,1.0,0.45098039215686275,0.6216216216216216,28,176684.53
10,4.0,1.0,4,topological_dispersion,0.04347826086956519,0.9565217391304348,0.44,0.6027397260273973,28,180738.81
10,4.0,1.0,4,centrality,0.0,1.0,0.45098039215686275,0.6216216216216216,28,31682.03
12,0.0,0.0,0,FO,0.08695652173913049,0.9130434782608695,0.5121951219512195,0.6562499999999999,20,19153.81
12,0.0,0.0,0,D_optimal_bayesian,0.08695652173913049,0.9130434782608695,0.44680851063829785,0.6,26,124866.58
12,0.0,0.0,0,A_optimal_bayesian,0.08695652173913049,0.9130434782608695,0.4375,0.5915492957746479,27,92926.94
12,0.0,0.0,0,E_optimal_observable_subspace,0.08695652173913049,0.9130434782608695,0.4375,0.5915492957746479,27,92926.94
12,0.0,0.0,0,bayesian_information_gain,0.08695652173913049,0.9130434782608695,0.44680851063829785,0.6,26,124866.58
12,0.0,0.0,0,D_optimal_rank_reduced,0.08695652173913049,0.9130434782608695,0.44680851063829785,0.6,26,100216.21
12,0.0,0.0,0,A_optimal_rank_reduced,0.08695652173913049,0.9130434782608695,0.4375,0.5915492957746479,27,77514.52
12,0.0,0.0,0,E_optimal_rank_reduced,0.08695652173913049,0.9130434782608695,0.44680851063829785,0.6,26,138472.85
12,0.0,0.0,0,goal_oriented_oed,0.08695652173913049,0.9130434782608695,0.4375,0.5915492957746479,27,148141.27
12,0.0,0.0,0,topological_dispersion,0.08695652173913049,0.9130434782608695,0.4375,0.5915492957746479,27,100677.87
12,0.0,0.0,0,centrality,0.08695652173913049,0.9130434782608695,0.4772727272727273,0.6268656716417911,23,68563.0
12,0.0,0.5,0,FO,0.04347826086956519,0.9565217391304348,0.4583333333333333,0.619718309859155,26,67576.73
12,0.0,0.5,0,D_optimal_bayesian,0.04347826086956519,0.9565217391304348,0.44,0.6027397260273973,28,194352.2
12,0.0,0.5,0,A_optimal_bayesian,0.04347826086956519,0.9565217391304348,0.4489795918367347,0.6111111111111112,27,152854.68
12,0.0,0.5,0,E_optimal_observable_subspace,0.04347826086956519,0.9565217391304348,0.4489795918367347,0.6111111111111112,27,152854.68
12,0.0,0.5,0,bayesian_information_gain,0.04347826086956519,0.9565217391304348,0.44,0.6027397260273973,28,194352.2
12,0.0,0.5,0,D_optimal_rank_reduced,0.04347826086956519,0.9565217391304348,0.4489795918367347,0.6111111111111112,27,159208.05
12,0.0,0.5,0,A_optimal_rank_reduced,0.04347826086956519,0.9565217391304348,0.44,0.6027397260273973,28,150670.37
12,0.0,0.5,0,E_optimal_rank_reduced,0.04347826086956519,0.9565217391304348,0.4489795918367347,0.6111111111111112,27,124366.89
12,0.0,0.5,0,goal_oriented_oed,0.04347826086956519,0.9565217391304348,0.4489795918367347,0.6111111111111112,27,129127.47
12,0.0,0.5,0,topological_dispersion,0.04347826086956519,0.9565217391304348,0.4489795918367347,0.6111111111111112,27,147896.75
12,0.0,0.5,0,centrality,0.04347826086956519,0.9565217391304348,0.4583333333333333,0.619718309859155,26,153860.02
12,0.0,0.5,1,FO,0.08695652173913049,0.9130434782608695,0.4375,0.5915492957746479,27,118565.92
12,0.0,0.5,1,D_optimal_bayesian,0.08695652173913049,0.9130434782608695,0.4375,0.5915492957746479,27,192686.88
12,0.0,0.5,1,A_optimal_bayesian,0.08695652173913049,0.9130434782608695,0.4375,0.5915492957746479,27,178027.66
12,0.0,0.5,1,E_optimal_observable_subspace,0.08695652173913049,0.9130434782608695,0.4375,0.5915492957746479,27,178027.66
12,0.0,0.5,1,bayesian_information_gain,0.08695652173913049,0.9130434782608695,0.4375,0.5915492957746479,27,192686.88
12,0.0,0.5,1,D_optimal_rank_reduced,0.04347826086956519,0.9565217391304348,0.4583333333333333,0.619718309859155,26,162286.38
12,0.0,0.5,1,A_optimal_rank_reduced,0.08695652173913049,0.9130434782608695,0.4375,0.5915492957746479,27,150619.12
12,0.0,0.5,1,E_optimal_rank_reduced,0.04347826086956519,0.9565217391304348,0.4583333333333333,0.619718309859155,26,109052.35
12,0.0,0.5,1,goal_oriented_oed,0.04347826086956519,0.9565217391304348,0.4489795918367347,0.6111111111111112,27,167998.93
12,0.0,0.5,1,topological_dispersion,0.04347826086956519,0.9565217391304348,0.4583333333333333,0.619718309859155,26,148729.57
12,0.0,0.5,1,centrality,0.04347826086956519,0.9565217391304348,0.4583333333333333,0.619718309859155,26,81352.32
12,0.0,0.5,2,FO,0.04347826086956519,0.9565217391304348,0.4583333333333333,0.619718309859155,26,36416.1
12,0.0,0.5,2,D_optimal_bayesian,0.0,1.0,0.46938775510204084,0.6388888888888888,26,115239.26
12,0.0,0.5,2,A_optimal_bayesian,0.0,1.0,0.46938775510204084,0.6388888888888888,26,142114.4
12,0.0,0.5,2,E_optimal_observable_subspace,0.0,1.0,0.46938775510204084,0.6388888888888888,26,142114.4
12,0.0,0.5,2,bayesian_information_gain,0.0,1.0,0.46938775510204084,0.6388888888888888,26,115239.26
12,0.0,0.5,2,D_optimal_rank_reduced,0.04347826086956519,0.9565217391304348,0.4489795918367347,0.6111111111111112,27,56040.42
12,0.0,0.5,2,A_optimal_rank_reduced,0.04347826086956519,0.9565217391304348,0.4489795918367347,0.6111111111111112,27,114504.84
12,0.0,0.5,2,E_optimal_rank_reduced,0.04347826086956519,0.9565217391304348,0.4583333333333333,0.619718309859155,26,173453.04
12,0.0,0.5,2,goal_oriented_oed,0.04347826086956519,0.9565217391304348,0.4489795918367347,0.6111111111111112,27,184081.52
12,0.0,0.5,2,topological_dispersion,0.0,1.0,0.46938775510204084,0.6388888888888888,26,147233.86
12,0.0,0.5,2,centrality,0.04347826086956519,0.9565217391304348,0.4782608695652174,0.6376811594202898,24,74562.49
12,0.0,0.5,3,FO,0.08695652173913049,0.9130434782608695,0.44680851063829785,0.6,26,33901.91
12,0.0,0.5,3,D_optimal_bayesian,0.08695652173913049,0.9130434782608695,0.42,0.5753424657534246,29,127497.55
12,0.0,0.5,3,A_optimal_bayesian,0.04347826086956519,0.9565217391304348,0.44,0.6027397260273973,28,148528.84
12,0.0,0.5,3,E_optimal_observable_subspace,0.04347826086956519,0.9565217391304348,0.44,0.6027397260273973,28,148528.84
12,0.0,0.5,3,bayesian_information_gain,0.08695652173913049,0.9130434782608695,0.42,0.5753424657534246,29,127497.55
12,0.0,0.5,3,D_optimal_rank_reduced,0.08695652173913049,0.9130434782608695,0.4375,0.5915492957746479,27,138170.92
12,0.0,0.5,3,A_optimal_rank_reduced,0.04347826086956519,0.9565217391304348,0.44,0.6027397260273973,28,124922.9
12,0.0,0.5,3,E_optimal_rank_reduced,0.04347826086956519,0.9565217391304348,0.4489795918367347,0.6111111111111112,27,179919.91
12,0.0,0.5,3,goal_oriented_oed,0.04347826086956519,0.9565217391304348,0.44,0.6027397260273973,28,150162.46
12,0.0,0.5,3,topological_dispersion,0.04347826086956519,0.9565217391304348,0.4489795918367347,0.6111111111111112,27,146844.09
12,0.0,0.5,3,centrality,0.04347826086956519,0.9565217391304348,0.4583333333333333,0.619718309859155,26,72784.19
12,0.0,0.5,4,FO,0.08695652173913049,0.9130434782608695,0.4666666666666667,0.6176470588235294,24,133996.65
12,0.0,0.5,4,D_optimal_bayesian,0.04347826086956519,0.9565217391304348,0.44,0.6027397260273973,28,242040.99
12,0.0,0.5,4,A_optimal_bayesian,0.04347826086956519,0.9565217391304348,0.44,0.6027397260273973,28,182054.93
12,0.0,0.5,4,E_optimal_observable_subspace,0.04347826086956519,0.9565217391304348,0.44,0.6027397260273973,28,182054.93
12,0.0,0.5,4,bayesian_information_gain,0.04347826086956519,0.9565217391304348,0.44,0.6027397260273973,28,242040.99
12,0.0,0.5,4,D_optimal_rank_reduced,0.04347826086956519,0.9565217391304348,0.4583333333333333,0.619718309859155,26,129148.3
12,0.0,0.5,4,A_optimal_rank_reduced,0.04347826086956519,0.9565217391304348,0.4489795918367347,0.6111111111111112,27,96281.0
12,0.0,0.5,4,E_optimal_rank_reduced,0.04347826086956519,0.9565217391304348,0.4583333333333333,0.619718309859155,26,88195.87
12,0.0,0.5,4,goal_oriented_oed,0.04347826086956519,0.9565217391304348,0.4489795918367347,0.6111111111111112,27,150497.79
12,0.0,0.5,4,topological_dispersion,0.08695652173913049,0.9130434782608695,0.4375,0.5915492957746479,27,86528.24
12,0.0,0.5,4,centrality,0.04347826086956519,0.9565217391304348,0.4782608695652174,0.6376811594202898,24,85119.51
12,0.0,1.0,0,FO,0.04347826086956519,0.9565217391304348,0.4489795918367347,0.6111111111111112,27,117356.54
12,0.0,1.0,0,D_optimal_bayesian,0.04347826086956519,0.9565217391304348,0.44,0.6027397260273973,28,143733.76
12,0.0,1.0,0,A_optimal_bayesian,0.04347826086956519,0.9565217391304348,0.44,0.6027397260273973,28,186092.94
12,0.0,1.0,0,E_optimal_observable_subspace,0.04347826086956519,0.9565217391304348,0.44,0.6027397260273973,28,186092.94
12,0.0,1.0,0,bayesian_information_gain,0.04347826086956519,0.9565217391304348,0.44,0.6027397260273973,28,143733.76
12,0.0,1.0,0,D_optimal_rank_reduced,0.04347826086956519,0.9565217391304348,0.44,0.6027397260273973,28,104478.73
12,0.0,1.0,0,A_optimal_rank_reduced,0.04347826086956519,0.9565217391304348,0.44,0.6027397260273973,28,166922.92
12,0.0,1.0,0,E_optimal_rank_reduced,0.04347826086956519,0.9565217391304348,0.44,0.6027397260273973,28,113459.58
12,0.0,1.0,0,goal_oriented_oed,0.04347826086956519,0.9565217391304348,0.44,0.6027397260273973,28,139761.49
12,0.0,1.0,0,topological_dispersion,0.04347826086956519,0.9565217391304348,0.44,0.6027397260273973,28,167674.97
12,0.0,1.0,0,centrality,0.04347826086956519,0.9565217391304348,0.4489795918367347,0.6111111111111112,27,42943.63
12,0.0,1.0,1,FO,0.08695652173913049,0.9130434782608695,0.4375,0.5915492957746479,27,3224.22
12,0.0,1.0,1,D_optimal_bayesian,0.04347826086956519,0.9565217391304348,0.44,0.6027397260273973,28,79870.34
12,0.0,1.0,1,A_optimal_bayesian,0.04347826086956519,0.9565217391304348,0.44,0.6027397260273973,28,65082.29
12,0.0,1.0,1,E_optimal_observable_subspace,0.04347826086956519,0.9565217391304348,0.44,0.6027397260273973,28,65082.29
12,0.0,1.0,1,bayesian_information_gain,0.04347826086956519,0.9565217391304348,0.44,0.6027397260273973,28,79870.34
12,0.0,1.0,1,D_optimal_rank_reduced,0.04347826086956519,0.9565217391304348,0.44,0.6027397260273973,28,98365.87
12,0.0,1.0,1,A_optimal_rank_reduced,0.04347826086956519,0.9565217391304348,0.43137254901960786,0.5945945945945946,29,114211.69
12,0.0,1.0,1,E_optimal_rank_reduced,0.04347826086956519,0.9565217391304348,0.44,0.6027397260273973,28,125683.55
12,0.0,1.0,1,goal_oriented_oed,0.04347826086956519,0.9565217391304348,0.43137254901960786,0.5945945945945946,29,129025.09
12,0.0,1.0,1,topological_dispersion,0.04347826086956519,0.9565217391304348,0.44,0.6027397260273973,28,99477.05
12,0.0,1.0,1,centrality,0.04347826086956519,0.9565217391304348,0.44,0.6027397260273973,28,64640.98
12,0.0,1.0,2,FO,0.04347826086956519,0.9565217391304348,0.4583333333333333,0.619718309859155,26,95680.41
12,0.0,1.0,2,D_optimal_bayesian,0.04347826086956519,0.9565217391304348,0.44,0.6027397260273973,28,157994.88
12,0.0,1.0,2,A_optimal_bayesian,0.04347826086956519,0.9565217391304348,0.44,0.6027397260273973,28,147242.41
12,0.0,1.0,2,E_optimal_observable_subspace,0.04347826086956519,0.9565217391304348,0.44,0.6027397260273973,28,147242.41
12,0.0,1.0,2,bayesian_information_gain,0.04347826086956519,0.9565217391304348,0.44,0.6027397260273973,28,157994.88
12,0.0,1.0,2,D_optimal_rank_reduced,0.04347826086956519,0.9565217391304348,0.44,0.6027397260273973,28,188019.56
12,0.0,1.0,2,A_optimal_rank_reduced,0.04347826086956519,0.9565217391304348,0.44,0.6027397260273973,28,199797.83
12,0.0,1.0,2,E_optimal_rank_reduced,0.04347826086956519,0.9565217391304348,0.44,0.6027397260273973,28,142817.99
12,0.0,1.0,2,goal_oriented_oed,0.04347826086956519,0.9565217391304348,0.44,0.6027397260273973,28,202576.55
12,0.0,1.0,2,topological_dispersion,0.04347826086956519,0.9565217391304348,0.44,0.6027397260273973,28,94557.67
12,0.0,1.0,2,centrality,0.04347826086956519,0.9565217391304348,0.4489795918367347,0.6111111111111112,27,42813.31
12,0.0,1.0,3,FO,0.08695652173913049,0.9130434782608695,0.42857142857142855,0.5833333333333334,28,61057.6
12,0.0,1.0,3,D_optimal_bayesian,0.0,1.0,0.45098039215686275,0.6216216216216216,28,187574.79
12,0.0,1.0,3,A_optimal_bayesian,0.0,1.0,0.45098039215686275,0.6216216216216216,28,205175.87
12,0.0,1.0,3,E_optimal_observable_subspace,0.0,1.0,0.45098039215686275,0.6216216216216216,28,205175.87
12,0.0,1.0,3,bayesian_information_gain,0.0,1.0,0.45098039215686275,0.6216216216216216,28,187574.79
12,0.0,1.0,3,D_optimal_rank_reduced,0.0,1.0,0.45098039215686275,0.6216216216216216,28,125910.52
12,0.0,1.0,3,A_optimal_rank_reduced,0.04347826086956519,0.9565217391304348,0.43137254901960786,0.5945945945945946,29,174717.53
12,0.0,1.0,3,E_optimal_rank_reduced,0.04347826086956519,0.9565217391304348,0.44,0.6027397260273973,28,169233.7
12,0.0,1.0,3,goal_oriented_oed,0.0,1.0,0.45098039215686275,0.6216216216216216,28,176749.28
12,0.0,1.0,3,topological_dispersion,0.0,1.0,0.46,0.6301369863013699,27,174658.17
12,0.0,1.0,3,centrality,0.04347826086956519,0.9565217391304348,0.4489795918367347,0.6111111111111112,27,65973.56
12,0.0,1.0,4,FO,0.04347826086956519,0.9565217391304348,0.46808510638297873,0.6285714285714286,25,70743.45
12,0.0,1.0,4,D_optimal_bayesian,0.04347826086956519,0.9565217391304348,0.44,0.6027397260273973,28,107613.05
12,0.0,1.0,4,A_optimal_bayesian,0.04347826086956519,0.9565217391304348,0.44,0.6027397260273973,28,112421.14
12,0.0,1.0,4,E_optimal_observable_subspace,0.04347826086956519,0.9565217391304348,0.44,0.6027397260273973,28,112421.14
12,0.0,1.0,4,bayesian_information_gain,0.04347826086956519,0.9565217391304348,0.44,0.6027397260273973,28,107613.05
12,0.0,1.0,4,D_optimal_rank_reduced,0.04347826086956519,0.9565217391304348,0.44,0.6027397260273973,28,191367.18
12,0.0,1.0,4,A_optimal_rank_reduced,0.04347826086956519,0.9565217391304348,0.44,0.6027397260273973,28,121777.89
12,0.0,1.0,4,E_optimal_rank_reduced,0.04347826086956519,0.9565217391304348,0.4489795918367347,0.6111111111111112,27,105893.79
12,0.0,1.0,4,goal_oriented_oed,0.04347826086956519,0.9565217391304348,0.44,0.6027397260273973,28,213212.53
12,0.0,1.0,4,topological_dispersion,0.04347826086956519,0.9565217391304348,0.44,0.6027397260273973,28,34273.67
12,0.0,1.0,4,centrality,0.04347826086956519,0.9565217391304348,0.46808510638297873,0.6285714285714286,25,67573.57
12,1.0,0.0,0,FO,0.08695652173913049,0.9130434782608695,0.4883720930232558,0.6363636363636364,22,106585.02
12,1.0,0.0,0,D_optimal_bayesian,0.08695652173913049,0.9130434782608695,0.44680851063829785,0.6,26,73046.43
12,1.0,0.0,0,A_optimal_bayesian,0.08695652173913049,0.9130434782608695,0.4375,0.5915492957746479,27,173727.06
12,1.0,0.0,0,E_optimal_observable_subspace,0.08695652173913049,0.9130434782608695,0.4375,0.5915492957746479,27,173727.06
12,1.0,0.0,0,bayesian_information_gain,0.08695652173913049,0.9130434782608695,0.44680851063829785,0.6,26,73046.43
12,1.0,0.0,0,D_optimal_rank_reduced,0.08695652173913049,0.9130434782608695,0.44680851063829785,0.6,26,103111.28
12,1.0,0.0,0,A_optimal_rank_reduced,0.08695652173913049,0.9130434782608695,0.4375,0.5915492957746479,27,104551.28
12,1.0,0.0,0,E_optimal_rank_reduced,0.08695652173913049,0.9130434782608695,0.45652173913043476,0.608695652173913,25,85982.66
12,1.0,0.0,0,goal_oriented_oed,0.04347826086956519,0.9565217391304348,0.4583333333333333,0.619718309859155,26,90304.35
12,1.0,0.0,0,topological_dispersion,0.08695652173913049,0.9130434782608695,0.4375,0.5915492957746479,27,74094.97
12,1.0,0.0,0,centrality,0.04347826086956519,0.9565217391304348,0.5,0.6567164179104478,22,38358.77
12,1.0,0.0,1,FO,0.08695652173913049,0.9130434782608695,0.4772727272727273,0.6268656716417911,23,113942.57
12,1.0,0.0,1,D_optimal_bayesian,0.08695652173913049,0.9130434782608695,0.42857142857142855,0.5833333333333334,28,108524.73
12,1.0,0.0,1,A_optimal_bayesian,0.08695652173913049,0.9130434782608695,0.42857142857142855,0.5833333333333334,28,193360.85
12,1.0,0.0,1,E_optimal_observable_subspace,0.08695652173913049,0.9130434782608695,0.42857142857142855,0.5833333333333334,28,193360.85
12,1.0,0.0,1,bayesian_information_gain,0.08695652173913049,0.9130434782608695,0.42857142857142855,0.5833333333333334,28,108524.73
12,1.0,0.0,1,D_optimal_rank_reduced,0.08695652173913049,0.9130434782608695,0.4375,0.5915492957746479,27,134587.1
12,1.0,0.0,1,A_optimal_rank_reduced,0.08695652173913049,0.9130434782608695,0.4375,0.5915492957746479,27,86260.8
12,1.0,0.0,1,E_optimal_rank_reduced,0.08695652173913049,0.9130434782608695,0.45652173913043476,0.608695652173913,25,137635.13
12,1.0,0.0,1,goal_oriented_oed,0.04347826086956519,0.9565217391304348,0.4583333333333333,0.619718309859155,26,148901.28
12,1.0,0.0,1,topological_dispersion,0.08695652173913049,0.9130434782608695,0.42857142857142855,0.5833333333333334,28,96890.45
12,1.0,0.0,1,centrality,0.04347826086956519,0.9565217391304348,0.4888888888888889,0.6470588235294117,23,75781.66
12,1.0,0.0,2,FO,0.08695652173913049,0.9130434782608695,0.4883720930232558,0.6363636363636364,22,108972.59
12,1.0,0.0,2,D_optimal_bayesian,0.08695652173913049,0.9130434782608695,0.4375,0.5915492957746479,27,131091.81
12,1.0,0.0,2,A_optimal_bayesian,0.08695652173913049,0.9130434782608695,0.4375,0.5915492957746479,27,141751.05
12,1.0,0.0,2,E_optimal_observable_subspace,0.08695652173913049,0.9130434782608695,0.4375,0.5915492957746479,27,141751.05
12,1.0,0.0,2,bayesian_information_gain,0.08695652173913049,0.9130434782608695,0.4375,0.5915492957746479,27,131091.81
12,1.0,0.0,2,D_optimal_rank_reduced,0.08695652173913049,0.9130434782608695,0.44680851063829785,0.6,26,134448.46
12,1.0,0.0,2,A_optimal_rank_reduced,0.08695652173913049,0.9130434782608695,0.4375,0.5915492957746479,27,180003.23
12,1.0,0.0,2,E_optimal_rank_reduced,0.08695652173913049,0.9130434782608695,0.44680851063829785,0.6,26,93569.43
12,1.0,0.0,2,goal_oriented_oed,0.04347826086956519,0.9565217391304348,0.4782608695652174,0.6376811594202898,24,122844.38
12,1.0,0.0,2,topological_dispersion,0.08695652173913049,0.9130434782608695,0.4375,0.5915492957746479,27,174388.97
12,1.0,0.0,2,centrality,0.04347826086956519,0.9565217391304348,0.5,0.6567164179104478,22,66688.69
12,1.0,0.0,3,FO,0.08695652173913049,0.9130434782608695,0.4883720930232558,0.6363636363636364,22,73974.46
12,1.0,0.0,3,D_optimal_bayesian,0.08695652173913049,0.9130434782608695,0.45652173913043476,0.608695652173913,25,173253.28
12,1.0,0.0,3,A_optimal_bayesian,0.08695652173913049,0.9130434782608695,0.44680851063829785,0.6,26,91034.23
12,1.0,0.0,3,E_optimal_observable_subspace,0.08695652173913049,0.9130434782608695,0.44680851063829785,0.6,26,91034.23
12,1.0,0.0,3,bayesian_information_gain,0.08695652173913049,0.9130434782608695,0.45652173913043476,0.608695652173913,25,173253.28
12,1.0,0.0,3,D_optimal_rank_reduced,0.08695652173913049,0.9130434782608695,0.45652173913043476,0.608695652173913,25,111851.52
12,1.0,0.0,3,A_optimal_rank_reduced,0.08695652173913049,0.9130434782608695,0.44680851063829785,0.6,26,131405.39
12,1.0,0.0,3,E_optimal_rank_reduced,0.08695652173913049,0.9130434782608695,0.45652173913043476,0.608695652173913,25,92002.22
12,1.0,0.0,3,goal_oriented_oed,0.08695652173913049,0.9130434782608695,0.45652173913043476,0.608695652173913,25,161448.63
12,1.0,0.0,3,topological_dispersion,0.08695652173913049,0.9130434782608695,0.42857142857142855,0.5833333333333334,28,115418.39
12,1.0,0.0,3,centrality,0.08695652173913049,0.9130434782608695,0.4772727272727273,0.6268656716417911,23,63805.05
12,1.0,0.0,4,FO,0.08695652173913049,0.9130434782608695,0.5,0.6461538461538461,21,128730.74
12,1.0,0.0,4,D_optimal_bayesian,0.08695652173913049,0.9130434782608695,0.4375,0.5915492957746479,27,104452.45
12,1.0,0.0,4,A_optimal_bayesian,0.08695652173913049,0.9130434782608695,0.4375,0.5915492957746479,27,100575.71
12,1.0,0.0,4,E_optimal_observable_subspace,0.08695652173913049,0.9130434782608695,0.4375,0.5915492957746479,27,100575.71
12,1.0,0.0,4,bayesian_information_gain,0.08695652173913049,0.9130434782608695,0.4375,0.5915492957746479,27,104452.45
12,1.0,0.0,4,D_optimal_rank_reduced,0.08695652173913049,0.9130434782608695,0.4375,0.5915492957746479,27,113690.53
12,1.0,0.0,4,A_optimal_rank_reduced,0.08695652173913049,0.9130434782608695,0.4375,0.5915492957746479,27,108715.29
12,1.0,0.0,4,E_optimal_rank_reduced,0.08695652173913049,0.9130434782608695,0.44680851063829785,0.6,26,99893.04
12,1.0,0.0,4,goal_oriented_oed,0.08695652173913049,0.9130434782608695,0.44680851063829785,0.6,26,66200.79
12,1.0,0.0,4,topological_dispersion,0.08695652173913049,0.9130434782608695,0.42857142857142855,0.5833333333333334,28,190999.29
12,1.0,0.0,4,centrality,0.08695652173913049,0.9130434782608695,0.4772727272727273,0.6268656716417911,23,17922.58
12,1.0,0.5,0,FO,0.04347826086956519,0.9565217391304348,0.46808510638297873,0.6285714285714286,25,106357.54
12,1.0,0.5,0,D_optimal_bayesian,0.04347826086956519,0.9565217391304348,0.4489795918367347,0.6111111111111112,27,141880.41
12,1.0,0.5,0,A_optimal_bayesian,0.0,1.0,0.46938775510204084,0.6388888888888888,26,140443.68
12,1.0,0.5,0,E_optimal_observable_subspace,0.0,1.0,0.46938775510204084,0.6388888888888888,26,140443.68
12,1.0,0.5,0,bayesian_information_gain,0.04347826086956519,0.9565217391304348,0.4489795918367347,0.6111111111111112,27,141880.41
12,1.0,0.5,0,D_optimal_rank_reduced,0.04347826086956519,0.9565217391304348,0.44,0.6027397260273973,28,222686.16
12,1.0,0.5,0,A_optimal_rank_reduced,0.04347826086956519,0.9565217391304348,0.44,0.6027397260273973,28,223465.41
12,1.0,0.5,0,E_optimal_rank_reduced,0.04347826086956519,0.9565217391304348,0.44,0.6027397260273973,28,100324.86
12,1.0,0.5,0,goal_oriented_oed,0.04347826086956519,0.9565217391304348,0.4489795918367347,0.6111111111111112,27,158124.35
12,1.0,0.5,0,topological_dispersion,0.04347826086956519,0.9565217391304348,0.4489795918367347,0.6111111111111112,27,85443.36
12,1.0,0.5,0,centrality,0.04347826086956519,0.9565217391304348,0.46808510638297873,0.6285714285714286,25,94063.81
12,1.0,0.5,1,FO,0.04347826086956519,0.9565217391304348,0.4583333333333333,0.619718309859155,26,67365.89
12,1.0,0.5,1,D_optimal_bayesian,0.04347826086956519,0.9565217391304348,0.4489795918367347,0.6111111111111112,27,134003.27
12,1.0,0.5,1,A_optimal_bayesian,0.04347826086956519,0.9565217391304348,0.4489795918367347,0.6111111111111112,27,160570.74
12,1.0,0.5,1,E_optimal_observable_subspace,0.04347826086956519,0.9565217391304348,0.4489795918367347,0.6111111111111112,27,160570.74
12,1.0,0.5,1,bayesian_information_gain,0.04347826086956519,0.9565217391304348,0.4489795918367347,0.6111111111111112,27,134003.27
12,1.0,0.5,1,D_optimal_rank_reduced,0.08695652173913049,0.9130434782608695,0.44680851063829785,0.6,26,53417.42
12,1.0,0.5,1,A_optimal_rank_reduced,0.08695652173913049,0.9130434782608695,0.4375,0.5915492957746479,27,85356.72
12,1.0,0.5,1,E_optimal_rank_reduced,0.08695652173913049,0.9130434782608695,0.44680851063829785,0.6,26,111719.17
12,1.0,0.5,1,goal_oriented_oed,0.04347826086956519,0.9565217391304348,0.4583333333333333,0.619718309859155,26,153734.31
12,1.0,0.5,1,topological_dispersion,0.04347826086956519,0.9565217391304348,0.4583333333333333,0.619718309859155,26,146029.82
12,1.0,0.5,1,centrality,0.04347826086956519,0.9565217391304348,0.4782608695652174,0.6376811594202898,24,105876.09
12,1.0,0.5,2,FO,0.04347826086956519,0.9565217391304348,0.46808510638297873,0.6285714285714286,25,87782.33
12,1.0,0.5,2,D_optimal_bayesian,0.04347826086956519,0.9565217391304348,0.44,0.6027397260273973,28,203956.08
12,1.0,0.5,2,A_optimal_bayesian,0.04347826086956519,0.9565217391304348,0.44,0.6027397260273973,28,162193.24
12,1.0,0.5,2,E_optimal_observable_subspace,0.04347826086956519,0.9565217391304348,0.44,0.6027397260273973,28,162193.24
12,1.0,0.5,2,bayesian_information_gain,0.04347826086956519,0.9565217391304348,0.44,0.6027397260273973,28,203956.08
12,1.0,0.5,2,D_optimal_rank_reduced,0.04347826086956519,0.9565217391304348,0.4583333333333333,0.619718309859155,26,157794.04
12,1.0,0.5,2,A_optimal_rank_reduced,0.04347826086956519,0.9565217391304348,0.4489795918367347,0.6111111111111112,27,182519.51
12,1.0,0.5,2,E_optimal_rank_reduced,0.08695652173913049,0.9130434782608695,0.4375,0.5915492957746479,27,174762.15
12,1.0,0.5,2,goal_oriented_oed,0.04347826086956519,0.9565217391304348,0.4489795918367347,0.6111111111111112,27,215767.82
12,1.0,0.5,2,topological_dispersion,0.04347826086956519,0.9565217391304348,0.4489795918367347,0.6111111111111112,27,121278.82
12,1.0,0.5,2,centrality,0.04347826086956519,0.9565217391304348,0.4583333333333333,0.619718309859155,26,47032.31
12,1.0,0.5,3,FO,0.08695652173913049,0.9130434782608695,0.45652173913043476,0.608695652173913,25,143338.8
12,1.0,0.5,3,D_optimal_bayesian,0.04347826086956519,0.9565217391304348,0.44,0.6027397260273973,28,148915.74
12,1.0,0.5,3,A_optimal_bayesian,0.04347826086956519,0.9565217391304348,0.44,0.6027397260273973,28,225755.31
12,1.0,0.5,3,E_optimal_observable_subspace,0.04347826086956519,0.9565217391304348,0.44,0.6027397260273973,28,225755.31
12,1.0,0.5,3,bayesian_information_gain,0.04347826086956519,0.9565217391304348,0.44,0.6027397260273973,28,148915.74
12,1.0,0.5,3,D_optimal_rank_reduced,0.04347826086956519,0.9565217391304348,0.44,0.6027397260273973,28,100195.85
12,1.0,0.5,3,A_optimal_rank_reduced,0.04347826086956519,0.9565217391304348,0.44,0.6027397260273973,28,189687.67
12,1.0,0.5,3,E_optimal_rank_reduced,0.04347826086956519,0.9565217391304348,0.4489795918367347,0.6111111111111112,27,92148.08
12,1.0,0.5,3,goal_oriented_oed,0.04347826086956519,0.9565217391304348,0.4489795918367347,0.6111111111111112,27,223943.28
12,1.0,0.5,3,topological_dispersion,0.04347826086956519,0.9565217391304348,0.44,0.6027397260273973,28,107240.25
12,1.0,0.5,3,centrality,0.04347826086956519,0.9565217391304348,0.4782608695652174,0.6376811594202898,24,88330.26
12,1.0,0.5,4,FO,0.04347826086956519,0.9565217391304348,0.4583333333333333,0.619718309859155,26,63455.79
12,1.0,0.5,4,D_optimal_bayesian,0.04347826086956519,0.9565217391304348,0.44,0.6027397260273973,28,147335.6
12,1.0,0.5,4,A_optimal_bayesian,0.04347826086956519,0.9565217391304348,0.44,0.6027397260273973,28,132317.3
12,1.0,0.5,4,E_optimal_observable_subspace,0.04347826086956519,0.9565217391304348,0.44,0.6027397260273973,28,132317.3
12,1.0,0.5,4,bayesian_information_gain,0.04347826086956519,0.9565217391304348,0.44,0.6027397260273973,28,147335.6
12,1.0,0.5,4,D_optimal_rank_reduced,0.04347826086956519,0.9565217391304348,0.4489795918367347,0.6111111111111112,27,70937.17
12,1.0,0.5,4,A_optimal_rank_reduced,0.04347826086956519,0.9565217391304348,0.4489795918367347,0.6111111111111112,27,150872.8
12,1.0,0.5,4,E_optimal_rank_reduced,0.04347826086956519,0.9565217391304348,0.4489795918367347,0.6111111111111112,27,103144.19
12,1.0,0.5,4,goal_oriented_oed,0.04347826086956519,0.9565217391304348,0.4489795918367347,0.6111111111111112,27,149003.74
12,1.0,0.5,4,topological_dispersion,0.04347826086956519,0.9565217391304348,0.4489795918367347,0.6111111111111112,27,164717.11
12,1.0,0.5,4,centrality,0.04347826086956519,0.9565217391304348,0.46808510638297873,0.6285714285714286,25,106659.03
12,1.0,1.0,0,FO,0.04347826086956519,0.9565217391304348,0.4583333333333333,0.619718309859155,26,76346.06
12,1.0,1.0,0,D_optimal_bayesian,0.0,1.0,0.45098039215686275,0.6216216216216216,28,123182.39
12,1.0,1.0,0,A_optimal_bayesian,0.0,1.0,0.45098039215686275,0.6216216216216216,28,177249.07
12,1.0,1.0,0,E_optimal_observable_subspace,0.0,1.0,0.45098039215686275,0.6216216216216216,28,177249.07
12,1.0,1.0,0,bayesian_information_gain,0.0,1.0,0.45098039215686275,0.6216216216216216,28,123182.39
12,1.0,1.0,0,D_optimal_rank_reduced,0.04347826086956519,0.9565217391304348,0.44,0.6027397260273973,28,89143.91
12,1.0,1.0,0,A_optimal_rank_reduced,0.0,1.0,0.45098039215686275,0.6216216216216216,28,153632.93
12,1.0,1.0,0,E_optimal_rank_reduced,0.04347826086956519,0.9565217391304348,0.44,0.6027397260273973,28,111239.06
12,1.0,1.0,0,goal_oriented_oed,0.0,1.0,0.46,0.6301369863013699,27,167505.78
12,1.0,1.0,0,topological_dispersion,0.0,1.0,0.45098039215686275,0.6216216216216216,28,144622.32
12,1.0,1.0,0,centrality,0.04347826086956519,0.9565217391304348,0.4583333333333333,0.619718309859155,26,107271.22
12,1.0,1.0,1,FO,0.04347826086956519,0.9565217391304348,0.4489795918367347,0.6111111111111112,27,84771.48
12,1.0,1.0,1,D_optimal_bayesian,0.04347826086956519,0.9565217391304348,0.44,0.6027397260273973,28,250734.9
12,1.0,1.0,1,A_optimal_bayesian,0.04347826086956519,0.9565217391304348,0.44,0.6027397260273973,28,105225.02
12,1.0,1.0,1,E_optimal_observable_subspace,0.04347826086956519,0.9565217391304348,0.44,0.6027397260273973,28,105225.02
12,1.0,1.0,1,bayesian_information_gain,0.04347826086956519,0.9565217391304348,0.44,0.6027397260273973,28,250734.9
12,1.0,1.0,1,D_optimal_rank_reduced,0.04347826086956519,0.9565217391304348,0.44,0.6027397260273973,28,243821.52
12,1.0,1.0,1,A_optimal_rank_reduced,0.04347826086956519,0.9565217391304348,0.44,0.6027397260273973,28,123040.71
12,1.0,1.0,1,E_optimal_rank_reduced,0.04347826086956519,0.9565217391304348,0.4489795918367347,0.6111111111111112,27,203749.97
12,1.0,1.0,1,goal_oriented_oed,0.04347826086956519,0.9565217391304348,0.44,0.6027397260273973,28,161027.48
12,1.0,1.0,1,topological_dispersion,0.04347826086956519,0.9565217391304348,0.44,0.6027397260273973,28,122525.54
12,1.0,1.0,1,centrality,0.04347826086956519,0.9565217391304348,0.4489795918367347,0.6111111111111112,27,47712.53
12,1.0,1.0,2,FO,0.04347826086956519,0.9565217391304348,0.44,0.6027397260273973,28,37722.58
12,1.0,1.0,2,D_optimal_bayesian,0.04347826086956519,0.9565217391304348,0.44,0.6027397260273973,28,124135.45
12,1.0,1.0,2,A_optimal_bayesian,0.04347826086956519,0.9565217391304348,0.44,0.6027397260273973,28,94391.89
12,1.0,1.0,2,E_optimal_observable_subspace,0.04347826086956519,0.9565217391304348,0.44,0.6027397260273973,28,94391.89
12,1.0,1.0,2,bayesian_information_gain,0.04347826086956519,0.9565217391304348,0.44,0.6027397260273973,28,124135.45
12,1.0,1.0,2,D_optimal_rank_reduced,0.04347826086956519,0.9565217391304348,0.44,0.6027397260273973,28,99613.88
12,1.0,1.0,2,A_optimal_rank_reduced,0.04347826086956519,0.9565217391304348,0.44,0.6027397260273973,28,214747.1
12,1.0,1.0,2,E_optimal_rank_reduced,0.04347826086956519,0.9565217391304348,0.44,0.6027397260273973,28,96329.48
12,1.0,1.0,2,goal_oriented_oed,0.04347826086956519,0.9565217391304348,0.44,0.6027397260273973,28,191183.47
12,1.0,1.0,2,topological_dispersion,0.04347826086956519,0.9565217391304348,0.44,0.6027397260273973,28,120519.56
12,1.0,1.0,2,centrality,0.04347826086956519,0.9565217391304348,0.4583333333333333,0.619718309859155,26,93971.2
12,1.0,1.0,3,FO,0.04347826086956519,0.9565217391304348,0.4489795918367347,0.6111111111111112,27,38236.67
12,1.0,1.0,3,D_optimal_bayesian,0.0,1.0,0.45098039215686275,0.6216216216216216,28,141230.68
12,1.0,1.0,3,A_optimal_bayesian,0.0,1.0,0.45098039215686275,0.6216216216216216,28,212002.15
12,1.0,1.0,3,E_optimal_observable_subspace,0.0,1.0,0.45098039215686275,0.6216216216216216,28,212002.15
12,1.0,1.0,3,bayesian_information_gain,0.0,1.0,0.45098039215686275,0.6216216216216216,28,141230.68
12,1.0,1.0,3,D_optimal_rank_reduced,0.04347826086956519,0.9565217391304348,0.43137254901960786,0.5945945945945946,29,80351.14
12,1.0,1.0,3,A_optimal_rank_reduced,0.04347826086956519,0.9565217391304348,0.44,0.6027397260273973,28,89715.77
12,1.0,1.0,3,E_optimal_rank_reduced,0.04347826086956519,0.9565217391304348,0.43137254901960786,0.5945945945945946,29,100589.27
12,1.0,1.0,3,goal_oriented_oed,0.04347826086956519,0.9565217391304348,0.43137254901960786,0.5945945945945946,29,159547.29
12,1.0,1.0,3,topological_dispersion,0.0,1.0,0.46,0.6301369863013699,27,149134.99
12,1.0,1.0,3,centrality,0.04347826086956519,0.9565217391304348,0.4489795918367347,0.6111111111111112,27,70173.42
12,1.0,1.0,4,FO,0.04347826086956519,0.9565217391304348,0.44,0.6027397260273973,28,66014.35
12,1.0,1.0,4,D_optimal_bayesian,0.04347826086956519,0.9565217391304348,0.43137254901960786,0.5945945945945946,29,167213.26
12,1.0,1.0,4,A_optimal_bayesian,0.04347826086956519,0.9565217391304348,0.43137254901960786,0.5945945945945946,29,158505.83
12,1.0,1.0,4,E_optimal_observable_subspace,0.04347826086956519,0.9565217391304348,0.43137254901960786,0.5945945945945946,29,158505.83
12,1.0,1.0,4,bayesian_information_gain,0.04347826086956519,0.9565217391304348,0.43137254901960786,0.5945945945945946,29,167213.26
12,1.0,1.0,4,D_optimal_rank_reduced,0.04347826086956519,0.9565217391304348,0.44,0.6027397260273973,28,210424.52
12,1.0,1.0,4,A_optimal_rank_reduced,0.04347826086956519,0.9565217391304348,0.43137254901960786,0.5945945945945946,29,73610.25
12,1.0,1.0,4,E_optimal_rank_reduced,0.04347826086956519,0.9565217391304348,0.4489795918367347,0.6111111111111112,27,135839.14
12,1.0,1.0,4,goal_oriented_oed,0.04347826086956519,0.9565217391304348,0.43137254901960786,0.5945945945945946,29,97042.21
12,1.0,1.0,4,topological_dispersion,0.0,1.0,0.45098039215686275,0.6216216216216216,28,157997.25
12,1.0,1.0,4,centrality,0.04347826086956519,0.9565217391304348,0.44,0.6027397260273973,28,39042.05
12,2.0,0.0,0,FO,0.08695652173913049,0.9130434782608695,0.4666666666666667,0.6176470588235294,24,140014.03
12,2.0,0.0,0,D_optimal_bayesian,0.04347826086956519,0.9565217391304348,0.4583333333333333,0.619718309859155,26,142853.97
12,2.0,0.0,0,A_optimal_bayesian,0.08695652173913049,0.9130434782608695,0.4375,0.5915492957746479,27,151469.25
12,2.0,0.0,0,E_optimal_observable_subspace,0.08695652173913049,0.9130434782608695,0.4375,0.5915492957746479,27,151469.25
12,2.0,0.0,0,bayesian_information_gain,0.04347826086956519,0.9565217391304348,0.4583333333333333,0.619718309859155,26,142853.97
12,2.0,0.0,0,D_optimal_rank_reduced,0.08695652173913049,0.9130434782608695,0.4375,0.5915492957746479,27,119717.7
12,2.0,0.0,0,A_optimal_rank_reduced,0.04347826086956519,0.9565217391304348,0.4583333333333333,0.619718309859155,26,164842.11
12,2.0,0.0,0,E_optimal_rank_reduced,0.04347826086956519,0.9565217391304348,0.4782608695652174,0.6376811594202898,24,180290.7
12,2.0,0.0,0,goal_oriented_oed,0.04347826086956519,0.9565217391304348,0.4583333333333333,0.619718309859155,26,151494.75
12,2.0,0.0,0,topological_dispersion,0.04347826086956519,0.9565217391304348,0.4583333333333333,0.619718309859155,26,127036.8
12,2.0,0.0,0,centrality,0.08695652173913049,0.9130434782608695,0.4666666666666667,0.6176470588235294,24,25934.5
12,2.0,0.0,1,FO,0.08695652173913049,0.9130434782608695,0.4883720930232558,0.6363636363636364,22,59428.21
12,2.0,0.0,1,D_optimal_bayesian,0.08695652173913049,0.9130434782608695,0.44680851063829785,0.6,26,157065.58
12,2.0,0.0,1,A_optimal_bayesian,0.08695652173913049,0.9130434782608695,0.42857142857142855,0.5833333333333334,28,208130.37
12,2.0,0.0,1,E_optimal_observable_subspace,0.08695652173913049,0.9130434782608695,0.42857142857142855,0.5833333333333334,28,208130.37
12,2.0,0.0,1,bayesian_information_gain,0.08695652173913049,0.9130434782608695,0.44680851063829785,0.6,26,157065.58
12,2.0,0.0,1,D_optimal_rank_reduced,0.08695652173913049,0.9130434782608695,0.44680851063829785,0.6,26,127874.27
12,2.0,0.0,1,A_optimal_rank_reduced,0.04347826086956519,0.9565217391304348,0.4489795918367347,0.6111111111111112,27,125724.21
12,2.0,0.0,1,E_optimal_rank_reduced,0.04347826086956519,0.9565217391304348,0.4583333333333333,0.619718309859155,26,114272.71
12,2.0,0.0,1,goal_oriented_oed,0.04347826086956519,0.9565217391304348,0.4489795918367347,0.6111111111111112,27,210238.34
12,2.0,0.0,1,topological_dispersion,0.08695652173913049,0.9130434782608695,0.4375,0.5915492957746479,27,119585.71
12,2.0,0.0,1,centrality,0.04347826086956519,0.9565217391304348,0.4888888888888889,0.6470588235294117,23,90741.37
12,2.0,0.0,2,FO,0.08695652173913049,0.9130434782608695,0.4883720930232558,0.6363636363636364,22,45609.98
12,2.0,0.0,2,D_optimal_bayesian,0.08695652173913049,0.9130434782608695,0.4375,0.5915492957746479,27,141339.14
12,2.0,0.0,2,A_optimal_bayesian,0.08695652173913049,0.9130434782608695,0.4375,0.5915492957746479,27,171139.11
12,2.0,0.0,2,E_optimal_observable_subspace,0.08695652173913049,0.9130434782608695,0.4375,0.5915492957746479,27,171139.11
12,2.0,0.0,2,bayesian_information_gain,0.08695652173913049,0.9130434782608695,0.4375,0.5915492957746479,27,141339.14
12,2.0,0.0,2,D_optimal_rank_reduced,0.08695652173913049,0.9130434782608695,0.4375,0.5915492957746479,27,137047.34
12,2.0,0.0,2,A_optimal_rank_reduced,0.08695652173913049,0.9130434782608695,0.44680851063829785,0.6,26,118130.79
12,2.0,0.0,2,E_optimal_rank_reduced,0.08695652173913049,0.9130434782608695,0.45652173913043476,0.608695652173913,25,103155.17
12,2.0,0.0,2,goal_oriented_oed,0.08695652173913049,0.9130434782608695,0.4375,0.5915492957746479,27,200603.19
12,2.0,0.0,2,topological_dispersion,0.08695652173913049,0.9130434782608695,0.4375,0.5915492957746479,27,103635.58
12,2.0,0.0,2,centrality,0.08695652173913049,0.9130434782608695,0.4772727272727273,0.6268656716417911,23,99284.67
12,2.0,0.0,3,FO,0.08695652173913049,0.9130434782608695,0.4666666666666667,0.6176470588235294,24,56467.51
12,2.0,0.0,3,D_optimal_bayesian,0.08695652173913049,0.9130434782608695,0.4375,0.5915492957746479,27,128197.61
12,2.0,0.0,3,A_optimal_bayesian,0.08695652173913049,0.9130434782608695,0.4375,0.5915492957746479,27,179247.9
12,2.0,0.0,3,E_optimal_observable_subspace,0.08695652173913049,0.9130434782608695,0.4375,0.5915492957746479,27,179247.9
12,2.0,0.0,3,bayesian_information_gain,0.08695652173913049,0.9130434782608695,0.4375,0.5915492957746479,27,128197.61
12,2.0,0.0,3,D_optimal_rank_reduced,0.08695652173913049,0.9130434782608695,0.4375,0.5915492957746479,27,72301.95
12,2.0,0.0,3,A_optimal_rank_reduced,0.08695652173913049,0.9130434782608695,0.4375,0.5915492957746479,27,128720.5
12,2.0,0.0,3,E_optimal_rank_reduced,0.08695652173913049,0.9130434782608695,0.45652173913043476,0.608695652173913,25,88486.09
12,2.0,0.0,3,goal_oriented_oed,0.04347826086956519,0.9565217391304348,0.46808510638297873,0.6285714285714286,25,128904.29
12,2.0,0.0,3,topological_dispersion,0.04347826086956519,0.9565217391304348,0.4583333333333333,0.619718309859155,26,134893.2
12,2.0,0.0,3,centrality,0.04347826086956519,0.9565217391304348,0.4888888888888889,0.6470588235294117,23,92135.56
12,2.0,0.0,4,FO,0.08695652173913049,0.9130434782608695,0.4772727272727273,0.6268656716417911,23,64646.18
12,2.0,0.0,4,D_optimal_bayesian,0.08695652173913049,0.9130434782608695,0.4375,0.5915492957746479,27,128773.67
12,2.0,0.0,4,A_optimal_bayesian,0.08695652173913049,0.9130434782608695,0.4375,0.5915492957746479,27,167019.46
12,2.0,0.0,4,E_optimal_observable_subspace,0.08695652173913049,0.9130434782608695,0.4375,0.5915492957746479,27,167019.46
12,2.0,0.0,4,bayesian_information_gain,0.08695652173913049,0.9130434782608695,0.4375,0.5915492957746479,27,128773.67
12,2.0,0.0,4,D_optimal_rank_reduced,0.04347826086956519,0.9565217391304348,0.4583333333333333,0.619718309859155,26,131029.27
12,2.0,0.0,4,A_optimal_rank_reduced,0.04347826086956519,0.9565217391304348,0.4583333333333333,0.619718309859155,26,141835.64
12,2.0,0.0,4,E_optimal_rank_reduced,0.04347826086956519,0.9565217391304348,0.4782608695652174,0.6376811594202898,24,137031.55
12,2.0,0.0,4,goal_oriented_oed,0.04347826086956519,0.9565217391304348,0.46808510638297873,0.6285714285714286,25,157380.17
12,2.0,0.0,4,topological_dispersion,0.04347826086956519,0.9565217391304348,0.4583333333333333,0.619718309859155,26,130874.14
12,2.0,0.0,4,centrality,0.04347826086956519,0.9565217391304348,0.4888888888888889,0.6470588235294117,23,88916.76
12,2.0,0.5,0,FO,0.04347826086956519,0.9565217391304348,0.4583333333333333,0.619718309859155,26,55903.71
12,2.0,0.5,0,D_optimal_bayesian,0.04347826086956519,0.9565217391304348,0.44,0.6027397260273973,28,117099.54
12,2.0,0.5,0,A_optimal_bayesian,0.04347826086956519,0.9565217391304348,0.44,0.6027397260273973,28,171627.5
12,2.0,0.5,0,E_optimal_observable_subspace,0.04347826086956519,0.9565217391304348,0.44,0.6027397260273973,28,171627.5
12,2.0,0.5,0,bayesian_information_gain,0.04347826086956519,0.9565217391304348,0.44,0.6027397260273973,28,117099.54
12,2.0,0.5,0,D_optimal_rank_reduced,0.04347826086956519,0.9565217391304348,0.4489795918367347,0.6111111111111112,27,160149.74
12,2.0,0.5,0,A_optimal_rank_reduced,0.04347826086956519,0.9565217391304348,0.4489795918367347,0.6111111111111112,27,114861.91
12,2.0,0.5,0,E_optimal_rank_reduced,0.04347826086956519,0.9565217391304348,0.4583333333333333,0.619718309859155,26,167384.13
12,2.0,0.5,0,goal_oriented_oed,0.04347826086956519,0.9565217391304348,0.4489795918367347,0.6111111111111112,27,163744.43
12,2.0,0.5,0,topological_dispersion,0.04347826086956519,0.9565217391304348,0.44,0.6027397260273973,28,163085.35
12,2.0,0.5,0,centrality,0.04347826086956519,0.9565217391304348,0.4583333333333333,0.619718309859155,26,41741.77
12,2.0,0.5,1,FO,0.04347826086956519,0.9565217391304348,0.4583333333333333,0.619718309859155,26,48147.32
12,2.0,0.5,1,D_optimal_bayesian,0.04347826086956519,0.9565217391304348,0.44,0.6027397260273973,28,160131.36
12,2.0,0.5,1,A_optimal_bayesian,0.04347826086956519,0.9565217391304348,0.44,0.6027397260273973,28,188246.03
12,2.0,0.5,1,E_optimal_observable_subspace,0.04347826086956519,0.9565217391304348,0.44,0.6027397260273973,28,188246.03
12,2.0,0.5,1,bayesian_information_gain,0.04347826086956519,0.9565217391304348,0.44,0.6027397260273973,28,160131.36
12,2.0,0.5,1,D_optimal_rank_reduced,0.04347826086956519,0.9565217391304348,0.4489795918367347,0.6111111111111112,27,106715.39
12,2.0,0.5,1,A_optimal_rank_reduced,0.04347826086956519,0.9565217391304348,0.44,0.6027397260273973,28,116363.28
12,2.0,0.5,1,E_optimal_rank_reduced,0.04347826086956519,0.9565217391304348,0.4489795918367347,0.6111111111111112,27,130228.76
12,2.0,0.5,1,goal_oriented_oed,0.04347826086956519,0.9565217391304348,0.44,0.6027397260273973,28,140797.78
12,2.0,0.5,1,topological_dispersion,0.04347826086956519,0.9565217391304348,0.44,0.6027397260273973,28,157679.51
12,2.0,0.5,1,centrality,0.04347826086956519,0.9565217391304348,0.4583333333333333,0.619718309859155,26,66568.32
12,2.0,0.5,2,FO,0.04347826086956519,0.9565217391304348,0.4489795918367347,0.6111111111111112,27,71647.69
12,2.0,0.5,2,D_optimal_bayesian,0.04347826086956519,0.9565217391304348,0.4489795918367347,0.6111111111111112,27,159381.61
12,2.0,0.5,2,A_optimal_bayesian,0.04347826086956519,0.9565217391304348,0.4489795918367347,0.6111111111111112,27,190811.58
12,2.0,0.5,2,E_optimal_observable_subspace,0.04347826086956519,0.9565217391304348,0.4489795918367347,0.6111111111111112,27,190811.58
12,2.0,0.5,2,bayesian_information_gain,0.04347826086956519,0.9565217391304348,0.4489795918367347,0.6111111111111112,27,159381.61
12,2.0,0.5,2,D_optimal_rank_reduced,0.04347826086956519,0.9565217391304348,0.4583333333333333,0.619718309859155,26,95160.13
12,2.0,0.5,2,A_optimal_rank_reduced,0.04347826086956519,0.9565217391304348,0.4489795918367347,0.6111111111111112,27,159551.56
12,2.0,0.5,2,E_optimal_rank_reduced,0.04347826086956519,0.9565217391304348,0.4583333333333333,0.619718309859155,26,140269.36
12,2.0,0.5,2,goal_oriented_oed,0.04347826086956519,0.9565217391304348,0.44,0.6027397260273973,28,207943.18
12,2.0,0.5,2,topological_dispersion,0.04347826086956519,0.9565217391304348,0.44,0.6027397260273973,28,170893.47
12,2.0,0.5,2,centrality,0.04347826086956519,0.9565217391304348,0.4782608695652174,0.6376811594202898,24,117288.85
12,2.0,0.5,3,FO,0.04347826086956519,0.9565217391304348,0.4489795918367347,0.6111111111111112,27,66741.09
12,2.0,0.5,3,D_optimal_bayesian,0.04347826086956519,0.9565217391304348,0.44,0.6027397260273973,28,155805.67
12,2.0,0.5,3,A_optimal_bayesian,0.04347826086956519,0.9565217391304348,0.44,0.6027397260273973,28,145872.78
12,2.0,0.5,3,E_optimal_observable_subspace,0.04347826086956519,0.9565217391304348,0.44,0.6027397260273973,28,145872.78
12,2.0,0.5,3,bayesian_information_gain,0.04347826086956519,0.9565217391304348,0.44,0.6027397260273973,28,155805.67
12,2.0,0.5,3,D_optimal_rank_reduced,0.08695652173913049,0.9130434782608695,0.42857142857142855,0.5833333333333334,28,152257.12
12,2.0,0.5,3,A_optimal_rank_reduced,0.04347826086956519,0.9565217391304348,0.44,0.6027397260273973,28,140757.84
12,2.0,0.5,3,E_optimal_rank_reduced,0.08695652173913049,0.9130434782608695,0.42857142857142855,0.5833333333333334,28,103026.96
12,2.0,0.5,3,goal_oriented_oed,0.04347826086956519,0.9565217391304348,0.4489795918367347,0.6111111111111112,27,178722.8
12,2.0,0.5,3,topological_dispersion,0.04347826086956519,0.9565217391304348,0.4489795918367347,0.6111111111111112,27,139503.99
12,2.0,0.5,3,centrality,0.04347826086956519,0.9565217391304348,0.46808510638297873,0.6285714285714286,25,79774.49
12,2.0,0.5,4,FO,0.08695652173913049,0.9130434782608695,0.45652173913043476,0.608695652173913,25,75275.9
12,2.0,0.5,4,D_optimal_bayesian,0.04347826086956519,0.9565217391304348,0.44,0.6027397260273973,28,162658.05
12,2.0,0.5,4,A_optimal_bayesian,0.04347826086956519,0.9565217391304348,0.44,0.6027397260273973,28,171929.64
12,2.0,0.5,4,E_optimal_observable_subspace,0.04347826086956519,0.9565217391304348,0.44,0.6027397260273973,28,171929.64
12,2.0,0.5,4,bayesian_information_gain,0.04347826086956519,0.9565217391304348,0.44,0.6027397260273973,28,162658.05
12,2.0,0.5,4,D_optimal_rank_reduced,0.0,1.0,0.46,0.6301369863013699,27,158498.27
12,2.0,0.5,4,A_optimal_rank_reduced,0.0,1.0,0.46,0.6301369863013699,27,203689.53
12,2.0,0.5,4,E_optimal_rank_reduced,0.0,1.0,0.4791666666666667,0.647887323943662,25,146109.31
12,2.0,0.5,4,goal_oriented_oed,0.0,1.0,0.46938775510204084,0.6388888888888888,26,157418.56
12,2.0,0.5,4,topological_dispersion,0.04347826086956519,0.9565217391304348,0.44,0.6027397260273973,28,98759.78
12,2.0,0.5,4,centrality,0.08695652173913049,0.9130434782608695,0.4666666666666667,0.6176470588235294,24,89471.04
12,2.0,1.0,0,FO,0.04347826086956519,0.9565217391304348,0.44,0.6027397260273973,28,66247.69
12,2.0,1.0,0,D_optimal_bayesian,0.04347826086956519,0.9565217391304348,0.44,0.6027397260273973,28,211037.53
12,2.0,1.0,0,A_optimal_bayesian,0.04347826086956519,0.9565217391304348,0.43137254901960786,0.5945945945945946,29,157631.17
12,2.0,1.0,0,E_optimal_observable_subspace,0.04347826086956519,0.9565217391304348,0.43137254901960786,0.5945945945945946,29,157631.17
12,2.0,1.0,0,bayesian_information_gain,0.04347826086956519,0.9565217391304348,0.44,0.6027397260273973,28,211037.53
12,2.0,1.0,0,D_optimal_rank_reduced,0.04347826086956519,0.9565217391304348,0.44,0.6027397260273973,28,175901.23
12,2.0,1.0,0,A_optimal_rank_reduced,0.04347826086956519,0.9565217391304348,0.43137254901960786,0.5945945945945946,29,120624.62
12,2.0,1.0,0,E_optimal_rank_reduced,0.04347826086956519,0.9565217391304348,0.44,0.6027397260273973,28,102798.07
12,2.0,1.0,0,goal_oriented_oed,0.04347826086956519,0.9565217391304348,0.43137254901960786,0.5945945945945946,29,100342.73
12,2.0,1.0,0,topological_dispersion,0.04347826086956519,0.9565217391304348,0.44,0.6027397260273973,28,100761.64
12,2.0,1.0,0,centrality,0.04347826086956519,0.9565217391304348,0.4489795918367347,0.6111111111111112,27,59071.91
12,2.0,1.0,1,FO,0.04347826086956519,0.9565217391304348,0.44,0.6027397260273973,28,52380.25
12,2.0,1.0,1,D_optimal_bayesian,0.04347826086956519,0.9565217391304348,0.43137254901960786,0.5945945945945946,29,121036.3
12,2.0,1.0,1,A_optimal_bayesian,0.04347826086956519,0.9565217391304348,0.44,0.6027397260273973,28,88435.14
12,2.0,1.0,1,E_optimal_observable_subspace,0.04347826086956519,0.9565217391304348,0.44,0.6027397260273973,28,88435.14
12,2.0,1.0,1,bayesian_information_gain,0.04347826086956519,0.9565217391304348,0.43137254901960786,0.5945945945945946,29,121036.3
12,2.0,1.0,1,D_optimal_rank_reduced,0.04347826086956519,0.9565217391304348,0.44,0.6027397260273973,28,110563.77
12,2.0,1.0,1,A_optimal_rank_reduced,0.04347826086956519,0.9565217391304348,0.44,0.6027397260273973,28,139209.22
12,2.0,1.0,1,E_optimal_rank_reduced,0.04347826086956519,0.9565217391304348,0.44,0.6027397260273973,28,123938.92
12,2.0,1.0,1,goal_oriented_oed,0.0,1.0,0.45098039215686275,0.6216216216216216,28,180463.53
12,2.0,1.0,1,topological_dispersion,0.04347826086956519,0.9565217391304348,0.44,0.6027397260273973,28,135702.87
12,2.0,1.0,1,centrality,0.04347826086956519,0.9565217391304348,0.44,0.6027397260273973,28,83380.9
12,2.0,1.0,2,FO,0.04347826086956519,0.9565217391304348,0.4489795918367347,0.6111111111111112,27,88198.2
12,2.0,1.0,2,D_optimal_bayesian,0.04347826086956519,0.9565217391304348,0.43137254901960786,0.5945945945945946,29,128886.42
12,2.0,1.0,2,A_optimal_bayesian,0.04347826086956519,0.9565217391304348,0.43137254901960786,0.5945945945945946,29,158965.99
12,2.0,1.0,2,E_optimal_observable_subspace,0.04347826086956519,0.9565217391304348,0.43137254901960786,0.5945945945945946,29,158965.99
12,2.0,1.0,2,bayesian_information_gain,0.04347826086956519,0.9565217391304348,0.43137254901960786,0.5945945945945946,29,128886.42
12,2.0,1.0,2,D_optimal_rank_reduced,0.0,1.0,0.45098039215686275,0.6216216216216216,28,145167.52
12,2.0,1.0,2,A_optimal_rank_reduced,0.0,1.0,0.45098039215686275,0.6216216216216216,28,145619.75
12,2.0,1.0,2,E_optimal_rank_reduced,0.0,1.0,0.45098039215686275,0.6216216216216216,28,91831.8
12,2.0,1.0,2,goal_oriented_oed,0.0,1.0,0.45098039215686275,0.6216216216216216,28,205922.67
12,2.0,1.0,2,topological_dispersion,0.04347826086956519,0.9565217391304348,0.43137254901960786,0.5945945945945946,29,179007.67
12,2.0,1.0,2,centrality,0.04347826086956519,0.9565217391304348,0.4489795918367347,0.6111111111111112,27,77217.89
12,2.0,1.0,3,FO,0.04347826086956519,0.9565217391304348,0.4489795918367347,0.6111111111111112,27,64397.15
12,2.0,1.0,3,D_optimal_bayesian,0.04347826086956519,0.9565217391304348,0.44,0.6027397260273973,28,137651.39
12,2.0,1.0,3,A_optimal_bayesian,0.04347826086956519,0.9565217391304348,0.43137254901960786,0.5945945945945946,29,192656.8
12,2.0,1.0,3,E_optimal_observable_subspace,0.04347826086956519,0.9565217391304348,0.43137254901960786,0.5945945945945946,29,192656.8
12,2.0,1.0,3,bayesian_information_gain,0.04347826086956519,0.9565217391304348,0.44,0.6027397260273973,28,137651.39
12,2.0,1.0,3,D_optimal_rank_reduced,0.04347826086956519,0.9565217391304348,0.44,0.6027397260273973,28,38947.03
12,2.0,1.0,3,A_optimal_rank_reduced,0.04347826086956519,0.9565217391304348,0.43137254901960786,0.5945945945945946,29,148753.57
12,2.0,1.0,3,E_optimal_rank_reduced,0.04347826086956519,0.9565217391304348,0.44,0.6027397260273973,28,207459.75
12,2.0,1.0,3,goal_oriented_oed,0.04347826086956519,0.9565217391304348,0.43137254901960786,0.5945945945945946,29,153710.55
12,2.0,1.0,3,topological_dispersion,0.04347826086956519,0.9565217391304348,0.44,0.6027397260273973,28,99230.6
12,2.0,1.0,3,centrality,0.04347826086956519,0.9565217391304348,0.4489795918367347,0.6111111111111112,27,78614.15
12,2.0,1.0,4,FO,0.04347826086956519,0.9565217391304348,0.4583333333333333,0.619718309859155,26,26926.2
12,2.0,1.0,4,D_optimal_bayesian,0.0,1.0,0.46,0.6301369863013699,27,165593.59
12,2.0,1.0,4,A_optimal_bayesian,0.0,1.0,0.46,0.6301369863013699,27,213996.96
12,2.0,1.0,4,E_optimal_observable_subspace,0.0,1.0,0.46,0.6301369863013699,27,213996.96
12,2.0,1.0,4,bayesian_information_gain,0.0,1.0,0.46,0.6301369863013699,27,165593.59
12,2.0,1.0,4,D_optimal_rank_reduced,0.0,1.0,0.46,0.6301369863013699,27,156236.21
12,2.0,1.0,4,A_optimal_rank_reduced,0.0,1.0,0.45098039215686275,0.6216216216216216,28,200906.67
12,2.0,1.0,4,E_optimal_rank_reduced,0.0,1.0,0.46,0.6301369863013699,27,103823.88
12,2.0,1.0,4,goal_oriented_oed,0.0,1.0,0.46,0.6301369863013699,27,153651.46
12,2.0,1.0,4,topological_dispersion,0.04347826086956519,0.9565217391304348,0.44,0.6027397260273973,28,190330.36
12,2.0,1.0,4,centrality,0.04347826086956519,0.9565217391304348,0.4583333333333333,0.619718309859155,26,24244.6
12,4.0,0.0,0,FO,0.04347826086956519,0.9565217391304348,0.4782608695652174,0.6376811594202898,24,99604.76
12,4.0,0.0,0,D_optimal_bayesian,0.08695652173913049,0.9130434782608695,0.4375,0.5915492957746479,27,118828.59
12,4.0,0.0,0,A_optimal_bayesian,0.08695652173913049,0.9130434782608695,0.4375,0.5915492957746479,27,127165.53
12,4.0,0.0,0,E_optimal_observable_subspace,0.08695652173913049,0.9130434782608695,0.4375,0.5915492957746479,27,127165.53
12,4.0,0.0,0,bayesian_information_gain,0.08695652173913049,0.9130434782608695,0.4375,0.5915492957746479,27,118828.59
12,4.0,0.0,0,D_optimal_rank_reduced,0.08695652173913049,0.9130434782608695,0.4375,0.5915492957746479,27,117442.33
12,4.0,0.0,0,A_optimal_rank_reduced,0.08695652173913049,0.9130434782608695,0.4375,0.5915492957746479,27,156757.12
12,4.0,0.0,0,E_optimal_rank_reduced,0.08695652173913049,0.9130434782608695,0.44680851063829785,0.6,26,144873.09
12,4.0,0.0,0,goal_oriented_oed,0.04347826086956519,0.9565217391304348,0.4583333333333333,0.619718309859155,26,155701.49
12,4.0,0.0,0,topological_dispersion,0.04347826086956519,0.9565217391304348,0.4583333333333333,0.619718309859155,26,60996.08
12,4.0,0.0,0,centrality,0.04347826086956519,0.9565217391304348,0.4782608695652174,0.6376811594202898,24,30174.58
12,4.0,0.0,1,FO,0.08695652173913049,0.9130434782608695,0.44680851063829785,0.6,26,101676.01
12,4.0,0.0,1,D_optimal_bayesian,0.04347826086956519,0.9565217391304348,0.4489795918367347,0.6111111111111112,27,114123.57
12,4.0,0.0,1,A_optimal_bayesian,0.04347826086956519,0.9565217391304348,0.4583333333333333,0.619718309859155,26,137759.44
12,4.0,0.0,1,E_optimal_observable_subspace,0.04347826086956519,0.9565217391304348,0.4583333333333333,0.619718309859155,26,137759.44
12,4.0,0.0,1,bayesian_information_gain,0.04347826086956519,0.9565217391304348,0.4489795918367347,0.6111111111111112,27,114123.57
12,4.0,0.0,1,D_optimal_rank_reduced,0.04347826086956519,0.9565217391304348,0.4489795918367347,0.6111111111111112,27,128317.07
12,4.0,0.0,1,A_optimal_rank_reduced,0.04347826086956519,0.9565217391304348,0.4489795918367347,0.6111111111111112,27,92251.38
12,4.0,0.0,1,E_optimal_rank_reduced,0.04347826086956519,0.9565217391304348,0.4489795918367347,0.6111111111111112,27,141964.85
12,4.0,0.0,1,goal_oriented_oed,0.04347826086956519,0.9565217391304348,0.4489795918367347,0.6111111111111112,27,162241.01
12,4.0,0.0,1,topological_dispersion,0.04347826086956519,0.9565217391304348,0.4583333333333333,0.619718309859155,26,123833.41
12,4.0,0.0,1,centrality,0.04347826086956519,0.9565217391304348,0.4782608695652174,0.6376811594202898,24,18763.38
12,4.0,0.0,2,FO,0.04347826086956519,0.9565217391304348,0.46808510638297873,0.6285714285714286,25,29318.36
12,4.0,0.0,2,D_optimal_bayesian,0.04347826086956519,0.9565217391304348,0.4489795918367347,0.6111111111111112,27,167990.19
12,4.0,0.0,2,A_optimal_bayesian,0.04347826086956519,0.9565217391304348,0.4489795918367347,0.6111111111111112,27,156358.84
12,4.0,0.0,2,E_optimal_observable_subspace,0.04347826086956519,0.9565217391304348,0.4489795918367347,0.6111111111111112,27,156358.84
12,4.0,0.0,2,bayesian_information_gain,0.04347826086956519,0.9565217391304348,0.4489795918367347,0.6111111111111112,27,167990.19
12,4.0,0.0,2,D_optimal_rank_reduced,0.04347826086956519,0.9565217391304348,0.4489795918367347,0.6111111111111112,27,145269.53
12,4.0,0.0,2,A_optimal_rank_reduced,0.04347826086956519,0.9565217391304348,0.4583333333333333,0.619718309859155,26,138358.81
12,4.0,0.0,2,E_optimal_rank_reduced,0.04347826086956519,0.9565217391304348,0.46808510638297873,0.6285714285714286,25,134546.91
12,4.0,0.0,2,goal_oriented_oed,0.04347826086956519,0.9565217391304348,0.4489795918367347,0.6111111111111112,27,187009.99
12,4.0,0.0,2,topological_dispersion,0.04347826086956519,0.9565217391304348,0.4583333333333333,0.619718309859155,26,97114.38
12,4.0,0.0,2,centrality,0.04347826086956519,0.9565217391304348,0.46808510638297873,0.6285714285714286,25,52489.17
12,4.0,0.0,3,FO,0.04347826086956519,0.9565217391304348,0.4782608695652174,0.6376811594202898,24,38152.72
12,4.0,0.0,3,D_optimal_bayesian,0.08695652173913049,0.9130434782608695,0.4375,0.5915492957746479,27,172453.99
12,4.0,0.0,3,A_optimal_bayesian,0.08695652173913049,0.9130434782608695,0.4375,0.5915492957746479,27,207952.66
12,4.0,0.0,3,E_optimal_observable_subspace,0.08695652173913049,0.9130434782608695,0.4375,0.5915492957746479,27,207952.66
12,4.0,0.0,3,bayesian_information_gain,0.08695652173913049,0.9130434782608695,0.4375,0.5915492957746479,27,172453.99
12,4.0,0.0,3,D_optimal_rank_reduced,0.04347826086956519,0.9565217391304348,0.4489795918367347,0.6111111111111112,27,169892.55
12,4.0,0.0,3,A_optimal_rank_reduced,0.04347826086956519,0.9565217391304348,0.4583333333333333,0.619718309859155,26,124491.57
12,4.0,0.0,3,E_optimal_rank_reduced,0.04347826086956519,0.9565217391304348,0.46808510638297873,0.6285714285714286,25,155223.23
12,4.0,0.0,3,goal_oriented_oed,0.04347826086956519,0.9565217391304348,0.4489795918367347,0.6111111111111112,27,138513.35
12,4.0,0.0,3,topological_dispersion,0.04347826086956519,0.9565217391304348,0.4583333333333333,0.619718309859155,26,134005.25
12,4.0,0.0,3,centrality,0.04347826086956519,0.9565217391304348,0.4888888888888889,0.6470588235294117,23,73.58
12,4.0,0.0,4,FO,0.08695652173913049,0.9130434782608695,0.45652173913043476,0.608695652173913,25,97205.25
12,4.0,0.0,4,D_optimal_bayesian,0.04347826086956519,0.9565217391304348,0.4489795918367347,0.6111111111111112,27,114466.81
12,4.0,0.0,4,A_optimal_bayesian,0.04347826086956519,0.9565217391304348,0.4489795918367347,0.6111111111111112,27,129618.3
12,4.0,0.0,4,E_optimal_observable_subspace,0.04347826086956519,0.9565217391304348,0.4489795918367347,0.6111111111111112,27,129618.3
12,4.0,0.0,4,bayesian_information_gain,0.04347826086956519,0.9565217391304348,0.4489795918367347,0.6111111111111112,27,114466.81
12,4.0,0.0,4,D_optimal_rank_reduced,0.04347826086956519,0.9565217391304348,0.4489795918367347,0.6111111111111112,27,108155.9
12,4.0,0.0,4,A_optimal_rank_reduced,0.04347826086956519,0.9565217391304348,0.4583333333333333,0.619718309859155,26,165911.91
12,4.0,0.0,4,E_optimal_rank_reduced,0.04347826086956519,0.9565217391304348,0.4583333333333333,0.619718309859155,26,127966.03
12,4.0,0.0,4,goal_oriented_oed,0.08695652173913049,0.9130434782608695,0.4375,0.5915492957746479,27,191629.65
12,4.0,0.0,4,topological_dispersion,0.0,1.0,0.46,0.6301369863013699,27,86303.99
12,4.0,0.0,4,centrality,0.04347826086956519,0.9565217391304348,0.4583333333333333,0.619718309859155,26,46837.46
12,4.0,0.5,0,FO,0.04347826086956519,0.9565217391304348,0.4583333333333333,0.619718309859155,26,60399.3
12,4.0,0.5,0,D_optimal_bayesian,0.0,1.0,0.46,0.6301369863013699,27,205137.58
12,4.0,0.5,0,A_optimal_bayesian,0.0,1.0,0.46,0.6301369863013699,27,170983.55
12,4.0,0.5,0,E_optimal_observable_subspace,0.0,1.0,0.46,0.6301369863013699,27,170983.55
12,4.0,0.5,0,bayesian_information_gain,0.0,1.0,0.46,0.6301369863013699,27,205137.58
12,4.0,0.5,0,D_optimal_rank_reduced,0.0,1.0,0.46,0.6301369863013699,27,107650.44
12,4.0,0.5,0,A_optimal_rank_reduced,0.04347826086956519,0.9565217391304348,0.44,0.6027397260273973,28,105183.56
12,4.0,0.5,0,E_optimal_rank_reduced,0.04347826086956519,0.9565217391304348,0.4489795918367347,0.6111111111111112,27,136737.41
12,4.0,0.5,0,goal_oriented_oed,0.0,1.0,0.46,0.6301369863013699,27,170354.19
12,4.0,0.5,0,topological_dispersion,0.0,1.0,0.46,0.6301369863013699,27,102342.94
12,4.0,0.5,0,centrality,0.04347826086956519,0.9565217391304348,0.4583333333333333,0.619718309859155,26,60083.72
12,4.0,0.5,1,FO,0.04347826086956519,0.9565217391304348,0.4489795918367347,0.6111111111111112,27,87313.83
12,4.0,0.5,1,D_optimal_bayesian,0.0,1.0,0.45098039215686275,0.6216216216216216,28,214357.77
12,4.0,0.5,1,A_optimal_bayesian,0.0,1.0,0.45098039215686275,0.6216216216216216,28,171967.11
12,4.0,0.5,1,E_optimal_observable_subspace,0.0,1.0,0.45098039215686275,0.6216216216216216,28,171967.11
12,4.0,0.5,1,bayesian_information_gain,0.0,1.0,0.45098039215686275,0.6216216216216216,28,214357.77
12,4.0,0.5,1,D_optimal_rank_reduced,0.04347826086956519,0.9565217391304348,0.4489795918367347,0.6111111111111112,27,137585.65
12,4.0,0.5,1,A_optimal_rank_reduced,0.0,1.0,0.45098039215686275,0.6216216216216216,28,217942.79
12,4.0,0.5,1,E_optimal_rank_reduced,0.04347826086956519,0.9565217391304348,0.4489795918367347,0.6111111111111112,27,158900.27
12,4.0,0.5,1,goal_oriented_oed,0.04347826086956519,0.9565217391304348,0.44,0.6027397260273973,28,169323.75
12,4.0,0.5,1,topological_dispersion,0.04347826086956519,0.9565217391304348,0.4489795918367347,0.6111111111111112,27,128007.52
12,4.0,0.5,1,centrality,0.04347826086956519,0.9565217391304348,0.4583333333333333,0.619718309859155,26,45521.5
12,4.0,0.5,2,FO,0.08695652173913049,0.9130434782608695,0.4375,0.5915492957746479,27,65560.46
12,4.0,0.5,2,D_optimal_bayesian,0.04347826086956519,0.9565217391304348,0.44,0.6027397260273973,28,226792.7
12,4.0,0.5,2,A_optimal_bayesian,0.04347826086956519,0.9565217391304348,0.44,0.6027397260273973,28,182880.34
12,4.0,0.5,2,E_optimal_observable_subspace,0.04347826086956519,0.9565217391304348,0.44,0.6027397260273973,28,182880.34
12,4.0,0.5,2,bayesian_information_gain,0.04347826086956519,0.9565217391304348,0.44,0.6027397260273973,28,226792.7
12,4.0,0.5,2,D_optimal_rank_reduced,0.04347826086956519,0.9565217391304348,0.44,0.6027397260273973,28,115480.4
12,4.0,0.5,2,A_optimal_rank_reduced,0.04347826086956519,0.9565217391304348,0.44,0.6027397260273973,28,150927.03
12,4.0,0.5,2,E_optimal_rank_reduced,0.04347826086956519,0.9565217391304348,0.4489795918367347,0.6111111111111112,27,213130.6
12,4.0,0.5,2,goal_oriented_oed,0.04347826086956519,0.9565217391304348,0.4489795918367347,0.6111111111111112,27,155842.19
12,4.0,0.5,2,topological_dispersion,0.04347826086956519,0.9565217391304348,0.44,0.6027397260273973,28,154422.9
12,4.0,0.5,2,centrality,0.04347826086956519,0.9565217391304348,0.4583333333333333,0.619718309859155,26,-4898.43
12,4.0,0.5,3,FO,0.08695652173913049,0.9130434782608695,0.4375,0.5915492957746479,27,109853.14
12,4.0,0.5,3,D_optimal_bayesian,0.04347826086956519,0.9565217391304348,0.44,0.6027397260273973,28,104026.01
12,4.0,0.5,3,A_optimal_bayesian,0.0,1.0,0.45098039215686275,0.6216216216216216,28,184703.6
12,4.0,0.5,3,E_optimal_observable_subspace,0.0,1.0,0.45098039215686275,0.6216216216216216,28,184703.6
12,4.0,0.5,3,bayesian_information_gain,0.04347826086956519,0.9565217391304348,0.44,0.6027397260273973,28,104026.01
12,4.0,0.5,3,D_optimal_rank_reduced,0.04347826086956519,0.9565217391304348,0.4489795918367347,0.6111111111111112,27,156363.13
12,4.0,0.5,3,A_optimal_rank_reduced,0.04347826086956519,0.9565217391304348,0.4489795918367347,0.6111111111111112,27,165540.34
12,4.0,0.5,3,E_optimal_rank_reduced,0.04347826086956519,0.9565217391304348,0.4489795918367347,0.6111111111111112,27,72648.06
12,4.0,0.5,3,goal_oriented_oed,0.0,1.0,0.46,0.6301369863013699,27,120836.32
12,4.0,0.5,3,topological_dispersion,0.04347826086956519,0.9565217391304348,0.44,0.6027397260273973,28,138849.24
12,4.0,0.5,3,centrality,0.08695652173913049,0.9130434782608695,0.44680851063829785,0.6,26,69974.46
12,4.0,0.5,4,FO,0.04347826086956519,0.9565217391304348,0.4583333333333333,0.619718309859155,26,17115.62
12,4.0,0.5,4,D_optimal_bayesian,0.04347826086956519,0.9565217391304348,0.44,0.6027397260273973,28,96327.8
12,4.0,0.5,4,A_optimal_bayesian,0.04347826086956519,0.9565217391304348,0.44,0.6027397260273973,28,129070.42
12,4.0,0.5,4,E_optimal_observable_subspace,0.04347826086956519,0.9565217391304348,0.44,0.6027397260273973,28,129070.42
12,4.0,0.5,4,bayesian_information_gain,0.04347826086956519,0.9565217391304348,0.44,0.6027397260273973,28,96327.8
12,4.0,0.5,4,D_optimal_rank_reduced,0.04347826086956519,0.9565217391304348,0.44,0.6027397260273973,28,143313.64
12,4.0,0.5,4,A_optimal_rank_reduced,0.04347826086956519,0.9565217391304348,0.44,0.6027397260273973,28,236730.26
12,4.0,0.5,4,E_optimal_rank_reduced,0.04347826086956519,0.9565217391304348,0.44,0.6027397260273973,28,117220.62
12,4.0,0.5,4,goal_oriented_oed,0.04347826086956519,0.9565217391304348,0.44,0.6027397260273973,28,139948.96
12,4.0,0.5,4,topological_dispersion,0.0,1.0,0.46,0.6301369863013699,27,131632.82
12,4.0,0.5,4,centrality,0.04347826086956519,0.9565217391304348,0.4583333333333333,0.619718309859155,26,116139.9
12,4.0,1.0,0,FO,0.04347826086956519,0.9565217391304348,0.4583333333333333,0.619718309859155,26,69739.79
12,4.0,1.0,0,D_optimal_bayesian,0.0,1.0,0.45098039215686275,0.6216216216216216,28,80400.34
12,4.0,1.0,0,A_optimal_bayesian,0.0,1.0,0.45098039215686275,0.6216216216216216,28,129144.31
12,4.0,1.0,0,E_optimal_observable_subspace,0.0,1.0,0.45098039215686275,0.6216216216216216,28,129144.31
12,4.0,1.0,0,bayesian_information_gain,0.0,1.0,0.45098039215686275,0.6216216216216216,28,80400.34
12,4.0,1.0,0,D_optimal_rank_reduced,0.0,1.0,0.45098039215686275,0.6216216216216216,28,96229.11
12,4.0,1.0,0,A_optimal_rank_reduced,0.0,1.0,0.45098039215686275,0.6216216216216216,28,134127.58
12,4.0,1.0,0,E_optimal_rank_reduced,0.0,1.0,0.46,0.6301369863013699,27,101604.6
12,4.0,1.0,0,goal_oriented_oed,0.0,1.0,0.45098039215686275,0.6216216216216216,28,179947.46
12,4.0,1.0,0,topological_dispersion,0.0,1.0,0.46,0.6301369863013699,27,124048.28
12,4.0,1.0,0,centrality,0.04347826086956519,0.9565217391304348,0.4489795918367347,0.6111111111111112,27,45010.9
12,4.0,1.0,1,FO,0.04347826086956519,0.9565217391304348,0.44,0.6027397260273973,28,43094.12
12,4.0,1.0,1,D_optimal_bayesian,0.0,1.0,0.45098039215686275,0.6216216216216216,28,126512.43
12,4.0,1.0,1,A_optimal_bayesian,0.0,1.0,0.45098039215686275,0.6216216216216216,28,155670.63
12,4.0,1.0,1,E_optimal_observable_subspace,0.0,1.0,0.45098039215686275,0.6216216216216216,28,155670.63
12,4.0,1.0,1,bayesian_information_gain,0.0,1.0,0.45098039215686275,0.6216216216216216,28,126512.43
12,4.0,1.0,1,D_optimal_rank_reduced,0.04347826086956519,0.9565217391304348,0.43137254901960786,0.5945945945945946,29,174560.73
12,4.0,1.0,1,A_optimal_rank_reduced,0.0,1.0,0.45098039215686275,0.6216216216216216,28,155744.2
12,4.0,1.0,1,E_optimal_rank_reduced,0.04347826086956519,0.9565217391304348,0.43137254901960786,0.5945945945945946,29,125725.1
12,4.0,1.0,1,goal_oriented_oed,0.0,1.0,0.45098039215686275,0.6216216216216216,28,194619.72
12,4.0,1.0,1,topological_dispersion,0.04347826086956519,0.9565217391304348,0.43137254901960786,0.5945945945945946,29,131895.26
12,4.0,1.0,1,centrality,0.0,1.0,0.46,0.6301369863013699,27,69461.87
12,4.0,1.0,2,FO,0.08695652173913049,0.9130434782608695,0.42857142857142855,0.5833333333333334,28,36240.98
12,4.0,1.0,2,D_optimal_bayesian,0.04347826086956519,0.9565217391304348,0.44,0.6027397260273973,28,128905.17
12,4.0,1.0,2,A_optimal_bayesian,0.04347826086956519,0.9565217391304348,0.44,0.6027397260273973,28,190216.66
12,4.0,1.0,2,E_optimal_observable_subspace,0.04347826086956519,0.9565217391304348,0.44,0.6027397260273973,28,190216.66
12,4.0,1.0,2,bayesian_information_gain,0.04347826086956519,0.9565217391304348,0.44,0.6027397260273973,28,128905.17
12,4.0,1.0,2,D_optimal_rank_reduced,0.0,1.0,0.45098039215686275,0.6216216216216216,28,146880.21
12,4.0,1.0,2,A_optimal_rank_reduced,0.0,1.0,0.45098039215686275,0.6216216216216216,28,168578.03
12,4.0,1.0,2,E_optimal_rank_reduced,0.0,1.0,0.45098039215686275,0.6216216216216216,28,156683.48
12,4.0,1.0,2,goal_oriented_oed,0.04347826086956519,0.9565217391304348,0.44,0.6027397260273973,28,153020.98
12,4.0,1.0,2,topological_dispersion,0.04347826086956519,0.9565217391304348,0.44,0.6027397260273973,28,115761.96
12,4.0,1.0,2,centrality,0.08695652173913049,0.9130434782608695,0.42857142857142855,0.5833333333333334,28,41438.07
12,4.0,1.0,3,FO,0.04347826086956519,0.9565217391304348,0.44,0.6027397260273973,28,122284.06
12,4.0,1.0,3,D_optimal_bayesian,0.0,1.0,0.45098039215686275,0.6216216216216216,28,231875.0
12,4.0,1.0,3,A_optimal_bayesian,0.0,1.0,0.45098039215686275,0.6216216216216216,28,155459.12
12,4.0,1.0,3,E_optimal_observable_subspace,0.0,1.0,0.45098039215686275,0.6216216216216216,28,155459.12
12,4.0,1.0,3,bayesian_information_gain,0.0,1.0,0.45098039215686275,0.6216216216216216,28,231875.0
12,4.0,1.0,3,D_optimal_rank_reduced,0.0,1.0,0.45098039215686275,0.6216216216216216,28,79462.67
12,4.0,1.0,3,A_optimal_rank_reduced,0.04347826086956519,0.9565217391304348,0.43137254901960786,0.5945945945945946,29,140641.76
12,4.0,1.0,3,E_optimal_rank_reduced,0.04347826086956519,0.9565217391304348,0.43137254901960786,0.5945945945945946,29,149104.68
12,4.0,1.0,3,goal_oriented_oed,0.04347826086956519,0.9565217391304348,0.43137254901960786,0.5945945945945946,29,174865.79
12,4.0,1.0,3,topological_dispersion,0.04347826086956519,0.9565217391304348,0.43137254901960786,0.5945945945945946,29,123880.97
12,4.0,1.0,3,centrality,0.04347826086956519,0.9565217391304348,0.44,0.6027397260273973,28,94556.93
12,4.0,1.0,4,FO,0.04347826086956519,0.9565217391304348,0.44,0.6027397260273973,28,52623.52
12,4.0,1.0,4,D_optimal_bayesian,0.0,1.0,0.45098039215686275,0.6216216216216216,28,235930.9
12,4.0,1.0,4,A_optimal_bayesian,0.0,1.0,0.45098039215686275,0.6216216216216216,28,229152.72
12,4.0,1.0,4,E_optimal_observable_subspace,0.0,1.0,0.45098039215686275,0.6216216216216216,28,229152.72
12,4.0,1.0,4,bayesian_information_gain,0.0,1.0,0.45098039215686275,0.6216216216216216,28,235930.9
12,4.0,1.0,4,D_optimal_rank_reduced,0.0,1.0,0.45098039215686275,0.6216216216216216,28,134963.17
12,4.0,1.0,4,A_optimal_rank_reduced,0.0,1.0,0.45098039215686275,0.6216216216216216,28,106271.02
12,4.0,1.0,4,E_optimal_rank_reduced,0.0,1.0,0.45098039215686275,0.6216216216216216,28,152248.46
12,4.0,1.0,4,goal_oriented_oed,0.0,1.0,0.45098039215686275,0.6216216216216216,28,131524.81
12,4.0,1.0,4,topological_dispersion,0.0,1.0,0.45098039215686275,0.6216216216216216,28,187262.38
12,4.0,1.0,4,centrality,0.04347826086956519,0.9565217391304348,0.4489795918367347,0.6111111111111112,27,79300.91
